# Blender 4.3.2
# www.blender.org
mtllib right_thumb_4_collision.mtl
o right_thumb_4_collision
v 0.004764 0.000429 -0.009144
v 0.004364 0.000231 -0.009040
v 0.004310 0.000390 -0.008893
v 0.022962 -0.000741 -0.019727
v 0.023034 -0.000557 -0.019615
v 0.023157 -0.000600 -0.019646
v 0.023087 -0.000777 -0.019752
v 0.021661 -0.006753 -0.020347
v 0.021757 -0.006745 -0.020379
v 0.021758 -0.007350 -0.020381
v 0.021871 -0.006756 -0.020415
v 0.021987 -0.006790 -0.020449
v 0.022094 -0.006846 -0.020478
v 0.022094 -0.007854 -0.020478
v 0.021987 -0.007910 -0.020449
v 0.021871 -0.007944 -0.020415
v 0.021757 -0.007955 -0.020379
v 0.021661 -0.007947 -0.020347
v 0.021220 -0.007606 -0.020179
v 0.021395 -0.007830 -0.020250
v 0.021262 -0.007765 -0.020192
v 0.021395 -0.006870 -0.020250
v 0.021220 -0.007094 -0.020179
v 0.021262 -0.006935 -0.020192
v 0.026348 -0.007707 -0.019854
v 0.026141 -0.007891 -0.019950
v 0.026449 -0.007436 -0.019805
v 0.025001 -0.015273 -0.017968
v 0.024793 -0.015162 -0.018256
v 0.025172 -0.015225 -0.017955
v 0.025450 -0.014867 -0.018290
v 0.026190 -0.014893 -0.017818
v 0.026221 -0.014552 -0.018167
v 0.024516 -0.014916 -0.018657
v 0.025127 -0.014624 -0.018672
v 0.025832 -0.014317 -0.018567
v 0.028277 -0.000923 -0.017344
v 0.027495 -0.000876 -0.017876
v 0.027807 -0.000589 -0.017467
v 0.026906 -0.000496 -0.018023
v 0.027053 -0.000172 -0.017649
v 0.026221 -0.000148 -0.018168
v 0.026196 0.000191 -0.017818
v 0.025449 0.000167 -0.018291
v 0.025174 0.000524 -0.017956
v 0.028777 -0.014827 -0.014245
v 0.029153 -0.014481 -0.014481
v 0.029704 -0.014389 -0.013588
v 0.029489 -0.014115 -0.014691
v 0.029789 -0.013727 -0.014882
v 0.030363 -0.013594 -0.013960
v 0.031880 -0.008264 -0.008084
v 0.031486 -0.007349 -0.007687
v 0.031413 -0.008170 -0.007647
v 0.031420 -0.007349 -0.007630
v 0.032317 -0.008355 -0.008572
v 0.032421 -0.007349 -0.008650
v 0.031974 -0.007349 -0.008144
v 0.032458 -0.007349 -0.008697
v 0.032710 -0.008444 -0.009122
v 0.032814 -0.007349 -0.009211
v 0.033334 -0.007349 -0.010490
v 0.033251 -0.008604 -0.010415
v 0.033392 -0.007349 -0.010829
v 0.033345 -0.008670 -0.011124
v 0.033421 -0.007349 -0.011181
v 0.033318 -0.008728 -0.011830
v 0.033367 -0.007349 -0.012056
v 0.033193 -0.008778 -0.012514
v 0.033269 -0.007349 -0.012542
v 0.032992 -0.008823 -0.013170
v 0.033024 -0.007349 -0.013317
v 0.032724 -0.008864 -0.013794
v 0.032807 -0.007349 -0.013810
v 0.032396 -0.008901 -0.014381
v 0.032377 -0.007350 -0.014559
v 0.032020 -0.008936 -0.014930
v 0.032100 -0.007350 -0.014952
v 0.031199 -0.009068 -0.015865
v 0.031264 -0.007350 -0.015909
v 0.030058 -0.013311 -0.015057
v 0.030299 -0.012859 -0.015221
v 0.030923 -0.012719 -0.014279
v 0.027431 -0.015731 -0.013386
v 0.027894 -0.015466 -0.013685
v 0.027568 -0.015729 -0.013179
v 0.028023 -0.015703 -0.012377
v 0.028885 -0.015109 -0.013116
v 0.029355 -0.015040 -0.012099
v 0.028383 -0.015638 -0.011568
v 0.028652 -0.015516 -0.010775
v 0.029701 -0.014886 -0.011020
v 0.028709 -0.015472 -0.010571
v 0.029815 -0.014757 -0.010484
v 0.028840 -0.015320 -0.010024
v 0.029886 -0.014590 -0.009964
v 0.032116 -0.009366 -0.008492
v 0.031277 -0.009013 -0.007607
v 0.030896 -0.013481 -0.012871
v 0.031500 -0.012595 -0.013164
v 0.031737 -0.012520 -0.012561
v 0.031293 -0.013319 -0.011681
v 0.031925 -0.012424 -0.011935
v 0.031472 -0.013036 -0.010451
v 0.032104 -0.012148 -0.010641
v 0.031449 -0.012836 -0.009843
v 0.032059 -0.011959 -0.009993
v 0.031347 -0.012587 -0.009259
v 0.031916 -0.011729 -0.009374
v 0.031181 -0.012301 -0.008729
v 0.031697 -0.011469 -0.008819
v 0.030971 -0.011988 -0.008260
v 0.031426 -0.011188 -0.008330
v 0.030437 -0.012738 -0.008179
v 0.029796 -0.013431 -0.008060
v 0.030582 -0.013077 -0.008628
v 0.029866 -0.013788 -0.008486
v 0.030691 -0.013383 -0.009130
v 0.029909 -0.014106 -0.008954
v 0.030751 -0.013646 -0.009676
v 0.029917 -0.014376 -0.009455
v 0.030751 -0.013857 -0.010238
v 0.030204 -0.014300 -0.012532
v 0.028359 -0.015156 -0.013981
v 0.031077 -0.009825 -0.007568
v 0.031815 -0.010316 -0.008409
v 0.032488 -0.009536 -0.009026
v 0.032143 -0.010551 -0.008920
v 0.032796 -0.009696 -0.009630
v 0.032415 -0.010772 -0.009503
v 0.033008 -0.009841 -0.010303
v 0.032598 -0.010970 -0.010153
v 0.033098 -0.009966 -0.011010
v 0.032669 -0.011137 -0.010837
v 0.030814 -0.010595 -0.007529
v 0.032630 -0.011275 -0.011520
v 0.032054 -0.012302 -0.011292
v 0.032053 -0.011556 -0.013447
v 0.031752 -0.011620 -0.014028
v 0.031417 -0.011677 -0.014574
v 0.030489 -0.003381 -0.007489
v 0.030814 -0.004103 -0.007530
v 0.031426 -0.003510 -0.008331
v 0.031413 -0.006528 -0.007647
v 0.033345 -0.006028 -0.011125
v 0.033251 -0.006094 -0.010416
v 0.033031 -0.006171 -0.009738
v 0.033059 -0.007349 -0.009671
v 0.032710 -0.006254 -0.009123
v 0.032317 -0.006343 -0.008572
v 0.029075 -0.000903 -0.007675
v 0.029796 -0.001267 -0.008061
v 0.029865 -0.000911 -0.008486
v 0.029064 -0.000373 -0.008217
v 0.029908 -0.000593 -0.008955
v 0.029022 0.000073 -0.008833
v 0.029916 -0.000323 -0.009456
v 0.028943 0.000402 -0.009453
v 0.029886 -0.000109 -0.009965
v 0.028915 0.000475 -0.009625
v 0.028823 0.000644 -0.010097
v 0.029815 0.000059 -0.010485
v 0.028709 0.000773 -0.010572
v 0.029701 0.000188 -0.011021
v 0.028637 0.000828 -0.010830
v 0.027893 0.000767 -0.013686
v 0.027431 0.001032 -0.013387
v 0.027522 0.001030 -0.013251
v 0.028358 0.000456 -0.013982
v 0.028885 0.000410 -0.013117
v 0.028777 0.000128 -0.014246
v 0.029703 -0.000310 -0.013589
v 0.029152 -0.000218 -0.014482
v 0.029488 -0.000584 -0.014692
v 0.030363 -0.001105 -0.013961
v 0.029789 -0.000972 -0.014883
v 0.030058 -0.001389 -0.015058
v 0.032020 -0.005763 -0.014930
v 0.031009 -0.004145 -0.015732
v 0.031793 -0.004288 -0.014805
v 0.031500 -0.002103 -0.013164
v 0.030895 -0.001217 -0.012872
v 0.031737 -0.002179 -0.012562
v 0.031293 -0.001380 -0.011681
v 0.030094 -0.002698 -0.007434
v 0.030971 -0.002710 -0.008261
v 0.031416 -0.001503 -0.011067
v 0.032053 -0.002397 -0.011293
v 0.031925 -0.002274 -0.011935
v 0.030751 -0.000842 -0.010239
v 0.030690 -0.000678 -0.010811
v 0.030574 -0.000552 -0.011391
v 0.029355 0.000341 -0.012100
v 0.030204 -0.000399 -0.012533
v 0.029613 -0.002057 -0.007347
v 0.030437 -0.001961 -0.008179
v 0.031471 -0.001662 -0.010452
v 0.032476 -0.004397 -0.013674
v 0.032052 -0.003143 -0.013448
v 0.032741 -0.004462 -0.013051
v 0.032306 -0.003218 -0.012832
v 0.032941 -0.004538 -0.012397
v 0.032502 -0.003310 -0.012188
v 0.033067 -0.004628 -0.011714
v 0.032630 -0.003423 -0.011521
v 0.033097 -0.004733 -0.011010
v 0.032669 -0.003562 -0.010838
v 0.033008 -0.004857 -0.010303
v 0.032598 -0.003728 -0.010154
v 0.032116 -0.005332 -0.008492
v 0.031880 -0.006435 -0.008084
v 0.032487 -0.005163 -0.009026
v 0.032796 -0.005002 -0.009631
v 0.033318 -0.005971 -0.011831
v 0.033193 -0.005920 -0.012514
v 0.032992 -0.005875 -0.013170
v 0.032724 -0.005835 -0.013794
v 0.030923 -0.001980 -0.014279
v 0.031752 -0.003079 -0.014029
v 0.031416 -0.003022 -0.014575
v 0.032157 -0.004340 -0.014259
v 0.032396 -0.005798 -0.014381
v 0.030742 -0.005909 -0.016346
v 0.031199 -0.005631 -0.015865
v 0.030299 -0.001840 -0.015222
v 0.029620 -0.001591 -0.016089
v 0.029260 -0.001106 -0.016064
v 0.028842 -0.000671 -0.016042
v 0.025001 0.000573 -0.017969
v 0.025844 0.000965 -0.015742
v 0.024660 0.000663 -0.017988
v 0.029233 -0.001960 -0.017078
v 0.028798 -0.001405 -0.017202
v 0.028359 -0.000277 -0.016021
v 0.027802 0.000087 -0.015995
v 0.026480 0.000723 -0.015871
v 0.026481 -0.015423 -0.015870
v 0.027167 -0.015121 -0.015952
v 0.027060 -0.014524 -0.017647
v 0.027802 -0.014786 -0.015994
v 0.028842 -0.014028 -0.016041
v 0.028360 -0.014422 -0.016020
v 0.025844 -0.015664 -0.015741
v 0.024660 -0.015363 -0.017987
v 0.016306 -0.016575 -0.013907
v 0.018493 -0.016030 -0.015893
v 0.018606 -0.016393 -0.015357
v 0.019950 -0.015868 -0.016778
v 0.020798 -0.016126 -0.016698
v 0.021231 -0.015684 -0.017538
v 0.021916 -0.015941 -0.017340
v 0.022284 -0.015514 -0.018053
v 0.022473 -0.015839 -0.017600
v 0.022702 -0.015795 -0.017689
v 0.024576 -0.015101 -0.018424
v 0.024334 -0.015444 -0.017990
v 0.024005 -0.015221 -0.018427
v 0.024176 -0.015482 -0.017985
v 0.023953 -0.015533 -0.017970
v 0.023129 -0.015376 -0.018318
v 0.023436 -0.015646 -0.017898
v 0.023209 -0.015693 -0.017847
v 0.015235 -0.016260 -0.013839
v 0.004737 -0.015119 -0.009134
v 0.004213 -0.015021 -0.008879
v 0.004278 -0.014870 -0.009022
v 0.023087 -0.013923 -0.019751
v 0.023157 -0.014101 -0.019645
v 0.022563 -0.014250 -0.019501
v 0.021919 -0.014187 -0.019412
v 0.022491 -0.014068 -0.019610
v 0.015440 -0.015021 -0.015571
v 0.016750 -0.014926 -0.016404
v 0.016832 -0.015106 -0.016297
v 0.021581 -0.010989 -0.020231
v 0.021793 -0.010937 -0.020307
v 0.021736 -0.011397 -0.020255
v 0.021427 -0.011134 -0.020164
v 0.021493 -0.011712 -0.020141
v 0.021381 -0.011527 -0.020115
v 0.021892 -0.010948 -0.020337
v 0.021682 -0.011829 -0.020197
v 0.021813 -0.011850 -0.020238
v 0.021725 -0.011897 -0.020198
v 0.021816 -0.011906 -0.020227
v 0.021339 -0.011189 -0.020120
v 0.021358 -0.011341 -0.020122
v 0.021628 -0.011867 -0.020169
v 0.021348 -0.011585 -0.020091
v 0.021915 -0.011897 -0.020259
v 0.022275 -0.011194 -0.020417
v 0.022240 -0.011266 -0.020409
v 0.022129 -0.011082 -0.020394
v 0.022156 -0.011027 -0.020399
v 0.022261 -0.011440 -0.020400
v 0.022321 -0.011391 -0.020412
v 0.022287 -0.011590 -0.020387
v 0.022240 -0.011679 -0.020368
v 0.022177 -0.011757 -0.020345
v 0.022188 -0.011651 -0.020364
v 0.023675 -0.009381 -0.020616
v 0.023670 -0.008915 -0.020624
v 0.023719 -0.008917 -0.020620
v 0.024175 -0.009563 -0.020552
v 0.024077 -0.009617 -0.020571
v 0.024151 -0.009407 -0.020565
v 0.019838 -0.013395 -0.019087
v 0.020102 -0.013427 -0.019221
v 0.020067 -0.013566 -0.019166
v 0.020077 -0.013285 -0.019241
v 0.019574 -0.013346 -0.018953
v 0.019611 -0.013208 -0.019004
v 0.019602 -0.013492 -0.018933
v 0.019815 -0.013739 -0.018977
v 0.019893 -0.013821 -0.018961
v 0.019820 -0.013791 -0.018945
v 0.019787 -0.013676 -0.018986
v 0.019864 -0.013690 -0.019024
v 0.019979 -0.013659 -0.019094
v 0.019984 -0.013722 -0.019073
v 0.020127 -0.013683 -0.019140
v 0.020016 -0.013771 -0.019056
v 0.020081 -0.013646 -0.019146
v 0.020140 -0.013529 -0.019209
v 0.020154 -0.013390 -0.019251
v 0.020119 -0.013251 -0.019265
v 0.020041 -0.013132 -0.019249
v 0.020009 -0.013175 -0.019228
v 0.019894 -0.013097 -0.019183
v 0.018287 -0.010927 -0.018502
v 0.018451 -0.011040 -0.018593
v 0.018184 -0.011373 -0.018411
v 0.017799 -0.011309 -0.018182
v 0.017860 -0.011101 -0.018233
v 0.019718 -0.009368 -0.019400
v 0.019908 -0.009758 -0.019495
v 0.019723 -0.009809 -0.019390
v 0.016431 -0.013683 -0.017032
v 0.016626 -0.013556 -0.017179
v 0.016542 -0.013650 -0.017108
v 0.004296 -0.011688 -0.009922
v 0.004264 -0.011728 -0.009898
v 0.004159 -0.011562 -0.009857
v 0.004203 -0.011540 -0.009885
v 0.004120 -0.011364 -0.009847
v 0.004168 -0.011365 -0.009876
v 0.004151 -0.011167 -0.009871
v 0.021885 -0.013954 -0.019499
v 0.025958 -0.011380 -0.019972
v 0.025503 -0.011326 -0.020156
v 0.025577 -0.011121 -0.020142
v 0.025937 -0.011841 -0.019938
v 0.025816 -0.011823 -0.019991
v 0.025631 -0.011708 -0.020077
v 0.026136 -0.011786 -0.019855
v 0.025730 -0.010977 -0.020092
v 0.025933 -0.010922 -0.020011
v 0.026054 -0.010939 -0.019959
v 0.026236 -0.011053 -0.019870
v 0.026337 -0.011221 -0.019812
v 0.025447 -0.011384 -0.020167
v 0.025527 -0.011538 -0.020131
v 0.025486 -0.011582 -0.020137
v 0.025484 -0.011185 -0.020167
v 0.025596 -0.011750 -0.020081
v 0.025756 -0.011859 -0.020006
v 0.025848 -0.011887 -0.019965
v 0.026184 -0.010946 -0.019895
v 0.026390 -0.011241 -0.019780
v 0.026405 -0.011424 -0.019758
v 0.026359 -0.011437 -0.019785
v 0.026360 -0.011601 -0.019764
v 0.026286 -0.011642 -0.019801
v 0.026246 -0.011763 -0.019802
v 0.026095 -0.011860 -0.019861
v 0.027281 -0.009665 -0.019365
v 0.027449 -0.009777 -0.019266
v 0.027316 -0.009761 -0.019339
v 0.027710 -0.009813 -0.019104
v 0.027746 -0.009740 -0.019088
v 0.027847 -0.009717 -0.019022
v 0.027884 -0.009595 -0.019005
v 0.027945 -0.009569 -0.018963
v 0.027563 -0.009795 -0.019198
v 0.023649 -0.012398 -0.020368
v 0.023758 -0.012379 -0.020365
v 0.023773 -0.012688 -0.020314
v 0.023449 -0.012755 -0.020315
v 0.023443 -0.012646 -0.020334
v 0.023496 -0.012857 -0.020296
v 0.023582 -0.012942 -0.020277
v 0.023694 -0.012991 -0.020261
v 0.023348 -0.012775 -0.020294
v 0.023410 -0.012910 -0.020269
v 0.023902 -0.013072 -0.020208
v 0.023869 -0.012981 -0.020249
v 0.023963 -0.012928 -0.020250
v 0.024025 -0.013003 -0.020209
v 0.025202 -0.013541 -0.019492
v 0.025465 -0.013293 -0.019505
v 0.025855 -0.013330 -0.019289
v 0.025977 -0.013115 -0.019332
v 0.026579 -0.012854 -0.019095
v 0.026600 -0.012843 -0.019086
v 0.026479 -0.013075 -0.019053
v 0.027497 -0.012262 -0.018677
v 0.027613 -0.012154 -0.018622
v 0.027688 -0.012287 -0.018512
v 0.024796 -0.001214 -0.019679
v 0.024822 -0.001053 -0.019586
v 0.025351 -0.001372 -0.019539
v 0.025431 -0.001229 -0.019428
v 0.026251 -0.001696 -0.019229
v 0.026218 -0.001682 -0.019242
v 0.026065 -0.001449 -0.019214
v 0.025979 -0.001586 -0.019332
v 0.025408 -0.001390 -0.019522
v 0.027042 -0.001922 -0.018812
v 0.026997 -0.002076 -0.018911
v 0.027228 -0.002227 -0.018805
v 0.026336 -0.003478 -0.019812
v 0.026236 -0.003647 -0.019871
v 0.026054 -0.003761 -0.019959
v 0.026136 -0.002914 -0.019856
v 0.025958 -0.003320 -0.019973
v 0.025937 -0.002859 -0.019938
v 0.025816 -0.002877 -0.019991
v 0.025577 -0.003579 -0.020143
v 0.025730 -0.003724 -0.020092
v 0.025591 -0.003683 -0.020138
v 0.025630 -0.002992 -0.020077
v 0.025595 -0.002950 -0.020081
v 0.025756 -0.002841 -0.020006
v 0.025848 -0.002813 -0.019965
v 0.026095 -0.002840 -0.019862
v 0.026313 -0.003627 -0.019828
v 0.026390 -0.003459 -0.019780
v 0.026359 -0.003263 -0.019785
v 0.026405 -0.003276 -0.019759
v 0.026245 -0.002937 -0.019803
v 0.027746 -0.004959 -0.019088
v 0.027563 -0.004905 -0.019198
v 0.027710 -0.004887 -0.019104
v 0.027976 -0.005483 -0.018949
v 0.027929 -0.005499 -0.018983
v 0.027948 -0.005311 -0.018969
v 0.027989 -0.005307 -0.018938
v 0.027884 -0.005104 -0.019006
v 0.027945 -0.005130 -0.018963
v 0.027847 -0.004983 -0.019022
v 0.023694 -0.001710 -0.020262
v 0.023765 -0.001702 -0.020255
v 0.023773 -0.002012 -0.020315
v 0.023495 -0.001843 -0.020296
v 0.023449 -0.001945 -0.020316
v 0.023443 -0.002055 -0.020335
v 0.023552 -0.002249 -0.020364
v 0.023478 -0.002161 -0.020352
v 0.023834 -0.002312 -0.020359
v 0.023757 -0.002321 -0.020366
v 0.023649 -0.002303 -0.020369
v 0.023943 -0.002264 -0.020342
v 0.024026 -0.002182 -0.020319
v 0.024037 -0.001859 -0.020260
v 0.024076 -0.001973 -0.020277
v 0.023963 -0.001772 -0.020251
v 0.023868 -0.001720 -0.020250
v 0.023673 -0.001614 -0.020225
v 0.023524 -0.001677 -0.020245
v 0.023582 -0.001758 -0.020277
v 0.023410 -0.001790 -0.020270
v 0.024123 -0.001813 -0.020221
v 0.024024 -0.001698 -0.020210
v 0.023625 -0.000772 -0.019741
v 0.023650 -0.000735 -0.019710
v 0.024208 -0.000902 -0.019695
v 0.023315 -0.000836 -0.019787
v 0.023425 -0.000673 -0.019688
v 0.022260 -0.003260 -0.020400
v 0.022240 -0.003434 -0.020409
v 0.021968 -0.003225 -0.020321
v 0.021812 -0.002850 -0.020238
v 0.022027 -0.002903 -0.020308
v 0.022188 -0.003049 -0.020364
v 0.021736 -0.003304 -0.020256
v 0.021891 -0.003752 -0.020337
v 0.021793 -0.003764 -0.020307
v 0.021580 -0.003711 -0.020231
v 0.021725 -0.002803 -0.020199
v 0.021682 -0.002872 -0.020197
v 0.021628 -0.002833 -0.020169
v 0.021493 -0.002988 -0.020142
v 0.022177 -0.002943 -0.020346
v 0.022240 -0.003021 -0.020369
v 0.021815 -0.002794 -0.020228
v 0.021915 -0.002803 -0.020259
v 0.022286 -0.003111 -0.020388
v 0.022321 -0.003309 -0.020413
v 0.022011 -0.002831 -0.020290
v 0.023670 -0.005785 -0.020624
v 0.023674 -0.005319 -0.020616
v 0.023719 -0.005783 -0.020621
v 0.023911 -0.004934 -0.020588
v 0.023773 -0.004885 -0.020599
v 0.023886 -0.004857 -0.020583
v 0.024077 -0.005083 -0.020571
v 0.024060 -0.004969 -0.020565
v 0.019601 -0.001208 -0.018934
v 0.019837 -0.001305 -0.019087
v 0.019574 -0.001354 -0.018954
v 0.019610 -0.001492 -0.019004
v 0.019978 -0.001041 -0.019095
v 0.019863 -0.001010 -0.019025
v 0.019984 -0.000979 -0.019074
v 0.020080 -0.001054 -0.019147
v 0.020196 -0.001152 -0.019214
v 0.020140 -0.001171 -0.019209
v 0.020066 -0.001134 -0.019167
v 0.020015 -0.000929 -0.019056
v 0.020127 -0.001017 -0.019141
v 0.019998 -0.005662 -0.019562
v 0.019830 -0.005775 -0.019471
v 0.020096 -0.005486 -0.019612
v 0.016454 -0.001613 -0.017164
v 0.016403 -0.001314 -0.017079
v 0.016632 -0.001431 -0.017242
v 0.021260 0.001353 -0.016977
v 0.021231 0.000984 -0.017539
v 0.019950 0.001168 -0.016779
v 0.023129 0.000677 -0.018319
v 0.023561 0.000919 -0.017922
v 0.024005 0.000521 -0.018428
v 0.024334 0.000744 -0.017991
v 0.024575 0.000401 -0.018425
v 0.022473 0.001139 -0.017600
v 0.022541 0.001126 -0.017628
v 0.022283 0.000814 -0.018054
v 0.022880 0.001060 -0.017752
v 0.023209 0.000993 -0.017848
v 0.022195 0.001190 -0.017479
v 0.019399 0.001609 -0.015848
v 0.015235 0.001560 -0.013841
v 0.015522 0.001920 -0.013401
v 0.017107 0.001822 -0.014420
v 0.024059 0.000048 -0.018904
v 0.024520 0.000221 -0.018652
v 0.024801 0.000468 -0.018245
v 0.018493 0.001330 -0.015894
v 0.018616 0.001692 -0.015366
v 0.018247 0.002361 -0.011162
v 0.014097 0.001982 -0.012474
v 0.015614 0.002486 -0.009338
v 0.011789 0.002043 -0.010984
v 0.023496 0.001658 -0.014615
v 0.024362 0.001442 -0.015108
v 0.026893 0.001295 -0.013037
v 0.025199 0.001194 -0.015492
v 0.026283 0.001546 -0.012635
v 0.025341 0.001855 -0.012005
v 0.024824 0.001993 -0.011654
v 0.020558 0.002149 -0.012717
v 0.022497 0.002426 -0.010039
v 0.023182 0.002324 -0.010520
v 0.022584 0.001846 -0.014039
v 0.024353 0.002103 -0.011332
v 0.024460 0.002079 -0.011405
v 0.021360 0.002562 -0.009228
v 0.020259 0.002659 -0.008432
v 0.012568 0.002536 -0.007230
v 0.017255 0.002793 -0.006209
v 0.019270 0.002721 -0.007707
v 0.023544 0.002362 -0.009627
v 0.021708 0.002600 -0.008286
v 0.019694 0.002748 -0.006777
v 0.019954 0.000074 -0.000082
v 0.018945 0.000334 0.000600
v 0.019375 -0.000262 0.000735
v 0.019170 0.001845 -0.001758
v 0.017891 0.001336 0.000263
v 0.019481 0.001344 -0.001123
v 0.018447 0.000870 0.000443
v 0.019742 0.000750 -0.000565
v 0.018567 0.000753 0.000481
v 0.018811 0.002248 -0.002468
v 0.016647 0.002054 -0.000148
v 0.017288 0.001731 0.000064
v 0.011760 0.002825 -0.001741
v 0.013183 0.002803 -0.001283
v 0.014873 0.002826 -0.003069
v 0.015448 0.002736 -0.002138
v 0.014005 0.002732 -0.001015
v 0.014596 0.002647 -0.000822
v 0.015971 0.002542 -0.001288
v 0.015150 0.002538 -0.000640
v 0.015979 0.002309 -0.000367
v 0.025213 0.002024 -0.010815
v 0.028000 0.001006 -0.012424
v 0.027511 0.001323 -0.010320
v 0.028370 0.000944 -0.011603
v 0.027127 0.001486 -0.011054
v 0.026695 0.001561 -0.011849
v 0.027847 0.001075 -0.009644
v 0.028139 0.000742 -0.009026
v 0.028387 0.000326 -0.008467
v 0.028592 -0.000168 -0.007967
v 0.028756 -0.000735 -0.007526
v 0.016445 0.002242 -0.000517
v 0.017951 0.002734 -0.004116
v 0.017447 0.002817 -0.005057
v 0.023897 0.002301 -0.008707
v 0.022070 0.002534 -0.007335
v 0.024200 0.002133 -0.007856
v 0.022382 0.002358 -0.006457
v 0.024455 0.001860 -0.007073
v 0.022646 0.002075 -0.005650
v 0.024662 0.001484 -0.006355
v 0.022862 0.001685 -0.004913
v 0.024822 0.001012 -0.005705
v 0.023031 0.001196 -0.004247
v 0.026153 0.001594 -0.012548
v 0.025594 0.001961 -0.009951
v 0.025925 0.001798 -0.009150
v 0.026208 0.001537 -0.008413
v 0.026445 0.001180 -0.007739
v 0.026634 0.000731 -0.007127
v 0.026779 0.000199 -0.006579
v 0.024935 0.000451 -0.005122
v 0.020114 0.002674 -0.005824
v 0.022498 -0.017125 -0.010038
v 0.023182 -0.017023 -0.010519
v 0.023545 -0.017061 -0.009626
v 0.027848 -0.015774 -0.009643
v 0.027511 -0.016022 -0.010318
v 0.026696 -0.016260 -0.011847
v 0.026481 -0.016169 -0.012764
v 0.025341 -0.016554 -0.012003
v 0.026153 -0.016293 -0.012547
v 0.015448 -0.017435 -0.002137
v 0.014597 -0.017345 -0.000820
v 0.014006 -0.017430 -0.001014
v 0.013183 -0.017502 -0.001282
v 0.016647 -0.016752 -0.000146
v 0.015980 -0.017007 -0.000366
v 0.016446 -0.016940 -0.000516
v 0.018567 -0.015450 0.000482
v 0.019743 -0.015448 -0.000564
v 0.018945 -0.015032 0.000601
v 0.014874 -0.017524 -0.003068
v 0.014762 -0.017514 -0.004326
v 0.017448 -0.017515 -0.005056
v 0.018812 -0.016946 -0.002467
v 0.019171 -0.016543 -0.001757
v 0.017288 -0.016429 0.000065
v 0.017892 -0.016034 0.000264
v 0.019482 -0.016041 -0.001122
v 0.018447 -0.015567 0.000444
v 0.020259 -0.017358 -0.008430
v 0.021399 -0.017257 -0.009255
v 0.021708 -0.017298 -0.008285
v 0.024825 -0.016692 -0.011653
v 0.025213 -0.016722 -0.010814
v 0.024426 -0.016785 -0.011381
v 0.017951 -0.017432 -0.004115
v 0.020114 -0.017372 -0.005822
v 0.018406 -0.017243 -0.003252
v 0.020484 -0.017189 -0.004945
v 0.020806 -0.016897 -0.004143
v 0.021081 -0.016498 -0.003414
v 0.021308 -0.015999 -0.002758
v 0.017261 -0.017491 -0.006211
v 0.022070 -0.017232 -0.007334
v 0.022383 -0.017057 -0.006456
v 0.022647 -0.016773 -0.005649
v 0.022863 -0.016383 -0.004912
v 0.023031 -0.015894 -0.004246
v 0.023497 -0.016357 -0.014614
v 0.024362 -0.016141 -0.015107
v 0.007463 -0.017313 -0.003014
v 0.006330 -0.017239 -0.003294
v 0.007162 -0.017243 -0.003736
v 0.018248 -0.017060 -0.011161
v 0.019271 -0.017420 -0.007706
v 0.015615 -0.017185 -0.009336
v 0.020559 -0.016848 -0.012716
v 0.025199 -0.015893 -0.015491
v 0.022584 -0.016545 -0.014038
v 0.012083 -0.016737 -0.011170
v 0.013584 -0.016699 -0.012138
v 0.007484 -0.010320 0.011308
v 0.012102 -0.010484 0.007862
v 0.012163 -0.009485 0.007958
v 0.007499 -0.008929 0.011469
v 0.012209 -0.007349 0.008030
v 0.007505 -0.007348 0.011524
v 0.014639 -0.007349 0.006155
v 0.014576 -0.009483 0.006102
v 0.014506 -0.010481 0.006017
v 0.014408 -0.011428 0.005887
v 0.012011 -0.011432 0.007720
v 0.014277 -0.012320 0.005706
v 0.011888 -0.012324 0.007527
v 0.014111 -0.013152 0.005470
v 0.011730 -0.013156 0.007280
v 0.016771 -0.007349 0.004446
v 0.016749 -0.009482 0.004363
v 0.016690 -0.010480 0.004274
v 0.011297 -0.000075 0.006604
v 0.007303 -0.000076 0.009520
v 0.007353 -0.000733 0.010005
v 0.011533 -0.000773 0.006974
v 0.007398 -0.001530 0.010453
v 0.011729 -0.001541 0.007280
v 0.007436 -0.002433 0.010827
v 0.011887 -0.002373 0.007527
v 0.007464 -0.003408 0.011114
v 0.012011 -0.003265 0.007719
v -0.001914 -0.004450 0.008414
v -0.001467 -0.001950 0.008928
v -0.001914 -0.001950 0.008414
v -0.002314 -0.012750 0.007240
v -0.002314 -0.004450 0.007240
v -0.003014 -0.004450 -0.001779
v -0.003014 -0.012750 -0.001778
v 0.023637 -0.009823 -0.020608
v 0.023412 -0.009750 -0.020616
v 0.023436 -0.008972 -0.020632
v 0.023267 -0.009121 -0.020629
v 0.023436 -0.005728 -0.020632
v 0.023267 -0.005579 -0.020630
v 0.023412 -0.004951 -0.020617
v 0.027128 -0.016184 -0.011053
v 0.023679 -0.004876 -0.020605
v 0.023637 -0.004878 -0.020608
v 0.023553 -0.012451 -0.020363
v 0.032415 -0.003927 -0.009503
v 0.022073 -0.000345 -0.019334
v 0.023313 -0.009670 -0.020618
v 0.023208 -0.009488 -0.020620
v 0.023192 -0.009331 -0.020623
v 0.023192 -0.005369 -0.020624
v 0.023208 -0.005213 -0.020621
v 0.023313 -0.005030 -0.020619
v 0.031277 -0.005685 -0.007607
v 0.023911 -0.009766 -0.020588
v 0.023773 -0.009815 -0.020599
v 0.023942 -0.008994 -0.020599
v 0.006992 0.001930 0.006557
v 0.006879 0.002232 0.005523
v 0.023679 -0.009824 -0.020605
v 0.019062 0.000173 -0.017679
v 0.022358 -0.007464 -0.020541
v 0.022418 -0.007475 -0.020547
v 0.022418 -0.007226 -0.020547
v 0.022358 -0.007236 -0.020541
v 0.025831 -0.000383 -0.018568
v 0.025127 -0.000076 -0.018673
v 0.020484 0.002490 -0.004947
v 0.023479 -0.012539 -0.020351
v 0.029855 -0.003297 -0.016898
v 0.029554 -0.002528 -0.016985
v 0.019325 -0.005394 -0.019177
v 0.018287 -0.003773 -0.018502
v 0.018451 -0.003660 -0.018594
v 0.019442 -0.005025 -0.019235
v 0.023942 -0.005707 -0.020599
v 0.024135 -0.005451 -0.020570
v 0.024031 -0.005633 -0.020587
v 0.024031 -0.009067 -0.020587
v 0.024136 -0.009250 -0.020570
v 0.023886 -0.009843 -0.020582
v 0.023943 -0.012436 -0.020341
v 0.031181 -0.002397 -0.008730
v 0.030581 -0.001622 -0.008629
v 0.022267 -0.007685 -0.020521
v 0.022267 -0.007015 -0.020521
v 0.026779 -0.014897 -0.006578
v 0.024823 -0.015710 -0.005704
v 0.024663 -0.016182 -0.006354
v 0.026635 -0.015430 -0.007126
v 0.022088 -0.003655 -0.020387
v 0.023348 -0.001925 -0.020295
v 0.024071 -0.002081 -0.020297
v 0.025486 -0.003118 -0.020138
v 0.024026 -0.012518 -0.020319
v 0.018316 -0.007930 -0.018593
v 0.018541 -0.007756 -0.018730
v 0.019531 -0.008957 -0.019301
v 0.019325 -0.009306 -0.019176
v 0.023902 -0.001628 -0.020209
v 0.027989 -0.009393 -0.018938
v 0.027948 -0.009389 -0.018968
v 0.019734 -0.000908 0.000847
v 0.023766 -0.001567 -0.020190
v 0.025447 -0.003316 -0.020168
v 0.024175 -0.005137 -0.020553
v 0.024151 -0.005293 -0.020565
v 0.025307 -0.007350 -0.020284
v 0.024060 -0.009731 -0.020565
v 0.021080 0.001800 -0.003415
v 0.020806 0.002198 -0.004144
v 0.024071 -0.012619 -0.020296
v 0.031815 -0.004382 -0.008409
v 0.031077 -0.004873 -0.007568
v 0.016463 -0.013817 -0.016978
v 0.021969 -0.011476 -0.020321
v 0.012163 -0.005212 0.007958
v 0.012102 -0.004213 0.007862
v 0.007484 -0.004431 0.011317
v 0.007499 -0.005752 0.011467
v 0.022089 -0.011045 -0.020386
v 0.022189 -0.007778 -0.020502
v 0.022189 -0.006922 -0.020502
v 0.007459 -0.011510 0.011058
v 0.007425 -0.012555 0.010720
v 0.029063 -0.013131 -0.007166
v 0.019734 -0.013789 0.000848
v 0.019375 -0.014436 0.000736
v 0.028883 -0.013328 -0.007140
v 0.023673 -0.013086 -0.020224
v 0.023525 -0.013023 -0.020245
v 0.021993 -0.000529 -0.019442
v 0.021052 -0.000142 -0.018858
v 0.018197 -0.002889 -0.018384
v 0.019699 -0.001586 -0.019073
v 0.019816 -0.001617 -0.019144
v 0.018374 -0.002939 -0.018495
v 0.025503 -0.003374 -0.020157
v 0.025484 -0.003515 -0.020168
v 0.025594 -0.016660 -0.009949
v 0.023898 -0.016999 -0.008706
v 0.001589 -0.007350 -0.008027
v -0.003014 -0.001950 -0.001779
v 0.001608 -0.004115 -0.007997
v 0.024213 -0.005333 -0.020550
v 0.025350 -0.007130 -0.020270
v 0.025350 -0.007570 -0.020269
v 0.024214 -0.009367 -0.020550
v 0.024077 -0.012727 -0.020276
v 0.024038 -0.012841 -0.020259
v 0.004168 -0.003335 -0.009877
v 0.004203 -0.003160 -0.009885
v 0.017919 -0.003022 -0.018228
v 0.017798 -0.003391 -0.018183
v 0.022011 -0.011869 -0.020290
v 0.022027 -0.011797 -0.020307
v 0.028387 -0.015024 -0.008466
v 0.026445 -0.015878 -0.007738
v 0.028139 -0.015440 -0.009025
v 0.027832 -0.009024 -0.019044
v 0.027509 -0.009334 -0.019236
v 0.021427 -0.003567 -0.020165
v 0.026260 -0.011749 -0.019797
v 0.021885 -0.000746 -0.019500
v 0.025527 -0.003162 -0.020132
v 0.020963 -0.000324 -0.018960
v 0.029075 -0.013741 -0.007626
v 0.029067 -0.014259 -0.008138
v 0.024209 -0.000897 -0.019692
v 0.025920 -0.002720 -0.019891
v 0.025468 -0.006941 -0.020227
v 0.025468 -0.007760 -0.020227
v 0.027167 0.000422 -0.015953
v 0.027802 -0.014114 -0.017468
v 0.024209 -0.013801 -0.019693
v 0.023875 -0.013900 -0.019710
v 0.029614 -0.012641 -0.007346
v 0.023767 -0.013133 -0.020189
v 0.023426 -0.014029 -0.019686
v 0.023311 -0.013865 -0.019785
v 0.028592 -0.014531 -0.007966
v 0.028041 -0.003100 -0.018424
v 0.026360 -0.003099 -0.019765
v 0.027855 -0.002821 -0.018509
v 0.021338 -0.003512 -0.020120
v 0.021358 -0.003359 -0.020122
v 0.020116 -0.005292 -0.019619
v 0.020050 -0.009615 -0.019577
v 0.020116 -0.009408 -0.019619
v 0.021381 -0.003174 -0.020116
v 0.021347 -0.003115 -0.020092
v 0.030691 -0.001315 -0.009131
v 0.004867 0.000632 -0.009038
v 0.016151 0.000460 -0.015865
v 0.016069 0.000278 -0.015974
v 0.020153 -0.001310 -0.019251
v 0.020102 -0.001274 -0.019222
v 0.019820 -0.000910 -0.018946
v 0.019893 -0.000879 -0.018962
v 0.027598 -0.002531 -0.018629
v 0.020050 -0.005085 -0.019578
v 0.019695 -0.017447 -0.006776
v 0.027976 -0.009217 -0.018948
v 0.027929 -0.009201 -0.018983
v 0.006761 0.002422 0.004464
v -0.002056 -0.001950 0.008167
v 0.026286 -0.003058 -0.019801
v 0.029031 -0.014709 -0.008732
v 0.028957 -0.015060 -0.009364
v 0.004733 -0.015288 -0.008997
v 0.002288 -0.015935 -0.006966
v 0.002095 -0.015470 -0.007253
v 0.025619 -0.006815 -0.020170
v 0.025619 -0.007885 -0.020170
v 0.023671 -0.013997 -0.019678
v 0.024123 -0.012887 -0.020221
v 0.024819 -0.013622 -0.019604
v 0.024060 -0.014748 -0.018903
v 0.021402 -0.014489 -0.019039
v 0.021315 -0.014308 -0.019141
v 0.007218 -0.015439 0.008695
v 0.007147 -0.015933 0.008007
v 0.020196 -0.013549 -0.019213
v 0.015150 -0.017236 -0.000639
v 0.006972 -0.016691 0.006376
v 0.006866 -0.016957 0.005403
v 0.032476 -0.010301 -0.013674
v 0.032157 -0.010359 -0.014259
v 0.007244 0.000528 0.008940
v 0.020077 -0.001415 -0.019242
v 0.021305 -0.003314 -0.020091
v 0.021164 -0.007350 -0.020156
v 0.026907 -0.014203 -0.018022
v 0.027495 -0.013823 -0.017875
v 0.019608 -0.004911 -0.019326
v 0.019932 -0.001648 -0.019207
v 0.020008 -0.001525 -0.019229
v 0.001933 -0.014898 -0.007497
v 0.004028 -0.014653 -0.008985
v 0.019831 -0.008925 -0.019471
v 0.019815 -0.000962 -0.018978
v 0.016390 -0.000913 -0.016957
v 0.018975 -0.000008 -0.017785
v 0.007088 0.001544 0.007459
v 0.014111 -0.001545 0.005469
v 0.014277 -0.002377 0.005705
v 0.025933 -0.003778 -0.020012
v 0.025896 -0.007957 -0.020058
v 0.025664 -0.007901 -0.020152
v 0.025664 -0.006799 -0.020152
v 0.027316 -0.004939 -0.019339
v 0.027281 -0.005034 -0.019365
v 0.027183 -0.005205 -0.019422
v 0.026449 -0.007264 -0.019805
v 0.026348 -0.006993 -0.019854
v 0.026141 -0.006809 -0.019950
v 0.029261 -0.013593 -0.016063
v 0.014761 0.002815 -0.004327
v 0.018549 -0.003481 -0.018641
v 0.001601 -0.009989 -0.008009
v 0.019442 -0.009675 -0.019234
v 0.018549 -0.011219 -0.018640
v 0.025926 -0.016497 -0.009149
v 0.024201 -0.016832 -0.007855
v 0.027183 -0.009495 -0.019422
v 0.026313 -0.011073 -0.019828
v 0.025920 -0.011980 -0.019890
v 0.019813 -0.014766 -0.018138
v 0.025895 -0.006743 -0.020058
v 0.019670 -0.013599 -0.018943
v 0.021305 -0.011387 -0.020091
v 0.029620 -0.013108 -0.016088
v 0.031416 -0.013195 -0.011066
v 0.020096 -0.009214 -0.019612
v 0.019908 -0.004942 -0.019496
v 0.019998 -0.009039 -0.019562
v 0.007065 -0.016350 0.007238
v 0.031347 -0.002111 -0.009259
v 0.031916 -0.002969 -0.009375
v 0.032058 -0.002739 -0.009993
v 0.031449 -0.001863 -0.009844
v 0.019723 -0.004891 -0.019391
v 0.019531 -0.005744 -0.019302
v 0.018405 0.002544 -0.003254
v 0.018571 -0.003292 -0.018641
v 0.018510 -0.003083 -0.018588
v 0.019670 -0.001102 -0.018944
v 0.019787 -0.001024 -0.018987
v 0.019754 -0.000982 -0.018951
v 0.016384 -0.000967 -0.016986
v 0.027365 -0.008949 -0.019321
v 0.027365 -0.005751 -0.019321
v 0.027666 -0.005787 -0.019145
v 0.027666 -0.008913 -0.019145
v 0.002154 0.000934 -0.007165
v 0.002345 0.001347 -0.006881
v 0.002622 0.001766 -0.006477
v 0.011297 -0.014623 0.006605
v 0.011534 -0.013924 0.006974
v 0.007335 -0.014221 0.009831
v 0.007279 -0.014888 0.009283
v 0.006745 -0.017139 0.004314
v 0.006607 -0.017233 0.003103
v 0.011760 -0.017524 -0.001739
v 0.027449 -0.004923 -0.019266
v 0.027509 -0.005366 -0.019236
v 0.020640 -0.004504 0.001137
v 0.020703 -0.005285 0.001158
v 0.027672 -0.002397 -0.018520
v 0.030750 -0.001052 -0.009676
v 0.026212 -0.013021 -0.019243
v 0.029063 -0.001579 -0.007160
v 0.028882 -0.001370 -0.007141
v 0.027321 -0.012404 -0.018760
v 0.027379 -0.012550 -0.018657
v 0.020739 -0.008702 0.001170
v 0.020703 -0.009412 0.001158
v 0.018072 -0.007944 -0.018445
v 0.018155 -0.007350 -0.018497
v 0.018662 -0.007350 -0.018804
v 0.020023 -0.001592 0.000939
v 0.019699 -0.013115 -0.019072
v 0.016385 -0.013733 -0.016985
v 0.019816 -0.013083 -0.019143
v 0.020422 -0.003027 0.001067
v 0.020472 -0.003286 0.001083
v 0.019815 -0.013025 -0.019147
v 0.018510 -0.011617 -0.018587
v 0.019871 -0.013032 -0.019177
v 0.018571 -0.011408 -0.018640
v 0.018184 -0.003327 -0.018412
v 0.018541 -0.006944 -0.018730
v 0.029920 -0.011184 -0.016879
v 0.029649 -0.011964 -0.016957
v 0.016632 -0.013269 -0.017241
v 0.018084 -0.002908 -0.018318
v 0.016625 -0.001144 -0.017180
v 0.016542 -0.001050 -0.017108
v 0.016431 -0.001017 -0.017033
v 0.006174 -0.001025 -0.010696
v 0.003667 -0.000551 -0.008967
v 0.003927 -0.000158 -0.008976
v 0.004167 0.000083 -0.009005
v 0.001978 0.000384 -0.007429
v 0.004006 -0.007350 -0.009859
v 0.004120 -0.003335 -0.009847
v 0.002855 0.002028 -0.006144
v 0.032103 -0.002550 -0.010641
v 0.001809 -0.014202 -0.007687
v 0.003647 -0.014108 -0.008967
v 0.003815 -0.014396 -0.008967
v 0.007172 0.001075 0.008251
v 0.027832 -0.005675 -0.019044
v 0.016659 -0.005299 -0.017548
v 0.018072 -0.006756 -0.018445
v 0.029334 -0.012580 -0.017048
v 0.027961 -0.011977 -0.018386
v 0.028022 -0.011632 -0.018432
v 0.030514 -0.002336 -0.015374
v 0.028423 -0.013656 -0.017304
v 0.015972 -0.017240 -0.001287
v 0.028918 -0.013160 -0.017167
v 0.001642 -0.011946 -0.007945
v 0.001720 -0.013355 -0.007823
v 0.024460 -0.016778 -0.011404
v 0.024456 -0.016558 -0.007071
v 0.002516 -0.016321 -0.006631
v 0.003464 -0.001287 -0.009022
v 0.003602 -0.000693 -0.008971
v 0.006058 -0.001102 -0.010645
v 0.005991 -0.001209 -0.010626
v 0.016391 -0.013787 -0.016956
v 0.018197 -0.011812 -0.018384
v 0.018374 -0.011761 -0.018494
v 0.006175 -0.013674 -0.010695
v 0.006058 -0.013598 -0.010645
v 0.016147 -0.013341 -0.016929
v 0.017919 -0.011679 -0.018228
v 0.018084 -0.011792 -0.018317
v 0.030489 -0.011317 -0.007488
v 0.030094 -0.012000 -0.007433
v 0.017860 -0.003599 -0.018233
v 0.004159 -0.003138 -0.009857
v 0.018316 -0.006770 -0.018593
v 0.004151 -0.003533 -0.009871
v 0.016265 -0.001593 -0.017044
v 0.004263 -0.002972 -0.009899
v 0.001837 -0.000304 -0.007644
v 0.001659 -0.002343 -0.007919
v -0.002531 -0.001950 -0.002417
v -0.001467 -0.012750 0.008928
v -0.000635 -0.012750 0.009410
v -0.000635 -0.001950 0.009410
v -0.002314 -0.001950 0.007240
v 0.006613 0.002533 0.003157
v 0.003601 0.002207 -0.005110
v 0.008688 0.002067 -0.009101
v 0.009148 0.002067 -0.009369
v 0.030074 -0.004182 -0.016836
v -0.002056 -0.012750 0.008167
v 0.030515 -0.012363 -0.015374
v 0.020318 -0.002359 0.000963
v 0.020739 -0.005996 0.001170
v 0.020762 -0.007349 0.001178
v 0.002856 -0.016727 -0.006142
v 0.016181 -0.013202 -0.016975
v 0.016454 -0.013087 -0.017163
v 0.016566 -0.013163 -0.017219
v 0.003530 -0.013797 -0.008982
v 0.003464 -0.013413 -0.009021
v 0.005991 -0.013491 -0.010626
v 0.019346 -0.009503 -0.019184
v 0.001728 -0.001246 -0.007812
v 0.003334 -0.000953 -0.008855
v 0.008732 0.002691 -0.002666
v 0.006452 0.002534 0.001840
v 0.004685 0.002427 -0.003623
v 0.004260 0.002345 -0.004219
v 0.011463 0.002817 -0.001835
v 0.010333 0.002771 -0.002186
v 0.030196 -0.005011 -0.016803
v 0.030225 -0.005288 -0.016796
v 0.030783 -0.007350 -0.016367
v 0.032306 -0.011481 -0.012832
v 0.021307 0.001301 -0.002759
v 0.033068 -0.010071 -0.011714
v 0.030100 -0.010376 -0.016829
v 0.031009 -0.010554 -0.015732
v 0.031793 -0.010411 -0.014805
v 0.030742 -0.008791 -0.016346
v 0.030197 -0.009689 -0.016803
v 0.008688 -0.016767 -0.009099
v 0.003420 -0.016865 -0.005357
v 0.010432 -0.016759 -0.010138
v -0.002531 -0.012750 -0.002417
v 0.007384 -0.013454 0.010308
v 0.020422 -0.011671 0.001067
v 0.020319 -0.012338 0.000964
v 0.004799 0.002435 -0.003604
v 0.004912 0.002443 -0.003585
v 0.010835 0.002543 -0.006065
v 0.006482 0.002550 -0.003260
v 0.006012 0.002518 -0.003367
v 0.020640 -0.010193 0.001138
v 0.032502 -0.011389 -0.012187
v 0.032143 -0.004147 -0.008921
v 0.031697 -0.003230 -0.008819
v 0.012568 -0.017235 -0.007229
v 0.003603 -0.016906 -0.005107
v 0.004686 -0.017126 -0.003621
v 0.006452 -0.017232 0.001842
v 0.008232 -0.017360 -0.002807
v 0.010333 -0.017470 -0.002183
v 0.011464 -0.017516 -0.001833
v 0.020472 -0.011412 0.001083
v 0.016689 -0.004218 0.004274
v 0.014506 -0.004216 0.006017
v 0.014575 -0.005214 0.006102
v 0.016749 -0.005215 0.004363
v 0.032941 -0.010160 -0.012396
v 0.030691 -0.014021 -0.010810
v 0.026209 -0.016236 -0.008412
v 0.010836 -0.017242 -0.006064
v 0.004799 -0.017134 -0.003603
v 0.030575 -0.014147 -0.011390
v 0.033031 -0.008528 -0.009738
v 0.032741 -0.010236 -0.013051
v 0.014408 -0.003269 0.005886
v 0.024935 -0.015149 -0.005121
v 0.019954 -0.014772 -0.000081
v 0.020024 -0.013106 0.000940
v 0.028756 -0.013963 -0.007525
vn -0.4481 0.5193 -0.7277
vn -0.0335 0.5299 -0.8474
vn -0.0236 0.5199 -0.8539
vn -0.3175 0.0023 -0.9482
vn -0.3009 0.0023 -0.9536
vn -0.2830 -0.0014 -0.9591
vn -0.2677 -0.0081 -0.9635
vn -0.2677 0.0080 -0.9635
vn -0.2830 0.0012 -0.9591
vn -0.3009 -0.0025 -0.9536
vn -0.3174 -0.0024 -0.9483
vn -0.4133 -0.0378 -0.9098
vn -0.4133 0.0378 -0.9098
vn 0.4154 0.0092 -0.9096
vn 0.2696 -0.8168 -0.5101
vn 0.3157 -0.7676 -0.5578
vn 0.3249 -0.7685 -0.5512
vn 0.3779 -0.6790 -0.6294
vn 0.3026 -0.6668 -0.6810
vn 0.3632 -0.6155 -0.6995
vn 0.3670 -0.6010 -0.7100
vn 0.5173 0.4631 -0.7197
vn 0.4940 0.4882 -0.7195
vn 0.4747 0.5640 -0.6757
vn 0.4415 0.5847 -0.6806
vn 0.4062 0.6712 -0.6200
vn 0.3779 0.6789 -0.6295
vn 0.3254 0.7683 -0.5512
vn 0.5594 -0.7859 -0.2635
vn 0.6676 -0.6728 -0.3189
vn 0.6796 -0.0251 0.7331
vn 0.6497 -0.0211 0.7599
vn 0.7489 -0.0265 0.6621
vn 0.7860 -0.0338 0.6173
vn 0.8101 -0.0412 0.5849
vn 0.8221 -0.0320 0.5684
vn 0.9842 -0.0549 0.1684
vn 0.9884 -0.0656 0.1372
vn 0.9952 -0.0534 0.0814
vn 0.9977 -0.0585 -0.0337
vn 0.9971 -0.0454 -0.0613
vn 0.9825 -0.0636 -0.1752
vn 0.9789 -0.0563 -0.1966
vn 0.9557 -0.0568 -0.2889
vn 0.9521 -0.0508 -0.3014
vn 0.9187 -0.0590 -0.3905
vn 0.9140 -0.0544 -0.4021
vn 0.8736 -0.0531 -0.4837
vn 0.8663 -0.0461 -0.4974
vn 0.8248 -0.0541 -0.5628
vn 0.8162 -0.0492 -0.5757
vn 0.7541 -0.0471 -0.6551
vn 0.7527 -0.0455 -0.6568
vn 0.7362 -0.5405 -0.4072
vn 0.3673 -0.9011 -0.2305
vn 0.4659 -0.8710 -0.1562
vn 0.4640 -0.8752 -0.1370
vn 0.5210 -0.8526 0.0397
vn 0.5356 -0.8398 0.0885
vn 0.5337 -0.8390 0.1059
vn 0.5549 -0.8110 0.1852
vn 0.6983 -0.1126 0.7068
vn 0.6728 -0.0734 0.7362
vn 0.7100 -0.6085 -0.3545
vn 0.7238 -0.5921 -0.3542
vn 0.7681 -0.5988 -0.2268
vn 0.7683 -0.6164 -0.1726
vn 0.7880 -0.5981 -0.1461
vn 0.8174 -0.5373 0.2079
vn 0.8189 -0.5330 0.2128
vn 0.7963 -0.4941 0.3489
vn 0.7985 -0.4807 0.3625
vn 0.7608 -0.4404 0.4766
vn 0.7608 -0.4179 0.4965
vn 0.7201 -0.3840 0.5780
vn 0.7166 -0.3547 0.6006
vn 0.6448 -0.4959 0.5816
vn 0.6404 -0.5346 0.5514
vn 0.6610 -0.5674 0.4911
vn 0.6546 -0.5961 0.4649
vn 0.6721 -0.6357 0.3797
vn 0.6661 -0.6520 0.3623
vn 0.6737 -0.6922 0.2587
vn 0.6712 -0.6968 0.2529
vn 0.5796 -0.7876 -0.2091
vn 0.5742 -0.7908 -0.2118
vn 0.5542 -0.7937 -0.2509
vn 0.4920 -0.8325 -0.2546
vn 0.6102 -0.7331 -0.3003
vn 0.6605 -0.6887 -0.2991
vn 0.6776 -0.6864 -0.2640
vn 0.6811 -0.6836 -0.2622
vn 0.7600 -0.6088 0.2276
vn 0.7605 -0.6076 0.2290
vn 0.7435 -0.5671 0.3544
vn 0.7464 -0.5556 0.3664
vn 0.7168 -0.5143 0.4708
vn 0.7191 -0.4916 0.4912
vn 0.6866 -0.4568 0.5656
vn 0.6863 -0.4251 0.5902
vn 0.6914 -0.1359 0.7096
vn 0.6945 -0.1586 0.7018
vn 0.7753 -0.1930 0.6014
vn 0.7790 -0.2025 0.5934
vn 0.8398 -0.2338 0.4899
vn 0.8417 -0.2408 0.4833
vn 0.8975 -0.2772 0.3430
vn 0.8979 -0.2808 0.3390
vn 0.9329 -0.3154 0.1737
vn 0.9329 -0.3154 0.1738
vn 0.7336 -0.0926 0.6732
vn 0.7421 -0.0320 0.6695
vn 0.6834 -0.0219 0.7297
vn 0.6775 -0.1964 0.7088
vn 0.6776 -0.2393 0.6954
vn 0.7453 -0.2775 0.6062
vn 0.7508 -0.3003 0.5883
vn 0.7996 -0.3339 0.4990
vn 0.8019 -0.3528 0.4822
vn 0.8468 -0.3928 0.3587
vn 0.8462 -0.4057 0.3456
vn 0.8734 -0.4444 0.1991
vn 0.8719 -0.4503 0.1923
vn 0.8757 -0.4806 0.0473
vn 0.8753 -0.4815 0.0461
vn 0.7847 -0.5123 -0.3488
vn 0.7846 -0.5124 -0.3490
vn 0.7674 -0.4829 -0.4217
vn 0.6650 0.2592 0.7004
vn 0.6497 0.0212 0.7599
vn 0.9952 0.0535 0.0814
vn 0.9884 0.0657 0.1372
vn 0.9842 0.0550 0.1683
vn 0.9489 0.0441 0.3126
vn 0.9473 0.0402 0.3179
vn 0.8828 0.0472 0.4674
vn 0.8816 0.0457 0.4697
vn 0.8221 0.0321 0.5684
vn 0.8101 0.0413 0.5849
vn 0.7859 0.0339 0.6174
vn 0.5927 0.5677 0.5713
vn 0.5831 0.5868 0.5618
vn 0.5938 0.6393 0.4886
vn 0.5744 0.6812 0.4540
vn 0.5866 0.7089 0.3916
vn 0.5645 0.7570 0.3292
vn 0.5723 0.7676 0.2885
vn 0.5615 0.7900 0.2462
vn 0.5345 0.8395 0.0981
vn 0.5355 0.8399 0.0884
vn 0.5198 0.8535 0.0360
vn 0.3657 0.9011 -0.2331
vn 0.4919 0.8325 -0.2548
vn 0.5541 0.7937 -0.2510
vn 0.5594 0.7859 -0.2636
vn 0.6102 0.7331 -0.3004
vn 0.6604 0.6887 -0.2992
vn 0.6675 0.6728 -0.3190
vn 0.7099 0.6085 -0.3546
vn 0.7652 0.1701 -0.6209
vn 0.7681 0.5988 -0.2269
vn 0.7683 0.6164 -0.1727
vn 0.6519 0.3216 0.6867
vn 0.6581 0.3143 0.6842
vn 0.8081 0.5874 -0.0434
vn 0.8090 0.5856 -0.0498
vn 0.7880 0.5981 -0.1462
vn 0.6662 0.7317 0.1442
vn 0.6673 0.7316 0.1398
vn 0.6524 0.7566 0.0435
vn 0.6540 0.7558 0.0328
vn 0.6216 0.7783 -0.0885
vn 0.6247 0.7746 -0.0985
vn 0.6338 0.3842 0.6714
vn 0.6369 0.3813 0.6700
vn 0.7603 0.6412 0.1040
vn 0.7623 0.6401 0.0964
vn 0.7501 0.6613 -0.0069
vn 0.7518 0.6592 -0.0177
vn 0.7218 0.6771 -0.1431
vn 0.7239 0.6733 -0.1501
vn 0.8732 0.3553 -0.3336
vn 0.8767 0.3623 -0.3165
vn 0.9038 0.3574 -0.2354
vn 0.9049 0.3616 -0.2244
vn 0.9273 0.3528 -0.1255
vn 0.9272 0.3556 -0.1176
vn 0.9404 0.3398 0.0108
vn 0.9398 0.3413 0.0154
vn 0.9329 0.3155 0.1737
vn 0.9329 0.3155 0.1738
vn 0.7336 0.0928 0.6732
vn 0.7983 0.1121 0.5917
vn 0.8004 0.1109 0.5892
vn 0.8680 0.1345 0.4779
vn 0.8711 0.1323 0.4729
vn 0.9315 0.1578 0.3279
vn 0.9346 0.1546 0.3204
vn 0.9720 0.1770 0.1543
vn 0.9741 0.1734 0.1454
vn 0.9819 0.1889 -0.0135
vn 0.9825 0.1850 -0.0229
vn 0.9689 0.1939 -0.1541
vn 0.9681 0.1901 -0.1632
vn 0.9440 0.1945 -0.2665
vn 0.9422 0.1906 -0.2756
vn 0.9103 0.1925 -0.3664
vn 0.9069 0.1877 -0.3771
vn 0.7394 0.6031 -0.2992
vn 0.7417 0.5905 -0.3182
vn 0.7846 0.5124 -0.3490
vn 0.7674 0.4829 -0.4217
vn 0.8147 0.3463 -0.4651
vn 0.8001 0.3294 -0.5013
vn 0.8265 0.1805 -0.5332
vn 0.8172 0.1721 -0.5500
vn 0.8619 0.5013 -0.0764
vn 0.8623 0.5000 -0.0805
vn 0.8412 0.5114 -0.1754
vn 0.8412 0.5085 -0.1840
vn 0.8179 0.5148 -0.2570
vn 0.8163 0.5087 -0.2737
vn 0.7847 0.5123 -0.3489
vn 0.8453 0.3573 -0.3972
vn 0.8373 0.3459 -0.4233
vn 0.8697 0.1879 -0.4564
vn 0.8638 0.1814 -0.4701
vn 0.7105 0.0450 -0.7023
vn 0.7306 0.5409 -0.4167
vn 0.7204 0.5556 -0.4152
vn 0.6954 0.6098 -0.3802
vn 0.6603 0.6539 -0.3695
vn 0.6478 0.6746 -0.3539
vn 0.2810 0.9214 -0.2683
vn 0.2602 0.9294 -0.2619
vn 0.7431 0.4772 -0.4690
vn 0.7127 0.5509 -0.4343
vn 0.6734 0.6004 -0.4313
vn 0.6483 0.6442 -0.4058
vn 0.5987 0.6971 -0.3945
vn 0.5761 0.7255 -0.3764
vn 0.5162 0.7752 -0.3642
vn 0.5004 0.7917 -0.3505
vn 0.2929 0.9169 -0.2710
vn 0.3319 -0.8965 -0.2934
vn 0.3545 -0.8875 -0.2944
vn 0.4224 -0.8462 -0.3249
vn 0.4246 -0.8452 -0.3246
vn 0.5924 -0.7345 -0.3311
vn 0.5882 -0.7378 -0.3313
vn 0.5348 -0.7878 -0.3057
vn 0.5108 -0.8042 -0.3038
vn 0.4741 -0.8334 -0.2840
vn 0.4341 -0.8571 -0.2773
vn 0.4131 -0.8713 -0.2649
vn 0.3635 -0.8966 -0.2528
vn 0.2603 -0.9294 -0.2617
vn -0.2539 -0.8243 -0.5060
vn -0.2212 -0.8279 -0.5154
vn -0.2068 -0.8378 -0.5053
vn -0.1991 -0.8215 -0.5344
vn -0.1623 -0.8365 -0.5234
vn -0.1432 -0.8150 -0.5615
vn -0.1042 -0.8289 -0.5497
vn -0.0615 -0.8237 -0.5637
vn 0.1752 -0.8175 -0.5487
vn 0.1769 -0.8165 -0.5495
vn 0.1542 -0.8240 -0.5452
vn 0.0460 -0.8257 -0.5623
vn 0.2475 -0.8303 -0.4993
vn 0.1620 -0.7525 -0.6384
vn -0.2711 -0.8095 -0.5208
vn -0.4527 -0.5019 -0.7370
vn -0.0713 -0.5326 -0.8434
vn -0.1665 -0.5550 -0.8150
vn -0.0703 -0.5337 -0.8427
vn -0.3997 -0.5959 -0.6965
vn -0.3200 -0.0664 -0.9451
vn -0.3392 -0.0741 -0.9378
vn -0.3413 -0.0760 -0.9369
vn -0.2980 -0.0699 -0.9520
vn -0.3306 -0.0853 -0.9399
vn -0.3211 -0.1793 -0.9299
vn -0.3132 -0.1938 -0.9297
vn -0.4264 -0.0433 -0.9035
vn -0.3441 -0.1941 -0.9187
vn -0.4210 -0.1298 -0.8977
vn -0.2821 -0.1940 -0.9396
vn -0.1702 -0.0265 -0.9851
vn -0.1593 -0.0119 -0.9872
vn -0.1173 -0.1022 -0.9878
vn -0.1834 -0.1128 -0.9765
vn -0.1662 -0.1517 -0.9744
vn -0.1479 -0.1166 -0.9821
vn 0.0661 -0.0166 -0.9977
vn 0.2137 -0.0451 -0.9759
vn -0.4618 -0.2179 -0.8598
vn -0.4618 -0.2043 -0.8631
vn -0.4723 -0.1913 -0.8604
vn -0.4730 -0.2045 -0.8570
vn -0.3826 -0.5144 -0.7675
vn -0.4632 -0.3249 -0.8246
vn -0.4295 -0.3230 -0.8434
vn -0.2723 -0.4653 -0.8422
vn -0.2667 -0.4684 -0.8423
vn -0.3634 -0.2914 -0.8849
vn -0.3865 -0.2484 -0.8882
vn -0.3548 -0.2386 -0.9040
vn -0.3838 -0.1960 -0.9024
vn -0.3671 -0.1830 -0.9120
vn -0.4278 -0.1004 -0.8983
vn -0.5159 -0.0541 -0.8550
vn -0.5170 -0.0555 -0.8542
vn -0.4880 -0.0231 -0.8726
vn -0.5135 -0.1850 -0.8379
vn -0.5097 -0.1037 -0.8541
vn -0.5221 -0.0630 -0.8506
vn -0.5204 -0.0619 -0.8517
vn -0.5212 -0.0198 -0.8532
vn -0.2344 -0.3689 -0.8994
vn 0.3667 -0.0690 -0.9278
vn 0.3885 -0.0870 -0.9173
vn 0.3761 -0.0828 -0.9229
vn 0.4005 -0.0871 -0.9121
vn 0.3690 -0.0652 -0.9271
vn 0.3802 -0.0577 -0.9231
vn 0.3940 -0.0564 -0.9174
vn 0.4060 -0.0592 -0.9120
vn 0.4132 -0.0665 -0.9082
vn 0.2719 -0.0832 -0.9587
vn 0.2822 -0.1329 -0.9501
vn 0.2845 -0.0375 -0.9579
vn 0.2762 -0.1401 -0.9508
vn 0.2461 -0.0978 -0.9643
vn 0.2357 -0.0452 -0.9708
vn 0.3504 -0.1940 -0.9163
vn 0.3722 -0.1805 -0.9104
vn 0.4382 0.0026 -0.8989
vn 0.4960 -0.0609 -0.8662
vn 0.5047 -0.0567 -0.8614
vn 0.5122 -0.1021 -0.8528
vn 0.4848 -0.1042 -0.8684
vn 0.4561 -0.1402 -0.8788
vn 0.4606 -0.1915 -0.8667
vn 0.4744 -0.0643 -0.8780
vn 0.5645 -0.1026 -0.8191
vn 0.5599 -0.0623 -0.8262
vn 0.5917 -0.0752 -0.8026
vn 0.5303 -0.0802 -0.8440
vn 0.0563 -0.1595 -0.9856
vn 0.0424 -0.1683 -0.9848
vn 0.0434 -0.1771 -0.9832
vn 0.0560 -0.1862 -0.9809
vn -0.1513 -0.2507 -0.9561
vn -0.1476 -0.2440 -0.9585
vn 0.1816 -0.3439 -0.9213
vn 0.1892 -0.3464 -0.9188
vn 0.3958 -0.4587 -0.7956
vn 0.4141 -0.3983 -0.8185
vn 0.5133 -0.3770 -0.7710
vn 0.6066 -0.2727 -0.7468
vn 0.3346 0.4341 -0.8364
vn 0.3431 0.4498 -0.8246
vn 0.4770 0.4054 -0.7798
vn 0.4590 0.3954 -0.7956
vn 0.4183 0.4263 -0.8020
vn 0.4136 0.4170 -0.8094
vn 0.3751 0.4295 -0.8215
vn 0.5136 0.3562 -0.7806
vn 0.5648 0.3265 -0.7579
vn 0.5143 0.4314 -0.7412
vn 0.3946 0.0799 -0.9154
vn 0.4005 0.0870 -0.9122
vn 0.3885 0.0869 -0.9173
vn 0.4112 0.0604 -0.9095
vn 0.3160 0.0013 -0.9488
vn 0.3151 0.1742 -0.9329
vn 0.3322 0.1585 -0.9298
vn 0.3504 0.1941 -0.9163
vn 0.3721 0.1805 -0.9105
vn 0.4147 0.1637 -0.8951
vn 0.4758 0.0192 -0.8793
vn 0.4968 0.0580 -0.8659
vn 0.5051 0.0594 -0.8610
vn 0.4607 0.1915 -0.8667
vn 0.5302 0.0799 -0.8441
vn 0.5894 -0.0001 -0.8079
vn 0.5983 0.0022 -0.8013
vn 0.5951 0.0413 -0.8026
vn 0.5801 0.0298 -0.8140
vn 0.5645 0.1025 -0.8190
vn 0.0699 0.1895 -0.9794
vn 0.0389 0.1698 -0.9847
vn 0.0405 0.1708 -0.9845
vn 0.0699 0.1585 -0.9849
vn 0.0562 0.1594 -0.9856
vn 0.0682 0.1948 -0.9785
vn 0.0908 0.1624 -0.9825
vn 0.0920 0.1770 -0.9799
vn 0.0824 0.1897 -0.9784
vn 0.0459 0.3665 -0.9293
vn -0.0950 0.3092 -0.9463
vn -0.1027 0.3101 -0.9451
vn 0.2482 0.3048 -0.9195
vn 0.2472 0.2995 -0.9215
vn 0.1877 0.5529 -0.8119
vn 0.0205 0.5066 -0.8619
vn -0.2515 0.0790 -0.9646
vn -0.2860 0.0918 -0.9538
vn -0.2587 0.0872 -0.9620
vn -0.2517 0.0777 -0.9647
vn -0.2980 0.0698 -0.9520
vn -0.3201 0.0662 -0.9451
vn -0.3440 0.1941 -0.9187
vn -0.3688 0.1581 -0.9160
vn -0.1663 0.1515 -0.9744
vn -0.2821 0.1938 -0.9396
vn -0.1173 0.1021 -0.9878
vn -0.2070 0.1462 -0.9674
vn -0.1936 0.1914 -0.9622
vn 0.0659 0.0164 -0.9977
vn 0.1183 0.1057 -0.9873
vn 0.1673 0.0778 -0.9828
vn -0.4730 0.2044 -0.8570
vn -0.4723 0.1911 -0.8605
vn -0.4296 0.3227 -0.8434
vn -0.2073 0.3799 -0.9015
vn -0.3632 0.2912 -0.8850
vn -0.2685 0.4694 -0.8412
vn -0.2712 0.4636 -0.8435
vn -0.3927 0.3251 -0.8603
vn -0.4008 0.2934 -0.8679
vn -0.4887 0.0237 -0.8721
vn -0.5200 0.1495 -0.8409
vn -0.1964 0.8245 -0.5307
vn 0.0727 0.8140 -0.5763
vn 0.1415 0.8347 -0.5322
vn 0.1751 0.8174 -0.5487
vn -0.0709 0.8252 -0.5604
vn -0.0483 0.8200 -0.5703
vn -0.0462 0.8182 -0.5730
vn 0.0056 0.8297 -0.5581
vn 0.0545 0.8246 -0.5630
vn -0.0892 0.8274 -0.5544
vn -0.1952 0.8369 -0.5114
vn -0.2693 0.8238 -0.4989
vn 0.1135 0.7115 -0.6934
vn 0.1621 0.7532 -0.6375
vn 0.2975 0.7112 -0.6369
vn 0.2476 0.8314 -0.4974
vn -0.2753 0.8041 -0.5268
vn -0.2478 0.8250 -0.5080
vn -0.0473 0.9896 -0.1361
vn -0.0585 0.9897 -0.1307
vn -0.0357 0.9879 -0.1510
vn -0.0467 0.9893 -0.1380
vn 0.1020 0.9736 -0.2043
vn 0.0930 0.9751 -0.2014
vn 0.1335 0.9675 -0.2146
vn 0.3028 0.9248 -0.2305
vn 0.2522 0.9439 -0.2132
vn 0.2495 0.9450 -0.2114
vn 0.1415 0.9746 -0.1738
vn 0.0503 0.9890 -0.1390
vn 0.0540 0.9882 -0.1434
vn 0.0837 0.9854 -0.1481
vn 0.1062 0.9810 -0.1624
vn 0.0298 0.9918 -0.1245
vn 0.0104 0.9927 -0.1201
vn 0.0057 0.9936 -0.1127
vn -0.0376 0.9962 -0.0780
vn -0.0110 0.9949 -0.1005
vn 0.1231 0.9881 -0.0919
vn 0.0719 0.9952 -0.0660
vn 0.0313 0.9986 -0.0430
vn 0.5611 0.5456 0.6225
vn 0.3869 0.8060 0.4480
vn 0.4466 0.7309 0.5161
vn 0.4753 0.7044 0.5271
vn 0.4890 0.6789 0.5477
vn 0.5164 0.6314 0.5785
vn 0.2978 0.8874 0.3520
vn 0.3136 0.8707 0.3788
vn 0.3822 0.8094 0.4459
vn 0.0087 0.9997 0.0208
vn 0.0984 0.9866 0.1304
vn 0.1344 0.9753 0.1754
vn 0.1846 0.9533 0.2389
vn 0.1794 0.9766 -0.1186
vn 0.1574 0.9815 -0.1086
vn 0.3209 0.9251 -0.2031
vn 0.3344 0.9276 -0.1664
vn 0.3978 0.9175 -0.0050
vn 0.3631 0.9271 -0.0930
vn 0.3509 0.9308 -0.1021
vn 0.3285 0.9319 -0.1538
vn 0.2804 0.9456 -0.1649
vn 0.4501 0.8834 0.1303
vn 0.4342 0.8938 0.1121
vn 0.4287 0.9006 0.0714
vn 0.4023 0.9155 -0.0015
vn 0.5158 0.7825 0.3489
vn 0.4936 0.8259 0.2725
vn 0.5142 0.7816 0.3530
vn 0.5452 0.6973 0.4652
vn 0.5477 0.6950 0.4658
vn 0.5613 0.6035 0.5663
vn 0.5751 0.5908 0.5659
vn 0.2390 0.9116 0.3345
vn 0.2625 0.9100 0.3209
vn 0.0503 0.9969 0.0605
vn 0.0925 0.9925 -0.0796
vn 0.0850 0.9946 -0.0601
vn 0.1377 0.9904 0.0129
vn 0.1384 0.9902 0.0163
vn 0.2109 0.9706 0.1162
vn 0.2114 0.9702 0.1186
vn 0.2912 0.9288 0.2290
vn 0.2917 0.9282 0.2309
vn 0.4474 0.7723 0.4509
vn 0.4477 0.7710 0.4528
vn 0.2521 0.9560 -0.1502
vn 0.2641 0.9631 -0.0519
vn 0.2648 0.9632 -0.0469
vn 0.3223 0.9458 0.0406
vn 0.3249 0.9440 0.0572
vn 0.3809 0.9130 0.1457
vn 0.3854 0.9064 0.1730
vn 0.4371 0.8615 0.2586
vn 0.4424 0.8472 0.2941
vn 0.4868 0.7905 0.3717
vn 0.4915 0.7681 0.4105
vn 0.5276 0.7025 0.4776
vn 0.5303 0.6737 0.5147
vn 0.5577 0.6045 0.5688
vn 0.1501 0.9837 -0.0991
vn 0.1408 0.9865 -0.0832
vn 0.1901 0.9817 -0.0126
vn 0.1908 0.9816 -0.0080
vn 0.2578 0.9621 0.0887
vn 0.2593 0.9609 0.0970
vn 0.3294 0.9227 0.2003
vn 0.3317 0.9192 0.2124
vn 0.4000 0.8604 0.3159
vn 0.4027 0.8534 0.3311
vn 0.4633 0.7772 0.4259
vn 0.4656 0.7665 0.4423
vn 0.5156 0.6785 0.5233
vn 0.5170 0.6649 0.5390
vn 0.0106 0.9994 -0.0336
vn 0.0131 0.9997 -0.0227
vn 0.0673 0.9966 0.0482
vn 0.0681 0.9964 0.0509
vn 0.0465 0.9973 -0.0568
vn 0.0447 0.9983 -0.0385
vn 0.0974 0.9947 0.0322
vn 0.0979 0.9946 0.0346
vn 0.0926 -0.9925 -0.0796
vn 0.4551 -0.8800 0.1361
vn 0.4342 -0.8938 0.1122
vn 0.4293 -0.9000 0.0756
vn 0.3286 -0.9314 -0.1567
vn 0.3151 -0.9343 -0.1667
vn 0.3058 -0.9330 -0.1898
vn 0.2246 -0.9660 -0.1283
vn 0.0984 -0.9866 0.1305
vn 0.0601 -0.9949 0.0813
vn 0.2390 -0.9115 0.3346
vn 0.5164 -0.6313 0.5786
vn -0.0027 -1.0000 -0.0081
vn 0.2625 -0.9100 0.3210
vn 0.2979 -0.8873 0.3521
vn 0.3137 -0.8706 0.3790
vn 0.4467 -0.7308 0.5162
vn 0.0466 -0.9973 -0.0573
vn 0.1795 -0.9766 -0.1186
vn 0.2233 -0.9682 -0.1127
vn 0.1245 -0.9879 -0.0924
vn 0.1400 -0.9866 -0.0844
vn 0.1396 -0.9799 0.1422
vn 0.1431 -0.9791 0.1445
vn 0.2218 -0.9445 0.2422
vn 0.2324 -0.9402 0.2489
vn 0.3113 -0.8857 0.3444
vn 0.3288 -0.8752 0.3549
vn 0.4007 -0.8038 0.4397
vn 0.4231 -0.7854 0.4517
vn 0.4838 -0.7028 0.5216
vn -0.0058 -0.9998 -0.0195
vn 0.1717 -0.9763 0.1318
vn 0.1738 -0.9757 0.1332
vn 0.2550 -0.9370 0.2387
vn 0.2616 -0.9341 0.2430
vn 0.3433 -0.8724 0.3479
vn 0.3538 -0.8656 0.3543
vn 0.4282 -0.7842 0.4491
vn 0.4408 -0.7730 0.4562
vn 0.1436 -0.9740 -0.1750
vn -0.0463 -0.9960 -0.0766
vn -0.0204 -0.9950 -0.0976
vn -0.0267 -0.9961 -0.0835
vn 0.0504 -0.9890 -0.1389
vn 0.0302 -0.9917 -0.1246
vn 0.0105 -0.9927 -0.1200
vn 0.0061 -0.9936 -0.1128
vn -0.0109 -0.9949 -0.1004
vn 0.1850 -0.9648 -0.1868
vn 0.2028 -0.9494 -0.2398
vn 0.1281 -0.9687 -0.2124
vn 0.2519 -0.9438 -0.2139
vn 0.2863 -0.9327 -0.2194
vn 0.0862 -0.9762 -0.1991
vn 0.0785 -0.9777 -0.1949
vn 0.0528 -0.9803 -0.1902
vn 0.0317 -0.9838 -0.1765
vn 0.0115 -0.9840 -0.1778
vn -0.0158 -0.9873 -0.1582
vn -0.0220 -0.9871 -0.1587
vn -0.0587 -0.9899 -0.1292
vn 0.5917 -0.1133 0.7982
vn 0.5909 -0.0990 0.8007
vn 0.5979 -0.0397 0.8006
vn 0.5960 -0.0299 0.8025
vn 0.6104 -0.0378 0.7912
vn 0.6093 -0.0397 0.7919
vn 0.6062 -0.1091 0.7878
vn 0.6049 -0.1131 0.7882
vn 0.6000 -0.1700 0.7817
vn 0.5983 -0.1747 0.7820
vn 0.5896 -0.2425 0.7705
vn 0.5876 -0.2473 0.7704
vn 0.5732 -0.3273 0.7512
vn 0.5713 -0.3315 0.7508
vn 0.6251 -0.0368 0.7797
vn 0.6244 -0.0380 0.7802
vn 0.6213 -0.1062 0.7763
vn 0.6203 -0.1091 0.7767
vn 0.4962 0.5400 0.6799
vn 0.5010 0.5307 0.6837
vn 0.5305 0.4380 0.7257
vn 0.5351 0.4272 0.7288
vn 0.5570 0.3371 0.7590
vn 0.5589 0.3320 0.7599
vn 0.5750 0.2462 0.7802
vn 0.5746 0.2477 0.7801
vn -0.7547 -0.0000 0.6561
vn -0.9970 -0.0000 0.0774
vn 0.0319 -0.0213 -0.9993
vn 0.0401 -0.0193 -0.9990
vn 0.5153 0.4364 -0.7376
vn 0.4900 0.4786 -0.7286
vn -0.0161 -0.0001 -0.9999
vn 0.0018 0.0202 -0.9998
vn 0.3592 -0.9271 -0.1069
vn 0.3568 -0.9303 -0.0849
vn 0.0598 -0.0617 -0.9963
vn 0.0647 0.0238 -0.9976
vn -0.0134 0.0173 -0.9998
vn 0.0037 -0.0930 -0.9957
vn 0.0087 -0.0926 -0.9957
vn 0.8975 0.2773 0.3429
vn 0.8979 0.2809 0.3390
vn -0.0125 -0.0174 -0.9998
vn -0.0408 0.7251 -0.6874
vn -0.0857 0.7454 -0.6611
vn 0.0018 -0.0203 -0.9998
vn 0.0034 -0.0199 -0.9998
vn -0.0168 -0.0216 -0.9996
vn -0.0224 -0.0207 -0.9995
vn -0.0799 -0.0001 -0.9968
vn -0.0798 -0.0001 -0.9968
vn -0.0224 0.0206 -0.9995
vn -0.0093 0.0227 -0.9997
vn 0.0188 0.0010 -0.9998
vn -0.0526 0.0887 -0.9947
vn -0.0428 0.0952 -0.9945
vn 0.0508 0.1764 -0.9830
vn 0.0407 0.1682 -0.9849
vn 0.0383 0.1669 -0.9852
vn 0.5087 -0.3568 -0.7835
vn 0.5245 -0.3447 -0.7785
vn 0.6983 0.1128 0.7068
vn 0.6728 0.0736 0.7362
vn 0.0882 -0.0186 -0.9959
vn 0.0909 -0.0180 -0.9957
vn 0.0877 0.0185 -0.9960
vn 0.3293 -0.1528 -0.9318
vn 0.3199 -0.1791 -0.9304
vn -0.3281 0.8967 0.2969
vn -0.3321 0.8980 0.2887
vn 0.0876 -0.0187 -0.9960
vn 0.0647 -0.0239 -0.9976
vn 0.0599 0.0602 -0.9964
vn 0.0541 0.0917 -0.9943
vn 0.0451 0.0922 -0.9947
vn -0.2262 0.8220 -0.5227
vn -0.2688 0.7670 -0.5826
vn -0.0428 -0.0953 -0.9945
vn -0.0526 -0.0888 -0.9947
vn -0.0928 -0.0655 -0.9935
vn -0.1216 -0.0519 -0.9912
vn -0.1534 -0.0341 -0.9876
vn -0.1629 -0.0293 -0.9862
vn -0.1082 -0.0045 -0.9941
vn -0.0977 -0.0001 -0.9952
vn -0.1081 0.0043 -0.9941
vn -0.1629 0.0291 -0.9862
vn -0.1534 0.0339 -0.9876
vn 0.3670 0.6009 -0.7101
vn 0.3631 0.6154 -0.6996
vn 0.1737 0.9758 0.1331
vn 0.1717 0.9763 0.1317
vn -0.1449 0.0676 -0.9871
vn -0.0758 -0.1328 -0.9882
vn -0.0989 -0.1578 -0.9825
vn -0.1137 0.1759 -0.9778
vn -0.3873 -0.1375 -0.9116
vn -0.3992 -0.1400 -0.9061
vn 0.4305 0.5319 -0.7292
vn 0.4270 0.5365 -0.7279
vn 0.0433 0.1770 -0.9833
vn 0.0560 0.1861 -0.9809
vn 0.7660 0.2320 -0.5995
vn 0.7787 0.3290 -0.5342
vn 0.0702 0.0908 -0.9934
vn -0.5061 0.0344 -0.8618
vn -0.5157 0.0277 -0.8563
vn 0.1155 0.0189 -0.9931
vn 0.1278 0.0161 -0.9917
vn 0.1040 0.0345 -0.9940
vn 0.1040 -0.0347 -0.9940
vn 0.1279 -0.0162 -0.9917
vn 0.1156 -0.0190 -0.9931
vn 0.1182 -0.1059 -0.9873
vn 0.1225 -0.0894 -0.9884
vn 0.6862 0.4252 0.5902
vn 0.6866 0.4569 0.5655
vn 0.0789 -0.1581 -0.9843
vn -0.3132 0.1937 -0.9297
vn -0.3210 0.1792 -0.9300
vn 0.0509 -0.1765 -0.9830
vn 0.0405 -0.1710 -0.9844
vn -0.0477 0.0976 -0.9941
vn -0.0582 0.1130 -0.9919
vn -0.1520 -0.0589 -0.9866
vn -0.0975 -0.0625 -0.9933
vn -0.1834 -0.0296 -0.9826
vn -0.1463 -0.0297 -0.9888
vn -0.2152 -0.0001 -0.9766
vn -0.2151 -0.0001 -0.9766
vn 0.5025 -0.7535 0.4239
vn 0.4766 -0.6899 0.5448
vn -0.1459 0.0298 -0.9888
vn -0.1876 0.0292 -0.9818
vn -0.2536 0.0762 -0.9643
vn -0.1480 0.1164 -0.9821
vn -0.1833 0.1127 -0.9766
vn -0.1627 0.2354 -0.9582
vn -0.1762 0.2554 -0.9506
vn 0.0907 0.1787 -0.9797
vn 0.2023 0.1270 -0.9711
vn 0.1768 -0.0855 -0.9805
vn 0.1901 -0.1107 -0.9755
vn -0.5116 -0.0129 -0.8591
vn -0.5088 -0.0084 -0.8609
vn 0.1104 0.3699 -0.9225
vn 0.5802 -0.0299 -0.8139
vn 0.5950 -0.0413 -0.8026
vn 0.5453 0.4284 0.7205
vn 0.5457 0.4268 0.7211
vn 0.0856 0.1734 -0.9811
vn 0.2888 0.2365 -0.9277
vn 0.1814 0.5159 -0.8372
vn 0.1051 0.5027 -0.8581
vn -0.0598 -0.1128 -0.9918
vn -0.0461 -0.0991 -0.9940
vn 0.1851 0.0803 -0.9794
vn 0.2138 0.0451 -0.9758
vn 0.1371 0.0176 -0.9904
vn 0.2182 0.0535 -0.9744
vn 0.1629 -0.0001 -0.9866
vn 0.1628 -0.0001 -0.9867
vn 0.2458 0.0059 -0.9693
vn 0.2366 -0.0001 -0.9716
vn 0.1372 -0.0177 -0.9904
vn 0.2458 -0.0060 -0.9693
vn 0.1673 -0.0779 -0.9828
vn 0.2181 -0.0537 -0.9744
vn 0.1851 -0.0804 -0.9794
vn 0.0700 -0.0910 -0.9934
vn 0.1706 0.0929 -0.9810
vn 0.1752 0.0884 -0.9806
vn 0.3537 0.8657 0.3542
vn 0.3433 0.8725 0.3478
vn 0.0788 -0.1844 -0.9797
vn 0.0984 -0.1708 -0.9804
vn 0.1011 -0.1835 -0.9778
vn 0.0774 -0.1914 -0.9785
vn 0.6776 0.2394 0.6954
vn 0.6775 0.1966 0.7088
vn -0.1137 -0.1761 -0.9778
vn -0.4312 -0.5060 -0.7470
vn -0.4349 -0.5002 -0.7488
vn -0.2516 -0.0778 -0.9647
vn -0.2516 -0.0781 -0.9647
vn -0.2555 -0.0795 -0.9635
vn 0.5918 0.1134 0.7980
vn 0.5911 0.0980 0.8006
vn -0.2964 -0.1171 -0.9479
vn -0.2198 -0.0277 -0.9751
vn -0.2251 -0.0277 -0.9739
vn -0.1984 -0.0284 -0.9797
vn -0.1178 -0.0322 -0.9925
vn -0.2769 0.0412 -0.9600
vn -0.2392 -0.0001 -0.9710
vn -0.2765 -0.0409 -0.9601
vn -0.1981 0.0286 -0.9798
vn -0.2571 -0.0274 -0.9660
vn -0.2501 -0.0279 -0.9678
vn 0.5757 -0.2476 0.7793
vn 0.5695 -0.2694 0.7766
vn -0.2251 0.0275 -0.9739
vn -0.2990 -0.0906 -0.9499
vn -0.3104 -0.0804 -0.9472
vn 0.6004 -0.4487 0.6620
vn 0.5976 -0.4601 0.6566
vn -0.0246 -0.3550 -0.9346
vn -0.0226 -0.3539 -0.9350
vn -0.2547 0.1750 -0.9511
vn -0.0715 0.4499 -0.8902
vn -0.1792 0.3919 -0.9024
vn -0.2683 0.1595 -0.9501
vn -0.2460 0.7618 -0.5992
vn -0.2423 0.7538 -0.6108
vn -0.4926 0.1117 -0.8630
vn -0.4993 0.1235 -0.8576
vn 0.2356 0.0451 -0.9708
vn 0.2307 0.0441 -0.9720
vn 0.2342 0.0417 -0.9713
vn -0.0442 0.4678 -0.8827
vn -0.0052 0.4892 -0.8722
vn 0.1909 -0.9816 -0.0079
vn 0.1902 -0.9817 -0.0125
vn 0.0971 -0.0001 -0.9953
vn 0.0970 -0.0001 -0.9953
vn -0.8051 -0.0000 -0.5932
vn -0.8008 0.0102 -0.5988
vn 0.3432 0.3756 -0.8609
vn 0.3443 0.3734 -0.8614
vn 0.3104 0.3051 -0.9003
vn 0.2502 0.0285 -0.9678
vn 0.2284 -0.0076 -0.9735
vn 0.2607 0.0148 -0.9653
vn 0.3296 -0.0001 -0.9441
vn 0.2614 -0.0148 -0.9651
vn 0.2314 0.0024 -0.9729
vn 0.2503 -0.0286 -0.9678
vn 0.2307 -0.0442 -0.9720
vn 0.2343 -0.0417 -0.9713
vn 0.1189 0.9792 -0.1642
vn 0.1019 0.9819 -0.1594
vn 0.0958 -0.1783 -0.9793
vn 0.0900 -0.1775 -0.9800
vn 0.2310 -0.1674 -0.9585
vn 0.0842 -0.1706 -0.9817
vn -0.5191 0.0615 -0.8525
vn -0.5191 0.0641 -0.8523
vn -0.0239 0.3533 -0.9352
vn -0.0234 0.3555 -0.9344
vn 0.0385 -0.1693 -0.9848
vn 0.0389 -0.1669 -0.9852
vn -0.1054 -0.4379 -0.8928
vn -0.1762 -0.3777 -0.9090
vn 0.1754 -0.0888 -0.9805
vn 0.1697 -0.0887 -0.9815
vn -0.2104 -0.3011 -0.9301
vn -0.1762 -0.2557 -0.9506
vn -0.1569 -0.2271 -0.9611
vn -0.1624 -0.2360 -0.9581
vn -0.1231 -0.1865 -0.9747
vn -0.2070 -0.1463 -0.9673
vn -0.2587 -0.0874 -0.9620
vn -0.2859 -0.0920 -0.9538
vn 0.4915 -0.7680 0.4106
vn 0.4868 -0.7904 0.3719
vn -0.2752 -0.0269 -0.9610
vn 0.5186 -0.0099 -0.8550
vn 0.5170 -0.0091 -0.8559
vn -0.2940 0.0265 -0.9554
vn -0.2987 0.0267 -0.9540
vn -0.2789 -0.0001 -0.9603
vn -0.2753 0.0267 -0.9610
vn 0.2211 -0.9521 -0.2113
vn 0.1977 -0.9616 -0.1903
vn -0.3391 0.0740 -0.9378
vn -0.3408 0.0762 -0.9370
vn -0.3306 0.0851 -0.9399
vn 0.5923 -0.2469 -0.7670
vn 0.5969 -0.2334 -0.7677
vn -0.2650 0.3011 -0.9160
vn -0.2332 0.3340 -0.9133
vn -0.2717 0.6048 -0.7486
vn 0.2718 0.0830 -0.9588
vn 0.2460 0.0977 -0.9643
vn -0.2552 0.4461 -0.8579
vn -0.2604 0.4776 -0.8391
vn -0.2654 0.5419 -0.7974
vn -0.0452 -0.9893 -0.1389
vn -0.0497 -0.9890 -0.1395
vn -0.2514 0.5703 -0.7820
vn -0.2541 0.5666 -0.7838
vn 0.3761 0.0826 -0.9229
vn 0.3663 0.0714 -0.9277
vn 0.3762 0.0674 -0.9241
vn 0.3667 0.0689 -0.9278
vn 0.2845 0.0373 -0.9580
vn 0.2716 0.0170 -0.9622
vn 0.2652 0.0172 -0.9640
vn 0.5890 -0.5701 0.5728
vn 0.5870 -0.5736 0.5712
vn 0.0872 0.6047 -0.7916
vn 0.3026 0.4434 -0.8437
vn 0.3307 0.4070 -0.8515
vn 0.2769 0.5512 -0.7871
vn 0.1938 0.5745 -0.7952
vn -0.3775 -0.0276 -0.9256
vn -0.4092 -0.0275 -0.9120
vn 0.3941 0.3697 -0.8414
vn 0.3985 0.2478 -0.8830
vn 0.3198 0.0133 -0.9474
vn 0.3388 -0.0000 -0.9409
vn 0.3389 -0.0001 -0.9408
vn 0.3198 -0.0134 -0.9474
vn 0.2716 -0.0171 -0.9623
vn 0.2652 -0.0174 -0.9640
vn 0.3663 -0.0715 -0.9277
vn 0.3760 -0.0675 -0.9241
vn 0.2688 -0.2310 -0.9351
vn 0.4223 0.8463 -0.3248
vn 0.3545 0.8875 -0.2946
vn 0.0728 -0.9952 -0.0655
vn 0.0850 -0.9946 -0.0599
vn 0.5005 -0.7917 -0.3503
vn 0.5163 -0.7752 -0.3640
vn 0.1747 0.0877 -0.9807
vn 0.1920 0.1101 -0.9752
vn 0.1948 -0.5108 -0.8373
vn 0.6101 -0.4456 0.6551
vn 0.6094 -0.4511 0.6520
vn 0.0899 -0.4743 -0.8758
vn 0.0332 -0.5024 -0.8640
vn 0.2812 -0.9214 -0.2683
vn 0.2929 -0.9169 -0.2709
vn 0.5303 -0.6736 0.5148
vn 0.5276 -0.7024 0.4777
vn -0.2251 -0.2888 -0.9306
vn -0.2651 -0.3012 -0.9160
vn -0.2635 -0.1479 -0.9532
vn -0.2647 -0.1723 -0.9488
vn -0.1937 -0.1913 -0.9622
vn -0.3411 -0.0766 -0.9369
vn 0.0541 -0.9882 -0.1433
vn 0.0853 -0.9853 -0.1482
vn -0.3305 -0.0001 -0.9438
vn -0.3191 -0.0268 -0.9473
vn -0.3293 -0.0272 -0.9438
vn 0.6134 0.1809 -0.7688
vn 0.6141 0.1741 -0.7698
vn -0.3533 0.0261 -0.9352
vn -0.4265 0.0432 -0.9034
vn -0.3450 0.0766 -0.9355
vn -0.3736 0.0258 -0.9272
vn -0.4156 0.0282 -0.9091
vn -0.4304 -0.0420 -0.9016
vn -0.4283 -0.0396 -0.9027
vn -0.3393 0.0744 -0.9377
vn -0.4210 0.1296 -0.8977
vn 0.6610 0.5675 0.4910
vn 0.6546 0.5962 0.4649
vn -0.4082 0.5981 -0.6897
vn -0.4163 0.5780 -0.7019
vn -0.3146 0.2497 -0.9158
vn -0.1546 0.7447 -0.6492
vn -0.1827 0.7598 -0.6240
vn -0.3188 0.2455 -0.9155
vn -0.3546 0.2386 -0.9041
vn -0.3864 0.2483 -0.8883
vn 0.2823 0.1328 -0.9501
vn 0.2766 0.1398 -0.9508
vn -0.3824 0.5140 -0.7678
vn -0.3177 0.6030 -0.7317
vn -0.2888 0.5738 -0.7664
vn 0.5943 0.2394 -0.7678
vn 0.5836 0.2696 -0.7660
vn -0.4306 0.0418 -0.9016
vn -0.4283 0.0398 -0.9028
vn 0.0989 -0.9945 0.0343
vn 0.0964 -0.9948 0.0327
vn 0.5982 -0.0023 -0.8014
vn 0.5891 -0.0000 -0.8081
vn -0.3647 0.9085 0.2042
vn -0.3631 0.9080 0.2088
vn 0.0639 0.7119 -0.6994
vn 0.0806 0.7001 -0.7095
vn 0.3690 0.0651 -0.9272
vn 0.4105 0.0815 -0.9082
vn 0.4156 0.0739 -0.9065
vn 0.3851 0.0543 -0.9213
vn 0.3784 0.0109 -0.9256
vn 0.1153 0.6827 -0.7215
vn 0.1466 0.6714 -0.7264
vn 0.2094 0.6341 -0.7444
vn 0.2730 0.6099 -0.7440
vn 0.2835 0.6096 -0.7402
vn 0.5242 -0.7781 0.3462
vn 0.5133 -0.7744 0.3700
vn 0.4220 0.5403 -0.7280
vn -0.4363 -0.5607 -0.7038
vn -0.4114 -0.5965 -0.6891
vn 0.4089 0.3869 -0.8265
vn 0.4027 0.3849 -0.8305
vn 0.4716 0.3766 -0.7973
vn 0.0869 -0.3735 -0.9235
vn 0.0842 -0.3792 -0.9215
vn 0.4566 0.3816 -0.8037
vn 0.3192 0.0137 -0.9476
vn 0.3456 0.0112 -0.9383
vn 0.1322 -0.0001 -0.9912
vn 0.3456 -0.0113 -0.9383
vn 0.3261 -0.0132 -0.9453
vn 0.4169 -0.0780 -0.9056
vn 0.0929 -0.5146 -0.8524
vn 0.0667 -0.5082 -0.8587
vn 0.3104 -0.3051 -0.9003
vn 0.3454 -0.3757 -0.8600
vn 0.3339 -0.4043 -0.8515
vn 0.3388 -0.5829 -0.7385
vn 0.6945 0.1588 0.7017
vn 0.6914 0.1360 0.7096
vn 0.2254 -0.6289 -0.7441
vn 0.1920 -0.6452 -0.7395
vn 0.1437 -0.6735 -0.7251
vn 0.1114 -0.6850 -0.7200
vn 0.0800 -0.7007 -0.7090
vn -0.3103 0.0803 -0.9472
vn -0.2990 0.0904 -0.9500
vn 0.0640 -0.7119 -0.6993
vn 0.5095 0.8595 -0.0411
vn 0.5047 0.8621 -0.0448
vn -0.1660 -0.6411 -0.7493
vn -0.2415 -0.5630 -0.7904
vn -0.2647 -0.5101 -0.8184
vn -0.2614 -0.4766 -0.8394
vn -0.2558 -0.4469 -0.8572
vn 0.3657 -0.7735 0.5176
vn 0.3526 -0.7912 0.4997
vn -0.2718 -0.6060 -0.7476
vn -0.3186 -0.2456 -0.9155
vn -0.2070 -0.3802 -0.9014
vn -0.3146 -0.2502 -0.9157
vn 0.1714 -0.9465 0.2735
vn 0.1468 -0.9582 0.2456
vn -0.3687 -0.1583 -0.9160
vn 0.8697 -0.1879 -0.4564
vn 0.8638 -0.1814 -0.4701
vn 0.4443 0.6541 0.6121
vn 0.4514 0.6405 0.6213
vn -0.4760 -0.0890 -0.8750
vn -0.3480 -0.0755 -0.9345
vn -0.3737 -0.0259 -0.9272
vn -0.4092 0.0274 -0.9120
vn -0.3775 0.0274 -0.9256
vn -0.3716 0.1863 -0.9095
vn -0.3485 0.2155 -0.9122
vn -0.4156 -0.0283 -0.9091
vn -0.3533 -0.0262 -0.9351
vn -0.0100 -0.4766 -0.8791
vn -0.0775 -0.4619 -0.8835
vn -0.3723 -0.0001 -0.9281
vn -0.4666 0.0487 -0.8831
vn -0.0471 -0.8168 -0.5750
vn -0.0065 -0.8307 -0.5567
vn -0.4413 0.0853 -0.8933
vn -0.3863 -0.0001 -0.9224
vn -0.4360 0.0128 -0.8999
vn -0.4860 0.0204 -0.8737
vn 0.4746 -0.5636 -0.6761
vn 0.4940 -0.4882 -0.7195
vn -0.4889 0.0172 -0.8722
vn -0.4342 0.0139 -0.9007
vn -0.4626 0.0990 -0.8810
vn -0.4533 0.0970 -0.8860
vn -0.4497 0.1188 -0.8852
vn -0.4880 -0.4323 -0.7583
vn -0.4817 -0.4550 -0.7489
vn -0.4670 0.1926 -0.8630
vn -0.4584 0.2117 -0.8632
vn -0.4877 0.2065 -0.8482
vn -0.3838 0.1958 -0.9024
vn -0.4911 -0.0223 -0.8708
vn -0.4955 -0.0147 -0.8685
vn -0.4636 0.2258 -0.8568
vn -0.4324 0.3578 -0.8277
vn 0.5924 0.7344 -0.3312
vn 0.5881 0.7378 -0.3313
vn -0.4349 0.5000 -0.7489
vn -0.3965 0.5626 -0.7254
vn -0.3942 0.5645 -0.7252
vn 0.2320 0.9073 0.3508
vn 0.2388 0.9017 0.3604
vn 0.5712 0.3316 0.7508
vn 0.5732 0.3274 0.7512
vn -0.2890 0.7588 -0.5837
vn 0.1897 0.8189 -0.5417
vn 0.2096 0.8298 -0.5172
vn 0.3880 0.0952 -0.9167
vn 0.3696 -0.0098 -0.9292
vn 0.3763 -0.0102 -0.9264
vn 0.3595 0.0106 -0.9331
vn 0.4562 0.1403 -0.8788
vn 0.5041 0.1567 -0.8493
vn 0.4848 0.1041 -0.8684
vn 0.4066 0.0730 -0.9107
vn 0.4975 -0.0559 -0.8656
vn 0.4777 -0.0360 -0.8778
vn 0.4970 0.0526 -0.8662
vn 0.4658 0.0285 -0.8844
vn 0.4572 0.0232 -0.8891
vn 0.4344 0.0048 -0.9007
vn 0.4398 0.0101 -0.8980
vn 0.4644 0.0134 -0.8855
vn 0.4292 0.0097 -0.9032
vn 0.6478 -0.6746 -0.3538
vn 0.6603 -0.6539 -0.3694
vn 0.2627 -0.4813 -0.8362
vn 0.2648 -0.4788 -0.8370
vn -0.0028 1.0000 -0.0082
vn -0.0059 0.9998 -0.0196
vn -0.4989 0.0454 -0.8655
vn -0.5033 0.0400 -0.8632
vn 0.5587 0.3092 -0.7696
vn -0.8020 -0.0074 -0.5973
vn 0.2348 0.9394 -0.2498
vn 0.2359 0.9389 -0.2505
vn -0.5002 -0.0431 -0.8648
vn -0.4986 -0.0454 -0.8657
vn 0.3594 -0.0107 -0.9331
vn 0.2594 -0.9609 0.0972
vn 0.2578 -0.9621 0.0888
vn 0.4148 -0.1638 -0.8951
vn 0.3985 -0.2478 -0.8830
vn 0.4003 -0.0092 -0.9163
vn 0.1813 0.3438 -0.9214
vn 0.1891 0.3463 -0.9188
vn 0.4160 -0.0105 -0.9093
vn 0.4294 -0.0099 -0.9031
vn 0.4590 -0.0110 -0.8884
vn 0.4408 -0.0098 -0.8975
vn 0.4727 -0.0340 -0.8806
vn 0.4758 -0.0193 -0.8793
vn 0.4034 -0.0727 -0.9121
vn 0.4571 -0.0232 -0.8891
vn 0.4658 -0.0285 -0.8845
vn 0.4971 -0.0528 -0.8661
vn 0.1002 0.1763 -0.9792
vn 0.0991 0.1841 -0.9779
vn 0.4066 -0.0731 -0.9107
vn 0.3820 -0.3800 -0.8424
vn 0.4121 -0.3855 -0.8256
vn 0.3942 -0.3698 -0.8413
vn 0.5897 -0.7333 0.3383
vn 0.5567 -0.7274 0.4012
vn 0.2885 -0.7128 -0.6393
vn 0.1127 -0.7116 -0.6935
vn 0.2723 0.2368 -0.9326
vn 0.2745 0.2416 -0.9307
vn 0.5810 -0.7873 0.2063
vn 0.5340 -0.7903 0.3004
vn 0.3628 -0.0001 -0.9319
vn 0.3626 -0.0000 -0.9319
vn -0.4709 0.1888 -0.8618
vn -0.4713 0.1858 -0.8622
vn -0.3138 -0.6082 -0.7292
vn 0.3763 0.0101 -0.9264
vn 0.3696 0.0097 -0.9291
vn -0.3927 -0.3253 -0.8602
vn -0.4008 -0.2934 -0.8679
vn -0.4625 -0.2271 -0.8570
vn -0.4629 -0.2262 -0.8571
vn -0.4647 -0.2157 -0.8588
vn -0.4649 -0.2236 -0.8567
vn -0.4359 -0.0933 -0.8952
vn 0.1119 -0.5152 -0.8498
vn 0.1137 -0.5154 -0.8494
vn 0.6954 -0.6098 -0.3801
vn 0.7204 -0.5556 -0.4152
vn 0.8199 -0.5679 0.0727
vn 0.8204 -0.5674 0.0705
vn -0.4329 -0.0442 -0.9004
vn -0.4344 -0.0141 -0.9006
vn -0.4358 -0.0129 -0.8999
vn -0.4865 -0.0184 -0.8735
vn -0.4840 -0.0203 -0.8748
vn -0.4560 0.0942 -0.8850
vn -0.2935 0.0716 -0.9533
vn -0.2757 0.0691 -0.9588
vn -0.4901 0.0135 -0.8716
vn -0.4538 -0.0001 -0.8911
vn -0.4556 -0.0001 -0.8902
vn -0.4555 -0.0001 -0.8902
vn 0.2321 -0.9073 0.3506
vn 0.2210 -0.9147 0.3382
vn 0.7984 0.4808 0.3624
vn 0.7963 0.4942 0.3489
vn -0.4901 0.0133 -0.8716
vn -0.4930 0.0196 -0.8698
vn -0.3405 0.5892 -0.7327
vn -0.3289 0.6181 -0.7140
vn 0.2323 0.9403 0.2488
vn 0.2217 0.9446 0.2421
vn -0.4861 0.0580 -0.8720
vn -0.4944 0.0508 -0.8677
vn -0.4727 0.1833 -0.8619
vn -0.4692 0.0847 -0.8790
vn -0.4858 0.1038 -0.8679
vn 0.3538 -0.0001 -0.9353
vn 0.3539 -0.0001 -0.9353
vn -0.4675 0.2176 -0.8568
vn -0.4614 0.2226 -0.8588
vn -0.4629 0.3393 -0.8189
vn -0.4724 0.3143 -0.8234
vn -0.4744 0.3301 -0.8161
vn -0.4539 0.4694 -0.7574
vn -0.4443 0.4955 -0.7464
vn -0.4429 0.5001 -0.7441
vn 0.5054 -0.0000 -0.8629
vn -0.1850 0.3853 -0.9040
vn -0.2204 0.3499 -0.9105
vn 0.1065 -0.9728 -0.2055
vn 0.1231 -0.9701 -0.2093
vn 0.5912 -0.6596 0.4641
vn 0.5737 -0.6522 0.4956
vn -0.4040 0.6084 -0.6831
vn -0.3910 0.6375 -0.6638
vn -0.3206 0.7584 -0.5675
vn -0.3138 0.7675 -0.5589
vn -0.2954 0.7771 -0.5558
vn -0.2282 0.8269 -0.5139
vn 0.1554 0.9623 -0.2230
vn 0.5022 -0.5306 0.6829
vn 0.4776 -0.5811 0.6589
vn 0.2360 -0.9389 -0.2504
vn 0.2349 -0.9394 -0.2497
vn -0.4627 0.2272 -0.8569
vn -0.4638 0.2213 -0.8579
vn 0.0354 -0.0001 -0.9994
vn 0.5121 0.1020 -0.8528
vn 0.6039 0.2167 -0.7670
vn 0.0098 -0.9971 0.0757
vn -0.0028 -0.9984 0.0570
vn 0.5822 0.1439 -0.8002
vn 0.5542 0.1138 -0.8246
vn 0.4727 0.0340 -0.8806
vn 0.5020 0.0599 -0.8628
vn 0.5036 0.0616 -0.8617
vn 0.4745 0.0640 -0.8779
vn 0.5131 -0.0116 -0.8583
vn 0.5054 0.0110 -0.8628
vn 0.4993 0.0054 -0.8664
vn 0.4971 0.0050 -0.8677
vn 0.4855 -0.0000 -0.8742
vn 0.4625 -0.0000 -0.8866
vn 0.4624 -0.0000 -0.8867
vn 0.4266 -0.0000 -0.9045
vn 0.4266 -0.0000 -0.9044
vn 0.4153 -0.0093 -0.9096
vn 0.2697 0.8179 -0.5082
vn 0.3159 0.7673 -0.5580
vn 0.6384 0.1205 0.7602
vn 0.6382 0.0723 0.7665
vn 0.3323 0.8963 -0.2938
vn 0.4246 0.8452 -0.3246
vn 0.5255 0.4293 -0.7346
vn 0.3784 -0.0000 -0.9256
vn 0.5938 0.3117 -0.7417
vn 0.5918 0.2868 -0.7534
vn 0.6125 0.2677 -0.7438
vn 0.6221 0.2422 -0.7445
vn 0.6720 0.6358 0.3796
vn 0.6660 0.6521 0.3622
vn 0.4903 -0.3700 -0.7891
vn 0.4885 -0.3710 -0.7898
vn 0.2306 0.1675 -0.9585
vn 0.2329 0.1705 -0.9574
vn 0.4970 -0.0051 -0.8678
vn 0.5041 -0.1567 -0.8493
vn 0.4993 -0.0054 -0.8664
vn 0.5054 -0.0111 -0.8628
vn 0.5130 0.0113 -0.8583
vn 0.5036 -0.0616 -0.8617
vn 0.5021 -0.0600 -0.8627
vn 0.5295 -0.0860 -0.8440
vn 0.5542 -0.1138 -0.8246
vn 0.4025 -0.0704 -0.9127
vn 0.5982 0.4579 0.6576
vn 0.6004 0.4488 0.6619
vn 0.5503 -0.3262 -0.7686
vn 0.5473 -0.3307 -0.7688
vn 0.4625 -0.4186 -0.7815
vn 0.4672 -0.4250 -0.7753
vn 0.6375 -0.0442 0.7692
vn 0.6383 -0.0664 0.7669
vn 0.4207 -0.5419 -0.7276
vn -0.3823 -0.5151 -0.7672
vn -0.3823 -0.5142 -0.7677
vn 0.2889 -0.7168 -0.6346
vn -0.5175 -0.0026 -0.8557
vn -0.5199 0.0006 -0.8542
vn 0.3250 -0.9440 0.0573
vn 0.3224 -0.9457 0.0408
vn 0.1517 -0.9633 -0.2214
vn 0.5732 0.3423 0.7445
vn 0.5763 0.3274 0.7488
vn 0.1384 -0.9902 0.0164
vn 0.2109 -0.9706 0.1163
vn 0.2166 -0.9451 -0.2448
vn -0.2434 -0.7655 -0.5956
vn -0.2327 0.3340 -0.9134
vn -0.2104 0.3009 -0.9301
vn -0.3728 -0.5936 -0.7132
vn -0.3740 -0.5907 -0.7150
vn -0.3937 -0.5625 -0.7270
vn -0.4323 -0.3582 -0.8275
vn -0.4619 -0.2311 -0.8563
vn -0.4696 -0.1870 -0.8628
vn -0.4710 -0.1917 -0.8611
vn -0.4779 -0.2003 -0.8553
vn -0.4696 -0.1870 -0.8629
vn 0.3029 0.6664 -0.6813
vn 0.2875 0.7178 -0.6341
vn -0.4762 -0.3202 -0.8190
vn -0.4838 -0.2720 -0.8318
vn -0.4838 -0.2717 -0.8319
vn -0.4894 -0.2334 -0.8403
vn -0.4933 -0.2078 -0.8447
vn -0.4935 -0.2066 -0.8449
vn 0.8004 -0.1108 0.5892
vn 0.7984 -0.1120 0.5917
vn -0.4718 -0.1864 -0.8618
vn 0.6379 0.1811 0.7485
vn 0.6381 0.1689 0.7512
vn -0.4706 -0.0869 -0.8780
vn -0.4690 -0.0849 -0.8791
vn -0.4837 -0.0204 -0.8750
vn -0.4778 -0.0669 -0.8759
vn -0.4843 -0.0185 -0.8747
vn -0.4886 -0.0236 -0.8722
vn -0.4778 0.0667 -0.8759
vn -0.5220 0.0622 -0.8506
vn -0.5121 0.0581 -0.8570
vn -0.5125 0.0697 -0.8559
vn -0.5138 0.0657 -0.8554
vn 0.4446 -0.6542 0.6119
vn 0.4283 -0.6814 0.5935
vn -0.4973 -0.0001 -0.8676
vn -0.5051 0.0056 -0.8630
vn 0.6555 -0.1537 -0.7394
vn 0.6593 -0.1457 -0.7377
vn -0.4949 0.0192 -0.8688
vn 0.0035 0.0925 -0.9957
vn 0.0087 0.0926 -0.9957
vn -0.5036 0.1290 -0.8543
vn -0.5036 0.1278 -0.8544
vn -0.5013 0.1493 -0.8523
vn -0.4992 -0.1710 -0.8495
vn -0.4975 -0.1804 -0.8485
vn -0.5134 0.0692 -0.8553
vn -0.5131 0.0702 -0.8555
vn -0.5132 0.0699 -0.8554
vn -0.5162 0.1074 -0.8497
vn -0.4935 0.2065 -0.8449
vn -0.4933 0.2077 -0.8447
vn -0.4894 0.2333 -0.8403
vn -0.4839 0.2715 -0.8320
vn -0.4838 0.2722 -0.8318
vn -0.4763 0.3198 -0.8191
vn -0.4747 0.3281 -0.8167
vn -0.5031 0.2905 -0.8139
vn -0.5008 0.3050 -0.8100
vn -0.4995 0.3116 -0.8083
vn -0.4812 0.3856 -0.7873
vn -0.4649 0.4383 -0.7692
vn -0.4767 0.4586 -0.7500
vn -0.4622 0.5000 -0.7324
vn -0.4520 0.5172 -0.7268
vn -0.4461 0.5277 -0.7228
vn -0.4190 0.5783 -0.7000
vn 0.0005 0.9854 -0.1701
vn 0.0397 -0.7140 -0.6990
vn 0.0174 -0.7299 -0.6834
vn 0.0744 0.0911 -0.9931
vn 0.0785 0.0908 -0.9928
vn 0.8162 0.0491 -0.5757
vn 0.8248 0.0541 -0.5628
vn -0.6040 0.0108 -0.7969
vn -0.5968 0.0192 -0.8021
vn -0.7498 0.4657 -0.4701
vn -0.7171 0.5888 -0.3729
vn -0.6726 0.6933 -0.2586
vn -0.6312 0.7597 -0.1564
vn 0.8189 0.5331 0.2128
vn 0.8173 0.5374 0.2078
vn 0.5294 0.0858 -0.8440
vn 0.3606 -0.5790 -0.7313
vn 0.4047 -0.5460 -0.7336
vn 0.5916 0.0752 -0.8027
vn 0.5600 0.0624 -0.8261
vn 0.6444 0.1703 -0.7455
vn -0.5327 -0.3084 -0.7881
vn -0.5325 -0.3103 -0.7875
vn 0.5147 0.0014 -0.8573
vn 0.3898 0.7407 0.5473
vn 0.4115 0.7103 0.5711
vn 0.5157 0.0073 -0.8567
vn 0.5056 0.0022 -0.8628
vn -0.5206 0.0217 -0.8535
vn -0.5206 0.0205 -0.8535
vn 0.0745 -0.0911 -0.9931
vn 0.1002 -0.0910 -0.9908
vn 0.3634 0.8966 -0.2529
vn 0.6448 0.4960 0.5816
vn 0.6404 0.5347 0.5514
vn 0.4741 0.8334 -0.2841
vn 0.4340 0.8571 -0.2774
vn 0.4130 0.8713 -0.2650
vn 0.6335 -0.2104 -0.7446
vn 0.6320 -0.2131 -0.7451
vn 0.5994 0.3039 -0.7406
vn 0.7557 0.4591 -0.4671
vn 0.7592 0.4480 -0.4722
vn 0.7742 0.3523 -0.5259
vn 0.5517 -0.3844 -0.7402
vn 0.5482 -0.3907 -0.7395
vn 0.4903 -0.4793 -0.7280
vn 0.5279 -0.4327 -0.7308
vn 0.5056 -0.0023 -0.8628
vn 0.5820 -0.1436 -0.8004
vn 0.2954 -0.8530 0.4304
vn 0.2916 -0.8569 0.4250
vn 0.2065 -0.9458 0.2506
vn 0.1916 -0.9520 0.2386
vn 0.5157 -0.0073 -0.8567
vn 0.5170 0.0090 -0.8560
vn 0.5186 0.0098 -0.8550
vn 0.5148 -0.0015 -0.8573
vn 0.5939 -0.2947 -0.7486
vn 0.5991 -0.3001 -0.7423
vn -0.5951 -0.0801 -0.7996
vn -0.5918 -0.1015 -0.7996
vn -0.3823 0.5143 -0.7677
vn -0.3822 0.5153 -0.7671
vn 0.3870 -0.8059 0.4481
vn 0.3822 -0.8093 0.4460
vn 0.0935 -0.8061 -0.5844
vn 0.0776 -0.8273 -0.5563
vn -0.2770 -0.0782 -0.9577
vn -0.2902 -0.0605 -0.9551
vn 0.1417 -0.9746 -0.1737
vn 0.1192 -0.9792 -0.1641
vn -0.4388 0.1108 -0.8917
vn -0.4230 0.1325 -0.8964
vn 0.2917 -0.9282 0.2310
vn 0.3728 -0.8617 0.3442
vn -0.2962 -0.7760 -0.5568
vn -0.3157 -0.7633 -0.5636
vn -0.3430 -0.7236 -0.5990
vn -0.3789 -0.6595 -0.6492
vn -0.5304 0.1941 -0.8252
vn -0.5307 0.1888 -0.8263
vn -0.4386 -0.5001 -0.7467
vn -0.4374 -0.4920 -0.7527
vn -0.5013 -0.1493 -0.8523
vn -0.5035 -0.1291 -0.8543
vn -0.4994 -0.1226 -0.8576
vn 0.2677 0.4790 -0.8360
vn 0.2654 0.4798 -0.8363
vn 0.3720 0.8620 0.3444
vn 0.3739 0.8607 0.3457
vn -0.4540 -0.4696 -0.7572
vn -0.4734 -0.4121 -0.7785
vn -0.4902 -0.3516 -0.7975
vn -0.5037 -0.2901 -0.8137
vn -0.5013 -0.3020 -0.8109
vn -0.5112 -0.2338 -0.8270
vn -0.5170 -0.1787 -0.8371
vn 0.4861 -0.8441 0.2263
vn 0.4799 -0.8422 0.2459
vn -0.5173 -0.1758 -0.8376
vn -0.5138 -0.0659 -0.8554
vn -0.5124 -0.0699 -0.8559
vn -0.5120 -0.0582 -0.8570
vn -0.5220 -0.0623 -0.8507
vn -0.4869 -0.0583 -0.8715
vn -0.4622 -0.0770 -0.8834
vn -0.5131 -0.0703 -0.8555
vn -0.5132 -0.0701 -0.8554
vn -0.5134 -0.0694 -0.8553
vn -0.4915 -0.0180 -0.8707
vn -0.4964 -0.0231 -0.8678
vn 0.6519 -0.3215 0.6868
vn 0.6369 -0.3812 0.6701
vn -0.5170 0.0553 -0.8542
vn -0.5178 0.0635 -0.8532
vn -0.5192 -0.0616 -0.8524
vn -0.5191 -0.0642 -0.8523
vn -0.5189 0.0708 -0.8519
vn -0.5186 0.0800 -0.8513
vn -0.5088 0.0082 -0.8609
vn -0.5116 0.0128 -0.8591
vn -0.5052 -0.0058 -0.8630
vn -0.5189 -0.0001 -0.8548
vn -0.5199 -0.0008 -0.8542
vn -0.5175 0.0025 -0.8557
vn -0.5161 0.0538 -0.8548
vn -0.5158 0.0540 -0.8550
vn -0.5190 -0.0000 -0.8548
vn -0.5190 0.0184 -0.8546
vn -0.2987 -0.0269 -0.9540
vn -0.2939 -0.0267 -0.9555
vn -0.5207 0.0219 -0.8534
vn -0.5208 0.0195 -0.8535
vn -0.5199 0.0420 -0.8532
vn -0.5189 0.1499 -0.8416
vn -0.5177 0.1050 -0.8491
vn -0.5184 0.1529 -0.8413
vn -0.5112 0.1692 -0.8427
vn -0.5169 0.1801 -0.8369
vn -0.5170 0.1783 -0.8372
vn -0.5167 0.1810 -0.8368
vn -0.5175 0.1098 -0.8486
vn -0.5176 0.1717 -0.8382
vn -0.5112 0.2338 -0.8271
vn -0.5172 0.2481 -0.8191
vn -0.5148 0.2583 -0.8175
vn -0.5399 0.2691 -0.7975
vn -0.6027 0.0522 -0.7962
vn -0.5946 0.0798 -0.8001
vn -0.4972 0.4038 -0.7679
vn -0.7710 0.3289 -0.5453
vn -0.4879 0.0190 -0.8727
vn -0.4909 0.0241 -0.8709
vn 0.2234 0.9682 -0.1127
vn 0.2247 0.9659 -0.1285
vn -0.7971 0.0304 -0.6031
vn -0.4518 0.0619 -0.8900
vn -0.4432 0.0544 -0.8948
vn -0.5011 -0.0000 0.8654
vn -0.5390 0.8413 0.0419
vn -0.7820 0.1963 -0.5916
vn -0.4058 0.9070 0.1128
vn -0.4036 0.9078 0.1138
vn -0.3478 0.9333 0.0899
vn -0.0684 0.9902 -0.1217
vn -0.0598 0.9927 -0.1048
vn -0.0834 0.9850 -0.1510
vn -0.1407 0.9562 -0.2568
vn -0.2213 0.8897 -0.3994
vn 0.6183 0.3696 0.6936
vn 0.6202 0.3561 0.6989
vn 0.6759 0.1157 -0.7279
vn 0.0452 -0.0923 -0.9947
vn 0.0543 -0.0918 -0.9943
vn 0.5215 0.0094 -0.8532
vn 0.7638 0.1919 -0.6163
vn 0.7570 0.1585 -0.6339
vn 0.7535 0.1506 -0.6400
vn 0.7423 0.1371 -0.6559
vn 0.5185 0.0108 -0.8550
vn 0.5327 -0.0000 -0.8463
vn 0.5326 -0.0000 -0.8463
vn -0.0929 0.0654 -0.9935
vn -0.1210 0.0520 -0.9913
vn -0.3345 -0.8992 0.2821
vn -0.3427 -0.9012 0.2652
vn 0.3965 0.8953 -0.2033
vn 0.7558 0.4688 -0.4572
vn 0.7672 -0.4681 -0.4385
vn 0.7571 -0.4832 -0.4397
vn 0.7191 0.4917 0.4911
vn 0.7168 0.5144 0.4708
vn -0.5921 -0.0079 -0.8059
vn -0.6040 -0.0195 -0.7968
vn 0.5248 -0.4552 -0.7192
vn -0.1026 -0.3104 -0.9451
vn -0.0950 -0.3094 -0.9462
vn 0.6423 -0.1712 -0.7471
vn 0.6190 -0.2095 -0.7569
vn -0.5221 0.0628 -0.8506
vn -0.5205 0.0618 -0.8516
vn 0.6239 -0.2342 -0.7456
vn 0.6140 -0.2657 -0.7432
vn 0.5186 -0.0108 -0.8550
vn 0.5215 -0.0095 -0.8532
vn 0.6283 0.3056 0.7154
vn 0.6318 0.2658 0.7281
vn 0.6085 -0.2845 -0.7408
vn 0.7577 -0.4461 -0.4764
vn 0.7556 -0.4561 -0.4701
vn 0.7116 -0.5502 -0.4370
vn 0.3480 0.9007 -0.2602
vn 0.3074 0.9264 -0.2173
vn 0.2587 -0.9534 -0.1553
vn 0.1568 -0.9817 -0.1083
vn 0.5792 -0.1340 0.8041
vn 0.6373 0.0213 0.7703
vn 0.6369 0.0153 0.7708
vn -0.2295 -0.8805 -0.4148
vn -0.2743 -0.8266 -0.4914
vn -0.2761 -0.8244 -0.4941
vn -0.6393 -0.7481 -0.1781
vn -0.6874 -0.6636 -0.2952
vn -0.7284 -0.5525 -0.4052
vn -0.2872 -0.5723 -0.7681
vn -0.3073 -0.6104 -0.7301
vn -0.4017 -0.6143 -0.6792
vn -0.4213 -0.5654 -0.7091
vn -0.4444 -0.4953 -0.7465
vn -0.4388 -0.4999 -0.7467
vn -0.4477 -0.4868 -0.7500
vn -0.5185 -0.1476 -0.8423
vn -0.5258 -0.1575 -0.8359
vn -0.4982 -0.1363 -0.8563
vn -0.5088 -0.1202 -0.8524
vn -0.5163 -0.1074 -0.8497
vn -0.4592 -0.4979 -0.7357
vn -0.3433 -0.0001 -0.9392
vn -0.5092 -0.3688 -0.7776
vn 0.5806 0.3365 -0.7414
vn 0.5585 0.3872 -0.7336
vn -0.5051 -0.2923 -0.8121
vn -0.5173 -0.2485 -0.8189
vn -0.5209 -0.2361 -0.8203
vn -0.5313 -0.1754 -0.8288
vn -0.5311 -0.1794 -0.8281
vn -0.5485 -0.2028 -0.8112
vn -0.5170 -0.1783 -0.8372
vn -0.5186 -0.1619 -0.8395
vn -0.5185 -0.1523 -0.8414
vn -0.5178 -0.0637 -0.8532
vn -0.5186 -0.0801 -0.8513
vn -0.5189 -0.0709 -0.8519
vn 0.6650 -0.2591 0.7005
vn 0.6581 -0.3141 0.6843
vn -0.5161 -0.0540 -0.8548
vn 0.4014 -0.0000 -0.9159
vn 0.4013 -0.0000 -0.9159
vn -0.5177 -0.1052 -0.8491
vn -0.4943 -0.0191 -0.8691
vn -0.5200 -0.0224 -0.8539
vn -0.5212 -0.0213 -0.8532
vn -0.5190 -0.0185 -0.8546
vn -0.5194 0.0543 -0.8528
vn 0.5606 -0.6924 0.4542
vn 0.5382 -0.6870 0.4882
vn 0.3288 0.8753 0.3548
vn 0.3112 0.8858 0.3443
vn 0.4402 0.8702 -0.2213
vn 0.4327 0.8784 -0.2031
vn -0.5211 -0.0019 -0.8535
vn 0.4002 0.0091 -0.9164
vn 0.4034 0.0089 -0.9150
vn -0.5209 0.0201 -0.8534
vn -0.5307 0.0174 -0.8474
vn -0.5214 0.0196 -0.8531
vn -0.5184 0.1496 -0.8419
vn -0.5187 0.1617 -0.8395
vn -0.5624 0.1561 -0.8120
vn -0.5314 0.1790 -0.8280
vn -0.4701 -0.0767 -0.8793
vn -0.4635 -0.0857 -0.8820
vn -0.5431 0.1963 -0.8164
vn -0.5558 0.2154 -0.8029
vn -0.5593 0.2071 -0.8027
vn -0.7820 0.1954 -0.5919
vn -0.0637 0.9909 -0.1189
vn -0.0638 0.9917 -0.1117
vn -0.0639 0.9912 -0.1161
vn -0.0638 0.9912 -0.1158
vn -0.7870 0.1094 -0.6071
vn -0.7929 0.0493 -0.6073
vn 0.0069 -0.5113 -0.8594
vn 0.0042 -0.5176 -0.8556
vn 0.7613 0.4831 -0.4325
vn 0.7582 0.4687 -0.4534
vn 0.1431 0.9791 0.1444
vn 0.1396 0.9800 0.1421
vn -0.9635 -0.0000 0.2679
vn -0.8669 -0.0000 0.4985
vn 0.5761 -0.7255 -0.3764
vn 0.6093 -0.6827 -0.4032
vn -0.3993 0.9087 0.1220
vn -0.0531 0.9986 0.0077
vn -0.1032 0.9946 0.0139
vn -0.2755 0.9592 0.0634
vn -0.2934 0.9535 0.0693
vn -0.2377 0.3566 -0.9035
vn -0.2370 0.3485 -0.9069
vn -0.0343 0.9991 0.0237
vn -0.0450 0.9989 0.0132
vn -0.0527 0.9986 0.0079
vn -0.0620 0.9922 -0.1078
vn -0.3841 0.1730 -0.9069
vn -0.4060 0.1502 -0.9014
vn 0.6169 -0.0000 -0.7870
vn 0.6168 -0.0000 -0.7871
vn 0.6907 0.0519 -0.7213
vn 0.6907 0.0523 -0.7212
vn 0.6888 0.0305 -0.7243
vn 0.6885 0.0294 -0.7246
vn 0.6772 -0.0000 -0.7358
vn 0.7059 0.0766 -0.7041
vn 0.5849 -0.1749 0.7920
vn 0.5838 -0.1788 0.7919
vn 0.8179 -0.5148 -0.2570
vn 0.8163 -0.5087 -0.2737
vn 0.7032 0.0666 -0.7078
vn 0.4231 0.7855 0.4516
vn 0.4007 0.8039 0.4396
vn -0.1197 0.5508 -0.8260
vn -0.1248 0.5433 -0.8302
vn 0.9828 -0.1843 -0.0141
vn 0.9816 -0.1896 -0.0225
vn 0.0326 0.0189 -0.9993
vn 0.0407 0.0214 -0.9989
vn 0.2114 -0.9702 0.1187
vn 0.2913 -0.9288 0.2291
vn 0.4430 -0.8402 0.3127
vn 0.4200 -0.7891 0.4483
vn 0.9789 0.0563 -0.1966
vn 0.9825 0.0636 -0.1752
vn 0.6796 -0.1058 -0.7260
vn 0.7316 -0.1209 -0.6709
vn 0.7536 -0.1488 -0.6403
vn 0.7582 -0.1602 -0.6321
vn 0.7631 -0.2009 -0.6143
vn 0.7631 -0.2037 -0.6133
vn 0.7763 -0.3162 -0.5453
vn 0.7782 -0.3290 -0.5350
vn 0.7594 -0.4412 -0.4782
vn -0.0989 0.1576 -0.9825
vn -0.0758 0.1326 -0.9883
vn 0.6885 -0.0295 -0.7246
vn 0.6888 -0.0306 -0.7243
vn 0.6907 -0.0522 -0.7212
vn 0.7558 -0.4688 -0.4571
vn 0.1225 0.0892 -0.9885
vn 0.1159 0.0897 -0.9892
vn 0.7306 -0.5409 -0.4166
vn 0.4402 -0.8702 -0.2212
vn -0.5658 0.1496 -0.8109
vn -0.5851 0.1158 -0.8026
vn 0.2327 -0.1707 -0.9574
vn 0.2024 -0.1272 -0.9710
vn 0.2182 0.9550 -0.2007
vn 0.1958 0.9612 -0.1943
vn 0.0668 0.7107 -0.7004
vn 0.0422 0.7221 -0.6905
vn 0.1378 -0.9904 0.0131
vn -0.2571 0.0275 -0.9660
vn -0.2504 0.0273 -0.9678
vn -0.1365 -0.9589 -0.2489
vn -0.0692 -0.9899 -0.1234
vn -0.3570 -0.9294 0.0941
vn -0.4032 -0.9080 0.1140
vn -0.4058 -0.9070 0.1128
vn -0.5389 -0.8413 0.0419
vn -0.0979 -0.9792 -0.1779
vn -0.0694 -0.9899 -0.1238
vn -0.7971 -0.0286 -0.6031
vn -0.7829 -0.1903 -0.5923
vn -0.7748 -0.2917 -0.5608
vn -0.7574 -0.4249 -0.4957
vn -0.4514 -0.5134 -0.7299
vn -0.5184 -0.1477 -0.8423
vn -0.5174 -0.0955 -0.8504
vn -0.5180 -0.1162 -0.8474
vn -0.7831 -0.1778 -0.5959
vn 0.5602 -0.3318 0.7590
vn 0.5480 -0.3696 0.7504
vn -0.5454 -0.2444 -0.8017
vn -0.5626 -0.1560 -0.8119
vn -0.5658 -0.1497 -0.8109
vn -0.5194 -0.0544 -0.8528
vn 0.4041 -0.3874 -0.8286
vn 0.4562 -0.3818 -0.8038
vn -0.5199 -0.0421 -0.8532
vn -0.5208 -0.0197 -0.8535
vn -0.2756 0.8240 -0.4950
vn -0.2649 0.8393 -0.4747
vn -0.5589 0.1860 -0.8081
vn -0.5307 -0.0176 -0.8474
vn 0.6357 -0.2135 0.7418
vn 0.6343 -0.2434 0.7338
vn -0.0400 0.9969 -0.0673
vn -0.0376 0.9974 -0.0616
vn -0.1402 0.8188 -0.5567
vn -0.1440 0.8308 -0.5376
vn -0.0579 0.9936 -0.0965
vn -0.0536 0.9948 -0.0871
vn -0.0533 0.9948 -0.0865
vn -0.0517 0.9952 -0.0831
vn -0.0425 0.9967 -0.0694
vn -0.7949 -0.0370 -0.6056
vn -0.6027 -0.0392 -0.7970
vn -0.7909 -0.0047 0.6119
vn -0.4023 -0.9082 0.1157
vn -0.3686 -0.9092 0.1937
vn 0.4891 -0.6788 0.5478
vn 0.4754 -0.7043 0.5272
vn 0.3370 -0.3992 -0.8527
vn 0.3448 -0.3770 -0.8596
vn 0.0853 0.9820 0.1683
vn 0.0849 0.9822 0.1676
vn 0.1215 0.9698 0.2114
vn -0.3486 -0.2157 -0.9121
vn -0.3734 -0.1843 -0.9092
vn 0.0475 0.9918 0.1189
vn -0.0631 0.9980 0.0026
vn -0.0348 0.9981 -0.0515
vn -0.0438 0.9966 -0.0702
vn -0.0680 0.9977 0.0026
vn -0.0688 0.9976 0.0027
vn -0.0686 0.9976 0.0026
vn -0.0652 0.9977 -0.0165
vn 0.0601 0.9949 0.0812
vn 0.0556 0.9961 0.0692
vn 0.0502 0.9969 0.0601
vn -0.0037 1.0000 -0.0082
vn -0.0186 0.9995 -0.0255
vn -0.0288 0.9988 -0.0389
vn 0.0784 0.9776 -0.1952
vn 0.0661 0.9788 -0.1941
vn 0.6287 -0.0716 0.7743
vn 0.6230 -0.1062 0.7750
vn 0.6904 0.0518 -0.7215
vn 0.7105 -0.0451 -0.7023
vn 0.8413 -0.5114 -0.1753
vn 0.8412 -0.5085 -0.1839
vn 0.7049 -0.0729 -0.7055
vn 0.7032 -0.0666 -0.7078
vn 0.7652 -0.1701 -0.6209
vn 0.8453 -0.3573 -0.3971
vn 0.8374 -0.3459 -0.4233
vn 0.7381 0.2920 0.6082
vn 0.7593 0.2858 0.5846
vn 0.5855 0.1750 0.7916
vn 0.5854 0.1689 0.7930
vn -0.0147 0.9873 -0.1583
vn -0.0158 0.9872 -0.1584
vn -0.5111 -0.0314 -0.8589
vn -0.5071 -0.0364 -0.8611
vn 0.0726 0.4997 -0.8631
vn 0.0227 0.4988 -0.8664
vn -0.5205 0.3505 -0.7786
vn -0.5237 0.3281 -0.7862
vn 0.0447 -0.9983 -0.0383
vn 0.0314 -0.9986 -0.0429
vn 0.0106 -0.9994 -0.0335
vn -0.0637 -0.9912 -0.1156
vn -0.0637 -0.9913 -0.1154
vn -0.0626 -0.9906 -0.1217
vn -0.0375 -0.9963 -0.0779
vn -0.0690 -0.9900 -0.1230
vn -0.0646 -0.9911 -0.1167
vn -0.3229 -0.9430 0.0806
vn -0.2855 -0.9561 0.0664
vn -0.0953 -0.9954 0.0114
vn -0.0547 -0.9985 0.0064
vn -0.0544 -0.9985 0.0065
vn -0.0443 -0.9989 0.0137
vn -0.0341 -0.9991 0.0237
vn -0.0028 0.9984 0.0567
vn 0.0147 0.9965 0.0825
vn -0.7876 -0.0959 -0.6086
vn 0.5347 0.7878 -0.3058
vn 0.5107 0.8042 -0.3039
vn -0.4975 0.1802 -0.8485
vn -0.4992 0.1709 -0.8495
vn 0.6383 -0.1221 0.7600
vn 0.6382 -0.1203 0.7604
vn -0.0517 0.9952 -0.0830
vn -0.0493 0.9957 -0.0788
vn 0.6203 0.1093 0.7767
vn 0.6213 0.1063 0.7763
vn -0.4765 -0.0001 -0.8792
vn -0.4764 -0.0001 -0.8792
vn 0.0476 -0.9918 0.1190
vn 0.3817 0.3801 -0.8425
vn 0.3676 0.3780 -0.8497
vn 0.1216 -0.9698 0.2116
vn 0.0856 -0.9821 0.1677
vn 0.0758 -0.9847 0.1570
vn -0.2667 0.8466 0.4605
vn -0.2859 0.8695 0.4028
vn -0.2663 -0.8471 0.4598
vn -0.2950 -0.8772 0.3789
vn 0.1304 0.9780 0.1628
vn 0.1230 0.9808 0.1510
vn 0.1095 0.9844 0.1374
vn 0.6887 -0.0700 -0.7217
vn 0.6887 -0.0701 -0.7216
vn 0.9272 -0.3556 -0.1175
vn 0.9273 -0.3527 -0.1255
vn 0.7935 0.3460 0.5007
vn 0.8089 0.3407 0.4792
vn 0.9971 0.0455 -0.0613
vn 0.9977 0.0585 -0.0337
vn 0.6663 -0.7316 0.1443
vn 0.6673 -0.7315 0.1399
vn 0.2751 -0.6124 -0.7411
vn 0.2854 -0.6043 -0.7439
vn 0.5535 0.8119 0.1856
vn 0.5525 0.8130 0.1840
vn 0.4425 -0.8472 0.2942
vn 0.4371 -0.8614 0.2587
vn 0.3294 -0.9227 0.2004
vn -0.5215 0.0171 -0.8531
vn -0.5211 0.0018 -0.8535
vn 0.3039 -0.9243 -0.2310
vn 0.3560 -0.9010 -0.2481
vn 0.4755 0.8534 0.2135
vn 0.4728 0.8492 0.2351
vn -0.0379 -0.9974 -0.0620
vn -0.0399 -0.9969 -0.0672
vn -0.0434 -0.9966 -0.0707
vn -0.0518 -0.9952 -0.0831
vn -0.0536 -0.9948 -0.0870
vn -0.0608 -0.9928 -0.1028
vn -0.0686 -0.9976 0.0028
vn -0.0660 -0.9978 0.0028
vn -0.0622 -0.9981 0.0036
vn -0.0688 -0.9976 0.0028
vn -0.0423 -0.9967 -0.0698
vn -0.0362 -0.9978 -0.0546
vn -0.0283 -0.9989 -0.0382
vn -0.0186 -0.9995 -0.0254
vn -0.0036 -1.0000 -0.0080
vn 0.0088 -0.9997 0.0210
vn 0.0502 -0.9969 0.0602
vn 0.0556 -0.9960 0.0693
vn -0.4310 -0.1228 -0.8940
vn -0.4223 -0.1317 -0.8968
vn 0.5252 0.3464 -0.7773
vn 0.5145 0.3601 -0.7782
vn 0.4050 -0.8919 -0.2015
vn 0.4322 -0.8789 -0.2018
vn 0.2226 0.9360 0.2725
vn -0.4411 -0.4717 -0.7635
vn -0.4765 -0.3295 -0.8151
vn 0.1940 0.9516 -0.2383
vn 0.1788 0.9570 -0.2286
vn -0.2563 -0.8384 0.4810
vn -0.2146 -0.7824 0.5847
vn -0.1805 -0.7087 0.6820
vn -0.1549 -0.6190 0.7700
vn -0.1399 -0.5162 0.8450
vn -0.1368 -0.4079 0.9027
vn -0.1459 -0.3001 0.9427
vn -0.1660 -0.1997 0.9657
vn -0.1949 -0.1101 0.9746
vn -0.2305 -0.0331 0.9725
vn 0.5193 -0.0000 -0.8546
vn 0.1704 0.9460 0.2758
vn 0.1601 0.9523 0.2599
vn -0.2780 -0.7580 -0.5900
vn -0.2732 -0.7607 -0.5888
vn 0.1096 -0.9844 0.1376
vn 0.1230 -0.9808 0.1512
vn 0.1304 -0.9780 0.1629
vn 0.1345 -0.9752 0.1755
vn 0.1847 -0.9533 0.2390
vn -0.1955 0.1090 0.9746
vn -0.1695 0.1886 0.9673
vn -0.1502 0.2748 0.9497
vn -0.1386 0.3737 0.9171
vn -0.1376 0.4793 0.8668
vn -0.1481 0.5805 0.8007
vn -0.1689 0.6735 0.7196
vn -0.2010 0.7570 0.6217
vn -0.2428 0.8232 0.5131
vn -0.2302 0.0336 0.9726
vn -0.2513 -0.0000 0.9679
vn 0.2919 0.8572 0.4242
vn 0.6217 -0.7783 -0.0884
vn 0.6248 -0.7746 -0.0984
vn 0.8680 -0.1344 0.4780
vn 0.8711 -0.1321 0.4729
vn 0.7489 0.0266 0.6621
vn 0.7421 0.0321 0.6695
vn 0.8712 0.4485 0.1999
vn 0.8743 0.4462 0.1912
vn 0.4027 -0.9153 -0.0079
vn 0.4007 -0.9162 0.0056
vn -0.4669 -0.0783 -0.8809
vn -0.4667 -0.0826 -0.8806
vn 0.7527 0.0455 -0.6568
vn 0.7541 0.0471 -0.6551
vn 0.7395 -0.6031 -0.2991
vn 0.7417 -0.5905 -0.3182
vn 0.5796 0.7876 -0.2092
vn 0.5742 0.7909 -0.2119
vn 0.9720 -0.1769 0.1543
vn 0.9741 -0.1733 0.1454
vn 0.8422 0.4013 0.3600
vn 0.8510 0.3972 0.3435
vn 0.2648 -0.9632 -0.0467
vn 0.2642 -0.9631 -0.0518
vn 0.6486 -0.6445 -0.4050
vn 0.6940 -0.5703 -0.4394
vn 0.4037 -0.0108 -0.9148
vn 0.4378 -0.0066 -0.8991
vn 0.0303 0.9834 -0.1787
vn 0.0264 0.9834 -0.1793
vn 0.0681 -0.9964 0.0511
vn 0.0504 -0.9969 0.0606
vn -0.0478 -0.9960 -0.0759
vn -0.0365 -0.9976 -0.0581
vn -0.0514 -0.9953 -0.0823
vn 0.5694 -0.3640 -0.7371
vn 0.6008 -0.2971 -0.7422
vn -0.2221 -0.7503 -0.6227
vn -0.1834 -0.7587 -0.6250
vn 0.5823 -0.2697 -0.7669
vn 0.5711 -0.2953 -0.7659
vn 0.4116 -0.7102 0.5712
vn 0.0682 0.4331 -0.8988
vn 0.1187 0.4307 -0.8947
vn -0.1074 -0.0001 -0.9942
vn -0.1073 -0.0001 -0.9942
vn 0.4634 -0.6193 0.6339
vn 0.3855 -0.9063 0.1731
vn 0.3810 -0.9130 0.1458
vn 0.5075 -0.8608 -0.0391
vn 0.5078 -0.8605 -0.0402
vn -0.4093 -0.1473 -0.9004
vn -0.3843 -0.1733 -0.9068
vn 0.7753 0.1931 0.6014
vn 0.7790 0.2026 0.5934
vn 0.9050 -0.3616 -0.2243
vn 0.9038 -0.3574 -0.2353
vn 0.2064 0.9459 0.2505
vn 0.1916 0.9521 0.2385
vn 0.2226 -0.9360 0.2726
vn 0.0908 0.0183 -0.9957
vn 0.0879 0.0178 -0.9960
vn 0.6883 0.0732 -0.7217
vn 0.6893 0.0702 -0.7211
vn -0.4929 -0.0001 -0.8701
vn -0.4930 -0.0001 -0.8701
vn 0.4603 0.6246 0.6309
vn 0.2096 -0.8296 -0.5176
vn 0.1887 -0.8188 -0.5422
vn 0.4777 0.0360 -0.8778
vn 0.4975 0.0557 -0.8657
vn 0.5978 0.0398 0.8006
vn 0.5960 0.0304 0.8024
vn 0.9111 -0.1875 -0.3672
vn 0.9062 -0.1926 -0.3765
vn 0.1851 0.9648 -0.1870
vn 0.1435 0.9740 -0.1752
vn 0.7501 -0.6613 -0.0068
vn 0.7518 -0.6591 -0.0176
vn 0.4650 0.8715 -0.1559
vn 0.4633 0.8747 -0.1422
vn 0.9140 0.0544 -0.4022
vn 0.9187 0.0590 -0.3905
vn 0.9447 -0.1903 -0.2672
vn 0.9415 -0.1947 -0.2751
vn 0.7603 -0.6412 0.1041
vn 0.7623 -0.6400 0.0965
vn 0.6058 -0.2127 0.7667
vn 0.5986 -0.2425 0.7635
vn 0.8081 -0.5874 -0.0433
vn 0.8091 -0.5856 -0.0497
vn 0.8198 0.5683 0.0707
vn 0.8205 0.5671 0.0723
vn 0.9521 0.0509 -0.3014
vn 0.9557 0.0568 -0.2889
vn -0.2329 -0.3344 -0.9132
vn -0.2327 -0.3351 -0.9130
vn 0.3732 -0.8608 0.3461
vn 0.4474 -0.7722 0.4510
vn 0.3597 0.5759 -0.7341
vn 0.3564 0.5761 -0.7356
vn 0.5364 -0.4270 0.7280
vn 0.5178 -0.4748 0.7116
vn 0.2472 -0.2996 -0.9215
vn 0.2482 -0.3050 -0.9194
vn 0.4837 0.7029 0.5215
vn 0.4994 0.6865 0.5285
vn 0.5173 0.6529 0.5533
vn 0.5131 0.6663 0.5411
vn 0.4408 0.7731 0.4561
vn 0.4281 0.7843 0.4489
vn 0.4703 -0.6072 0.6404
vn 0.3750 -0.9065 0.1941
vn 0.3529 -0.8722 0.3388
vn 0.1019 -0.9820 -0.1593
vn 0.1091 -0.9809 -0.1613
vn 0.5567 -0.3937 0.7315
vn 0.6049 0.1133 0.7882
vn 0.6062 0.1093 0.7878
vn 0.5983 0.1748 0.7820
vn 0.6000 0.1701 0.7817
vn 0.6244 0.0381 0.7802
vn 0.6251 0.0370 0.7797
vn -0.3814 0.5961 -0.7065
vn -0.3822 0.5946 -0.7073
vn 0.6525 -0.7565 0.0436
vn 0.6540 -0.7557 0.0329
vn 0.5567 0.3938 0.7315
vn 0.5457 -0.4267 0.7212
vn 0.5453 -0.4283 0.7206
vn 0.5098 -0.5223 0.6836
vn 0.5058 -0.5304 0.6803
vn 0.4703 0.6073 0.6403
vn 0.7464 0.5556 0.3663
vn 0.7435 0.5672 0.3543
vn 0.8147 -0.3463 -0.4651
vn 0.8001 -0.3294 -0.5013
vn 0.6288 0.0369 0.7767
vn 0.6335 0.0153 0.7736
vn 0.8398 0.2340 0.4899
vn 0.8417 0.2409 0.4833
vn 0.8753 0.4813 0.0473
vn 0.8756 0.4809 0.0459
vn 0.9315 -0.1577 0.3279
vn 0.9346 -0.1545 0.3204
vn 0.6811 0.6836 -0.2623
vn 0.6775 0.6864 -0.2641
vn 0.6587 0.1452 -0.7383
vn 0.6458 0.1686 -0.7446
vn 0.5057 0.5305 0.6803
vn 0.5098 0.5224 0.6836
vn 0.1785 -0.9569 -0.2292
vn 0.1767 -0.9575 -0.2279
vn 0.4478 -0.7710 0.4529
vn 0.5171 -0.6648 0.5391
vn 0.5132 -0.6662 0.5412
vn 0.4994 -0.6864 0.5286
vn 0.5174 -0.6527 0.5534
vn 0.5487 0.5947 0.5876
vn 0.5350 0.6248 0.5687
vn 0.5506 0.5909 0.5897
vn 0.5580 0.5763 0.5971
vn 0.7165 0.3548 0.6006
vn 0.7201 0.3841 0.5779
vn 0.5350 -0.6247 0.5688
vn 0.5488 -0.5946 0.5877
vn 0.5506 -0.5908 0.5897
vn 0.5611 -0.5455 0.6225
vn 0.5768 -0.5255 0.6254
vn 0.5911 -0.4838 0.6454
vn 0.3505 0.7899 0.5033
vn 0.3206 0.8295 0.4574
vn 0.6044 -0.4346 0.6677
vn -0.2404 -0.3691 -0.8978
vn -0.2346 -0.3510 -0.9065
vn 0.4276 -0.5385 -0.7261
vn 0.4763 -0.4879 -0.7315
vn 0.5968 -0.2533 0.7613
vn 0.5986 0.2426 0.7635
vn 0.6058 0.2129 0.7666
vn 0.6121 0.1701 0.7723
vn 0.6131 0.1654 0.7725
vn 0.6178 -0.1414 0.7736
vn 0.5876 0.2474 0.7704
vn 0.5895 0.2427 0.7704
vn 0.6093 0.0398 0.7919
vn 0.6104 0.0380 0.7912
vn 0.6177 0.1415 0.7735
vn -0.5215 -0.0172 -0.8531
vn -0.5207 -0.0213 -0.8535
vn 0.9398 -0.3413 0.0154
vn 0.9405 -0.3397 0.0109
vn 0.5968 0.2534 0.7613
vn 0.5764 -0.3272 0.7488
vn 0.5732 -0.3422 0.7445
vn 0.6202 -0.3560 0.6990
vn 0.6183 -0.3694 0.6937
vn 0.6043 0.4351 0.6675
vn -0.4535 -0.0971 -0.8860
vn -0.4627 -0.0854 -0.8824
vn 0.5893 0.4899 0.6424
vn 0.5769 0.5255 0.6254
vn -0.3294 0.0270 -0.9438
vn -0.3192 0.0266 -0.9473
vn -0.0929 -0.7305 -0.6766
vn -0.1083 -0.7452 -0.6579
vn 0.9489 -0.0440 0.3126
vn 0.9473 -0.0401 0.3179
vn 0.8619 -0.5012 -0.0764
vn 0.8623 -0.5000 -0.0805
vn 0.0669 -0.0001 -0.9978
vn 0.0667 -0.0001 -0.9978
vn 0.0038 0.5149 -0.8572
vn 0.0051 0.5118 -0.8591
vn 0.5546 -0.6133 0.5624
vn 0.5578 -0.6013 0.5721
vn 0.5580 -0.5762 0.5972
vn 0.5723 0.5390 0.6181
vn 0.5906 0.4889 0.6420
vn 0.4065 -0.6715 -0.6195
vn 0.4415 -0.5847 -0.6806
vn 0.5726 -0.5380 0.6186
vn 0.5840 -0.5752 0.5728
vn 0.7608 0.4181 0.4964
vn 0.7608 0.4405 0.4766
vn 0.5940 -0.4814 0.6445
vn 0.6014 -0.4645 0.6500
vn 0.6092 0.4510 0.6523
vn 0.6098 0.4464 0.6549
vn 0.6338 -0.3840 0.6714
vn -0.4926 -0.1118 -0.8630
vn -0.4855 -0.1045 -0.8680
vn 0.2802 -0.2516 -0.9264
vn 0.2725 -0.2366 -0.9326
vn 0.6342 0.2435 0.7338
vn 0.6357 0.2137 0.7417
vn 0.2616 0.9341 0.2428
vn 0.2550 0.9371 0.2385
vn -0.0268 0.9961 -0.0836
vn -0.0204 0.9950 -0.0977
vn 0.6226 -0.1205 0.7732
vn 0.6230 0.1063 0.7750
vn 0.6287 0.0718 0.7743
vn 0.6294 -0.0439 0.7758
vn 0.8265 -0.1805 -0.5331
vn 0.8172 -0.1721 -0.5500
vn 0.6335 -0.0151 0.7736
vn 0.6288 -0.0368 0.7767
vn 0.6294 0.0440 0.7758
vn 0.7605 0.6077 0.2289
vn 0.7599 0.6089 0.2275
vn 0.6226 0.1207 0.7732
vn 0.6383 0.1223 0.7600
vn 0.6381 -0.1688 0.7513
vn 0.6379 -0.1809 0.7485
vn 0.7362 0.5405 -0.4073
vn 0.7238 0.5921 -0.3542
vn 0.6318 -0.2657 0.7282
vn 0.6284 -0.3055 0.7154
vn 0.6106 -0.1995 -0.7664
vn 0.6131 -0.1807 -0.7690
vn 0.6024 0.4622 0.6507
vn 0.6359 0.1955 -0.7466
vn 0.6267 0.2332 -0.7436
vn 0.0131 -0.9997 -0.0226
vn 0.0674 -0.9966 0.0484
vn -0.5609 -0.1784 -0.8084
vn -0.5616 -0.1884 -0.8057
vn -0.4520 -0.0619 -0.8899
vn -0.4552 -0.0657 -0.8879
vn 0.8828 -0.0471 0.4674
vn 0.8817 -0.0456 0.4697
vn 0.9696 -0.1896 -0.1548
vn 0.9674 -0.1943 -0.1627
vn 0.5894 -0.0000 -0.8079
vn 0.5891 -0.0000 -0.8080
vn 0.6383 0.0666 0.7669
vn 0.6375 0.0443 0.7692
vn 0.6382 -0.0722 0.7665
vn 0.7219 -0.6771 -0.1430
vn 0.7240 -0.6733 -0.1500
vn 0.6370 -0.0152 0.7708
vn 0.6373 -0.0212 0.7703
vn -0.5186 -0.1523 -0.8413
vn -0.5154 -0.1687 -0.8402
vn -0.1448 0.2481 -0.9579
vn -0.1526 0.2459 -0.9572
vn 0.1232 0.9701 -0.2092
vn 0.1136 0.9716 -0.2076
vn -0.4429 0.4711 -0.7628
vn -0.4339 0.5053 -0.7459
vn 0.8663 0.0461 -0.4974
vn 0.8736 0.0531 -0.4837
vn -0.4667 0.0824 -0.8806
vn -0.4669 0.0781 -0.8809
vn 0.6737 0.6923 0.2586
vn 0.6712 0.6968 0.2528
vn 0.6131 -0.1653 0.7725
vn 0.6121 -0.1699 0.7723
vn 0.8767 -0.3622 -0.3165
vn 0.8732 -0.3553 -0.3336
vn -0.1567 0.2287 -0.9608
vn -0.1232 0.1864 -0.9747
vn 0.6834 0.0221 0.7297
vn 0.6796 0.0252 0.7331
s 0
f 1//1 2//1 3//1
f 4//2 5//2 6//2
f 4//3 6//3 7//3
f 8//4 9//4 10//4
f 10//5 9//5 11//5
f 10//6 11//6 12//6
f 12//7 13//7 10//7
f 14//8 15//8 10//8
f 15//9 16//9 10//9
f 10//10 16//10 17//10
f 10//11 17//11 18//11
f 19//12 20//12 21//12
f 22//13 23//13 24//13
f 25//14 26//14 27//14
f 28//15 29//15 30//15
f 30//16 29//16 31//16
f 30//17 31//17 32//17
f 31//18 33//18 32//18
f 31//19 34//19 35//19
f 31//20 35//20 33//20
f 33//21 35//21 36//21
f 37//22 38//22 39//22
f 39//23 38//23 40//23
f 39//24 40//24 41//24
f 41//25 40//25 42//25
f 41//26 42//26 43//26
f 43//27 42//27 44//27
f 43//28 44//28 45//28
f 46//29 47//29 48//29
f 49//30 50//30 51//30
f 52//31 53//31 54//31
f 54//32 53//32 55//32
f 56//33 57//33 58//33
f 57//34 56//34 59//34
f 59//35 56//35 60//35
f 59//36 60//36 61//36
f 62//37 63//37 64//37
f 64//38 63//38 65//38
f 64//39 65//39 66//39
f 66//40 65//40 67//40
f 66//41 67//41 68//41
f 68//42 67//42 69//42
f 68//43 69//43 70//43
f 70//44 69//44 71//44
f 70//45 71//45 72//45
f 72//46 71//46 73//46
f 72//47 73//47 74//47
f 74//48 73//48 75//48
f 74//49 75//49 76//49
f 76//50 75//50 77//50
f 76//51 77//51 78//51
f 78//52 77//52 79//52
f 78//53 79//53 80//53
f 81//54 82//54 83//54
f 84//55 85//55 86//55
f 87//56 88//56 89//56
f 87//57 89//57 90//57
f 91//58 92//58 93//58
f 93//59 92//59 94//59
f 93//60 94//60 95//60
f 96//61 95//61 94//61
f 97//62 52//62 98//62
f 98//63 52//63 54//63
f 50//64 81//64 51//64
f 51//65 81//65 83//65
f 99//66 100//66 101//66
f 99//67 101//67 102//67
f 102//68 101//68 103//68
f 104//69 105//69 106//69
f 106//70 105//70 107//70
f 106//71 107//71 108//71
f 108//72 107//72 109//72
f 108//73 109//73 110//73
f 110//74 109//74 111//74
f 110//75 111//75 112//75
f 112//76 111//76 113//76
f 114//77 115//77 116//77
f 116//78 115//78 117//78
f 116//79 117//79 118//79
f 118//80 117//80 119//80
f 118//81 119//81 120//81
f 120//82 119//82 121//82
f 120//83 121//83 122//83
f 122//84 121//84 96//84
f 123//85 89//85 48//85
f 48//86 89//86 88//86
f 48//87 88//87 46//87
f 46//88 88//88 124//88
f 47//89 49//89 48//89
f 48//90 49//90 51//90
f 48//91 51//91 123//91
f 123//92 51//92 99//92
f 122//93 104//93 120//93
f 120//94 104//94 106//94
f 120//95 106//95 118//95
f 118//96 106//96 108//96
f 118//97 108//97 116//97
f 116//98 108//98 110//98
f 116//99 110//99 114//99
f 114//100 110//100 112//100
f 98//101 125//101 97//101
f 97//102 125//102 126//102
f 97//103 126//103 127//103
f 127//104 126//104 128//104
f 127//105 128//105 129//105
f 129//106 128//106 130//106
f 129//107 130//107 131//107
f 131//108 130//108 132//108
f 131//109 132//109 133//109
f 133//110 132//110 134//110
f 97//111 56//111 52//111
f 52//112 56//112 58//112
f 52//113 58//113 53//113
f 125//114 135//114 126//114
f 126//115 135//115 113//115
f 126//116 113//116 128//116
f 128//117 113//117 111//117
f 128//118 111//118 130//118
f 130//119 111//119 109//119
f 130//120 109//120 132//120
f 132//121 109//121 107//121
f 132//122 107//122 134//122
f 134//123 107//123 105//123
f 134//124 105//124 136//124
f 136//125 105//125 137//125
f 138//126 100//126 139//126
f 139//127 100//127 83//127
f 139//128 83//128 140//128
f 141//129 142//129 143//129
f 55//130 53//130 144//130
f 66//131 145//131 64//131
f 64//132 145//132 146//132
f 64//133 146//133 62//133
f 62//134 146//134 147//134
f 62//135 147//135 148//135
f 148//136 147//136 149//136
f 148//137 149//137 61//137
f 61//138 149//138 59//138
f 59//139 149//139 150//139
f 59//140 150//140 57//140
f 151//141 152//141 153//141
f 151//142 153//142 154//142
f 154//143 153//143 155//143
f 154//144 155//144 156//144
f 156//145 155//145 157//145
f 156//146 157//146 158//146
f 158//147 157//147 159//147
f 158//148 159//148 160//148
f 161//149 162//149 163//149
f 163//150 162//150 164//150
f 163//151 164//151 165//151
f 166//152 167//152 168//152
f 169//153 170//153 171//153
f 171//154 170//154 172//154
f 171//155 172//155 173//155
f 173//156 172//156 174//156
f 174//157 172//157 175//157
f 174//158 175//158 176//158
f 175//159 177//159 176//159
f 178//160 179//160 180//160
f 181//161 182//161 183//161
f 183//162 182//162 184//162
f 185//163 141//163 186//163
f 186//164 141//164 143//164
f 187//165 188//165 184//165
f 184//166 188//166 189//166
f 184//167 189//167 183//167
f 159//168 190//168 162//168
f 162//169 190//169 191//169
f 162//170 191//170 164//170
f 164//171 191//171 192//171
f 164//172 192//172 193//172
f 193//173 192//173 194//173
f 195//174 185//174 196//174
f 196//175 185//175 186//175
f 190//176 197//176 191//176
f 191//177 197//177 187//177
f 191//178 187//178 192//178
f 192//179 187//179 184//179
f 192//180 184//180 194//180
f 194//181 184//181 182//181
f 198//182 199//182 200//182
f 200//183 199//183 201//183
f 200//184 201//184 202//184
f 202//185 201//185 203//185
f 202//186 203//186 204//186
f 204//187 203//187 205//187
f 204//188 205//188 206//188
f 206//189 205//189 207//189
f 206//190 207//190 208//190
f 208//191 207//191 209//191
f 210//192 211//192 150//192
f 210//193 150//193 212//193
f 212//194 150//194 149//194
f 212//195 149//195 213//195
f 213//196 149//196 147//196
f 213//197 147//197 208//197
f 208//198 147//198 146//198
f 208//199 146//199 206//199
f 206//200 146//200 145//200
f 206//201 145//201 204//201
f 204//202 145//202 214//202
f 204//203 214//203 202//203
f 202//204 214//204 215//204
f 202//205 215//205 200//205
f 200//206 215//206 216//206
f 200//207 216//207 198//207
f 198//208 216//208 217//208
f 175//209 182//209 181//209
f 175//210 181//210 218//210
f 218//211 181//211 219//211
f 218//212 219//212 220//212
f 220//213 219//213 221//213
f 220//214 221//214 180//214
f 180//215 221//215 222//215
f 180//216 222//216 178//216
f 188//217 205//217 189//217
f 189//218 205//218 203//218
f 189//219 203//219 183//219
f 183//220 203//220 201//220
f 183//221 201//221 181//221
f 181//222 201//222 199//222
f 181//223 199//223 219//223
f 219//224 199//224 198//224
f 219//225 198//225 221//225
f 221//226 198//226 217//226
f 221//227 217//227 222//227
f 80//228 223//228 224//228
f 225//229 226//229 177//229
f 177//230 226//230 227//230
f 177//231 227//231 176//231
f 176//232 227//232 228//232
f 176//233 228//233 174//233
f 45//234 229//234 230//234
f 230//235 229//235 231//235
f 226//236 232//236 233//236
f 226//237 233//237 227//237
f 227//238 233//238 37//238
f 227//239 37//239 228//239
f 228//240 37//240 39//240
f 228//241 39//241 234//241
f 234//242 39//242 41//242
f 234//243 41//243 235//243
f 236//244 45//244 230//244
f 237//245 30//245 32//245
f 237//246 32//246 238//246
f 238//247 32//247 239//247
f 238//248 239//248 240//248
f 241//249 49//249 47//249
f 241//250 47//250 242//250
f 242//251 47//251 46//251
f 242//252 46//252 240//252
f 240//253 46//253 124//253
f 240//254 124//254 238//254
f 238//255 124//255 85//255
f 238//256 85//256 237//256
f 28//257 243//257 244//257
f 245//258 246//258 247//258
f 247//259 246//259 248//259
f 247//260 248//260 249//260
f 249//261 248//261 250//261
f 249//262 250//262 251//262
f 251//263 250//263 252//263
f 251//264 252//264 253//264
f 252//265 254//265 253//265
f 255//266 256//266 257//266
f 256//267 258//267 257//267
f 257//268 258//268 259//268
f 260//269 261//269 262//269
f 28//270 244//270 29//270
f 34//271 255//271 257//271
f 263//272 246//272 245//272
f 264//273 265//273 266//273
f 267//274 268//274 269//274
f 269//275 270//275 271//275
f 269//276 271//276 267//276
f 272//277 273//277 274//277
f 275//278 276//278 277//278
f 275//279 277//279 278//279
f 279//280 280//280 277//280
f 276//281 281//281 277//281
f 277//282 282//282 279//282
f 282//283 283//283 284//283
f 284//284 283//284 285//284
f 286//285 278//285 287//285
f 284//286 288//286 282//286
f 280//287 279//287 289//287
f 283//288 290//288 285//288
f 291//289 292//289 293//289
f 293//290 294//290 291//290
f 295//291 296//291 297//291
f 295//292 297//292 298//292
f 298//293 299//293 300//293
f 298//294 300//294 295//294
f 301//295 302//295 303//295
f 304//296 305//296 306//296
f 307//297 308//297 309//297
f 307//298 310//298 308//298
f 307//299 311//299 312//299
f 307//300 313//300 311//300
f 314//301 315//301 316//301
f 314//302 317//302 318//302
f 318//303 319//303 320//303
f 321//304 322//304 323//304
f 322//305 320//305 323//305
f 323//306 309//306 324//306
f 324//307 309//307 308//307
f 324//308 308//308 325//308
f 325//309 308//309 310//309
f 325//310 310//310 326//310
f 327//311 328//311 329//311
f 330//312 331//312 332//312
f 333//313 334//313 332//313
f 335//314 336//314 337//314
f 338//315 339//315 340//315
f 341//316 342//316 343//316
f 344//317 343//317 345//317
f 344//318 345//318 346//318
f 346//319 345//319 347//319
f 348//320 271//320 270//320
f 349//321 350//321 351//321
f 349//322 352//322 353//322
f 353//323 354//323 349//323
f 349//324 355//324 352//324
f 351//325 356//325 349//325
f 349//326 356//326 357//326
f 349//327 357//327 358//327
f 358//328 359//328 349//328
f 349//329 359//329 360//329
f 361//330 350//330 362//330
f 363//331 362//331 354//331
f 364//332 351//332 350//332
f 354//333 365//333 363//333
f 362//334 363//334 361//334
f 350//335 361//335 364//335
f 366//336 353//336 367//336
f 367//337 353//337 352//337
f 358//338 368//338 359//338
f 360//339 369//339 370//339
f 360//340 370//340 371//340
f 371//341 370//341 372//341
f 371//342 372//342 373//342
f 373//343 374//343 355//343
f 355//344 374//344 375//344
f 376//345 377//345 378//345
f 379//346 380//346 381//346
f 381//347 380//347 382//347
f 381//348 382//348 383//348
f 379//349 384//349 380//349
f 385//350 386//350 387//350
f 388//351 389//351 390//351
f 390//352 387//352 391//352
f 391//353 387//353 392//353
f 393//354 388//354 390//354
f 393//355 390//355 394//355
f 395//356 396//356 397//356
f 395//357 397//357 398//357
f 399//358 400//358 401//358
f 401//359 400//359 402//359
f 403//360 404//360 405//360
f 406//361 407//361 408//361
f 409//362 410//362 411//362
f 411//363 410//363 412//363
f 413//364 414//364 415//364
f 415//365 414//365 416//365
f 415//366 416//366 412//366
f 412//367 416//367 417//367
f 412//368 417//368 411//368
f 418//369 419//369 413//369
f 418//370 420//370 419//370
f 413//371 415//371 418//371
f 421//372 422//372 423//372
f 424//373 425//373 426//373
f 426//374 425//374 427//374
f 421//375 423//375 425//375
f 428//376 429//376 430//376
f 431//377 432//377 433//377
f 431//378 433//378 427//378
f 427//379 433//379 434//379
f 427//380 434//380 426//380
f 424//381 426//381 435//381
f 436//382 422//382 421//382
f 437//383 421//383 438//383
f 439//384 437//384 438//384
f 435//385 440//385 424//385
f 441//386 442//386 443//386
f 444//387 445//387 446//387
f 444//388 446//388 447//388
f 447//389 446//389 448//389
f 447//390 448//390 449//390
f 450//391 441//391 443//391
f 451//392 452//392 453//392
f 454//393 453//393 455//393
f 456//394 457//394 458//394
f 459//395 460//395 453//395
f 453//396 460//396 461//396
f 462//397 459//397 463//397
f 463//398 459//398 453//398
f 464//399 465//399 466//399
f 467//400 453//400 452//400
f 452//401 451//401 468//401
f 469//402 470//402 454//402
f 469//403 454//403 471//403
f 472//404 464//404 466//404
f 472//405 466//405 473//405
f 474//406 475//406 476//406
f 477//407 478//407 474//407
f 479//408 480//408 481//408
f 482//409 483//409 481//409
f 481//410 483//410 484//410
f 481//411 484//411 479//411
f 485//412 486//412 487//412
f 485//413 487//413 488//413
f 489//414 490//414 491//414
f 491//415 490//415 492//415
f 484//416 493//416 494//416
f 482//417 495//417 496//417
f 497//418 498//418 479//418
f 484//419 483//419 493//419
f 493//420 483//420 499//420
f 500//421 501//421 502//421
f 503//422 504//422 505//422
f 506//423 503//423 507//423
f 508//424 509//424 510//424
f 509//425 511//425 510//425
f 512//426 513//426 514//426
f 515//427 516//427 517//427
f 515//428 517//428 518//428
f 519//429 520//429 514//429
f 514//430 520//430 515//430
f 514//431 515//431 512//431
f 512//432 515//432 518//432
f 521//433 522//433 523//433
f 524//434 525//434 526//434
f 527//435 528//435 529//435
f 530//436 531//436 532//436
f 532//437 531//437 533//437
f 532//438 533//438 534//438
f 535//439 536//439 537//439
f 537//440 536//440 538//440
f 537//441 538//441 530//441
f 530//442 538//442 539//442
f 530//443 539//443 531//443
f 537//444 540//444 535//444
f 529//445 541//445 527//445
f 542//446 543//446 544//446
f 545//447 532//447 546//447
f 546//448 532//448 534//448
f 546//449 534//449 547//449
f 547//450 231//450 229//450
f 548//451 542//451 544//451
f 548//452 544//452 549//452
f 550//453 551//453 552//453
f 552//454 551//454 553//454
f 550//455 544//455 543//455
f 550//456 543//456 551//456
f 554//457 536//457 535//457
f 554//458 535//458 540//458
f 538//459 555//459 539//459
f 167//460 230//460 556//460
f 556//461 230//461 557//461
f 556//462 557//462 558//462
f 559//463 554//463 560//463
f 561//464 562//464 563//464
f 561//465 563//465 564//465
f 564//466 563//466 565//466
f 564//467 565//467 566//467
f 562//468 561//468 567//468
f 567//469 561//469 550//469
f 567//470 550//470 568//470
f 552//471 569//471 570//471
f 550//472 571//472 568//472
f 565//473 563//473 572//473
f 562//474 567//474 573//474
f 568//475 571//475 574//475
f 575//476 576//476 577//476
f 578//477 579//477 580//477
f 580//478 579//478 581//478
f 580//479 581//479 582//479
f 582//480 581//480 583//480
f 582//481 583//481 576//481
f 584//482 585//482 578//482
f 578//483 585//483 586//483
f 578//484 586//484 579//484
f 587//485 588//485 589//485
f 590//486 591//486 592//486
f 593//487 592//487 594//487
f 593//488 594//488 595//488
f 596//489 559//489 560//489
f 596//490 560//490 566//490
f 167//491 556//491 168//491
f 168//492 556//492 597//492
f 598//493 599//493 600//493
f 600//494 599//494 597//494
f 600//495 597//495 601//495
f 601//496 597//496 556//496
f 601//497 556//497 558//497
f 602//498 161//498 163//498
f 602//499 163//499 598//499
f 598//500 163//500 165//500
f 598//501 165//501 599//501
f 156//502 158//502 603//502
f 603//503 158//503 160//503
f 603//504 604//504 156//504
f 156//505 604//505 605//505
f 156//506 605//506 154//506
f 154//507 605//507 606//507
f 154//508 606//508 151//508
f 595//509 585//509 607//509
f 607//510 585//510 584//510
f 589//511 608//511 609//511
f 563//512 562//512 572//512
f 572//513 562//513 573//513
f 572//514 573//514 610//514
f 610//515 573//515 611//515
f 610//516 611//516 612//516
f 612//517 611//517 613//517
f 612//518 613//518 614//518
f 614//519 613//519 615//519
f 616//520 617//520 618//520
f 618//521 617//521 619//521
f 558//522 620//522 601//522
f 601//523 596//523 600//523
f 600//524 596//524 621//524
f 600//525 621//525 598//525
f 598//526 621//526 622//526
f 598//527 622//527 602//527
f 602//528 622//528 623//528
f 602//529 623//529 603//529
f 603//530 623//530 624//530
f 603//531 624//531 604//531
f 604//532 624//532 625//532
f 604//533 625//533 605//533
f 605//534 625//534 626//534
f 605//535 626//535 606//535
f 566//536 565//536 596//536
f 596//537 565//537 572//537
f 596//538 572//538 621//538
f 621//539 572//539 610//539
f 621//540 610//540 622//540
f 622//541 610//541 612//541
f 622//542 612//542 623//542
f 623//543 612//543 614//543
f 623//544 614//544 624//544
f 624//545 614//545 616//545
f 624//546 616//546 625//546
f 625//547 616//547 618//547
f 625//548 618//548 626//548
f 626//549 618//549 627//549
f 571//550 570//550 574//550
f 574//551 570//551 609//551
f 574//552 609//552 628//552
f 628//553 609//553 608//553
f 567//554 568//554 573//554
f 573//555 568//555 574//555
f 573//556 574//556 611//556
f 611//557 574//557 628//557
f 629//558 630//558 631//558
f 95//559 632//559 93//559
f 93//560 632//560 633//560
f 93//561 633//561 91//561
f 87//562 634//562 86//562
f 86//563 634//563 635//563
f 86//564 635//564 84//564
f 636//565 637//565 634//565
f 638//566 639//566 640//566
f 638//567 640//567 641//567
f 642//568 643//568 644//568
f 645//569 646//569 647//569
f 648//570 649//570 650//570
f 644//571 651//571 642//571
f 642//572 651//572 652//572
f 642//573 652//573 653//573
f 654//574 655//574 656//574
f 657//575 658//575 659//575
f 660//576 636//576 661//576
f 661//577 636//577 634//577
f 630//578 662//578 631//578
f 631//579 662//579 661//579
f 663//580 664//580 665//580
f 665//581 664//581 666//581
f 665//582 666//582 651//582
f 651//583 666//583 667//583
f 651//584 667//584 652//584
f 652//585 667//585 668//585
f 652//586 668//586 655//586
f 655//587 668//587 669//587
f 655//588 669//588 646//588
f 649//589 670//589 650//589
f 664//590 671//590 666//590
f 666//591 671//591 672//591
f 666//592 672//592 667//592
f 667//593 672//593 673//593
f 667//594 673//594 668//594
f 668//595 673//595 674//595
f 668//596 674//596 669//596
f 669//597 674//597 675//597
f 636//598 676//598 677//598
f 678//599 679//599 680//599
f 681//600 682//600 683//600
f 683//601 682//601 670//601
f 630//602 629//602 684//602
f 684//603 629//603 658//603
f 684//604 658//604 681//604
f 681//605 658//605 657//605
f 681//606 657//606 682//606
f 677//607 637//607 636//607
f 258//608 685//608 259//608
f 254//609 262//609 677//609
f 635//610 685//610 243//610
f 635//611 243//611 84//611
f 253//612 676//612 251//612
f 251//613 676//613 686//613
f 251//614 686//614 249//614
f 249//615 686//615 684//615
f 249//616 684//616 247//616
f 247//617 684//617 681//617
f 247//618 681//618 245//618
f 683//619 687//619 688//619
f 689//620 690//620 691//620
f 689//621 691//621 692//621
f 692//622 691//622 693//622
f 692//623 693//623 694//623
f 695//624 693//624 696//624
f 696//625 693//625 691//625
f 696//626 691//626 697//626
f 697//627 691//627 690//627
f 697//628 690//628 698//628
f 698//629 690//629 699//629
f 698//630 699//630 700//630
f 700//631 699//631 701//631
f 700//632 701//632 702//632
f 702//633 701//633 703//633
f 704//634 695//634 705//634
f 705//635 695//635 696//635
f 705//636 696//636 706//636
f 706//637 696//637 697//637
f 707//638 708//638 709//638
f 707//639 709//639 710//639
f 710//640 709//640 711//640
f 710//641 711//641 712//641
f 712//642 711//642 713//642
f 712//643 713//643 714//643
f 714//644 713//644 715//644
f 714//645 715//645 716//645
f 717//646 718//646 719//646
f 720//647 721//647 722//647
f 720//647 722//647 723//647
f 724//648 725//648 726//648
f 724//649 726//649 302//649
f 38//650 418//650 415//650
f 38//651 415//651 40//651
f 726//652 727//652 728//652
f 727//652 729//652 728//652
f 729//653 730//653 728//653
f 90//654 731//654 634//654
f 90//655 634//655 87//655
f 732//656 504//656 733//656
f 504//657 501//657 733//657
f 501//658 500//658 733//658
f 385//659 734//659 725//659
f 385//660 725//660 724//660
f 735//661 213//661 208//661
f 735//662 208//662 209//662
f 301//663 724//663 302//663
f 530//664 5//664 736//664
f 530//665 736//665 537//665
f 725//666 727//666 726//666
f 725//667 737//667 727//667
f 737//668 738//668 727//668
f 738//669 739//669 727//669
f 739//670 740//670 729//670
f 739//671 729//671 727//671
f 740//672 741//672 729//672
f 741//673 730//673 729//673
f 741//674 742//674 730//674
f 742//675 498//675 730//675
f 498//676 457//676 730//676
f 457//677 456//677 461//677
f 456//678 455//678 461//678
f 455//679 453//679 461//679
f 404//680 403//680 375//680
f 404//681 375//681 374//681
f 211//682 210//682 743//682
f 211//683 743//683 144//683
f 744//684 745//684 303//684
f 744//685 303//685 746//685
f 502//686 501//686 504//686
f 353//687 366//687 365//687
f 353//688 365//688 354//688
f 718//689 747//689 748//689
f 718//690 748//690 719//690
f 745//691 301//691 303//691
f 745//692 724//692 301//692
f 745//693 749//693 724//693
f 460//694 732//694 733//694
f 460//695 733//695 461//695
f 548//696 541//696 529//696
f 548//697 529//697 750//697
f 734//698 296//698 725//698
f 296//699 737//699 725//699
f 296//700 738//700 737//700
f 296//701 291//701 738//701
f 291//702 739//702 738//702
f 291//703 751//703 739//703
f 751//704 752//704 739//704
f 752//705 753//705 740//705
f 752//705 740//705 739//705
f 753//706 754//706 740//706
f 754//707 480//707 740//707
f 480//708 741//708 740//708
f 42//709 755//709 756//709
f 42//710 756//710 44//710
f 757//711 613//711 611//711
f 757//712 611//712 628//712
f 480//713 479//713 498//713
f 297//714 758//714 389//714
f 297//715 389//715 298//715
f 494//716 455//716 456//716
f 310//717 328//717 327//717
f 310//718 327//718 326//718
f 40//719 415//719 412//719
f 40//720 412//720 42//720
f 454//721 470//721 453//721
f 470//722 451//722 453//722
f 180//723 759//723 760//723
f 180//724 760//724 220//724
f 462//725 503//725 505//725
f 761//726 762//726 763//726
f 761//727 763//727 764//727
f 506//728 765//728 503//728
f 506//729 766//729 765//729
f 766//730 767//730 765//730
f 768//731 769//731 746//731
f 769//732 305//732 746//732
f 305//733 744//733 746//733
f 744//734 770//734 745//734
f 770//735 771//735 745//735
f 196//736 186//736 772//736
f 196//737 772//737 773//737
f 771//738 387//738 386//738
f 489//739 495//739 482//739
f 489//740 482//740 490//740
f 389//741 734//741 385//741
f 389//742 758//742 734//742
f 497//743 458//743 457//743
f 497//744 457//744 498//744
f 295//745 291//745 296//745
f 295//746 292//746 291//746
f 294//747 774//747 291//747
f 774//748 751//748 291//748
f 774//749 775//749 754//749
f 774//750 754//750 751//750
f 776//751 777//751 778//751
f 776//752 778//752 779//752
f 775//753 480//753 754//753
f 775//754 780//754 480//754
f 780//755 481//755 480//755
f 484//756 494//756 479//756
f 494//757 497//757 479//757
f 493//758 499//758 781//758
f 499//759 471//759 781//759
f 465//760 782//760 463//760
f 782//761 783//761 463//761
f 363//762 784//762 771//762
f 363//763 771//763 361//763
f 785//764 786//764 787//764
f 785//765 787//765 788//765
f 789//766 467//766 452//766
f 790//767 383//767 382//767
f 790//768 382//768 791//768
f 792//769 577//769 710//769
f 792//770 710//770 712//770
f 466//771 465//771 467//771
f 464//772 472//772 465//772
f 474//773 476//773 789//773
f 474//774 789//774 793//774
f 758//775 297//775 296//775
f 758//776 296//776 734//776
f 794//777 506//777 507//777
f 795//778 796//778 506//778
f 796//779 766//779 506//779
f 794//780 795//780 506//780
f 769//781 768//781 767//781
f 769//782 767//782 766//782
f 796//783 797//783 766//783
f 797//784 769//784 766//784
f 306//785 305//785 769//785
f 797//786 306//786 769//786
f 798//787 744//787 305//787
f 304//788 361//788 305//788
f 361//789 798//789 305//789
f 771//790 770//790 744//790
f 794//791 507//791 503//791
f 794//792 503//792 462//792
f 799//793 617//793 615//793
f 799//794 615//794 800//794
f 784//795 801//795 771//795
f 801//796 387//796 771//796
f 801//797 396//797 387//797
f 396//798 392//798 387//798
f 802//799 143//799 142//799
f 802//800 142//800 803//800
f 388//801 298//801 389//801
f 314//802 316//802 273//802
f 314//803 273//803 804//803
f 300//804 805//804 295//804
f 805//805 293//805 295//805
f 293//806 292//806 295//806
f 806//807 807//807 808//807
f 806//808 808//808 809//808
f 281//809 810//809 293//809
f 810//810 14//810 293//810
f 14//811 811//811 293//811
f 811//812 774//812 293//812
f 774//813 294//813 293//813
f 811//814 14//814 774//814
f 14//815 13//815 775//815
f 14//815 775//815 774//815
f 13//816 812//816 775//816
f 812//817 780//817 775//817
f 14//818 810//818 281//818
f 14//819 281//819 15//819
f 701//820 699//820 813//820
f 701//821 813//821 814//821
f 812//822 13//822 780//822
f 282//823 277//823 805//823
f 282//824 805//824 283//824
f 815//825 816//825 817//825
f 815//826 817//826 818//826
f 819//827 820//827 391//827
f 819//828 391//828 392//828
f 483//829 496//829 499//829
f 4//830 468//830 469//830
f 821//831 4//831 469//831
f 482//832 496//832 483//832
f 750//833 529//833 528//833
f 750//834 528//834 822//834
f 823//835 824//835 825//835
f 823//836 825//836 826//836
f 827//837 828//837 794//837
f 828//838 796//838 794//838
f 796//839 795//839 794//839
f 4//840 7//840 468//840
f 7//841 477//841 468//841
f 829//842 830//842 631//842
f 829//843 631//843 661//843
f 303//844 502//844 765//844
f 303//845 765//845 746//845
f 831//846 722//846 832//846
f 831//847 832//847 833//847
f 473//848 411//848 472//848
f 411//849 434//849 472//849
f 434//850 433//850 472//850
f 828//851 834//851 796//851
f 834//852 835//852 796//852
f 835//853 797//853 796//853
f 835//854 836//854 797//854
f 836//855 837//855 797//855
f 837//856 306//856 797//856
f 837//857 364//857 306//857
f 364//858 361//858 306//858
f 361//859 304//859 306//859
f 566//860 560//860 554//860
f 566//861 554//861 564//861
f 838//862 839//862 801//862
f 839//863 396//863 801//863
f 365//864 838//864 801//864
f 839//865 397//865 396//865
f 840//866 841//866 842//866
f 840//867 842//867 843//867
f 469//868 468//868 451//868
f 469//869 451//869 470//869
f 387//870 390//870 389//870
f 387//871 389//871 385//871
f 267//872 271//872 820//872
f 271//873 394//873 820//873
f 798//874 361//874 771//874
f 798//875 771//875 744//875
f 290//876 844//876 394//876
f 844//877 393//877 394//877
f 844//878 388//878 393//878
f 844//879 299//879 388//879
f 299//880 298//880 388//880
f 299//881 845//881 300//881
f 845//882 805//882 300//882
f 845//883 283//883 805//883
f 846//884 779//884 847//884
f 846//885 847//885 848//885
f 16//886 15//886 281//886
f 849//887 382//887 384//887
f 849//888 384//888 850//888
f 9//889 487//889 486//889
f 9//890 486//890 11//890
f 10//891 13//891 14//891
f 12//892 11//892 486//892
f 635//893 637//893 677//893
f 635//894 677//894 685//894
f 488//895 851//895 485//895
f 851//896 492//896 485//896
f 492//897 490//897 485//897
f 407//898 406//898 852//898
f 407//899 852//899 372//899
f 495//900 517//900 496//900
f 517//901 853//901 496//901
f 517//902 516//902 853//902
f 854//903 827//903 794//903
f 854//904 794//904 783//904
f 515//905 520//905 821//905
f 520//906 519//906 821//906
f 519//907 855//907 821//907
f 683//908 688//908 245//908
f 683//909 245//909 681//909
f 822//910 736//910 821//910
f 822//911 821//911 855//911
f 427//912 425//912 431//912
f 425//913 827//913 431//913
f 827//914 854//914 431//914
f 425//915 428//915 827//915
f 428//916 828//916 827//916
f 428//917 835//917 828//917
f 835//918 834//918 828//918
f 117//919 115//919 856//919
f 117//920 856//920 857//920
f 478//921 475//921 474//921
f 410//922 409//922 473//922
f 409//923 411//923 473//923
f 858//924 410//924 476//924
f 475//925 858//925 476//925
f 20//926 275//926 278//926
f 20//927 278//927 21//927
f 859//928 435//928 434//928
f 435//929 426//929 434//929
f 428//930 860//930 835//930
f 860//931 861//931 836//931
f 860//932 836//932 835//932
f 861//933 351//933 836//933
f 351//934 364//934 836//934
f 364//935 837//935 836//935
f 349//936 354//936 350//936
f 354//937 362//937 350//937
f 365//938 839//938 838//938
f 862//939 41//939 43//939
f 862//940 43//940 236//940
f 659//941 658//941 629//941
f 659//942 629//942 631//942
f 242//943 240//943 239//943
f 242//944 239//944 863//944
f 794//945 462//945 463//945
f 794//946 463//946 783//946
f 864//947 865//947 395//947
f 114//948 866//948 815//948
f 114//949 815//949 115//949
f 867//950 819//950 395//950
f 868//951 869//951 819//951
f 243//952 28//952 30//952
f 243//953 30//953 237//953
f 870//954 776//954 779//954
f 870//955 779//955 846//955
f 348//956 324//956 271//956
f 324//957 285//957 290//957
f 283//958 844//958 290//958
f 283//959 845//959 844//959
f 845//960 299//960 844//960
f 280//961 278//961 277//961
f 630//962 684//962 686//962
f 630//963 686//963 662//963
f 18//964 8//964 10//964
f 18//965 17//965 276//965
f 18//966 276//966 275//966
f 871//967 450//967 872//967
f 871//968 872//968 873//968
f 8//969 22//969 488//969
f 874//970 875//970 851//970
f 875//971 492//971 851//971
f 24//972 23//972 851//972
f 23//973 876//973 851//973
f 877//974 878//974 278//974
f 877//975 278//975 286//975
f 875//976 879//976 492//976
f 879//977 880//977 492//977
f 153//978 773//978 881//978
f 153//979 881//979 155//979
f 882//980 883//980 884//980
f 882//981 884//981 1//981
f 489//982 517//982 495//982
f 537//983 736//983 822//983
f 537//984 822//984 528//984
f 885//985 517//985 489//985
f 885//986 886//986 517//986
f 886//987 518//987 517//987
f 431//988 854//988 783//988
f 431//989 783//989 432//989
f 887//990 888//990 519//990
f 888//991 822//991 519//991
f 822//992 855//992 519//992
f 889//993 872//993 440//993
f 889//994 440//994 420//994
f 876//995 890//995 874//995
f 876//996 874//996 851//996
f 664//997 891//997 659//997
f 664//998 659//998 671//998
f 892//999 790//999 791//999
f 892//1000 791//1000 893//1000
f 748//1001 894//1001 895//1001
f 748//1002 895//1002 719//1002
f 532//1003 545//1003 6//1003
f 545//1004 478//1004 6//1004
f 429//1005 428//1005 425//1005
f 424//1006 896//1006 425//1006
f 896//1007 421//1007 425//1007
f 423//1008 429//1008 425//1008
f 430//1009 860//1009 428//1009
f 545//1010 475//1010 478//1010
f 545//1011 546//1011 475//1011
f 546//1012 858//1012 475//1012
f 546//1013 756//1013 410//1013
f 546//1014 410//1014 858//1014
f 897//1015 846//1015 848//1015
f 897//1016 848//1016 898//1016
f 755//1017 42//1017 412//1017
f 264//1018 899//1018 900//1018
f 264//1019 900//1019 901//1019
f 416//1020 435//1020 417//1020
f 435//1021 859//1021 417//1021
f 414//1022 413//1022 435//1022
f 395//1023 819//1023 392//1023
f 395//1024 392//1024 396//1024
f 416//1025 414//1025 435//1025
f 430//1026 429//1026 860//1026
f 429//1027 902//1027 860//1027
f 746//1028 765//1028 767//1028
f 746//1028 767//1028 768//1028
f 903//1029 356//1029 861//1029
f 356//1030 351//1030 861//1030
f 360//1031 355//1031 349//1031
f 867//1032 904//1032 868//1032
f 867//1033 868//1033 819//1033
f 366//1034 367//1034 905//1034
f 367//1035 400//1035 905//1035
f 399//1036 906//1036 398//1036
f 399//1037 35//1037 906//1037
f 210//1038 802//1038 803//1038
f 210//1039 803//1039 743//1039
f 34//1040 865//1040 864//1040
f 34//1041 904//1041 865//1041
f 34//1042 907//1042 904//1042
f 907//1043 868//1043 904//1043
f 907//1044 268//1044 868//1044
f 490//1045 482//1045 481//1045
f 490//1046 481//1046 485//1046
f 907//1047 257//1047 268//1047
f 165//1048 164//1048 193//1048
f 165//1049 193//1049 599//1049
f 908//1050 270//1050 269//1050
f 908//1051 909//1051 270//1051
f 909//1052 322//1052 270//1052
f 322//1053 321//1053 270//1053
f 321//1054 323//1054 270//1054
f 654//1055 910//1055 911//1055
f 654//1056 911//1056 653//1056
f 912//1057 324//1057 348//1057
f 325//1058 285//1058 324//1058
f 912//1059 323//1059 324//1059
f 325//1060 284//1060 285//1060
f 913//1061 643//1061 914//1061
f 913//1062 914//1062 915//1062
f 288//1063 279//1063 282//1063
f 73//1064 916//1064 917//1064
f 73//1065 917//1065 75//1065
f 583//1066 581//1066 918//1066
f 583//1067 918//1067 708//1067
f 289//1068 287//1068 280//1068
f 287//1069 278//1069 280//1069
f 19//1070 21//1070 278//1070
f 22//1071 24//1071 851//1071
f 22//1072 851//1072 488//1072
f 919//1073 885//1073 489//1073
f 919//1074 489//1074 491//1074
f 878//1075 19//1075 278//1075
f 20//1076 18//1076 275//1076
f 869//1077 267//1077 820//1077
f 869//1078 820//1078 819//1078
f 20//1079 19//1079 23//1079
f 20//1079 23//1079 22//1079
f 920//1080 875//1080 874//1080
f 254//1081 252//1081 260//1081
f 254//1082 260//1082 262//1082
f 920//1083 879//1083 875//1083
f 19//1084 921//1084 23//1084
f 921//1085 876//1085 23//1085
f 523//1086 522//1086 876//1086
f 863//1087 239//1087 922//1087
f 863//1088 922//1088 923//1088
f 924//1089 890//1089 876//1089
f 921//1090 523//1090 876//1090
f 920//1091 880//1091 879//1091
f 920//1092 925//1092 880//1092
f 925//1093 825//1093 926//1093
f 927//1094 928//1094 266//1094
f 927//1095 266//1095 901//1095
f 509//1096 919//1096 926//1096
f 509//1097 518//1097 919//1097
f 518//1098 886//1098 919//1098
f 886//1099 885//1099 919//1099
f 788//1100 787//1100 929//1100
f 788//1101 929//1101 335//1101
f 513//1102 512//1102 518//1102
f 513//1103 930//1103 514//1103
f 173//1104 174//1104 228//1104
f 173//1105 228//1105 234//1105
f 931//1106 884//1106 887//1106
f 884//1107 932//1107 887//1107
f 932//1108 888//1108 887//1108
f 585//1109 595//1109 747//1109
f 585//1110 747//1110 933//1110
f 934//1111 712//1111 714//1111
f 934//1112 714//1112 935//1112
f 883//1113 548//1113 750//1113
f 547//1114 534//1114 533//1114
f 547//1115 533//1115 231//1115
f 423//1116 936//1116 429//1116
f 937//1117 357//1117 356//1117
f 937//1118 356//1118 938//1118
f 939//1119 902//1119 429//1119
f 440//1120 896//1120 424//1120
f 440//1121 872//1121 896//1121
f 872//1122 438//1122 896//1122
f 438//1123 421//1123 896//1123
f 377//1124 369//1124 360//1124
f 377//1125 360//1125 378//1125
f 940//1126 941//1126 421//1126
f 941//1127 942//1127 421//1127
f 942//1128 436//1128 421//1128
f 422//1129 942//1129 423//1129
f 942//1130 943//1130 423//1130
f 943//1131 944//1131 423//1131
f 944//1132 945//1132 423//1132
f 50//1133 49//1133 241//1133
f 50//1134 241//1134 946//1134
f 906//1135 864//1135 395//1135
f 906//1136 395//1136 398//1136
f 947//1137 589//1137 609//1137
f 947//1138 609//1138 570//1138
f 763//1139 948//1139 924//1139
f 763//1140 924//1140 764//1140
f 420//1141 440//1141 419//1141
f 723//846 722//846 831//846
f 723//1142 831//1142 949//1142
f 230//1143 231//1143 533//1143
f 230//1144 533//1144 557//1144
f 331//1145 950//1145 337//1145
f 331//1146 337//1146 951//1146
f 938//1147 356//1147 903//1147
f 952//1148 953//1148 830//1148
f 952//1149 830//1149 829//1149
f 355//1150 375//1150 352//1150
f 375//1151 367//1151 352//1151
f 937//1152 358//1152 357//1152
f 466//1153 467//1153 789//1153
f 466//1154 789//1154 473//1154
f 368//1155 26//1155 359//1155
f 26//1156 25//1156 359//1156
f 25//1157 27//1157 359//1157
f 27//1158 954//1158 359//1158
f 954//1159 955//1159 359//1159
f 955//1160 360//1160 359//1160
f 373//1161 355//1161 360//1161
f 955//1162 954//1162 360//1162
f 954//1163 376//1163 360//1163
f 376//1164 378//1164 360//1164
f 465//1165 463//1165 453//1165
f 465//1166 453//1166 467//1166
f 371//1167 373//1167 360//1167
f 367//1168 956//1168 400//1168
f 956//1169 402//1169 400//1169
f 375//1170 956//1170 367//1170
f 119//1171 897//1171 898//1171
f 119//1172 898//1172 121//1172
f 31//1173 255//1173 34//1173
f 257//1174 907//1174 34//1174
f 433//1175 432//1175 465//1175
f 433//1176 465//1176 472//1176
f 121//1177 898//1177 95//1177
f 121//1178 95//1178 96//1178
f 903//1179 902//1179 939//1179
f 903//1180 939//1180 938//1180
f 511//1181 509//1181 926//1181
f 511//1182 926//1182 825//1182
f 957//1183 315//1183 322//1183
f 958//1184 939//1184 429//1184
f 958//1185 429//1185 936//1185
f 320//1186 319//1186 323//1186
f 319//1187 309//1187 323//1187
f 319//1188 317//1188 309//1188
f 317//1189 959//1189 309//1189
f 959//1190 313//1190 309//1190
f 313//1191 307//1191 309//1191
f 960//1192 287//1192 289//1192
f 904//1193 867//1193 395//1193
f 904//1194 395//1194 865//1194
f 81//1195 50//1195 946//1195
f 81//1196 946//1196 961//1196
f 105//1197 104//1197 962//1197
f 105//1198 962//1198 137//1198
f 877//1199 286//1199 287//1199
f 878//1200 963//1200 19//1200
f 963//1201 921//1201 19//1201
f 877//1202 336//1202 878//1202
f 336//1203 963//1203 878//1203
f 825//1204 925//1204 920//1204
f 486//1205 485//1205 481//1205
f 486//1206 481//1206 780//1206
f 924//1207 964//1207 890//1207
f 963//1208 523//1208 921//1208
f 963//1209 965//1209 521//1209
f 963//1210 521//1210 523//1210
f 643//1211 642//1211 966//1211
f 643//1212 966//1212 914//1212
f 967//1213 968//1213 969//1213
f 967//1214 969//1214 970//1214
f 971//1215 964//1215 924//1215
f 972//1216 764//1216 924//1216
f 932//1217 750//1217 822//1217
f 932//1218 822//1218 888//1218
f 584//1219 800//1219 757//1219
f 584//1220 757//1220 973//1220
f 948//1221 974//1221 924//1221
f 974//1222 971//1222 924//1222
f 824//1223 511//1223 825//1223
f 974//1224 975//1224 825//1224
f 975//1225 826//1225 825//1225
f 861//1226 860//1226 902//1226
f 861//1227 902//1227 903//1227
f 508//1228 976//1228 509//1228
f 976//1229 977//1229 513//1229
f 977//1230 978//1230 513//1230
f 978//1231 930//1231 513//1231
f 978//1232 979//1232 930//1232
f 979//1233 2//1233 931//1233
f 2//1234 884//1234 931//1234
f 2//1235 1//1235 884//1235
f 980//1236 981//1236 982//1236
f 980//1236 982//1236 983//1236
f 821//1237 469//1237 471//1237
f 821//1238 471//1238 853//1238
f 676//1239 253//1239 254//1239
f 676//1240 254//1240 677//1240
f 117//1241 857//1241 897//1241
f 117//1242 897//1242 119//1242
f 882//1243 984//1243 883//1243
f 984//1244 985//1244 883//1244
f 985//1245 986//1245 883//1245
f 986//1246 542//1246 883//1246
f 542//1247 548//1247 883//1247
f 549//1248 541//1248 548//1248
f 555//1249 531//1249 539//1249
f 987//1250 988//1250 989//1250
f 987//1251 989//1251 990//1251
f 243//1252 685//1252 256//1252
f 243//1253 256//1253 244//1253
f 976//1254 513//1254 518//1254
f 976//1255 518//1255 509//1255
f 302//1256 726//1256 728//1256
f 302//1256 728//1256 500//1256
f 439//1257 438//1257 872//1257
f 889//1258 873//1258 872//1258
f 641//1259 991//1259 992//1259
f 641//1260 992//1260 993//1260
f 450//1261 443//1261 872//1261
f 443//1262 439//1262 872//1262
f 942//1263 422//1263 436//1263
f 439//1264 442//1264 437//1264
f 442//1265 994//1265 437//1265
f 941//1266 940//1266 994//1266
f 442//1267 941//1267 994//1267
f 442//1268 995//1268 941//1268
f 995//1269 981//1269 941//1269
f 981//1270 942//1270 941//1270
f 981//1271 980//1271 954//1271
f 981//1271 954//1271 942//1271
f 954//1272 27//1272 943//1272
f 954//1273 943//1273 942//1273
f 27//1274 26//1274 945//1274
f 27//1275 945//1275 943//1275
f 945//1276 944//1276 943//1276
f 229//1277 45//1277 547//1277
f 45//1278 44//1278 547//1278
f 743//1279 803//1279 996//1279
f 743//1280 996//1280 997//1280
f 45//1281 236//1281 43//1281
f 862//1282 235//1282 41//1282
f 37//1283 418//1283 38//1283
f 937//1284 938//1284 939//1284
f 937//1284 939//1284 958//1284
f 233//1285 998//1285 420//1285
f 998//1286 889//1286 420//1286
f 998//1287 232//1287 889//1287
f 232//1288 873//1288 889//1288
f 155//1289 881//1289 999//1289
f 155//1290 999//1290 157//1290
f 403//1291 405//1291 375//1291
f 405//1292 1000//1292 375//1292
f 783//1293 782//1293 465//1293
f 783//1294 465//1294 432//1294
f 980//1295 376//1295 954//1295
f 372//1296 374//1296 373//1296
f 980//1297 850//1297 376//1297
f 850//1298 384//1298 376//1298
f 384//1299 377//1299 376//1299
f 384//1300 369//1300 377//1300
f 384//1301 370//1301 369//1301
f 384//1302 379//1302 370//1302
f 379//1303 372//1303 370//1303
f 372//1304 852//1304 374//1304
f 1001//1305 1002//1305 577//1305
f 1001//1306 577//1306 792//1306
f 1003//1307 1004//1307 374//1307
f 1004//1308 404//1308 374//1308
f 1000//1309 401//1309 402//1309
f 1000//1310 405//1310 401//1310
f 54//1311 1005//1311 1006//1311
f 54//1312 1006//1312 98//1312
f 33//1313 36//1313 401//1313
f 314//1314 320//1314 322//1314
f 314//1315 322//1315 315//1315
f 29//1316 255//1316 31//1316
f 1007//1317 1008//1317 1009//1317
f 1007//1318 1009//1318 785//1318
f 633//1319 952//1319 829//1319
f 633//1320 829//1320 731//1320
f 677//1321 262//1321 261//1321
f 1010//1322 792//1322 934//1322
f 1010//1323 934//1323 935//1323
f 671//1324 659//1324 830//1324
f 671//1325 830//1325 953//1325
f 685//1326 258//1326 256//1326
f 248//1327 957//1327 250//1327
f 496//1328 853//1328 471//1328
f 496//1329 471//1329 499//1329
f 274//1330 273//1330 957//1330
f 273//1331 315//1331 957//1331
f 273//1332 316//1332 315//1332
f 314//1333 318//1333 320//1333
f 318//1334 317//1334 319//1334
f 307//1335 1011//1335 310//1335
f 1011//1336 329//1336 310//1336
f 329//1337 328//1337 310//1337
f 312//1338 1011//1338 307//1338
f 44//1339 756//1339 546//1339
f 44//1340 546//1340 547//1340
f 1012//1341 338//1341 317//1341
f 338//1342 340//1342 317//1342
f 340//1343 959//1343 317//1343
f 340//1344 313//1344 959//1344
f 340//1345 339//1345 313//1345
f 339//1346 311//1346 313//1346
f 127//1347 60//1347 56//1347
f 127//1348 56//1348 97//1348
f 1011//1349 1013//1349 329//1349
f 803//1350 142//1350 1014//1350
f 803//1351 1014//1351 1015//1351
f 1016//1352 1017//1352 1018//1352
f 1017//1353 1019//1353 1018//1353
f 335//1354 963//1354 336//1354
f 1019//1355 337//1355 336//1355
f 335//1356 929//1356 963//1356
f 929//1357 965//1357 963//1357
f 971//1358 974//1358 964//1358
f 948//1359 763//1359 974//1359
f 763//1360 1020//1360 974//1360
f 1020//1361 842//1361 974//1361
f 842//1362 975//1362 974//1362
f 656//1363 645//1363 990//1363
f 656//1364 990//1364 910//1364
f 787//1365 1009//1365 972//1365
f 1009//1366 1021//1366 972//1366
f 1022//1367 1023//1367 381//1367
f 1022//1368 381//1368 383//1368
f 761//1369 764//1369 972//1369
f 457//1370 461//1370 733//1370
f 457//1371 733//1371 730//1371
f 823//1372 524//1372 824//1372
f 524//1373 526//1373 824//1373
f 526//1374 511//1374 824//1374
f 339//1375 1024//1375 312//1375
f 339//1376 312//1376 311//1376
f 842//1377 1025//1377 975//1377
f 1025//1378 823//1378 975//1378
f 823//1379 826//1379 975//1379
f 1025//1380 524//1380 823//1380
f 1026//1381 508//1381 510//1381
f 1026//1382 1027//1382 508//1382
f 1027//1383 976//1383 508//1383
f 1027//1384 977//1384 976//1384
f 1027//1385 1028//1385 977//1385
f 1028//1386 979//1386 977//1386
f 979//1387 978//1387 977//1387
f 1028//1388 1029//1388 979//1388
f 1029//1389 1030//1389 979//1389
f 1030//1390 1031//1390 979//1390
f 1031//1391 1032//1391 979//1391
f 1032//1392 2//1392 979//1392
f 1032//1393 1033//1393 2//1393
f 1033//1394 984//1394 2//1394
f 984//1395 3//1395 2//1395
f 3//1396 984//1396 1//1396
f 984//1397 882//1397 1//1397
f 549//1398 561//1398 541//1398
f 257//1399 260//1399 269//1399
f 257//1400 269//1400 268//1400
f 459//1401 504//1401 732//1401
f 459//1402 732//1402 460//1402
f 76//1403 78//1403 178//1403
f 76//1404 178//1404 222//1404
f 1034//1405 831//1405 833//1405
f 1034//1406 833//1406 1035//1406
f 1033//1407 832//1407 984//1407
f 832//1408 985//1408 984//1408
f 832//1409 986//1409 985//1409
f 832//1410 1036//1410 986//1410
f 970//1411 969//1411 1037//1411
f 970//1412 1037//1412 197//1412
f 443//1413 442//1413 439//1413
f 36//1414 35//1414 399//1414
f 36//1415 399//1415 401//1415
f 449//1416 448//1416 450//1416
f 448//1417 441//1417 450//1417
f 871//1418 760//1418 450//1418
f 1038//1419 1039//1419 1040//1419
f 1038//1420 1040//1420 927//1420
f 441//1421 448//1421 442//1421
f 579//1422 1041//1422 918//1422
f 579//1423 918//1423 581//1423
f 1042//1424 982//1424 995//1424
f 982//1425 981//1425 995//1425
f 1043//1426 762//1426 761//1426
f 1043//1427 761//1427 1044//1427
f 386//1428 749//1428 745//1428
f 386//1429 745//1429 771//1429
f 166//1430 862//1430 236//1430
f 152//1431 196//1431 773//1431
f 152//1432 773//1432 153//1432
f 169//1433 171//1433 235//1433
f 169//1434 235//1434 862//1434
f 169//1435 862//1435 166//1435
f 1045//1436 1046//1436 1047//1436
f 1045//1437 1047//1437 1023//1437
f 232//1438 998//1438 233//1438
f 226//1439 1048//1439 232//1439
f 1048//1440 220//1440 232//1440
f 220//1441 760//1441 232//1441
f 1004//1442 1049//1442 404//1442
f 1049//1443 405//1443 404//1443
f 923//1444 922//1444 405//1444
f 1049//1445 923//1445 405//1445
f 983//1446 850//1446 980//1446
f 379//1447 381//1447 372//1447
f 653//1448 911//1448 966//1448
f 653//1449 966//1449 642//1449
f 665//1450 651//1450 643//1450
f 665//1451 643//1451 1050//1451
f 983//1452 849//1452 850//1452
f 1042//1453 995//1453 442//1453
f 1042//1454 442//1454 448//1454
f 382//1455 380//1455 384//1455
f 1004//1456 1003//1456 406//1456
f 408//1457 1051//1457 406//1457
f 1052//1458 345//1458 343//1458
f 1052//1459 343//1459 1053//1459
f 930//1460 887//1460 519//1460
f 930//1461 519//1461 514//1461
f 652//1462 655//1462 654//1462
f 652//1463 654//1463 653//1463
f 259//1464 261//1464 260//1464
f 259//1465 260//1465 257//1465
f 277//1466 281//1466 293//1466
f 277//1467 293//1467 805//1467
f 636//1468 660//1468 676//1468
f 660//1469 1054//1469 676//1469
f 925//1470 926//1470 492//1470
f 925//1471 492//1471 880//1471
f 673//1472 672//1472 1055//1472
f 673//1473 1055//1473 778//1473
f 263//1474 274//1474 246//1474
f 263//1475 1056//1475 274//1475
f 1056//1476 900//1476 274//1476
f 900//1477 272//1477 274//1477
f 1057//1478 1058//1478 1059//1478
f 1057//1479 1059//1479 1060//1479
f 272//1480 804//1480 273//1480
f 804//1481 1061//1481 314//1481
f 312//1482 1024//1482 1011//1482
f 1024//1483 1062//1483 1011//1483
f 1062//1484 1063//1484 1011//1484
f 476//1485 410//1485 473//1485
f 476//1486 473//1486 789//1486
f 617//1487 616//1487 614//1487
f 617//1488 614//1488 615//1488
f 1061//1489 266//1489 1012//1489
f 266//1490 928//1490 1012//1490
f 928//1491 1040//1491 1012//1491
f 1040//1492 338//1492 1012//1492
f 1040//1493 1064//1493 338//1493
f 1064//1494 1065//1494 338//1494
f 1065//1495 339//1495 338//1495
f 898//1496 848//1496 632//1496
f 898//1497 632//1497 95//1497
f 1065//1498 1066//1498 339//1498
f 1017//1499 1067//1499 1019//1499
f 1067//1500 332//1500 1019//1500
f 332//1501 331//1501 1019//1501
f 331//1502 951//1502 1019//1502
f 951//1503 337//1503 1019//1503
f 1017//1504 1016//1504 1013//1504
f 1063//1505 1062//1505 1017//1505
f 1062//1506 1068//1506 1017//1506
f 1068//1507 1067//1507 1017//1507
f 950//1508 788//1508 337//1508
f 788//1509 335//1509 337//1509
f 112//1510 1069//1510 1070//1510
f 112//1511 1070//1511 114//1511
f 1071//1512 843//1512 1020//1512
f 843//1513 842//1513 1020//1513
f 344//1514 346//1514 333//1514
f 344//1515 333//1515 1067//1515
f 841//1516 1072//1516 842//1516
f 1072//1517 1025//1517 842//1517
f 1073//1518 761//1518 972//1518
f 1073//1519 972//1519 1021//1519
f 786//1520 1009//1520 787//1520
f 786//1521 785//1521 1009//1521
f 1044//1522 1073//1522 1009//1522
f 1044//1523 1009//1523 1008//1523
f 762//1524 1071//1524 1020//1524
f 762//1525 1020//1525 763//1525
f 1073//1526 1021//1526 1009//1526
f 1073//1527 1044//1527 761//1527
f 17//1528 16//1528 281//1528
f 17//1529 281//1529 276//1529
f 1043//1530 1074//1530 762//1530
f 1074//1531 840//1531 762//1531
f 840//1532 1071//1532 762//1532
f 1075//1533 525//1533 524//1533
f 1025//1534 1076//1534 524//1534
f 1076//1535 1075//1535 524//1535
f 525//1536 1026//1536 526//1536
f 525//1537 1060//1537 1026//1537
f 1060//1538 1059//1538 1026//1538
f 1059//1539 1027//1539 1026//1539
f 1072//1540 1076//1540 1025//1540
f 1059//1541 1028//1541 1027//1541
f 1059//1542 1029//1542 1028//1542
f 1059//1543 1058//1543 1029//1543
f 1058//1544 1030//1544 1029//1544
f 1058//1545 1077//1545 1030//1545
f 1035//1546 833//1546 1078//1546
f 1035//1547 1078//1547 1072//1547
f 1033//1548 1032//1548 1031//1548
f 1077//1549 832//1549 1033//1549
f 972//1550 924//1550 876//1550
f 972//1551 876//1551 522//1551
f 596//1552 601//1552 559//1552
f 601//1553 620//1553 559//1553
f 1079//1554 833//1554 832//1554
f 890//1555 964//1555 920//1555
f 890//1556 920//1556 874//1556
f 718//1557 1080//1557 1081//1557
f 718//1557 1081//1557 1082//1557
f 1083//1558 1036//1558 832//1558
f 1077//1559 1079//1559 832//1559
f 1083//1560 895//1560 1036//1560
f 895//1561 1084//1561 1036//1561
f 1084//1562 1085//1562 1036//1562
f 1085//1563 1086//1563 1036//1563
f 1086//1564 1087//1564 1036//1564
f 1087//1565 553//1565 1036//1565
f 553//1566 551//1566 1036//1566
f 551//1567 543//1567 1036//1567
f 185//1568 195//1568 792//1568
f 185//1569 792//1569 1010//1569
f 759//1570 1088//1570 449//1570
f 386//1571 385//1571 724//1571
f 386//1572 724//1572 749//1572
f 446//1573 1042//1573 448//1573
f 180//1574 179//1574 759//1574
f 179//1575 178//1575 759//1575
f 178//1576 224//1576 759//1576
f 224//1577 1088//1577 759//1577
f 446//1578 445//1578 1042//1578
f 445//1579 893//1579 849//1579
f 445//1580 849//1580 1042//1580
f 498//1581 742//1581 741//1581
f 498//1582 741//1582 480//1582
f 915//1583 914//1583 1080//1583
f 915//1584 1080//1584 1089//1584
f 168//1585 597//1585 166//1585
f 225//1586 1048//1586 226//1586
f 83//1587 82//1587 1090//1587
f 83//1588 1090//1588 140//1588
f 773//1589 772//1589 967//1589
f 773//1590 967//1590 881//1590
f 345//1591 949//1591 831//1591
f 345//1592 831//1592 1034//1592
f 863//1593 923//1593 1049//1593
f 820//1594 394//1594 390//1594
f 820//1595 390//1595 391//1595
f 1023//1596 1047//1596 381//1596
f 1046//1597 407//1597 1047//1597
f 1035//1598 1072//1598 841//1598
f 1035//1599 841//1599 840//1599
f 1046//1600 1045//1600 407//1600
f 1045//1601 408//1601 407//1601
f 893//1602 791//1602 849//1602
f 791//1603 382//1603 849//1603
f 141//1604 185//1604 1010//1604
f 141//1605 1010//1605 1091//1605
f 1045//1606 1051//1606 408//1606
f 1045//1607 1090//1607 1051//1607
f 1090//1608 961//1608 1051//1608
f 961//1609 946//1609 1051//1609
f 230//1610 167//1610 166//1610
f 230//1611 166//1611 236//1611
f 635//1612 634//1612 637//1612
f 661//1613 662//1613 660//1613
f 662//1614 1054//1614 660//1614
f 55//1615 144//1615 1092//1615
f 55//1616 1092//1616 1093//1616
f 688//1617 1094//1617 245//1617
f 1094//1618 263//1618 245//1618
f 1094//1619 1056//1619 263//1619
f 1094//1620 723//1620 1056//1620
f 723//1621 900//1621 1056//1621
f 723//1622 901//1622 900//1622
f 322//1623 909//1623 908//1623
f 322//1624 908//1624 957//1624
f 899//1625 272//1625 900//1625
f 899//1626 264//1626 272//1626
f 264//1627 1061//1627 272//1627
f 1061//1628 804//1628 272//1628
f 264//1629 266//1629 1061//1629
f 1095//1630 1096//1630 1024//1630
f 1096//1631 1097//1631 1024//1631
f 1097//1632 1062//1632 1024//1632
f 1097//1633 1096//1633 1062//1633
f 1096//1634 1068//1634 1062//1634
f 265//1635 901//1635 266//1635
f 8//1636 18//1636 20//1636
f 8//1636 20//1636 22//1636
f 927//1637 1040//1637 928//1637
f 233//1638 420//1638 418//1638
f 233//1639 418//1639 37//1639
f 1039//1640 1064//1640 1040//1640
f 1039//1641 1065//1641 1064//1641
f 1039//1642 1098//1642 1065//1642
f 1098//1643 1099//1643 1065//1643
f 1099//1644 342//1644 1065//1644
f 342//1645 1100//1645 1065//1645
f 1100//1646 1066//1646 1065//1646
f 1100//1647 342//1647 1066//1647
f 342//1648 1095//1648 1066//1648
f 333//1649 332//1649 1067//1649
f 1068//1650 343//1650 1067//1650
f 343//1651 344//1651 1067//1651
f 113//1652 135//1652 1069//1652
f 113//1653 1069//1653 112//1653
f 334//1654 330//1654 332//1654
f 937//1655 958//1655 945//1655
f 937//1656 945//1656 26//1656
f 1096//1657 343//1657 1068//1657
f 1101//1658 788//1658 950//1658
f 1101//1659 330//1659 788//1659
f 330//1660 1007//1660 788//1660
f 1007//1661 785//1661 788//1661
f 840//1662 843//1662 1071//1662
f 857//1663 870//1663 846//1663
f 857//1664 846//1664 897//1664
f 578//1665 799//1665 800//1665
f 578//1666 800//1666 584//1666
f 170//1667 169//1667 166//1667
f 170//1668 166//1668 597//1668
f 1007//1669 1034//1669 1008//1669
f 958//1670 936//1670 423//1670
f 958//1671 423//1671 945//1671
f 1074//1672 1043//1672 1044//1672
f 1034//1673 1035//1673 1074//1673
f 1035//1674 840//1674 1074//1674
f 1076//1675 525//1675 1075//1675
f 1076//1676 1060//1676 525//1676
f 1102//1677 1057//1677 1076//1677
f 1057//1678 1060//1678 1076//1678
f 1013//1679 1016//1679 1018//1679
f 1013//1680 1018//1680 329//1680
f 1057//1681 1103//1681 1058//1681
f 1103//1682 1077//1682 1058//1682
f 1103//1683 1102//1683 1077//1683
f 1102//1684 1079//1684 1077//1684
f 553//1685 1087//1685 552//1685
f 1087//1686 1086//1686 552//1686
f 1086//1687 1085//1687 552//1687
f 1085//1688 569//1688 552//1688
f 1102//1689 1078//1689 1079//1689
f 1078//1690 833//1690 1079//1690
f 868//1691 268//1691 267//1691
f 868//1692 267//1692 869//1692
f 225//1693 218//1693 220//1693
f 225//1694 220//1694 1048//1694
f 973//1695 757//1695 628//1695
f 973//1696 628//1696 608//1696
f 721//647 1083//647 832//647
f 721//647 832//647 722//647
f 721//1697 1089//1697 895//1697
f 721//1697 895//1697 1083//1697
f 1089//1698 717//1698 719//1698
f 1089//1698 719//1698 895//1698
f 241//1699 242//1699 863//1699
f 241//1700 863//1700 1049//1700
f 894//1701 1084//1701 895//1701
f 1104//1702 1105//1702 1084//1702
f 1105//1703 1106//1703 1084//1703
f 1106//1704 1107//1704 1084//1704
f 1107//1705 1085//1705 1084//1705
f 515//1706 821//1706 853//1706
f 515//1707 853//1707 516//1707
f 587//1708 1108//1708 1084//1708
f 1108//1709 1109//1709 1084//1709
f 1109//1710 1104//1710 1084//1710
f 1107//1711 569//1711 1085//1711
f 919//1712 491//1712 492//1712
f 919//1713 492//1713 926//1713
f 790//1714 892//1714 444//1714
f 790//1715 444//1715 447//1715
f 1110//1716 1111//1716 447//1716
f 1111//1717 223//1717 447//1717
f 223//1718 80//1718 447//1718
f 80//1719 1112//1719 447//1719
f 1112//1720 790//1720 447//1720
f 224//1721 1110//1721 1088//1721
f 699//1722 690//1722 689//1722
f 699//1723 689//1723 813//1723
f 1113//1724 101//1724 100//1724
f 1113//1725 100//1725 138//1725
f 223//1726 1110//1726 224//1726
f 580//1727 1114//1727 799//1727
f 580//1728 799//1728 578//1728
f 736//1729 5//1729 4//1729
f 736//1730 4//1730 821//1730
f 133//1731 1115//1731 67//1731
f 133//1732 67//1732 65//1732
f 730//1733 733//1733 500//1733
f 730//1734 500//1734 728//1734
f 672//1735 671//1735 953//1735
f 672//1736 953//1736 1055//1736
f 779//1737 778//1737 1055//1737
f 779//1738 1055//1738 847//1738
f 68//1739 70//1739 215//1739
f 68//1740 215//1740 214//1740
f 1116//1741 1022//1741 383//1741
f 1116//1742 79//1742 1022//1742
f 79//1743 77//1743 1022//1743
f 77//1744 1117//1744 1022//1744
f 1117//1745 1118//1745 1022//1745
f 1118//1746 1023//1746 1022//1746
f 1118//1747 1045//1747 1023//1747
f 1118//1748 140//1748 1045//1748
f 140//1749 1090//1749 1045//1749
f 497//1750 494//1750 456//1750
f 497//1751 456//1751 458//1751
f 1112//1752 80//1752 790//1752
f 80//1753 1119//1753 790//1753
f 1119//1754 1120//1754 790//1754
f 82//1755 961//1755 1090//1755
f 462//1756 505//1756 504//1756
f 462//1757 504//1757 459//1757
f 82//1758 81//1758 961//1758
f 88//1759 85//1759 124//1759
f 1102//1760 1076//1760 1072//1760
f 1102//1761 1072//1761 1078//1761
f 363//1762 365//1762 801//1762
f 363//1763 801//1763 784//1763
f 620//1764 558//1764 557//1764
f 620//1765 557//1765 555//1765
f 532//1766 6//1766 5//1766
f 532//1767 5//1767 530//1767
f 830//1768 659//1768 631//1768
f 12//1769 486//1769 780//1769
f 12//1770 780//1770 13//1770
f 687//1771 1094//1771 688//1771
f 1121//1772 1122//1772 1094//1772
f 1122//1773 992//1773 1094//1773
f 992//1774 1089//1774 1094//1774
f 1089//1775 720//1775 1094//1775
f 720//1776 723//1776 1094//1776
f 687//1777 1123//1777 1094//1777
f 1123//1778 1121//1778 1094//1778
f 949//1779 1124//1779 723//1779
f 1124//1780 1038//1780 723//1780
f 1038//1781 927//1781 723//1781
f 927//1782 901//1782 723//1782
f 265//1783 264//1783 901//1783
f 342//1784 1096//1784 1095//1784
f 342//1785 341//1785 1096//1785
f 341//1786 343//1786 1096//1786
f 1124//1787 1053//1787 1038//1787
f 703//1788 701//1788 814//1788
f 703//1789 814//1789 1125//1789
f 1098//1790 1039//1790 1038//1790
f 1053//1791 342//1791 1099//1791
f 1053//1792 343//1792 342//1792
f 346//1793 334//1793 333//1793
f 402//1794 956//1794 375//1794
f 402//1795 375//1795 1000//1795
f 346//1796 330//1796 334//1796
f 346//1797 347//1797 330//1797
f 543//1798 542//1798 986//1798
f 543//1799 986//1799 1036//1799
f 1103//1800 1057//1800 1102//1800
f 347//1801 345//1801 1034//1801
f 135//1802 1126//1802 1127//1802
f 135//1803 1127//1803 1069//1803
f 569//1804 1104//1804 570//1804
f 1104//1805 947//1805 570//1805
f 540//1806 537//1806 528//1806
f 540//1807 528//1807 527//1807
f 1107//1808 1106//1808 569//1808
f 1106//1809 1128//1809 569//1809
f 1128//1810 1129//1810 569//1810
f 1129//1811 1130//1811 569//1811
f 1130//1812 1104//1812 569//1812
f 1052//1813 1124//1813 949//1813
f 345//1814 1052//1814 949//1814
f 1089//1697 721//1697 720//1697
f 1080//1815 717//1815 1089//1815
f 992//1816 991//1816 1089//1816
f 991//1817 915//1817 1089//1817
f 646//1818 645//1818 656//1818
f 646//1819 656//1819 655//1819
f 717//646 1080//646 718//646
f 400//1820 399//1820 398//1820
f 400//1821 398//1821 905//1821
f 592//1822 591//1822 894//1822
f 592//1823 894//1823 748//1823
f 594//1824 592//1824 748//1824
f 326//1825 288//1825 284//1825
f 326//1826 284//1826 325//1826
f 591//1827 588//1827 894//1827
f 1131//1828 1105//1828 1104//1828
f 1109//1829 947//1829 1104//1829
f 1130//1830 1131//1830 1104//1830
f 1131//1831 1132//1831 1105//1831
f 1132//1832 1129//1832 1105//1832
f 1129//1833 1106//1833 1105//1833
f 1129//1834 1128//1834 1106//1834
f 591//1835 590//1835 588//1835
f 590//1836 608//1836 588//1836
f 608//1837 589//1837 588//1837
f 589//1838 947//1838 587//1838
f 947//1839 1108//1839 587//1839
f 947//1840 1109//1840 1108//1840
f 564//1841 554//1841 540//1841
f 564//1842 540//1842 527//1842
f 1133//1843 1006//1843 705//1843
f 1133//1844 705//1844 706//1844
f 223//1845 1111//1845 1110//1845
f 79//1846 1119//1846 80//1846
f 1134//1847 103//1847 101//1847
f 1134//1848 101//1848 1113//1848
f 1120//1849 79//1849 1116//1849
f 1120//1850 1119//1850 79//1850
f 1118//1851 1117//1851 77//1851
f 916//1852 138//1852 139//1852
f 916//1853 139//1853 917//1853
f 802//1854 1135//1854 1136//1854
f 802//1855 1136//1855 143//1855
f 807//1856 716//1856 715//1856
f 807//1857 715//1857 808//1857
f 549//1858 544//1858 550//1858
f 549//1859 550//1859 561//1859
f 330//1860 1101//1860 950//1860
f 330//1861 950//1861 331//1861
f 474//1862 793//1862 468//1862
f 474//1863 468//1863 477//1863
f 1077//1864 1033//1864 1031//1864
f 1077//1865 1031//1865 1030//1865
f 891//1866 657//1866 659//1866
f 891//1867 682//1867 657//1867
f 891//1868 670//1868 682//1868
f 1137//1869 1138//1869 683//1869
f 1138//1870 1123//1870 683//1870
f 1123//1871 687//1871 683//1871
f 670//1872 1137//1872 683//1872
f 1123//1873 1122//1873 1121//1873
f 1123//1874 1138//1874 1122//1874
f 1138//1875 992//1875 1122//1875
f 1138//1876 1139//1876 992//1876
f 1139//1877 1140//1877 992//1877
f 1140//1878 1141//1878 992//1878
f 1141//1879 1142//1879 992//1879
f 1142//1880 1143//1880 992//1880
f 1143//1881 993//1881 992//1881
f 588//1882 587//1882 1084//1882
f 588//1883 1084//1883 894//1883
f 1052//1884 1053//1884 1124//1884
f 171//1885 173//1885 234//1885
f 171//1886 234//1886 235//1886
f 1026//1887 510//1887 511//1887
f 1026//1888 511//1888 526//1888
f 98//1889 1133//1889 1144//1889
f 98//1890 1144//1890 125//1890
f 1132//1891 1130//1891 1129//1891
f 1132//1892 1131//1892 1130//1892
f 1145//1893 1146//1893 1147//1893
f 1145//1894 1147//1894 1148//1894
f 929//1895 522//1895 521//1895
f 929//1896 521//1896 965//1896
f 641//1897 640//1897 991//1897
f 417//1898 859//1898 434//1898
f 417//1899 434//1899 411//1899
f 639//1900 913//1900 915//1900
f 640//1901 639//1901 915//1901
f 640//1902 915//1902 991//1902
f 1082//1903 933//1903 718//1903
f 933//1904 747//1904 718//1904
f 966//1905 1081//1905 1080//1905
f 966//1906 1080//1906 914//1906
f 593//1907 973//1907 592//1907
f 973//1908 608//1908 592//1908
f 608//1909 590//1909 592//1909
f 1120//1910 1116//1910 383//1910
f 1120//1911 383//1911 790//1911
f 1115//1912 136//1912 1134//1912
f 1115//1913 1134//1913 1149//1913
f 1135//1914 735//1914 968//1914
f 1135//1915 968//1915 1136//1915
f 66//1916 68//1916 214//1916
f 66//1917 214//1917 145//1917
f 122//1918 96//1918 94//1918
f 122//1919 94//1919 1150//1919
f 35//1920 34//1920 864//1920
f 35//1921 864//1921 906//1921
f 160//1922 159//1922 162//1922
f 160//1923 162//1923 161//1923
f 848//1924 847//1924 1151//1924
f 848//1925 1151//1925 632//1925
f 1151//1926 953//1926 952//1926
f 1034//1927 1074//1927 1044//1927
f 1034//1928 1044//1928 1008//1928
f 84//1929 243//1929 237//1929
f 84//1930 237//1930 85//1930
f 160//1931 161//1931 602//1931
f 160//1932 602//1932 603//1932
f 649//1933 1141//1933 670//1933
f 1141//1934 1137//1934 670//1934
f 1141//1935 1152//1935 1137//1935
f 1152//1936 1153//1936 1137//1936
f 1153//1937 1139//1937 1137//1937
f 1139//1938 1138//1938 1137//1938
f 1153//1939 1140//1939 1139//1939
f 679//1940 678//1940 1140//1940
f 678//1941 1141//1941 1140//1941
f 1153//1942 679//1942 1140//1942
f 678//1943 1152//1943 1141//1943
f 649//1944 1142//1944 1141//1944
f 649//1945 1143//1945 1142//1945
f 649//1946 993//1946 1143//1946
f 649//1947 648//1947 993//1947
f 648//1948 641//1948 993//1948
f 648//1949 663//1949 641//1949
f 663//1950 638//1950 641//1950
f 327//1951 329//1951 289//1951
f 327//1952 289//1952 279//1952
f 419//1953 440//1953 435//1953
f 419//1954 435//1954 413//1954
f 87//1955 86//1955 85//1955
f 87//1956 85//1956 88//1956
f 595//1957 607//1957 584//1957
f 1061//1958 1012//1958 317//1958
f 1061//1959 317//1959 314//1959
f 557//1960 533//1960 531//1960
f 557//1961 531//1961 555//1961
f 966//1962 911//1962 1081//1962
f 911//1963 910//1963 1081//1963
f 910//1964 990//1964 1081//1964
f 990//1965 989//1965 1081//1965
f 989//1966 1125//1966 1081//1966
f 1125//1967 814//1967 1081//1967
f 814//1968 813//1968 1081//1968
f 813//1969 689//1969 1081//1969
f 689//1970 692//1970 1081//1970
f 692//1971 694//1971 1081//1971
f 982//1972 1042//1972 849//1972
f 982//1972 849//1972 983//1972
f 595//1973 594//1973 748//1973
f 595//1974 748//1974 747//1974
f 246//1975 274//1975 957//1975
f 246//1976 957//1976 248//1976
f 638//1977 663//1977 639//1977
f 663//1978 665//1978 639//1978
f 665//1979 1050//1979 639//1979
f 1050//1980 913//1980 639//1980
f 1050//1981 643//1981 913//1981
f 809//1982 808//1982 1082//1982
f 808//1983 715//1983 1082//1983
f 715//1984 713//1984 1082//1984
f 713//1985 711//1985 1082//1985
f 711//1986 709//1986 1082//1986
f 709//1987 708//1987 1082//1987
f 708//1988 918//1988 1082//1988
f 918//1989 1041//1989 1082//1989
f 1041//1990 933//1990 1082//1990
f 694//1991 809//1991 1082//1991
f 694//1992 1082//1992 1081//1992
f 586//1993 585//1993 933//1993
f 1154//1994 92//1994 89//1994
f 1154//1995 89//1995 123//1995
f 60//1996 127//1996 129//1996
f 60//1997 129//1997 1155//1997
f 58//1998 57//1998 150//1998
f 58//1999 150//1999 211//1999
f 209//2000 207//2000 1037//2000
f 209//2001 1037//2001 969//2001
f 91//2002 633//2002 731//2002
f 91//2003 731//2003 90//2003
f 1019//2004 336//2004 960//2004
f 1019//2005 960//2005 1018//2005
f 78//2006 80//2006 224//2006
f 78//2007 224//2007 178//2007
f 100//2008 99//2008 51//2008
f 100//2009 51//2009 83//2009
f 193//2010 194//2010 172//2010
f 193//2011 172//2011 170//2011
f 63//2012 131//2012 133//2012
f 63//2013 133//2013 65//2013
f 735//2014 209//2014 969//2014
f 735//2015 969//2015 968//2015
f 731//2016 829//2016 661//2016
f 731//2017 661//2017 634//2017
f 946//2018 241//2018 1049//2018
f 946//2019 1049//2019 1051//2019
f 937//2020 26//2020 368//2020
f 937//2021 368//2021 358//2021
f 561//2022 564//2022 527//2022
f 561//2023 527//2023 541//2023
f 663//2024 650//2024 664//2024
f 663//2025 648//2025 650//2025
f 678//2026 680//2026 1152//2026
f 680//2027 679//2027 1152//2027
f 679//2028 1153//2028 1152//2028
f 1051//2029 1049//2029 1004//2029
f 1051//2030 1004//2030 406//2030
f 250//2031 957//2031 908//2031
f 250//2032 908//2032 252//2032
f 406//2033 1003//2033 374//2033
f 406//2034 374//2034 852//2034
f 654//2035 656//2035 910//2035
f 793//2036 789//2036 452//2036
f 793//2037 452//2037 468//2037
f 752//2038 751//2038 754//2038
f 752//2039 754//2039 753//2039
f 645//2040 987//2040 990//2040
f 632//2041 1151//2041 952//2041
f 632//2042 952//2042 633//2042
f 92//2043 91//2043 90//2043
f 92//2044 90//2044 89//2044
f 326//2045 327//2045 279//2045
f 326//2046 279//2046 288//2046
f 802//2047 210//2047 212//2047
f 802//2048 212//2048 1135//2048
f 1149//2049 1134//2049 1113//2049
f 1149//2050 1113//2050 1156//2050
f 595//2051 584//2051 973//2051
f 595//2052 973//2052 593//2052
f 651//2053 644//2053 643//2053
f 765//2054 502//2054 504//2054
f 765//2055 504//2055 503//2055
f 1088//2056 1110//2056 447//2056
f 1088//2057 447//2057 449//2057
f 972//2058 522//2058 929//2058
f 972//2059 929//2059 787//2059
f 707//2060 583//2060 708//2060
f 29//2061 244//2061 256//2061
f 29//2062 256//2062 255//2062
f 994//2063 940//2063 421//2063
f 994//2064 421//2064 437//2064
f 693//2065 806//2065 809//2065
f 693//2066 809//2066 694//2066
f 1156//2067 916//2067 73//2067
f 1156//2068 73//2068 71//2068
f 559//2069 620//2069 555//2069
f 559//2070 555//2070 554//2070
f 962//2071 1150//2071 1154//2071
f 962//2072 1154//2072 102//2072
f 193//2073 170//2073 597//2073
f 193//2074 597//2074 599//2074
f 72//2075 74//2075 217//2075
f 72//2076 217//2076 216//2076
f 1149//2077 1156//2077 71//2077
f 1149//2078 71//2078 69//2078
f 104//2079 122//2079 1150//2079
f 104//2080 1150//2080 962//2080
f 1127//2081 1126//2081 698//2081
f 1127//2082 698//2082 700//2082
f 137//2083 962//2083 102//2083
f 137//2084 102//2084 103//2084
f 197//2085 1037//2085 188//2085
f 197//2086 188//2086 187//2086
f 70//2087 72//2087 216//2087
f 70//2088 216//2088 215//2088
f 324//2089 290//2089 394//2089
f 324//2090 394//2090 271//2090
f 674//2091 673//2091 778//2091
f 674//2092 778//2092 777//2092
f 756//2093 755//2093 412//2093
f 756//2094 412//2094 410//2094
f 988//2095 703//2095 1125//2095
f 988//2096 1125//2096 989//2096
f 905//2097 398//2097 397//2097
f 905//2098 397//2098 839//2098
f 582//2099 1114//2099 580//2099
f 582//2100 618//2100 1114//2100
f 618//2101 619//2101 1114//2101
f 582//2102 627//2102 618//2102
f 1114//2103 619//2103 617//2103
f 1114//2104 617//2104 799//2104
f 645//2105 647//2105 987//2105
f 847//2106 1055//2106 953//2106
f 847//2107 953//2107 1151//2107
f 662//2108 686//2108 676//2108
f 662//2109 676//2109 1054//2109
f 816//2110 702//2110 703//2110
f 1146//2111 807//2111 806//2111
f 1146//2112 806//2112 1147//2112
f 1157//2113 716//2113 807//2113
f 1157//2114 807//2114 1146//2114
f 1148//2115 1147//2115 695//2115
f 1148//2116 695//2116 704//2116
f 932//2117 884//2117 883//2117
f 932//2118 883//2118 750//2118
f 1150//2119 94//2119 92//2119
f 1150//2120 92//2120 1154//2120
f 934//2121 792//2121 712//2121
f 816//2122 703//2122 988//2122
f 816//2123 988//2123 817//2123
f 647//2124 817//2124 988//2124
f 647//2125 988//2125 987//2125
f 576//2126 583//2126 707//2126
f 881//2127 967//2127 970//2127
f 881//2128 970//2128 999//2128
f 917//2129 139//2129 140//2129
f 917//2130 140//2130 1118//2130
f 1092//2131 1148//2131 704//2131
f 1092//2132 704//2132 1093//2132
f 1135//2133 212//2133 213//2133
f 1135//2134 213//2134 735//2134
f 207//2135 205//2135 188//2135
f 207//2136 188//2136 1037//2136
f 1155//2137 129//2137 131//2137
f 1155//2138 131//2138 63//2138
f 194//2139 182//2139 175//2139
f 194//2140 175//2140 172//2140
f 759//2141 449//2141 450//2141
f 759//2142 450//2142 760//2142
f 576//2143 707//2143 710//2143
f 576//2144 710//2144 577//2144
f 685//2145 677//2145 261//2145
f 685//2146 261//2146 259//2146
f 675//2147 674//2147 777//2147
f 776//2148 1158//2148 777//2148
f 1158//2149 646//2149 777//2149
f 646//2150 669//2150 777//2150
f 669//2151 675//2151 777//2151
f 576//2152 626//2152 582//2152
f 626//2153 627//2153 582//2153
f 576//2154 575//2154 626//2154
f 575//2155 606//2155 626//2155
f 186//2156 143//2156 1136//2156
f 186//2157 1136//2157 772//2157
f 1158//2158 776//2158 646//2158
f 776//2159 647//2159 646//2159
f 776//2160 1159//2160 647//2160
f 1159//2161 817//2161 647//2161
f 1159//2162 856//2162 817//2162
f 856//2163 818//2163 817//2163
f 579//2164 586//2164 933//2164
f 579//2165 933//2165 1041//2165
f 815//2166 866//2166 816//2166
f 912//2167 348//2167 270//2167
f 912//2168 270//2168 323//2168
f 922//2169 33//2169 401//2169
f 922//2170 401//2170 405//2170
f 1160//2171 1127//2171 700//2171
f 1091//2172 935//2172 1157//2172
f 1091//2173 1157//2173 1014//2173
f 1014//2174 1157//2174 1146//2174
f 1014//2175 1146//2175 1015//2175
f 1144//2176 706//2176 697//2176
f 935//2177 714//2177 716//2177
f 935//2178 716//2178 1157//2178
f 1147//2179 806//2179 693//2179
f 1147//2180 693//2180 695//2180
f 1145//2181 1015//2181 1146//2181
f 347//2182 1034//2182 1007//2182
f 347//2183 1007//2183 330//2183
f 133//2184 134//2184 136//2184
f 133//2185 136//2185 1115//2185
f 1091//2186 1010//2186 935//2186
f 1160//2187 700//2187 702//2187
f 1160//2188 702//2188 816//2188
f 1070//2189 1160//2189 816//2189
f 1070//2190 816//2190 866//2190
f 195//2191 1001//2191 792//2191
f 1018//2192 960//2192 289//2192
f 1018//2193 289//2193 329//2193
f 1002//2194 151//2194 577//2194
f 151//2195 575//2195 577//2195
f 8//2196 488//2196 487//2196
f 8//2197 487//2197 9//2197
f 260//2198 252//2198 908//2198
f 260//2199 908//2199 269//2199
f 1155//2200 63//2200 62//2200
f 1155//2201 62//2201 148//2201
f 136//2202 137//2202 103//2202
f 136//2203 103//2203 1134//2203
f 502//2204 303//2204 302//2204
f 502//2205 302//2205 500//2205
f 478//2206 477//2206 7//2206
f 478//2207 7//2207 6//2207
f 857//2208 776//2208 870//2208
f 857//2209 1161//2209 776//2209
f 1161//2210 1159//2210 776//2210
f 575//2211 151//2211 606//2211
f 1002//2212 152//2212 151//2212
f 239//2213 32//2213 33//2213
f 239//2214 33//2214 922//2214
f 1161//2215 856//2215 1159//2215
f 1161//2216 857//2216 856//2216
f 772//2217 1136//2217 968//2217
f 772//2218 968//2218 967//2218
f 115//2219 818//2219 856//2219
f 115//2220 815//2220 818//2220
f 196//2221 152//2221 1001//2221
f 196//2222 1001//2222 195//2222
f 114//2223 1070//2223 866//2223
f 1017//2224 1013//2224 1011//2224
f 1017//2225 1011//2225 1063//2225
f 366//2226 905//2226 839//2226
f 366//2227 839//2227 365//2227
f 142//2228 141//2228 1091//2228
f 142//2229 1091//2229 1014//2229
f 800//2230 615//2230 613//2230
f 800//2231 613//2231 757//2231
f 552//2232 570//2232 571//2232
f 552//2233 571//2233 550//2233
f 1133//2234 706//2234 1144//2234
f 996//2235 1145//2235 1148//2235
f 996//2236 1148//2236 997//2236
f 1006//2237 1005//2237 705//2237
f 75//2238 917//2238 1118//2238
f 75//2239 1118//2239 77//2239
f 1005//2240 1093//2240 704//2240
f 1005//2241 704//2241 705//2241
f 1092//2242 997//2242 1148//2242
f 999//2243 970//2243 197//2243
f 999//2244 197//2244 190//2244
f 996//2245 1015//2245 1145//2245
f 996//2246 803//2246 1015//2246
f 125//2247 1144//2247 1126//2247
f 125//2248 1126//2248 135//2248
f 218//2249 225//2249 177//2249
f 218//2250 177//2250 175//2250
f 1069//2251 1127//2251 1160//2251
f 1069//2252 1160//2252 1070//2252
f 1047//2253 407//2253 372//2253
f 1047//2254 372//2254 381//2254
f 152//2255 1002//2255 1001//2255
f 760//2256 871//2256 873//2256
f 760//2257 873//2257 232//2257
f 650//2258 670//2258 891//2258
f 650//2259 891//2259 664//2259
f 1053//2260 1099//2260 1098//2260
f 1053//2261 1098//2261 1038//2261
f 336//2262 877//2262 287//2262
f 336//2263 287//2263 960//2263
f 60//2264 1155//2264 148//2264
f 60//2265 148//2265 61//2265
f 1115//2266 1149//2266 69//2266
f 1115//2267 69//2267 67//2267
f 893//2268 445//2268 444//2268
f 893//2269 444//2269 892//2269
f 144//2270 743//2270 997//2270
f 144//2271 997//2271 1092//2271
f 1006//2272 1133//2272 98//2272
f 102//2273 1154//2273 123//2273
f 102//2274 123//2274 99//2274
f 55//2275 1093//2275 1005//2275
f 55//2276 1005//2276 54//2276
f 1066//2277 1095//2277 1024//2277
f 1066//2278 1024//2278 339//2278
f 471//2279 454//2279 455//2279
f 471//2280 455//2280 781//2280
f 554//2281 555//2281 538//2281
f 554//2282 538//2282 536//2282
f 979//2283 931//2283 887//2283
f 979//2284 887//2284 930//2284
f 74//2285 76//2285 222//2285
f 74//2286 222//2286 217//2286
f 974//2287 825//2287 920//2287
f 974//2288 920//2288 964//2288
f 157//2289 999//2289 190//2289
f 157//2290 190//2290 159//2290
f 1126//2291 1144//2291 697//2291
f 1126//2292 697//2292 698//2292
f 1156//2293 1113//2293 138//2293
f 1156//2294 138//2294 916//2294
f 493//2295 781//2295 455//2295
f 493//2296 455//2296 494//2296
f 53//2297 58//2297 211//2297
f 53//2298 211//2298 144//2298
