# Blender 4.3.2
# www.blender.org
mtllib right_index_2_collision.mtl
o right_index_2_collision
v -0.011049 -0.004198 -0.049407
v -0.011081 -0.004312 -0.049320
v -0.011037 -0.004056 -0.049431
v -0.011026 -0.003985 -0.049455
v -0.011035 -0.003831 -0.049415
v -0.011033 -0.003774 -0.049414
v -0.011066 -0.003595 -0.049295
v -0.011083 -0.003569 -0.049239
v -0.011124 -0.003461 -0.049091
v -0.011325 -0.001413 -0.047102
v -0.011338 -0.001424 -0.047236
v -0.011341 -0.001905 -0.047177
v -0.011354 -0.001544 -0.047474
v -0.011359 -0.002306 -0.047407
v -0.011347 -0.002378 -0.047190
v -0.011340 -0.002380 -0.047119
v -0.011318 -0.002349 -0.046925
v -0.011359 -0.001743 -0.047621
v -0.011338 -0.001674 -0.047713
v -0.011339 -0.001899 -0.047770
v -0.011361 -0.001929 -0.047653
v -0.009750 -0.001263 -0.051089
v -0.009612 -0.001224 -0.051201
v -0.009650 -0.001368 -0.051249
v -0.009479 -0.001481 -0.051438
v -0.009582 -0.001530 -0.051380
v -0.009532 -0.001321 -0.051326
v -0.010077 -0.001489 -0.050742
v -0.010005 -0.001780 -0.050925
v -0.010177 -0.001728 -0.050671
v -0.010163 -0.002125 -0.050798
v -0.010088 -0.002235 -0.050933
v -0.010188 -0.002182 -0.050762
v -0.010222 -0.001792 -0.050610
v -0.010160 -0.001579 -0.050639
v -0.010200 -0.001928 -0.050694
v -0.010230 -0.002002 -0.050655
v -0.008904 -0.003565 -0.052592
v -0.009068 -0.003406 -0.052406
v -0.008964 -0.003426 -0.052510
v -0.008674 -0.003960 -0.052851
v -0.008734 -0.004195 -0.052828
v -0.008733 -0.003992 -0.052813
v -0.008822 -0.004249 -0.052767
v -0.000875 -0.006129 -0.050857
v -0.000928 -0.005337 -0.050930
v -0.000519 -0.006128 -0.050150
v -0.000520 -0.005154 -0.050108
v -0.000980 -0.004538 -0.050933
v -0.000514 -0.002028 -0.049114
v -0.000521 -0.002272 -0.049273
v -0.001015 -0.001851 -0.049998
v -0.003188 0.001201 -0.048798
v -0.003520 0.001111 -0.049471
v -0.003592 0.001351 -0.048719
v -0.005188 0.001465 -0.049098
v -0.005975 0.001483 -0.048944
v -0.005931 0.001542 -0.048670
v -0.005191 0.001195 -0.050112
v -0.006004 0.001242 -0.049855
v -0.006008 0.001374 -0.049394
v -0.005910 0.000698 -0.051111
v -0.005935 0.000858 -0.050819
v -0.005097 0.000808 -0.051062
v -0.005979 0.001089 -0.050295
v -0.004926 -0.002249 -0.053341
v -0.004935 -0.001680 -0.053179
v -0.004078 -0.001793 -0.053204
v -0.004068 -0.002358 -0.053348
v -0.003326 -0.001929 -0.053016
v -0.003321 -0.002471 -0.053157
v -0.002681 -0.001532 -0.052404
v -0.003338 -0.001312 -0.052774
v -0.004095 -0.001143 -0.052948
v -0.004948 -0.001021 -0.052904
v -0.005118 0.001563 -0.048630
v -0.002098 -0.001293 -0.051556
v -0.002688 -0.000937 -0.052045
v -0.003356 -0.000653 -0.052375
v -0.004121 -0.000444 -0.052516
v -0.004970 -0.000311 -0.052450
v -0.005855 -0.000226 -0.052192
v -0.005870 0.000276 -0.051701
v -0.004075 -0.003347 -0.053481
v -0.003332 -0.003437 -0.053288
v -0.002672 -0.003517 -0.052927
v -0.002671 -0.002594 -0.052776
v -0.002100 -0.002726 -0.052229
v -0.002104 -0.001797 -0.051869
v -0.001558 -0.001698 -0.050938
v -0.002762 0.000758 -0.049512
v -0.002772 0.000464 -0.050264
v -0.003518 0.000828 -0.050335
v -0.004335 0.001068 -0.050284
v -0.004342 0.001343 -0.049332
v -0.001469 -0.000670 -0.049817
v -0.001505 -0.000981 -0.050251
v -0.002087 -0.000408 -0.050664
v -0.002083 -0.000048 -0.050085
v -0.002736 0.000077 -0.050972
v -0.003451 0.000435 -0.051151
v -0.004247 0.000677 -0.051183
v -0.005016 0.000319 -0.051821
v -0.004169 0.000182 -0.051913
v -0.003392 -0.000052 -0.051821
v -0.002704 -0.000387 -0.051558
v -0.002090 -0.000820 -0.051148
v -0.001533 -0.001320 -0.050620
v -0.001103 -0.006130 -0.051284
v -0.001301 -0.006130 -0.051609
v -0.001398 -0.005305 -0.051730
v -0.001906 -0.006132 -0.052352
v -0.001969 -0.005281 -0.052411
v -0.001479 -0.004472 -0.051767
v -0.001051 -0.003063 -0.050672
v -0.001573 -0.002878 -0.051525
v -0.001573 -0.002100 -0.051194
v -0.003356 -0.004326 -0.053320
v -0.002668 -0.004385 -0.052967
v -0.001558 -0.010548 -0.050962
v -0.001574 -0.010146 -0.051215
v -0.001016 -0.010398 -0.050017
v -0.005881 -0.006906 -0.053586
v -0.005881 -0.006134 -0.053596
v -0.005054 -0.006134 -0.053627
v -0.000926 -0.006888 -0.050931
v -0.004930 -0.008993 -0.053521
v -0.005881 -0.008098 -0.053516
v -0.004962 -0.008054 -0.053590
v -0.005866 -0.010677 -0.052975
v -0.004935 -0.010561 -0.053203
v -0.004948 -0.011220 -0.052934
v -0.005856 -0.011455 -0.052609
v -0.004969 -0.011932 -0.052486
v -0.005855 -0.012071 -0.052181
v -0.005014 -0.012568 -0.051859
v -0.005875 -0.012619 -0.051624
v -0.005919 -0.013022 -0.051022
v -0.005096 -0.013059 -0.051100
v -0.005987 -0.013382 -0.050220
v -0.005190 -0.013447 -0.050148
v -0.005999 -0.013455 -0.050011
v -0.006000 -0.013655 -0.049312
v -0.005188 -0.013716 -0.049129
v -0.005974 -0.013735 -0.048969
v -0.005119 -0.013813 -0.048658
v -0.005904 -0.013824 -0.048541
v -0.004913 -0.013867 -0.048361
v -0.004676 -0.013838 -0.048444
v -0.003521 -0.013364 -0.049500
v -0.003329 -0.013508 -0.048796
v -0.003592 -0.013599 -0.048743
v -0.002762 -0.013010 -0.049539
v -0.002567 -0.013137 -0.048905
v -0.002650 -0.013187 -0.048897
v -0.000521 -0.009981 -0.049284
v -0.000522 -0.009905 -0.049329
v -0.000519 -0.006978 -0.050123
v -0.000979 -0.007693 -0.050939
v -0.000523 -0.008159 -0.049962
v -0.001023 -0.008466 -0.050862
v -0.000526 -0.009079 -0.049706
v -0.001051 -0.009179 -0.050688
v -0.000526 -0.009469 -0.049550
v -0.004112 -0.007977 -0.053528
v -0.004076 -0.008893 -0.053492
v -0.004068 -0.009884 -0.053365
v -0.004926 -0.009993 -0.053359
v -0.003357 -0.007909 -0.053326
v -0.003333 -0.008803 -0.053299
v -0.002681 -0.010711 -0.052429
v -0.003337 -0.010929 -0.052802
v -0.003326 -0.010313 -0.053038
v -0.001534 -0.010929 -0.050644
v -0.002671 -0.009648 -0.052793
v -0.003321 -0.009770 -0.053174
v -0.001965 -0.006947 -0.052410
v -0.001394 -0.006922 -0.051729
v -0.002038 -0.007806 -0.052456
v -0.001476 -0.007760 -0.051773
v -0.002079 -0.008653 -0.052410
v -0.001537 -0.008575 -0.051716
v -0.002100 -0.009516 -0.052246
v -0.001572 -0.009365 -0.051541
v -0.002098 -0.010953 -0.051583
v -0.002105 -0.010447 -0.051892
v -0.002672 -0.008722 -0.052938
v -0.002668 -0.007850 -0.052973
v -0.007869 -0.013685 -0.048443
v -0.007758 -0.013417 -0.049503
v -0.007443 -0.013039 -0.050461
v -0.007241 -0.012766 -0.050957
v -0.007019 -0.012406 -0.051459
v -0.007754 0.001163 -0.049480
v -0.007440 0.000782 -0.050439
v -0.007017 0.000145 -0.051439
v -0.007238 0.000507 -0.050936
v -0.007739 0.001550 -0.047783
v -0.007504 0.001649 -0.047216
v -0.005793 0.001673 -0.047979
v -0.005730 0.001671 -0.048007
v -0.007318 0.001703 -0.046917
v -0.007103 0.001754 -0.046301
v -0.005275 0.001813 -0.046919
v 0.003764 -0.004650 -0.041246
v 0.002636 -0.006117 -0.043773
v 0.002433 -0.004104 -0.043984
v -0.004829 0.001613 -0.048366
v -0.004107 0.001741 -0.047214
v -0.003952 0.001454 -0.048634
v -0.002961 0.001468 -0.047452
v -0.001933 0.000959 -0.047638
v -0.002517 0.000856 -0.048889
v -0.001048 0.000185 -0.047763
v 0.000102 -0.000330 -0.046282
v -0.001334 -0.000212 -0.048935
v -0.000496 -0.001717 -0.048871
v 0.000464 -0.000912 -0.046256
v 0.001056 -0.002311 -0.046149
v -0.000527 -0.003117 -0.049675
v 0.001473 -0.004041 -0.045965
v -0.000523 -0.004017 -0.049937
v 0.001711 -0.006120 -0.045703
v -0.001241 0.000972 -0.046251
v -0.000752 0.000609 -0.046278
v -0.000304 0.000176 -0.046289
v -0.002330 0.001501 -0.046149
v -0.001251 0.001481 -0.043906
v -0.000686 0.001232 -0.043993
v -0.000161 0.000919 -0.044063
v 0.000321 0.000541 -0.044118
v 0.000760 0.000094 -0.044154
v 0.001152 -0.000422 -0.044172
v 0.001499 -0.001010 -0.044172
v 0.002056 -0.002405 -0.044115
v -0.004108 -0.013987 -0.047240
v -0.004071 -0.013730 -0.048627
v -0.002962 -0.013714 -0.047477
v -0.000514 -0.010222 -0.049129
v 0.001056 -0.009931 -0.046162
v 0.001473 -0.008200 -0.045972
v -0.001048 -0.012432 -0.047784
v -0.001399 -0.012121 -0.048950
v 0.000101 -0.011913 -0.046301
v -0.000945 -0.011469 -0.048928
v 0.000464 -0.011331 -0.046274
v -0.000496 -0.010535 -0.048886
v -0.001934 -0.013207 -0.047661
v -0.005731 -0.013920 -0.048033
v -0.005249 -0.014062 -0.046882
v 0.003765 -0.007591 -0.041251
v 0.002433 -0.008131 -0.043991
v -0.002330 -0.013743 -0.046175
v -0.000304 -0.012419 -0.046310
v -0.000752 -0.012852 -0.046301
v -0.001241 -0.013215 -0.046274
v -0.000686 -0.013466 -0.044017
v -0.001251 -0.013715 -0.043931
v -0.003549 -0.014030 -0.046022
v -0.004906 -0.014097 -0.046064
v -0.006680 -0.014023 -0.045148
v -0.007101 -0.013996 -0.046328
v -0.007317 -0.013948 -0.046944
v -0.007443 -0.013898 -0.047270
v 0.001090 -0.014421 -0.013651
v 0.001354 -0.014427 -0.012615
v 0.001357 -0.014438 -0.011182
v -0.011250 -0.007732 -0.048667
v -0.011283 -0.007873 -0.048478
v -0.011284 -0.007849 -0.048478
v -0.011080 -0.007942 -0.049328
v -0.011165 -0.008280 -0.049012
v -0.011147 -0.007766 -0.049115
v -0.011094 -0.007869 -0.049288
v -0.011049 -0.008055 -0.049414
v -0.011037 -0.008201 -0.049439
v -0.011026 -0.008269 -0.049462
v -0.011035 -0.008425 -0.049422
v -0.011033 -0.008480 -0.049422
v -0.011066 -0.008658 -0.049304
v -0.011176 -0.008828 -0.048915
v -0.011181 -0.008783 -0.048915
v -0.011124 -0.008791 -0.049101
v -0.011146 -0.008780 -0.049034
v -0.011082 -0.008679 -0.049254
v -0.011345 -0.010789 -0.047352
v -0.011326 -0.010898 -0.047364
v -0.011318 -0.010886 -0.047118
v -0.011325 -0.010833 -0.047118
v -0.010390 -0.006737 -0.050949
v -0.010508 -0.006590 -0.050747
v -0.010270 -0.006130 -0.051154
v -0.010022 -0.006628 -0.051516
v -0.010180 -0.006768 -0.051283
v -0.010173 -0.005496 -0.051291
v -0.010019 -0.005637 -0.051518
v -0.009503 -0.008377 -0.052030
v -0.009514 -0.008223 -0.052037
v -0.009488 -0.008223 -0.052067
v -0.009467 -0.007985 -0.052120
v -0.008957 -0.008108 -0.052636
v -0.009178 -0.007763 -0.052455
v -0.009026 -0.007801 -0.052603
v -0.008852 -0.007967 -0.052751
v -0.009492 -0.008432 -0.052035
v -0.008745 -0.008216 -0.052818
v -0.008682 -0.008247 -0.052859
v -0.008673 -0.008460 -0.052837
v -0.008731 -0.008476 -0.052794
v -0.008722 -0.008667 -0.052760
v -0.008804 -0.008691 -0.052693
v -0.008817 -0.008822 -0.052648
v -0.009180 -0.007708 -0.052453
v -0.009346 -0.007822 -0.052272
v -0.009607 -0.010816 -0.051340
v -0.009532 -0.010939 -0.051342
v -0.009612 -0.011036 -0.051217
v -0.009698 -0.010937 -0.051193
v -0.009753 -0.010991 -0.051104
v -0.009767 -0.010968 -0.051099
v -0.010005 -0.010479 -0.050940
v -0.009945 -0.010919 -0.050891
v -0.010103 -0.010727 -0.050735
v -0.010183 -0.010504 -0.050684
v -0.010056 -0.010865 -0.050746
v -0.010160 -0.010679 -0.050654
v -0.010198 -0.010275 -0.050724
v -0.010230 -0.010256 -0.050669
v -0.010188 -0.010077 -0.050775
v -0.010158 -0.010122 -0.050821
v -0.009924 -0.010992 -0.050884
v -0.009680 -0.013676 -0.046358
v -0.009664 -0.013679 -0.046272
v -0.009818 -0.013645 -0.046684
v -0.010001 -0.013574 -0.046178
v -0.010130 -0.013532 -0.046599
v -0.009984 -0.013523 -0.047846
v -0.009877 -0.013574 -0.047552
v -0.009751 -0.013651 -0.046752
v -0.008863 -0.011985 -0.051170
v -0.008634 -0.012301 -0.050975
v -0.009052 -0.012609 -0.050449
v -0.009086 -0.012739 -0.050253
v -0.009465 -0.012994 -0.049689
v -0.009574 -0.013094 -0.049451
v -0.009498 -0.013116 -0.049441
v -0.009664 -0.013257 -0.049044
v -0.009934 -0.013392 -0.048515
v -0.009807 -0.013366 -0.048666
v -0.009860 -0.013408 -0.048494
v -0.010520 -0.013261 -0.047122
v -0.010309 -0.013415 -0.047819
v -0.009908 -0.013468 -0.048209
v -0.010599 -0.013178 -0.047774
v -0.010590 -0.013090 -0.048209
v -0.010307 -0.013340 -0.048213
v -0.010234 -0.013247 -0.048599
v -0.010497 -0.012979 -0.048645
v -0.009845 -0.012903 -0.049551
v -0.010074 -0.012601 -0.049589
v -0.009731 -0.012793 -0.049783
v -0.009954 -0.012485 -0.049810
v -0.009315 -0.012393 -0.050516
v -0.010688 -0.012999 -0.047142
v -0.010405 -0.013289 -0.046513
v -0.010501 -0.012631 -0.048946
v -0.010708 -0.012755 -0.048413
v -0.010853 -0.011907 -0.048510
v -0.010900 -0.012453 -0.047651
v -0.010770 -0.012875 -0.047850
v -0.008112 -0.010166 -0.052539
v -0.007742 -0.010145 -0.052745
v -0.008063 -0.011013 -0.052225
v -0.008346 -0.010762 -0.052165
v -0.008421 -0.011825 -0.051525
v -0.008572 -0.011712 -0.051545
v -0.007333 -0.007934 -0.053392
v -0.007597 -0.009300 -0.053067
v -0.007518 -0.007925 -0.053361
v -0.010678 0.000758 -0.047062
v -0.010255 0.001127 -0.046075
v -0.010552 0.000995 -0.047303
v -0.010711 0.000731 -0.047250
v -0.010341 0.000595 -0.049012
v -0.010349 0.000307 -0.049203
v -0.010485 0.000372 -0.048952
v -0.009302 0.000682 -0.049832
v -0.009367 0.000649 -0.049861
v -0.009489 0.000854 -0.049437
v -0.009813 0.001047 -0.048842
v -0.009724 0.001053 -0.048865
v -0.009821 0.001126 -0.048600
v -0.009986 0.001213 -0.048164
v -0.009893 0.001193 -0.048309
v -0.009942 0.001331 -0.047434
v -0.009898 0.001298 -0.047728
v -0.009912 0.001233 -0.048109
v -0.010096 0.000881 -0.048951
v -0.010233 0.000996 -0.048579
v -0.010307 0.001091 -0.048187
v -0.010778 0.000298 -0.046713
v -0.010767 0.000631 -0.047807
v -0.010900 0.000205 -0.047629
v -0.007856 -0.001729 -0.052527
v -0.008306 -0.001581 -0.052209
v -0.008260 -0.000932 -0.051938
v -0.008171 -0.001912 -0.052423
v -0.007507 -0.006134 -0.053472
v -0.007842 -0.006134 -0.053305
v -0.007508 -0.006020 -0.053471
v -0.008365 -0.000248 -0.051343
v -0.008100 -0.000831 -0.051925
v -0.008841 -0.000255 -0.051149
v -0.007338 -0.004122 -0.053354
v -0.007522 -0.004134 -0.053324
v -0.007434 -0.002764 -0.053025
v -0.007617 -0.002801 -0.053004
v 0.001346 0.002287 -0.013727
v 0.001089 0.002292 -0.013624
v 0.001357 0.002318 -0.011154
v 0.003152 0.001526 -0.034038
v 0.003576 0.001485 -0.033322
v 0.003767 0.001260 -0.034108
v 0.003937 0.001218 -0.033913
v 0.002922 0.001798 -0.032210
v 0.003497 0.001533 -0.033190
v 0.002322 0.001959 -0.031080
v 0.000885 0.002008 -0.032418
v 0.001368 0.002023 -0.031058
v 0.001409 0.002024 -0.030926
v 0.001681 0.002036 -0.029873
v 0.001713 0.002038 -0.029704
v 0.002521 0.001891 -0.031946
v 0.001799 0.001878 -0.033869
v -0.000182 0.001722 -0.039748
v -0.000604 0.001816 -0.039590
v 0.003545 -0.013700 -0.033299
v 0.003480 -0.013738 -0.033193
v 0.003137 -0.013731 -0.034062
v 0.001790 -0.014079 -0.033894
v 0.003012 -0.013958 -0.032408
v 0.002512 -0.014085 -0.031971
v 0.002384 -0.014135 -0.031261
v 0.001416 -0.014213 -0.030932
v 0.001863 -0.014210 -0.030128
v 0.001713 -0.014223 -0.029731
v 0.005777 -0.008075 -0.036858
v 0.003733 -0.008002 -0.041240
v 0.005800 -0.007687 -0.036893
v -0.000604 -0.014037 -0.039616
v -0.000201 -0.013948 -0.039767
v 0.000616 -0.013663 -0.040073
v 0.003749 -0.013468 -0.034130
v 0.011397 -0.004782 0.000178
v 0.011443 -0.006057 0.000177
v 0.010836 -0.006069 -0.006854
v 0.010589 -0.003247 -0.006848
v 0.011258 -0.003659 0.000171
v 0.010731 -0.004104 -0.006852
v 0.011314 -0.004006 0.000175
v 0.009948 -0.001057 -0.003626
v 0.010254 -0.001090 -0.000030
v 0.010261 -0.001099 -0.000028
v 0.010334 -0.001700 -0.003631
v 0.010675 -0.001799 0.000084
v 0.004892 0.001707 -0.003087
v 0.006237 0.001384 -0.002220
v 0.005749 0.001489 -0.003578
v 0.007466 0.000875 -0.003597
v 0.007430 0.000975 -0.001476
v 0.008412 0.000511 -0.000888
v 0.008226 0.000482 -0.003606
v 0.008654 0.000370 -0.000752
v 0.008898 0.000030 -0.003613
v 0.009161 0.000028 -0.000486
v 0.009260 -0.000551 -0.006824
v 0.008921 -0.000669 -0.011515
v 0.008847 -0.000588 -0.011511
v 0.008701 -0.000039 -0.006815
v 0.008334 -0.000108 -0.011486
v 0.008292 -0.000074 -0.011484
v 0.009264 -0.001100 -0.011532
v 0.009721 -0.001123 -0.006832
v 0.010091 -0.001761 -0.006838
v 0.009664 -0.001793 -0.011552
v 0.010273 -0.004184 -0.011584
v 0.010266 -0.004123 -0.011584
v 0.010137 -0.003271 -0.011576
v 0.009938 -0.002496 -0.011566
v 0.010378 -0.002467 -0.006844
v 0.009914 -0.002423 -0.011564
v 0.009779 -0.002057 -0.011558
v 0.010635 -0.002414 -0.003635
v 0.011022 -0.002677 0.000147
v 0.005749 -0.013616 -0.003603
v 0.006360 -0.013472 -0.002167
v 0.005178 -0.013773 -0.002926
v 0.009948 -0.011069 -0.003642
v 0.009712 -0.011666 -0.000250
v 0.009471 -0.011645 -0.003639
v 0.008898 -0.012156 -0.003634
v 0.009066 -0.012213 -0.000554
v 0.008653 -0.012487 -0.000774
v 0.008225 -0.012608 -0.003627
v 0.008351 -0.012661 -0.000945
v 0.011179 -0.008843 0.000156
v 0.010933 -0.009700 0.000122
v 0.010635 -0.009713 -0.003647
v 0.010333 -0.010427 -0.003645
v 0.010607 -0.010445 0.000054
v 0.010263 -0.011009 -0.000044
v 0.010220 -0.011070 -0.000058
v 0.010589 -0.008891 -0.006858
v 0.011350 -0.007823 0.000170
v 0.010731 -0.008033 -0.006858
v 0.011440 -0.006220 0.000177
v 0.010358 -0.006077 -0.011592
v 0.010300 -0.007668 -0.011591
v 0.010266 -0.008032 -0.011590
v 0.009909 -0.009747 -0.011576
v 0.009938 -0.009658 -0.011578
v 0.010378 -0.009670 -0.006856
v 0.009664 -0.010361 -0.011566
v 0.010091 -0.010377 -0.006853
v 0.009410 -0.010832 -0.011555
v 0.009721 -0.011014 -0.006848
v 0.009311 -0.010986 -0.011550
v 0.009260 -0.011587 -0.006842
v 0.008701 -0.012099 -0.006835
v 0.008042 -0.012554 -0.006825
v 0.009315 -0.003400 -0.019182
v 0.009167 -0.002597 -0.018874
v 0.008937 -0.001858 -0.018570
v 0.008618 -0.001193 -0.018272
v 0.008208 -0.000614 -0.017982
v 0.007721 -0.000115 -0.017701
v 0.007718 -0.001079 -0.025588
v 0.008018 -0.001704 -0.025909
v 0.008252 -0.002414 -0.026229
v 0.008419 -0.003212 -0.026547
v 0.008522 -0.004105 -0.026862
v 0.009394 -0.004266 -0.019495
v 0.008662 -0.006103 -0.026587
v 0.009400 -0.006092 -0.020100
v 0.007893 -0.006112 -0.031326
v 0.007542 -0.006113 -0.032409
v 0.007577 -0.004103 -0.031994
v 0.007236 -0.004139 -0.032921
v 0.008225 -0.006109 -0.029755
v 0.008060 -0.006110 -0.030628
v 0.008162 -0.004071 -0.029405
v 0.007803 -0.004079 -0.031215
v 0.006524 -0.000049 -0.028088
v 0.006212 -0.000054 -0.030573
v 0.005283 0.000707 -0.030269
v 0.005072 0.000693 -0.031548
v 0.008038 -0.003172 -0.029207
v 0.007853 -0.002377 -0.029000
v 0.006923 -0.000063 -0.024944
v 0.006439 0.000344 -0.024624
v 0.005906 0.000692 -0.024308
v 0.008162 -0.008145 -0.029412
v 0.008847 -0.011566 -0.011529
v 0.008208 -0.011563 -0.018000
v 0.008618 -0.010984 -0.018289
v 0.008937 -0.010321 -0.018584
v 0.009167 -0.009582 -0.018886
v 0.009315 -0.008781 -0.019191
v 0.010243 -0.008233 -0.011590
v 0.009394 -0.007916 -0.019501
v 0.007717 -0.011124 -0.025604
v 0.007351 -0.011668 -0.025284
v 0.006922 -0.012138 -0.024965
v 0.007721 -0.012061 -0.017721
v 0.006438 -0.012543 -0.024646
v 0.006524 -0.012163 -0.028108
v 0.006212 -0.012167 -0.030594
v 0.006941 -0.011695 -0.028347
v 0.006605 -0.011695 -0.030727
v 0.007302 -0.011157 -0.028577
v 0.006949 -0.011154 -0.030850
v 0.007607 -0.010541 -0.028799
v 0.007241 -0.010537 -0.030960
v 0.007852 -0.009838 -0.029012
v 0.007483 -0.009836 -0.031060
v 0.008038 -0.009043 -0.029216
v 0.007671 -0.009041 -0.031147
v 0.007803 -0.008144 -0.031221
v 0.005283 -0.012926 -0.030292
v 0.005989 -0.012148 -0.031756
v 0.006376 -0.011672 -0.031829
v 0.006713 -0.011128 -0.031890
v 0.007003 -0.010509 -0.031938
v 0.007244 -0.009807 -0.031972
v 0.007436 -0.009015 -0.031994
v 0.007577 -0.008123 -0.032001
v 0.008251 -0.009791 -0.026241
v 0.008018 -0.010500 -0.025923
v 0.005906 -0.012891 -0.024330
v -0.003430 -0.001600 0.000696
v -0.003430 -0.010600 0.000696
v -0.002860 -0.010600 0.002018
v -0.002860 -0.001600 0.002018
v -0.011363 -0.002142 -0.047578
v -0.011361 -0.010266 -0.047661
v -0.011363 -0.010085 -0.047581
v -0.011357 -0.009916 -0.047376
v -0.011279 -0.003623 -0.048487
v -0.011294 -0.003747 -0.048403
v -0.011302 -0.003806 -0.048349
v -0.011309 -0.004017 -0.048298
v -0.011309 -0.008233 -0.048305
v -0.011359 -0.010451 -0.047655
v -0.011357 -0.010614 -0.047575
v -0.011307 -0.008282 -0.048326
v -0.011302 -0.008444 -0.048357
v -0.001570 0.002180 -0.006754
v -0.000619 0.002288 -0.006335
v -0.008889 0.001533 -0.045351
v -0.002704 -0.011862 -0.051589
v -0.002736 -0.012328 -0.051005
v -0.003450 -0.012687 -0.051187
v -0.003391 -0.012196 -0.051855
v -0.007868 0.001307 -0.048977
v -0.011336 -0.001481 -0.047564
v -0.010706 0.000502 -0.048397
v -0.011326 -0.001350 -0.047348
v -0.010853 -0.000344 -0.048490
v -0.011149 -0.003471 -0.049015
v -0.011176 -0.003425 -0.048906
v -0.011180 -0.003469 -0.048906
v -0.011208 -0.003465 -0.048803
v -0.011235 -0.003499 -0.048690
v -0.011251 -0.003548 -0.048625
v -0.004246 -0.012929 -0.051220
v -0.004335 -0.013321 -0.050319
v -0.011249 -0.004504 -0.048671
v -0.011250 -0.004519 -0.048662
v -0.011284 -0.004379 -0.048474
v -0.011279 -0.008627 -0.048496
v -0.011235 -0.008752 -0.048699
v -0.011339 -0.010349 -0.047785
v -0.011338 -0.010574 -0.047729
v -0.011336 -0.010767 -0.047580
v -0.009479 -0.010781 -0.051453
v -0.009573 -0.010633 -0.051436
v -0.008926 -0.008821 -0.052558
v -0.011335 -0.010347 -0.047124
v -0.011340 -0.009866 -0.047132
v -0.011321 -0.009891 -0.046953
v 0.007671 -0.003181 -0.031137
v 0.007483 -0.002387 -0.031047
v -0.011290 -0.001284 -0.047103
v -0.010591 0.000841 -0.048184
v -0.010496 0.000726 -0.048627
v -0.009178 -0.004501 -0.052449
v -0.009346 -0.004441 -0.052266
v -0.009398 -0.003610 -0.052098
v -0.009249 -0.003459 -0.052233
v 0.008419 -0.008995 -0.026556
v 0.006376 -0.000552 -0.031811
v 0.005010 -0.000310 -0.035645
v 0.004736 0.000236 -0.035210
v 0.005990 -0.000076 -0.031736
v -0.011147 -0.004486 -0.049109
v -0.011208 -0.008786 -0.048812
v -0.011204 -0.007719 -0.048886
v -0.011204 -0.004533 -0.048881
v 0.007303 -0.001056 -0.028560
v 0.006941 -0.000518 -0.028328
v -0.005867 -0.001709 -0.053005
v -0.005856 -0.000847 -0.052613
v -0.011245 -0.007743 -0.048691
v 0.007241 -0.001685 -0.030946
v 0.007003 -0.001716 -0.031923
v 0.006713 -0.001097 -0.031873
v 0.006949 -0.001067 -0.030833
v -0.010779 -0.012542 -0.046735
v -0.011286 -0.010868 -0.046896
v 0.005832 -0.005657 -0.036947
v 0.005781 -0.004208 -0.036862
v -0.009723 0.001418 -0.046576
v -0.011288 -0.010035 -0.046738
v -0.011282 -0.006565 -0.046661
v -0.010259 -0.006786 -0.051160
v -0.010083 -0.010021 -0.050955
v -0.011287 -0.002205 -0.046722
v 0.008042 0.000416 -0.006804
v -0.011286 -0.001377 -0.046880
v -0.002090 -0.011429 -0.051176
v -0.002087 -0.011842 -0.050693
v 0.008334 -0.012046 -0.011506
v -0.004930 -0.003247 -0.053508
v -0.009924 -0.001266 -0.050868
v -0.010056 -0.001393 -0.050731
v 0.005187 -0.001600 0.008392
v 0.006148 -0.001600 0.007947
v -0.010589 -0.005927 -0.050601
v -0.010606 -0.006129 -0.050571
v 0.001332 -0.014474 -0.005370
v 0.004069 -0.010600 0.008519
v 0.002982 -0.010600 0.008225
v -0.000015 -0.014431 -0.006075
v -0.010222 -0.010466 -0.050625
v -0.002504 0.001996 -0.007125
v -0.009664 0.001437 -0.046246
v -0.010001 0.001331 -0.046153
v -0.003628 -0.013056 -0.007548
v -0.003677 -0.012972 -0.007564
v -0.003374 -0.013435 -0.007462
v -0.003273 -0.013560 -0.007428
v -0.002941 -0.013868 -0.007308
v 0.002081 -0.010600 0.007551
v 0.002081 -0.001600 0.007551
v 0.005662 -0.002931 -0.036675
v 0.007436 -0.003211 -0.031984
v -0.011252 -0.006122 -0.046469
v -0.011268 -0.010208 -0.046637
v -0.011272 -0.010635 -0.046708
v -0.011297 -0.010785 -0.046887
v -0.011264 -0.005833 -0.046542
v -0.011275 -0.001583 -0.046715
v -0.011300 -0.001446 -0.046901
v -0.011265 -0.001990 -0.046612
v -0.003738 0.000758 -0.007561
v -0.003631 0.000944 -0.007526
v -0.003363 0.001343 -0.007434
v -0.002040 -0.004428 -0.052450
v -0.010264 0.001228 -0.047373
v -0.009632 0.000442 -0.049949
v 0.002056 -0.009830 -0.044127
v -0.009853 0.000129 -0.049967
v -0.009782 -0.001217 -0.051025
v -0.004077 -0.010448 -0.053226
v -0.004095 -0.011098 -0.052976
v -0.009930 -0.001328 -0.050892
v -0.010388 -0.005520 -0.050950
v -0.010515 -0.005681 -0.050734
v -0.010582 -0.006368 -0.050614
v -0.010350 -0.012559 -0.049225
v 0.005308 -0.011045 -0.036146
v 0.005211 -0.011358 -0.035995
v 0.001152 -0.011813 -0.044191
v 0.001499 -0.011225 -0.044189
v -0.010252 -0.013373 -0.046101
v -0.002505 -0.014102 -0.007151
v 0.006148 -0.010600 0.007947
v 0.006958 -0.010600 0.007264
v 0.006958 -0.001600 0.007264
v -0.002407 -0.014130 -0.007114
v -0.002981 0.001732 -0.007297
v -0.007865 0.001435 -0.048419
v 0.004069 -0.001600 0.008519
v -0.009912 -0.005891 -0.051669
v -0.007743 -0.013798 -0.047807
v -0.008748 -0.008039 -0.052826
v -0.009078 0.000475 -0.050245
v -0.008723 0.000134 -0.050819
v -0.008908 -0.000274 -0.051119
v -0.009758 -0.001268 -0.051082
v -0.009805 -0.001292 -0.051036
v -0.009582 -0.001740 -0.051445
v -0.009652 -0.001968 -0.051428
v -0.009834 -0.002206 -0.051268
v -0.009981 -0.002265 -0.051090
v -0.009503 -0.003886 -0.052022
v -0.010259 -0.005473 -0.051158
v 0.009471 -0.000482 -0.003620
v 0.009769 -0.000506 -0.000208
v -0.009758 -0.010993 -0.051098
v -0.009787 -0.010968 -0.051076
v 0.007496 -0.013069 -0.001459
v 0.005187 -0.010600 0.008392
v -0.001024 -0.003771 -0.050850
v -0.009467 -0.004278 -0.052114
v -0.001554 -0.014290 -0.006773
v -0.000619 -0.014386 -0.006363
v -0.007897 -0.011102 -0.052220
v -0.000242 0.002316 -0.006158
v -0.006682 0.001784 -0.045121
v 0.005056 -0.011777 -0.035751
v 0.004793 -0.012339 -0.035322
v -0.008637 -0.000061 -0.051070
v -0.008979 -0.004433 -0.052641
v -0.008853 -0.004397 -0.052744
v -0.009778 -0.002157 -0.051327
v -0.008740 -0.003744 -0.052771
v -0.008822 -0.003546 -0.052663
v -0.008760 -0.003521 -0.052704
v -0.008684 -0.003725 -0.052806
v -0.007872 -0.013558 -0.049001
v -0.009504 -0.004147 -0.052056
v -0.009391 -0.008664 -0.052113
v -0.009821 -0.010065 -0.051296
v -0.009981 -0.009995 -0.051103
v -0.004120 -0.011800 -0.052551
v -0.004168 -0.012431 -0.051949
v -0.009222 -0.008820 -0.052267
v -0.009068 -0.008858 -0.052416
v -0.009603 -0.010426 -0.051463
v -0.009709 -0.010193 -0.051402
v -0.007626 -0.002732 -0.052980
v 0.007607 -0.001674 -0.028784
v -0.008890 -0.003382 -0.052560
v 0.002982 -0.001600 0.008225
v 0.001332 0.002375 -0.005342
v 0.000245 0.002325 -0.008547
v -0.004539 0.001868 -0.045166
v 0.001533 0.002053 -0.029165
v -0.000274 0.001977 -0.035197
v -0.003548 0.001788 -0.045996
v 0.005687 -0.009077 -0.036721
v -0.009886 -0.006131 -0.051706
v 0.007351 -0.000534 -0.025266
v -0.009926 -0.006423 -0.051651
v 0.005835 -0.006105 -0.036953
v -0.002080 -0.003585 -0.052399
v 0.005030 -0.013804 -0.003022
v 0.000245 -0.014436 -0.008575
v 0.001354 -0.014454 -0.008596
v -0.004289 0.001443 -0.048887
v 0.000375 0.001994 -0.033675
v 0.007244 -0.002418 -0.031960
v 0.005601 -0.002504 -0.036580
v 0.005495 -0.001914 -0.036413
v 0.001355 0.002343 -0.008568
v 0.008522 -0.008103 -0.026869
v -0.004343 -0.013594 -0.049363
v -0.008549 -0.012211 -0.051102
v -0.000527 -0.002776 -0.049536
v -0.001948 -0.014152 -0.039115
v -0.002946 -0.014134 -0.041448
v 0.001531 -0.014236 -0.029187
v 0.001320 -0.014389 -0.016103
v -0.007167 -0.006667 -0.053495
v -0.007323 -0.006134 -0.053504
v -0.008899 -0.008678 -0.052609
v -0.005881 -0.005146 -0.053576
v -0.007324 -0.006020 -0.053504
v -0.007172 -0.004776 -0.053439
v 0.000375 -0.014193 -0.033702
v -0.000067 -0.014185 -0.034742
v 0.001159 -0.014208 -0.031711
v 0.000946 -0.014203 -0.032286
v 0.001632 -0.014229 -0.029503
v -0.001898 0.000392 -0.048931
v 0.000616 0.001443 -0.040048
v 0.004083 0.001086 -0.034149
v 0.004362 0.000783 -0.034601
v -0.005876 -0.002635 -0.053273
v -0.003517 -0.013081 -0.050368
v -0.004290 -0.013694 -0.048915
v 0.005592 -0.009759 -0.036578
v 0.005518 -0.010173 -0.036466
v 0.007466 -0.013002 -0.003620
v 0.007369 -0.010600 0.006572
v 0.007369 -0.001600 0.006572
v 0.007295 0.000815 -0.006792
v -0.005881 -0.003745 -0.053464
v -0.004960 -0.004181 -0.053582
v -0.002772 -0.012717 -0.050295
v 0.006605 -0.000526 -0.030709
v -0.002688 -0.011308 -0.052075
v -0.007193 -0.008410 -0.053318
v -0.005876 -0.009718 -0.053265
v -0.001997 -0.012723 -0.048944
v -0.000161 -0.013154 -0.044087
v 0.003995 -0.013369 -0.034020
v 0.007295 -0.012953 -0.006815
v 0.005289 -0.001082 -0.036085
v -0.001539 -0.003663 -0.051705
v -0.002048 -0.012495 -0.049490
v -0.002083 -0.012204 -0.050113
v -0.003356 -0.011591 -0.052407
v -0.004111 -0.004258 -0.053522
v 0.000321 -0.012776 -0.044140
v 0.004435 -0.012896 -0.034732
v 0.005071 -0.012917 -0.031570
v -0.000950 -0.001351 -0.049481
v 0.000760 -0.012329 -0.044175
v -0.004234 -0.006134 -0.053545
v -0.001505 -0.011270 -0.050275
v -0.001470 -0.011581 -0.049841
v -0.001415 -0.011849 -0.049371
v 0.003070 -0.001208 -0.040978
v -0.000523 -0.002376 -0.049333
v -0.002538 -0.006133 -0.052875
v -0.002632 -0.005257 -0.052942
v -0.002997 -0.006133 -0.053143
v -0.000951 -0.010900 -0.049500
v 0.007236 -0.008090 -0.032927
vn -0.9507 0.0283 -0.3089
vn -0.9417 0.0323 -0.3350
vn -0.9277 0.0424 -0.3710
vn -0.9274 0.1282 -0.3515
vn -0.9950 0.0187 0.0985
vn -0.9982 0.0138 0.0585
vn -0.9980 0.0095 0.0623
vn -0.9959 0.0087 0.0898
vn -0.9937 0.0114 0.1115
vn -0.9821 0.0498 -0.1818
vn -0.9844 0.0393 -0.1713
vn -0.6469 0.3877 -0.6566
vn -0.5813 0.3496 -0.7348
vn -0.6029 0.3143 -0.7333
vn -0.6066 0.3895 -0.6931
vn -0.8018 0.1628 -0.5750
vn -0.8534 0.0505 -0.5188
vn -0.8757 0.1943 -0.4420
vn -0.8427 0.2027 -0.4987
vn -0.8651 0.1529 -0.4777
vn -0.8850 0.1308 -0.4468
vn -0.6869 0.1259 -0.7158
vn -0.5599 0.0647 -0.8260
vn -0.6023 0.0627 -0.7958
vn 0.8927 0.0186 -0.4502
vn 0.8934 0.0202 -0.4489
vn 0.8889 0.0563 -0.4547
vn 0.8616 0.2583 -0.4370
vn 0.2890 0.9199 -0.2652
vn -0.0186 0.9778 -0.2085
vn -0.0316 0.9608 -0.2755
vn -0.0884 0.8712 -0.4829
vn -0.0642 0.9109 -0.4077
vn 0.0085 0.2729 -0.9620
vn 0.0231 0.2476 -0.9686
vn 0.2757 0.2424 -0.9302
vn 0.2752 0.2432 -0.9301
vn 0.5444 0.3153 -0.7773
vn 0.0218 0.3665 -0.9302
vn 0.0077 0.3854 -0.9227
vn -0.0151 0.9791 -0.2027
vn 0.7142 0.3685 -0.5951
vn 0.5485 0.4374 -0.7126
vn 0.5421 0.4467 -0.7117
vn 0.2982 0.5009 -0.8125
vn 0.2890 0.5113 -0.8094
vn 0.0316 0.5266 -0.8496
vn 0.0189 0.5395 -0.8418
vn -0.1403 0.6904 -0.7096
vn 0.2637 0.1265 -0.9563
vn 0.2641 0.1267 -0.9561
vn 0.4873 0.1120 -0.8660
vn 0.5197 0.1371 -0.8433
vn 0.7001 0.2420 -0.6718
vn 0.7182 0.2543 -0.6477
vn 0.7183 0.3598 -0.5955
vn 0.8070 0.3036 -0.5066
vn 0.4389 0.8352 -0.3314
vn 0.2514 0.9200 -0.3007
vn 0.0865 0.9575 -0.2752
vn 0.0686 0.9640 -0.2569
vn -0.0144 0.9662 -0.2573
vn -0.0236 0.9721 -0.2334
vn 0.7705 0.4865 -0.4119
vn 0.6631 0.6330 -0.3995
vn 0.4889 0.7754 -0.3997
vn 0.4363 0.8242 -0.3611
vn 0.2812 0.8735 -0.3975
vn 0.2409 0.8983 -0.3673
vn 0.0851 0.9166 -0.3906
vn 0.0625 0.9263 -0.3716
vn -0.0363 0.9241 -0.3805
vn -0.0502 0.9422 -0.3313
vn -0.1346 0.6950 -0.7063
vn 0.0378 0.7073 -0.7059
vn 0.0530 0.6949 -0.7172
vn 0.2846 0.6762 -0.6795
vn 0.3063 0.6553 -0.6905
vn 0.5229 0.5945 -0.6109
vn 0.5463 0.5637 -0.6195
vn 0.6958 0.4870 -0.5279
vn 0.7143 0.4505 -0.5355
vn 0.7934 0.3901 -0.4672
vn 0.8068 0.3494 -0.4764
vn 0.8533 0.0241 -0.5209
vn 0.7667 0.0119 -0.6419
vn 0.8825 0.0161 -0.4701
vn 0.8624 0.0360 -0.5049
vn 0.8620 0.0544 -0.5039
vn 0.8591 0.0604 -0.5082
vn 0.8539 0.2039 -0.4788
vn 0.4576 0.0197 -0.8890
vn 0.4835 0.0428 -0.8743
vn 0.8030 0.2186 -0.5545
vn 0.8120 0.2286 -0.5369
vn 0.8107 0.2918 -0.5075
vn 0.8552 0.2544 -0.4516
vn 0.8441 0.3126 -0.4357
vn 0.7940 0.4156 -0.4436
vn 0.7703 0.4833 -0.4160
vn 0.6962 0.5446 -0.4677
vn 0.6623 0.6044 -0.4428
vn 0.5261 0.6803 -0.5103
vn 0.4859 0.7263 -0.4862
vn 0.3009 0.7832 -0.5441
vn 0.2670 0.8105 -0.5213
vn 0.0738 0.8289 -0.5545
vn 0.0529 0.8421 -0.5366
vn 0.8562 -0.2514 -0.4514
vn -0.0369 -0.0134 -0.9992
vn 0.8825 -0.0137 -0.4701
vn -0.0759 -0.0759 -0.9942
vn -0.1767 -0.3689 -0.9125
vn -0.2074 -0.4186 -0.8842
vn -0.1638 -0.5218 -0.8372
vn -0.1890 -0.5605 -0.8063
vn -0.1355 -0.6909 -0.7101
vn -0.1481 -0.7029 -0.6957
vn -0.0805 -0.9069 -0.4137
vn -0.0418 -0.9237 -0.3807
vn -0.0477 -0.9418 -0.3329
vn -0.0377 -0.9607 -0.2751
vn -0.0156 -0.9668 -0.2552
vn -0.0228 -0.9739 -0.2256
vn -0.0173 -0.9798 -0.1995
vn -0.0169 -0.9795 -0.2007
vn 0.0457 -0.9770 -0.2084
vn 0.2675 -0.9269 -0.2631
vn 0.4668 -0.8283 -0.3098
vn 0.8621 -0.2436 -0.4443
vn 0.8615 -0.2345 -0.4503
vn 0.8895 -0.0533 -0.4539
vn 0.8833 -0.0971 -0.4587
vn 0.8844 -0.1284 -0.4487
vn 0.8789 -0.1443 -0.4547
vn 0.8752 -0.1800 -0.4491
vn 0.0756 -0.0365 -0.9965
vn 0.0420 -0.0721 -0.9965
vn 0.0481 -0.1260 -0.9909
vn 0.0130 -0.1593 -0.9871
vn 0.2606 -0.0225 -0.9652
vn 0.2550 -0.0281 -0.9665
vn 0.5451 -0.3088 -0.7795
vn 0.8450 -0.3100 -0.4357
vn 0.5665 -0.2717 -0.7780
vn 0.5233 -0.2117 -0.8254
vn 0.7669 -0.0319 -0.6410
vn 0.7726 -0.0423 -0.6335
vn 0.7723 -0.0710 -0.6313
vn 0.7896 -0.1014 -0.6051
vn 0.7884 -0.1335 -0.6005
vn 0.8063 -0.1620 -0.5690
vn 0.8533 -0.0217 -0.5209
vn 0.8627 -0.0344 -0.5045
vn 0.8580 -0.0995 -0.5039
vn 0.8583 -0.1001 -0.5034
vn 0.8558 -0.1479 -0.4958
vn 0.8575 -0.1524 -0.4913
vn 0.8545 -0.2012 -0.4789
vn 0.8636 -0.2198 -0.4538
vn 0.8635 -0.2215 -0.4531
vn 0.8078 -0.2916 -0.5122
vn 0.8110 -0.2975 -0.5037
vn 0.7021 -0.1497 -0.6962
vn 0.6679 -0.1142 -0.7355
vn 0.6678 -0.0718 -0.7409
vn 0.6362 -0.0342 -0.7708
vn 0.6356 -0.0139 -0.7719
vn -0.0788 -0.9785 -0.1904
vn -0.1170 -0.9352 -0.3344
vn -0.1456 -0.9033 -0.4035
vn -0.1426 -0.8985 -0.4152
vn -0.1861 -0.8266 -0.5311
vn -0.1842 -0.8102 -0.5564
vn -0.2287 -0.7403 -0.6322
vn -0.1139 0.9361 -0.3329
vn -0.1650 0.8598 -0.4833
vn -0.2362 0.6761 -0.6979
vn -0.1888 0.8247 -0.5331
vn -0.0765 0.9872 -0.1398
vn -0.0492 0.9831 -0.1765
vn -0.0733 0.9885 -0.1325
vn -0.0537 0.9965 -0.0636
vn 0.9020 0.0461 -0.4293
vn 0.0108 0.9910 -0.1332
vn 0.0289 0.9914 -0.1276
vn 0.1209 0.9756 -0.1835
vn 0.1940 0.9655 -0.1735
vn 0.4125 0.8717 -0.2645
vn 0.3945 0.8864 -0.2420
vn 0.2974 0.9258 -0.2334
vn 0.2269 0.9530 -0.2009
vn 0.7337 0.5687 -0.3719
vn 0.8496 0.3281 -0.4129
vn 0.8582 0.2840 -0.4275
vn 0.8859 0.1330 -0.4444
vn 0.8642 0.2558 -0.4333
vn 0.8953 0.0467 -0.4430
vn 0.8938 0.0202 -0.4481
vn 0.5606 0.7767 -0.2872
vn 0.6528 0.6839 -0.3257
vn 0.7292 0.5790 -0.3648
vn 0.3753 0.9107 -0.1723
vn 0.4125 0.8880 -0.2034
vn 0.5661 0.7821 -0.2604
vn 0.6579 0.6886 -0.3049
vn 0.7352 0.5841 -0.3438
vn 0.7415 0.5759 -0.3441
vn 0.7945 0.4779 -0.3748
vn 0.7988 0.4708 -0.3745
vn 0.8517 0.3294 -0.4074
vn 0.8548 0.3246 -0.4049
vn 0.8878 0.1681 -0.4284
vn 0.8896 0.1648 -0.4260
vn 0.8994 0.0483 -0.4345
vn 0.9007 0.0457 -0.4320
vn 0.0662 -0.9861 -0.1525
vn 0.2143 -0.9574 -0.1937
vn 0.8649 -0.2543 -0.4327
vn 0.8939 -0.0150 -0.4481
vn 0.8954 -0.0453 -0.4430
vn 0.8866 -0.1273 -0.4446
vn 0.7362 -0.5649 -0.3727
vn 0.7887 -0.4721 -0.3938
vn 0.8588 -0.2838 -0.4265
vn 0.4722 -0.8335 -0.2870
vn 0.0129 -0.9917 -0.1276
vn 0.0265 -0.9919 -0.1246
vn 0.9019 -0.0447 -0.4297
vn 0.2781 -0.9342 -0.2234
vn 0.4013 -0.8905 -0.2146
vn 0.7302 -0.5786 -0.3633
vn 0.6538 -0.6839 -0.3238
vn 0.5614 -0.7769 -0.2849
vn 0.4114 -0.8868 -0.2106
vn 0.4130 -0.8884 -0.2006
vn 0.3757 -0.9111 -0.1693
vn 0.2122 -0.9692 -0.1246
vn 0.2040 -0.9705 -0.1282
vn 0.1935 -0.9656 -0.1736
vn 0.1217 -0.9766 -0.1775
vn -0.0449 -0.9990 -0.0065
vn -0.0427 -0.9988 -0.0245
vn -0.0679 -0.9900 -0.1238
vn 0.0097 -0.9999 -0.0081
vn -0.9819 -0.0227 -0.1882
vn -0.9595 -0.0218 -0.2810
vn -0.9611 -0.0305 -0.2744
vn -0.9507 -0.0274 -0.3088
vn -0.9416 -0.0313 -0.3353
vn -0.9283 -0.0408 -0.3696
vn -0.9448 -0.0411 -0.3252
vn -0.9541 -0.0958 -0.2838
vn -0.9480 -0.1520 -0.2797
vn -0.9319 -0.1146 -0.3442
vn -0.9831 -0.1794 0.0375
vn -0.9909 -0.1182 0.0639
vn -0.8631 -0.0001 -0.5050
vn -0.8269 -0.0040 -0.5624
vn -0.8266 0.0055 -0.5628
vn -0.7537 -0.0874 -0.6513
vn -0.7544 -0.0775 -0.6519
vn -0.7068 -0.0839 -0.7024
vn -0.6874 -0.0774 -0.7222
vn -0.7434 -0.0911 -0.6626
vn -0.5806 -0.1085 -0.8069
vn -0.5772 -0.1073 -0.8095
vn -0.5621 -0.1659 -0.8103
vn -0.5947 -0.1633 -0.7872
vn -0.5781 -0.2175 -0.7864
vn -0.7364 -0.0012 -0.6766
vn -0.6258 -0.3670 -0.6883
vn -0.6202 -0.3693 -0.6921
vn -0.6480 -0.4046 -0.6453
vn -0.7189 -0.3012 -0.6265
vn -0.7895 -0.1741 -0.5885
vn -0.8030 -0.1574 -0.5748
vn -0.8107 -0.2334 -0.5370
vn -0.8554 -0.2563 -0.4501
vn -0.8721 -0.0830 -0.4822
vn -0.8700 -0.0840 -0.4858
vn -0.8090 -0.2709 -0.5217
vn -0.2355 -0.9718 0.0079
vn -0.2908 -0.9563 0.0298
vn -0.3379 -0.9411 0.0106
vn -0.2900 -0.9552 -0.0590
vn -0.1537 -0.9856 -0.0708
vn -0.3481 -0.6619 -0.6639
vn -0.3271 -0.7597 -0.5620
vn -0.1961 -0.8950 -0.4007
vn -0.2347 -0.9065 -0.3509
vn -0.1315 -0.9532 -0.2722
vn -0.5759 -0.8175 0.0058
vn -0.1463 -0.9628 -0.2273
vn -0.6532 -0.7398 -0.1613
vn -0.6344 -0.7163 -0.2907
vn -0.6499 -0.6918 -0.3147
vn -0.5851 -0.6561 -0.4767
vn -0.6507 -0.5574 -0.5156
vn -0.6234 -0.5427 -0.5629
vn -0.6222 -0.5039 -0.5992
vn -0.6103 -0.4968 -0.6170
vn -0.6357 -0.7716 -0.0226
vn -0.6403 -0.7538 -0.1475
vn -0.3513 -0.8935 -0.2796
vn -0.3978 -0.7986 -0.4516
vn -0.3687 -0.7831 -0.5008
vn -0.3760 -0.7522 -0.5411
vn -0.3575 -0.7406 -0.5689
vn -0.4075 -0.6845 -0.6044
vn -0.3673 -0.6536 -0.6617
vn -0.8390 -0.5274 0.1338
vn -0.8973 -0.1981 -0.3946
vn -0.9466 -0.3179 0.0534
vn -0.4432 -0.3342 -0.8318
vn -0.4674 -0.3311 -0.8197
vn -0.3578 -0.6001 -0.7154
vn -0.1717 -0.1964 -0.9654
vn -0.8112 0.5690 0.1347
vn -0.8457 0.5281 0.0765
vn -0.7757 0.3638 -0.5156
vn -0.2249 0.8503 -0.4759
vn -0.1641 0.9088 -0.3835
vn -0.1468 0.9388 -0.3116
vn -0.2298 0.9340 -0.2737
vn -0.2312 0.9625 -0.1416
vn -0.1446 0.9762 -0.1617
vn -0.3485 0.8520 -0.3907
vn -0.3243 0.9035 -0.2802
vn -0.9447 0.3027 0.1262
vn -0.9490 0.3129 0.0385
vn -0.4514 0.3716 -0.8113
vn -0.4662 0.3389 -0.8172
vn -0.4445 -0.0006 -0.8958
vn -0.3093 0.5978 -0.7395
vn -0.1711 0.2205 -0.9603
vn -0.1592 0.2202 -0.9624
vn -0.2464 0.4926 -0.8347
vn -0.3168 0.5912 -0.7417
vn 0.0145 0.9998 -0.0121
vn 0.3762 0.9109 -0.1694
vn 0.4015 0.9017 -0.1606
vn 0.2548 0.9606 -0.1110
vn 0.3323 0.9324 -0.1422
vn 0.0665 0.9972 -0.0346
vn 0.0666 0.9973 -0.0315
vn 0.0671 0.9973 -0.0282
vn 0.0713 0.9971 -0.0260
vn 0.2073 0.9779 -0.0285
vn 0.1785 0.9812 -0.0736
vn 0.1857 0.9786 -0.0886
vn 0.3271 -0.9351 -0.1366
vn 0.1855 -0.9800 -0.0728
vn 0.2229 -0.9744 -0.0284
vn 0.0392 -0.9991 -0.0173
vn 0.9020 -0.0895 -0.4224
vn 0.1856 -0.9790 -0.0848
vn 0.3737 -0.9124 -0.1671
vn 0.9957 0.0354 -0.0859
vn 0.9830 0.1630 -0.0841
vn 0.9841 0.1567 -0.0838
vn 0.9908 0.1068 -0.0836
vn 0.8217 0.5662 -0.0650
vn 0.8551 0.5139 -0.0685
vn 0.8637 0.4998 -0.0660
vn 0.2402 0.9707 -0.0107
vn 0.4439 0.8954 -0.0344
vn 0.4593 0.8873 -0.0408
vn 0.5196 0.8532 -0.0446
vn 0.5758 0.8162 -0.0480
vn 0.7352 0.6742 -0.0700
vn 0.6261 0.7774 -0.0607
vn 0.8613 0.5015 -0.0812
vn 0.8620 0.5003 -0.0815
vn 0.9896 0.1057 -0.0976
vn 0.9838 0.1506 -0.0972
vn 0.9821 0.1629 -0.0948
vn 0.9640 0.2488 -0.0935
vn 0.9612 0.2605 -0.0912
vn 0.9467 0.3094 -0.0902
vn 0.9121 0.4010 -0.0854
vn 0.9946 0.0534 -0.0891
vn 0.9620 0.2607 -0.0814
vn 0.9630 0.2573 -0.0805
vn 0.9697 0.2314 -0.0788
vn 0.2534 -0.9673 -0.0105
vn 0.7686 -0.6370 -0.0586
vn 0.5697 -0.8205 -0.0460
vn 0.5168 -0.8551 -0.0410
vn 0.9593 -0.2723 -0.0750
vn 0.8569 -0.5112 -0.0660
vn 0.8553 -0.5139 -0.0665
vn 0.8195 -0.5696 -0.0624
vn 0.7689 -0.6367 -0.0586
vn 0.9634 -0.2560 -0.0793
vn 0.9948 -0.0555 -0.0859
vn 0.9948 -0.0532 -0.0865
vn 0.9961 -0.0183 -0.0859
vn 0.9943 -0.0358 -0.1004
vn 0.9941 -0.0531 -0.0945
vn 0.9909 -0.0930 -0.0973
vn 0.9464 -0.3103 -0.0891
vn 0.9250 -0.3702 -0.0860
vn 0.9229 -0.3755 -0.0849
vn 0.8764 -0.4746 -0.0810
vn 0.8618 -0.5015 -0.0763
vn 0.8367 -0.5424 -0.0762
vn 0.9621 -0.2605 -0.0805
vn 0.9234 -0.3757 -0.0789
vn 0.9185 -0.3882 -0.0754
vn 0.8620 -0.5016 -0.0729
vn 0.8551 -0.5138 -0.0694
vn 0.7769 -0.6261 -0.0658
vn 0.7685 -0.6369 -0.0622
vn 0.6743 -0.7362 -0.0578
vn 0.6648 -0.7451 -0.0542
vn 0.5671 -0.8221 -0.0496
vn 0.9826 0.1505 -0.1087
vn 0.9694 0.2203 -0.1084
vn 0.9629 0.2486 -0.1050
vn 0.9453 0.3092 -0.1040
vn 0.9367 0.3344 -0.1037
vn 0.9330 0.3451 -0.1023
vn 0.9109 0.4007 -0.0981
vn 0.8800 0.4653 -0.0955
vn 0.8613 0.5001 -0.0895
vn 0.7934 0.6028 -0.0844
vn 0.7789 0.6219 -0.0806
vn 0.7348 0.6741 -0.0753
vn 0.6795 0.7305 -0.0679
vn 0.6260 0.7773 -0.0627
vn 0.8757 0.4722 -0.1004
vn 0.8787 0.4668 -0.1003
vn 0.9287 0.3545 -0.1089
vn 0.9357 0.3359 -0.1081
vn 0.9623 0.2470 -0.1137
vn 0.9686 0.2217 -0.1123
vn 0.9812 0.1544 -0.1155
vn 0.9850 0.1302 -0.1137
vn 0.9918 0.0534 -0.1162
vn 0.9927 0.0411 -0.1131
vn 0.9501 0.0471 -0.3084
vn 0.9362 0.0553 -0.3470
vn 0.9808 0.0620 -0.1848
vn 0.9786 0.0677 -0.1941
vn 0.6161 0.7837 -0.0789
vn 0.6082 0.7862 -0.1092
vn 0.9583 0.0578 -0.2800
vn 0.9711 0.0558 -0.2320
vn 0.9893 0.0504 -0.1367
vn 0.9887 0.0544 -0.1394
vn 0.9774 0.1614 -0.1364
vn 0.9767 0.1649 -0.1374
vn 0.9580 0.2539 -0.1334
vn 0.9568 0.2577 -0.1343
vn 0.6125 0.7870 -0.0741
vn 0.6108 0.7883 -0.0743
vn 0.5248 0.8496 -0.0527
vn 0.9809 -0.0614 -0.1846
vn 0.7777 -0.6239 -0.0771
vn 0.7939 -0.6026 -0.0818
vn 0.8359 -0.5422 -0.0861
vn 0.8755 -0.4744 -0.0923
vn 0.8803 -0.4651 -0.0939
vn 0.9239 -0.3700 -0.0978
vn 0.9369 -0.3342 -0.1026
vn 0.9451 -0.3101 -0.1029
vn 0.9701 -0.2190 -0.1046
vn 0.9725 -0.2088 -0.1036
vn 0.9895 -0.0929 -0.1105
vn 0.9928 -0.0406 -0.1126
vn 0.9931 -0.0358 -0.1117
vn 0.8011 -0.5921 -0.0873
vn 0.7930 -0.6033 -0.0847
vn 0.7118 -0.6985 -0.0738
vn 0.6179 -0.7840 -0.0598
vn 0.7206 -0.6875 -0.0894
vn 0.7491 -0.6540 -0.1056
vn 0.8015 -0.5872 -0.1130
vn 0.8238 -0.5521 -0.1290
vn 0.8681 -0.4775 -0.1358
vn 0.8825 -0.4457 -0.1500
vn 0.9168 -0.3679 -0.1556
vn 0.9247 -0.3417 -0.1675
vn 0.9488 -0.2653 -0.1718
vn 0.9523 -0.2454 -0.1814
vn 0.9675 -0.1735 -0.1842
vn 0.9684 -0.1591 -0.1919
vn 0.9787 -0.0670 -0.1939
vn 0.9712 -0.0550 -0.2318
vn 0.6164 -0.7838 -0.0762
vn 0.7378 -0.6577 -0.1517
vn 0.7523 -0.6365 -0.1697
vn 0.8115 -0.5559 -0.1804
vn 0.8226 -0.5325 -0.1993
vn 0.8688 -0.4495 -0.2077
vn 0.8756 -0.4269 -0.2260
vn 0.9093 -0.3455 -0.2319
vn 0.9122 -0.3258 -0.2485
vn 0.9351 -0.2491 -0.2521
vn 0.9351 -0.2337 -0.2664
vn 0.9495 -0.1626 -0.2682
vn 0.9481 -0.1520 -0.2794
vn 0.9237 -0.3615 -0.1268
vn 0.9238 -0.3612 -0.1269
vn 0.8729 -0.4735 -0.1181
vn 0.8705 -0.4783 -0.1162
vn 0.8037 -0.5856 -0.1057
vn 0.7960 -0.5968 -0.1012
vn 0.7203 -0.6877 -0.0902
vn 0.7075 -0.7017 -0.0840
vn 0.5250 -0.8496 -0.0498
vn -0.9182 -0.0000 0.3961
vn -1.0000 0.0096 0.0019
vn -0.9997 0.0001 -0.0252
vn -0.9999 -0.0000 -0.0152
vn -0.9997 -0.0000 0.0251
vn -0.9998 -0.0002 0.0184
vn -0.9995 0.0101 0.0283
vn -0.9997 0.0115 0.0197
vn 0.7796 0.6221 -0.0719
vn 0.7765 0.6260 -0.0723
vn 0.8594 -0.0573 -0.5081
vn 0.8624 -0.0510 -0.5036
vn -0.9888 0.0246 -0.1472
vn -0.9912 0.0179 -0.1311
vn -0.9946 0.0076 -0.1038
vn -0.9968 0.0001 -0.0798
vn -0.9968 0.0002 -0.0799
vn -0.9998 -0.0105 0.0138
vn -0.9999 -0.0114 0.0104
vn -0.9947 -0.0072 -0.1029
vn -0.9946 -0.0075 -0.1037
vn -0.9923 -0.0148 -0.1229
vn -0.9994 -0.0111 0.0343
vn -0.1149 0.9934 0.0054
vn -0.1193 0.9928 0.0060
vn 0.4847 -0.6966 -0.5289
vn 0.5268 -0.7069 -0.4720
vn -0.9982 -0.0000 0.0592
vn -0.9983 0.0126 0.0571
vn -0.1498 0.9381 -0.3124
vn -0.1456 0.9420 -0.3025
vn -0.9603 0.2428 -0.1374
vn -0.9586 0.2407 -0.1522
vn -0.9491 0.1992 -0.2438
vn -0.9639 0.2451 -0.1037
vn -0.9459 0.1929 -0.2608
vn -0.9316 0.1455 -0.3332
vn -0.9512 0.1088 -0.2887
vn -0.9535 0.1043 -0.2827
vn -0.9576 0.0962 -0.2714
vn -0.9624 0.0864 -0.2574
vn -0.9759 0.0570 -0.2107
vn -0.9735 0.0633 -0.2198
vn -0.9796 0.0485 -0.1949
vn 0.0567 -0.9175 -0.3937
vn 0.0899 -0.9254 -0.3683
vn -0.9868 0.0001 -0.1620
vn -0.9841 0.0032 -0.1775
vn -0.9839 0.0037 -0.1789
vn -0.9889 0.0002 -0.1486
vn -0.9883 0.0002 -0.1523
vn -0.9887 0.0003 -0.1499
vn -0.9897 0.0003 -0.1432
vn -0.9927 0.0004 -0.1205
vn -0.9910 0.0002 -0.1337
vn -0.9897 -0.0214 -0.1415
vn -0.9821 -0.0412 -0.1837
vn -0.9808 -0.0450 -0.1898
vn -0.9793 -0.0525 -0.1954
vn -0.9862 -0.0863 -0.1411
vn -0.9802 -0.1281 -0.1513
vn -0.5759 -0.2749 -0.7699
vn -0.6146 -0.2452 -0.7497
vn -0.9666 -0.0213 -0.2555
vn -0.9860 -0.0019 -0.1666
vn -0.9964 -0.0202 0.0827
vn -0.9980 -0.0099 0.0629
vn -0.9941 -0.0091 0.1081
vn 0.9520 0.2459 -0.1822
vn 0.9485 0.2657 -0.1726
vn -0.9928 0.0156 0.1189
vn -0.9633 0.2575 0.0760
vn -0.9622 0.2634 0.0694
vn -0.9593 0.2745 0.0660
vn -0.9559 0.2808 0.0864
vn -0.8896 0.4182 -0.1838
vn -0.8559 0.5171 -0.0076
vn -0.8173 0.5726 -0.0641
vn -0.8303 0.4704 -0.2989
vn -0.7180 0.0948 -0.6895
vn -0.7183 0.0947 -0.6893
vn -0.8938 0.1993 -0.4016
vn 0.9688 -0.2214 -0.1115
vn 0.9625 -0.2466 -0.1128
vn -0.9137 0.1531 -0.3765
vn -0.9194 0.1503 -0.3635
vn -0.9595 0.0194 -0.2809
vn -0.9530 0.0320 -0.3013
vn 0.7772 0.5818 -0.2400
vn 0.7428 0.6355 -0.2109
vn -0.9598 0.0239 -0.2797
vn -0.9553 0.0959 -0.2796
vn -0.9665 0.0190 -0.2559
vn -0.9720 -0.0115 -0.2348
vn -0.9703 -0.0145 -0.2415
vn -0.9752 0.0114 -0.2212
vn 0.8119 0.5785 -0.0777
vn 0.8611 0.4877 -0.1441
vn -0.1796 0.4096 -0.8944
vn -0.2182 0.3722 -0.9021
vn -0.9806 0.0002 -0.1959
vn -0.9869 0.0003 -0.1616
vn -0.9547 0.0005 -0.2977
vn -0.9565 0.0009 -0.2916
vn -0.9849 -0.0017 -0.1731
vn -0.9811 -0.0057 -0.1933
vn -0.4867 -0.4008 -0.7762
vn -0.4895 -0.3857 -0.7820
vn 0.8750 0.4274 -0.2273
vn 0.8682 0.4499 -0.2091
vn -0.9736 -0.0621 -0.2198
vn -0.9766 -0.0555 -0.2076
vn -0.9496 -0.1982 -0.2430
vn -0.9626 -0.0856 -0.2571
vn -0.9573 -0.0963 -0.2726
vn -0.9526 -0.1054 -0.2853
vn -0.9319 -0.1444 -0.3328
vn -0.9460 -0.1913 -0.2616
vn -0.9588 -0.2375 -0.1561
vn -0.9630 -0.2438 -0.1151
vn -0.9641 -0.2446 -0.1028
vn -0.9618 -0.2706 0.0411
vn -0.9523 -0.2852 0.1081
vn -0.9490 -0.2726 0.1582
vn -0.9578 -0.2392 0.1595
vn 0.9362 0.0553 -0.3471
vn 0.9365 0.0536 -0.3466
vn -0.9540 -0.2856 0.0911
vn -0.1195 0.9874 -0.1037
vn -0.1269 0.9896 -0.0675
vn -0.9906 -0.0194 0.1352
vn -0.9889 -0.0015 0.1483
vn -0.9911 -0.0001 0.1328
vn -0.8408 -0.0797 -0.5354
vn -0.8543 -0.0779 -0.5139
vn -0.9886 0.0010 0.1505
vn 0.5266 0.8487 -0.0487
vn 0.5668 0.8219 -0.0562
vn -0.9521 0.2751 0.1332
vn -0.9534 0.2817 0.1082
vn 0.6613 -0.5679 -0.4901
vn 0.6954 -0.5798 -0.4245
vn -0.3495 -0.9361 -0.0388
vn -0.3194 -0.9461 -0.0538
vn 0.6740 -0.7361 -0.0625
vn 0.6800 -0.7306 -0.0617
vn 0.0509 0.1652 -0.9849
vn 0.0084 0.1330 -0.9911
vn -0.7902 0.3318 -0.5152
vn -0.8126 0.3035 -0.4975
vn -0.8568 0.2473 -0.4525
vn -0.8507 0.2554 -0.4595
vn -0.9035 0.1238 -0.4103
vn -0.9002 0.1134 -0.4204
vn -0.9488 0.0339 -0.3139
vn -0.9458 0.0417 -0.3221
vn -0.9513 0.0304 -0.3068
vn 0.1495 0.9479 0.2813
vn 0.1288 0.9520 0.2777
vn -0.9235 0.0184 -0.3831
vn -0.9260 0.0148 -0.3773
vn -0.9454 0.0006 -0.3259
vn -0.0763 -0.9564 0.2818
vn -0.1820 -0.9396 0.2898
vn -0.9399 0.0006 -0.3414
vn -0.9704 -0.0135 -0.2412
vn -0.9665 -0.0197 -0.2559
vn -0.8854 -0.4249 -0.1882
vn -0.8372 -0.3625 -0.4095
vn -0.8301 -0.4719 -0.2971
vn -0.9597 -0.0245 -0.2800
vn -0.9533 -0.0307 -0.3005
vn -0.9574 -0.0270 -0.2875
vn -0.9197 -0.1491 -0.3632
vn -0.9140 -0.1519 -0.3762
vn -0.9781 0.0100 -0.2080
vn -0.9806 0.0046 -0.1961
vn -0.8509 -0.5116 -0.1191
vn -0.2020 0.9791 0.0230
vn -0.2888 0.9566 0.0392
vn -0.8515 -0.5021 0.1511
vn -0.8642 -0.4792 0.1534
vn -0.8785 -0.4515 0.1559
vn -0.9323 -0.3255 0.1578
vn -0.8637 -0.4770 0.1628
vn -0.8357 -0.5205 0.1751
vn -0.7899 -0.5809 0.1964
vn -0.7050 -0.6706 0.2307
vn -0.6153 -0.7423 0.2655
vn -0.7459 -0.0000 0.6661
vn 0.9283 0.1372 -0.3455
vn 0.9276 0.1504 -0.3419
vn -0.9866 -0.0020 0.1634
vn -0.9864 -0.0194 0.1632
vn -0.9864 -0.0186 0.1632
vn -0.9862 -0.0292 0.1632
vn -0.9760 -0.1458 0.1619
vn -0.9877 -0.0193 0.1550
vn -0.9863 -0.0188 0.1642
vn -0.9869 -0.0018 0.1612
vn -0.9870 -0.0016 0.1608
vn -0.9893 0.0009 0.1456
vn -0.9890 0.0182 0.1469
vn -0.9858 0.0408 0.1631
vn -0.9760 0.1457 0.1618
vn -0.9843 0.0025 0.1766
vn -0.9864 0.0180 0.1632
vn -0.9493 0.2718 0.1580
vn -0.9329 0.3239 0.1576
vn -0.8888 0.4308 0.1562
vn -0.8687 0.4711 0.1526
vn -0.8362 0.5284 0.1466
vn -0.8189 0.5559 0.1430
vn 0.7666 0.0350 -0.6411
vn 0.7729 0.0465 -0.6328
vn -0.3011 0.9036 -0.3048
vn -0.3015 0.9066 -0.2954
vn -0.8904 -0.2017 -0.4082
vn -0.8958 -0.1944 -0.3996
vn -0.3141 0.9493 -0.0122
vn -0.3065 0.9517 -0.0179
vn -0.3189 0.8371 -0.4445
vn -0.3555 0.7972 -0.4880
vn -0.4121 0.7477 -0.5207
vn 0.8887 -0.1630 -0.4285
vn 0.8895 -0.1674 -0.4253
vn -0.7184 0.4058 -0.5649
vn -0.7402 0.3844 -0.5517
vn -0.7354 0.3887 -0.5550
vn 0.0043 -0.3585 -0.9335
vn 0.0245 -0.3782 -0.9254
vn -0.8087 0.2753 -0.5199
vn -0.8099 0.2464 -0.5323
vn -0.7891 0.1748 -0.5889
vn -0.8035 0.1555 -0.5746
vn -0.8020 0.1566 -0.5764
vn -0.8096 0.4119 -0.4181
vn -0.8344 0.3235 -0.4462
vn -0.8022 0.1564 -0.5761
vn -0.8763 0.0793 -0.4752
vn -0.8844 0.0784 -0.4601
vn -0.8845 0.0782 -0.4600
vn -0.8998 0.0553 -0.4329
vn -0.9341 0.0006 -0.3570
vn -0.9398 0.0006 -0.3417
vn -0.8792 0.0007 -0.4765
vn -0.8735 0.0007 -0.4868
vn -0.8744 0.0011 -0.4852
vn -0.9217 -0.0196 -0.3874
vn -0.9257 -0.0139 -0.3780
vn -0.9259 -0.0136 -0.3774
vn -0.9587 -0.0243 -0.2834
vn -0.9517 -0.0289 -0.3058
vn -0.7378 -0.4410 -0.5110
vn -0.7350 -0.4475 -0.5094
vn -0.8530 -0.2513 -0.4573
vn -0.8134 -0.3019 -0.4972
vn -0.7945 -0.3263 -0.5122
vn -0.9486 -0.0327 -0.3149
vn -0.9524 -0.0290 -0.3034
vn -0.9005 -0.1119 -0.4202
vn -0.9038 -0.1224 -0.4100
vn 0.8152 -0.4376 -0.3794
vn 0.8012 -0.4710 -0.3690
vn -0.8750 -0.1922 -0.4444
vn -0.6435 -0.7607 0.0857
vn -0.6469 -0.7576 0.0869
vn -0.7132 -0.6896 0.1254
vn -0.7902 -0.5966 0.1401
vn -0.8367 -0.5272 0.1487
vn -0.6982 -0.7054 0.1226
vn -0.5301 -0.7988 0.2845
vn -0.6055 -0.7890 0.1041
vn -0.5864 -0.8038 0.1004
vn -0.4937 -0.8657 0.0831
vn 0.6441 -0.0000 0.7649
vn -0.3726 -0.8716 0.3184
vn -0.3594 -0.8763 0.3209
vn -0.6258 0.7318 0.2700
vn -0.7346 0.6399 0.2255
vn -0.8350 0.5196 0.1812
vn -0.8679 0.4681 0.1660
vn -0.1246 0.9742 -0.1881
vn -0.1278 0.9667 -0.2217
vn -0.1238 0.9696 -0.2109
vn -0.3369 -0.1782 -0.9245
vn -0.3675 -0.1111 -0.9234
vn -0.1380 0.9568 -0.2560
vn -0.2993 0.9541 -0.0015
vn -0.5055 0.8589 0.0825
vn 0.0313 0.9607 0.2760
vn 0.0533 0.9599 0.2752
vn -0.5416 0.7892 0.2894
vn -0.8220 0.0037 -0.5695
vn -0.8201 -0.0047 -0.5722
vn 0.8852 -0.1653 -0.4349
vn 0.8827 -0.1748 -0.4361
vn -0.0776 -0.9841 -0.1597
vn -0.0776 -0.9841 -0.1596
vn -0.5785 0.0013 -0.8157
vn -0.5860 0.0017 -0.8103
vn -0.1708 0.9067 -0.3856
vn -0.2084 0.8398 -0.5014
vn -0.2164 0.8179 -0.5331
vn -0.3622 0.7162 -0.5966
vn -0.3801 0.6725 -0.6351
vn -0.3886 0.6625 -0.6404
vn -0.4677 0.5952 -0.6535
vn -0.3827 -0.0545 -0.9223
vn -0.4444 -0.0125 -0.8957
vn -0.6320 0.4578 -0.6253
vn -0.6410 0.4342 -0.6330
vn -0.7166 0.3454 -0.6060
vn -0.7353 0.3249 -0.5948
vn -0.7339 0.2574 -0.6285
vn -0.7596 0.1884 -0.6225
vn -0.7581 0.1902 -0.6238
vn -0.1265 -0.9891 -0.0754
vn -0.1196 -0.9874 -0.1035
vn -0.7778 0.1740 -0.6039
vn -0.7945 0.1540 -0.5874
vn -0.7880 0.2137 -0.5774
vn -0.8154 0.0886 -0.5721
vn -0.8196 0.0837 -0.5668
vn -0.8312 0.0821 -0.5499
vn 0.6646 0.7451 -0.0555
vn 0.6727 0.7379 -0.0535
vn -0.8631 0.0010 -0.5050
vn -0.8496 0.0120 -0.5274
vn -0.8639 0.0014 -0.5037
vn -0.9040 -0.0466 -0.4251
vn -0.8998 -0.0538 -0.4329
vn 0.9673 0.1741 -0.1847
vn 0.9682 0.1596 -0.1924
vn -0.2977 -0.9320 -0.2068
vn -0.3357 -0.8470 -0.4122
vn -0.3117 -0.8705 -0.3809
vn -0.7611 -0.3625 -0.5378
vn -0.7269 -0.3886 -0.5662
vn -0.6892 -0.4192 -0.5910
vn -0.8529 -0.1959 -0.4839
vn -0.7667 -0.2642 -0.5852
vn -0.7402 -0.3459 -0.5766
vn -0.8847 -0.0770 -0.4599
vn -0.8840 -0.0769 -0.4611
vn -0.8765 -0.0777 -0.4751
vn -0.8102 -0.1505 -0.5665
vn 0.1246 -0.9552 0.2686
vn 0.1635 -0.9472 0.2757
vn 0.8835 0.1343 -0.4487
vn 0.8790 0.1467 -0.4537
vn -0.7799 0.0432 -0.6244
vn -0.7649 0.0338 -0.6433
vn 0.4207 -0.0000 0.9072
vn 0.4208 -0.0000 0.9072
vn -0.2919 -0.9057 0.3073
vn -0.2260 -0.9280 0.2963
vn -0.2211 -0.9293 0.2958
vn -0.3674 0.8703 0.3281
vn -0.8076 -0.0655 -0.5861
vn -0.7930 -0.0541 -0.6068
vn -0.2748 -0.5551 -0.7851
vn -0.3045 -0.5411 -0.7839
vn 0.8128 -0.2255 -0.5372
vn 0.8033 -0.2150 -0.5554
vn 0.2758 -0.2362 -0.9317
vn 0.2751 -0.2353 -0.9322
vn -0.0864 0.9698 -0.2283
vn -0.6048 0.7899 0.1011
vn -0.7307 0.6709 0.1266
vn -0.1491 0.9014 -0.4065
vn -0.1228 0.9924 -0.0006
vn -0.1332 0.9910 0.0086
vn -0.3022 0.8997 0.3149
vn -0.0536 0.9931 -0.1044
vn -0.6752 -0.0943 -0.7316
vn -0.6079 -0.0488 -0.7925
vn -0.0742 0.9972 -0.0013
vn -0.0647 0.9979 -0.0029
vn 0.8577 -0.4236 -0.2914
vn 0.8633 -0.4109 -0.2930
vn -0.1485 0.9000 -0.4099
vn -0.4489 -0.3066 -0.8393
vn -0.4696 -0.3129 -0.8255
vn 0.7378 -0.6342 -0.2313
vn 0.7970 -0.5552 -0.2378
vn -0.3817 0.6632 -0.6437
vn -0.3044 0.6156 -0.7269
vn -0.4725 0.4653 -0.7485
vn -0.6471 0.0006 -0.7624
vn -0.6363 0.0013 -0.7715
vn -0.7137 0.2930 -0.6363
vn -0.7519 0.1938 -0.6301
vn -0.6460 0.2243 -0.7297
vn -0.6697 0.2055 -0.7137
vn -0.7085 0.1760 -0.6835
vn -0.7141 0.1727 -0.6785
vn -0.7892 0.2151 -0.5752
vn -0.5927 0.1793 -0.7852
vn -0.5749 0.1846 -0.7971
vn -0.7690 0.1310 -0.6257
vn -0.1456 -0.9428 -0.2997
vn -0.1571 -0.9313 -0.3286
vn -0.7301 0.0915 -0.6772
vn -0.7296 0.0919 -0.6776
vn -0.7368 0.0894 -0.6701
vn -0.8143 0.0777 -0.5752
vn -0.8395 0.0117 -0.5433
vn -0.8915 0.2039 -0.4046
vn -0.8937 0.1988 -0.4023
vn -0.7719 -0.1264 -0.6231
vn -0.7851 -0.1169 -0.6082
vn -0.8399 -0.0098 -0.5426
vn -0.8499 -0.0102 -0.5269
vn 0.0341 -0.6906 -0.7225
vn 0.0556 -0.7033 -0.7087
vn -0.1240 -0.9768 -0.1746
vn 0.8963 0.1450 -0.4192
vn 0.8920 0.1657 -0.4206
vn -0.1939 -0.8683 -0.4565
vn -0.1859 -0.8785 -0.4400
vn -0.1703 -0.9036 -0.3930
vn -0.7059 -0.1760 -0.6860
vn -0.7311 -0.1588 -0.6635
vn -0.6774 -0.4274 -0.5987
vn -0.2217 0.3587 -0.9067
vn -0.2175 0.4068 -0.8872
vn -0.7328 -0.3140 -0.6037
vn -0.7319 -0.3084 -0.6076
vn -0.7764 -0.1743 -0.6057
vn -0.7709 -0.1799 -0.6111
vn -0.7590 -0.1865 -0.6239
vn -0.7595 -0.1855 -0.6235
vn -0.2167 -0.8272 -0.5184
vn -0.8680 -0.0780 -0.4904
vn -0.9902 -0.0160 0.1388
vn -0.9923 -0.0172 0.1230
vn -0.7962 -0.1722 -0.5800
vn -0.7815 -0.1634 -0.6022
vn -0.7889 -0.2122 -0.5767
vn 0.9244 0.3421 -0.1687
vn 0.9164 0.3682 -0.1569
vn -0.8201 -0.0822 -0.5663
vn -0.7950 -0.1073 -0.5971
vn -0.2390 0.7624 -0.6013
vn -0.2164 0.8143 -0.5386
vn -0.1241 -0.9914 -0.0417
vn -0.1241 -0.9914 -0.0412
vn -0.7594 0.2940 -0.5804
vn -0.7484 0.3262 -0.5775
vn 0.9938 0.0534 -0.0971
vn 0.9939 0.0449 -0.1005
vn -0.2090 -0.9328 0.2937
vn -0.6006 0.2323 -0.7651
vn -0.6329 0.2069 -0.7461
vn -0.2267 0.9256 0.3033
vn -0.2385 0.9221 0.3046
vn -0.1059 -0.9943 0.0075
vn -0.0750 -0.9972 0.0024
vn -0.0234 0.9926 -0.1191
vn -0.0160 0.9823 -0.1865
vn -0.8537 0.0801 -0.5145
vn -0.8473 0.0812 -0.5248
vn -0.2114 0.9300 0.3007
vn -0.5021 -0.3098 -0.8074
vn -0.4946 -0.3245 -0.8063
vn -0.0352 0.9994 -0.0035
vn -0.0469 0.9989 -0.0059
vn -0.0394 0.9992 -0.0073
vn -0.0202 0.9997 -0.0098
vn 0.0095 0.9998 -0.0151
vn 0.0124 0.9998 -0.0162
vn 0.0526 0.9981 -0.0334
vn -0.6212 0.6309 -0.4650
vn -0.6067 0.6693 -0.4289
vn -0.7670 0.1803 -0.6158
vn -0.7722 0.1788 -0.6096
vn -0.2443 0.6655 -0.7053
vn -0.2448 0.6676 -0.7031
vn -0.2556 0.6225 -0.7397
vn -0.9697 0.0004 -0.2444
vn -0.6925 0.0012 -0.7214
vn -0.6982 0.0019 -0.7159
vn -0.5020 0.3163 -0.8049
vn -0.4991 0.3232 -0.8040
vn -0.5571 0.2873 -0.7791
vn 0.8947 -0.1387 -0.4246
vn 0.8935 -0.1649 -0.4177
vn -0.1930 0.9324 0.3055
vn -0.0752 0.9577 0.2777
vn -0.6901 0.1016 -0.7166
vn -0.6358 0.1698 -0.7530
vn -0.7133 0.0763 -0.6967
vn -0.6899 0.1034 -0.7165
vn 0.6646 0.7450 -0.0568
vn 0.6740 0.7362 -0.0603
vn 0.8531 0.0301 0.5209
vn 0.8450 -0.0000 0.5347
vn -0.7352 0.0102 -0.6777
vn -0.7487 0.0195 -0.6627
vn 0.7927 0.6034 -0.0868
vn 0.7115 0.6985 -0.0762
vn -0.8167 0.0014 -0.5770
vn -0.1182 0.9848 -0.1271
vn -0.1175 0.9855 -0.1225
vn -0.6130 0.4701 -0.6350
vn -0.5788 0.4856 -0.6551
vn -0.8253 -0.0882 -0.5578
vn -0.1421 -0.9509 -0.2749
vn -0.4928 0.3847 -0.7804
vn -0.4891 0.3661 -0.7917
vn 0.9355 -0.0341 -0.3516
vn 0.9370 -0.0538 -0.3452
vn -0.9829 -0.1168 0.1425
vn -0.9773 -0.1452 0.1544
vn -0.0758 -0.9870 -0.1418
vn -0.1177 -0.9860 -0.1182
vn -0.2925 -0.9553 0.0432
vn -0.2875 -0.9568 0.0423
vn -0.1697 -0.8967 -0.4088
vn -0.8428 -0.5373 0.0322
vn -0.8716 -0.4900 0.0148
vn -0.5575 -0.4742 -0.6814
vn -0.8325 -0.0801 -0.5483
vn -0.8134 -0.0823 -0.5758
vn -0.2398 -0.7427 -0.6252
vn -0.7653 -0.1867 -0.6160
vn 0.6369 0.0386 -0.7700
vn 0.6686 0.0765 -0.7397
vn -0.1987 0.8610 -0.4682
vn -0.1695 0.8958 -0.4109
vn -0.7661 -0.1717 -0.6194
vn -0.7537 -0.1909 -0.6289
vn -0.5905 -0.2860 -0.7546
vn -0.5724 -0.3342 -0.7488
vn -0.7336 -0.0929 -0.6732
vn 0.9869 -0.1170 -0.1106
vn 0.9854 -0.1290 -0.1109
vn -0.0651 -0.9979 0.0007
vn -0.2275 -0.7923 -0.5661
vn -0.2168 -0.8150 -0.5373
vn -0.5987 -0.0000 0.8009
vn 0.0047 -0.9635 0.2678
vn -0.0316 -0.9995 -0.0013
vn -0.0453 -0.9990 -0.0027
vn -0.0178 -0.9998 -0.0059
vn -0.0071 -1.0000 -0.0063
vn 0.0112 -0.9999 -0.0062
vn 0.1814 -0.9834 -0.0049
vn -0.0078 0.9839 -0.1787
vn 0.0196 0.9780 -0.2076
vn -0.6270 -0.4616 -0.6275
vn -0.6424 -0.4506 -0.6199
vn 0.8541 -0.3228 -0.4077
vn 0.8539 -0.3293 -0.4031
vn 0.1159 0.9732 -0.1986
vn 0.0522 0.9981 -0.0333
vn 0.0701 0.9968 -0.0390
vn 0.0843 0.9954 -0.0445
vn 0.1595 0.9841 -0.0776
vn 0.9092 0.2563 -0.3281
vn 0.8927 0.3233 -0.3140
vn 0.0065 0.9616 0.2745
vn 0.1896 0.9818 -0.0086
vn 0.1991 0.9799 -0.0082
vn 0.0115 0.9999 -0.0097
vn -0.0071 0.9999 -0.0097
vn -0.0178 0.9998 -0.0094
vn 0.0133 0.9998 -0.0150
vn 0.0373 0.9992 -0.0147
vn 0.0282 0.9994 -0.0178
vn 0.0273 0.9995 -0.0180
vn 0.0179 0.9997 -0.0173
vn 0.0130 0.9998 -0.0163
vn 0.0113 0.9998 -0.0159
vn -0.2388 0.7268 -0.6440
vn -0.2352 0.7370 -0.6337
vn 0.0157 -0.5194 -0.8544
vn 0.0336 -0.5329 -0.8455
vn 0.0306 -0.9624 0.2698
vn 0.0262 -0.9627 0.2694
vn -0.4140 0.2941 -0.8614
vn -0.4562 0.3126 -0.8332
vn 0.8789 -0.4666 -0.0987
vn 0.8760 -0.4721 -0.0988
vn 0.8058 -0.5294 -0.2653
vn 0.8413 -0.4680 -0.2706
vn 0.9928 -0.0407 -0.1129
vn 0.9918 -0.0531 -0.1160
vn -0.6770 0.1071 -0.7282
vn -0.6982 0.1118 -0.7071
vn -0.6393 0.0195 -0.7687
vn -0.8730 0.0833 -0.4806
vn -0.8653 0.0998 -0.4912
vn 0.9294 -0.3536 -0.1057
vn 0.9354 -0.3363 -0.1089
vn -0.7255 0.0012 -0.6883
vn -0.8105 0.0009 -0.5857
vn -0.7344 -0.0073 -0.6787
vn -0.7533 -0.0205 -0.6574
vn -0.7332 -0.0845 -0.6747
vn 0.0463 0.9971 -0.0602
vn 0.0400 0.9980 -0.0485
vn 0.0456 -0.9770 -0.2082
vn 0.0763 -0.9702 -0.2300
vn 0.9776 -0.1610 -0.1358
vn 0.9768 -0.1645 -0.1368
vn -0.3162 -0.6536 -0.6877
vn 0.7418 0.5761 -0.3432
vn 0.7138 0.6193 -0.3271
vn -0.3506 -0.6369 -0.6866
vn -0.6877 -0.1910 -0.7004
vn -0.7262 -0.0905 -0.6815
vn -0.7184 -0.0924 -0.6895
vn 0.9582 -0.2535 -0.1325
vn 0.9571 -0.2573 -0.1334
vn -0.7039 -0.1025 -0.7029
vn -0.6682 -0.2048 -0.7153
vn -0.9846 0.0002 -0.1746
vn -0.9843 0.0003 -0.1765
vn -0.4910 -0.3647 -0.7912
vn 0.8817 0.1787 -0.4367
vn 0.8847 0.1666 -0.4353
vn 0.0500 -0.9983 -0.0292
vn 0.1504 -0.9860 -0.0719
vn 0.0081 -0.9999 -0.0115
vn -0.0199 -0.9998 -0.0063
vn -0.0431 -0.9991 -0.0031
vn 0.1828 -0.9831 -0.0059
vn 0.1821 -0.9833 -0.0055
vn 0.2106 -0.9775 -0.0083
vn 0.0722 -0.9604 0.2691
vn 0.2512 -0.9678 -0.0124
vn -0.9839 -0.1694 -0.0564
vn -0.9897 -0.1326 -0.0532
vn -0.2615 -0.0000 0.9652
vn -0.8037 -0.1531 -0.5749
vn -0.8027 -0.1545 -0.5761
vn 0.5235 0.2180 -0.8237
vn 0.5664 0.2774 -0.7760
vn 0.0184 -0.9998 -0.0114
vn 0.0215 -0.9997 -0.0111
vn 0.0097 -0.9999 -0.0117
vn 0.0091 -0.9999 -0.0117
vn 0.1301 -0.9915 -0.0083
vn 0.1424 0.9619 -0.2335
vn 0.2079 0.9410 -0.2669
vn 0.2099 0.9399 -0.2692
vn 0.2259 0.9343 -0.2758
vn 0.0478 -0.8272 -0.5599
vn 0.0781 -0.8403 -0.5364
vn 0.0716 0.9966 -0.0401
vn 0.0999 0.9949 -0.0132
vn 0.1131 0.9935 -0.0125
vn 0.1742 0.9847 -0.0093
vn 0.2352 0.9719 -0.0129
vn 0.1165 0.9919 -0.0505
vn 0.2134 0.9721 -0.0977
vn 0.2483 0.9622 -0.1120
vn 0.2647 0.9566 -0.1218
vn 0.3597 0.9184 -0.1647
vn 0.2389 0.9710 -0.0131
vn -0.0005 0.9999 -0.0108
vn -0.1843 0.2915 -0.9387
vn -0.1668 0.2658 -0.9495
vn -0.1849 0.2949 -0.9375
vn -0.7858 0.1176 -0.6072
vn -0.7756 0.1248 -0.6188
vn -0.9809 0.1831 -0.0653
vn -0.9889 0.1483 -0.0100
vn -0.4345 0.0250 -0.9003
vn -0.4483 0.0135 -0.8938
vn -0.4692 0.0012 -0.8831
vn -0.5842 0.0014 -0.8116
vn -0.3700 0.0693 -0.9264
vn -0.3544 0.1594 -0.9214
vn -0.3403 0.1969 -0.9195
vn -0.6984 0.0011 -0.7157
vn -0.7872 0.0504 -0.6146
vn -0.8065 0.0669 -0.5874
vn 0.4027 0.8910 -0.2094
vn 0.4094 0.8851 -0.2215
vn -0.9920 0.0130 0.1252
vn -0.9903 0.0192 0.1378
vn -0.2474 -0.5531 -0.7955
vn -0.2545 -0.5677 -0.7829
vn -0.2437 -0.6685 -0.7026
vn -0.2273 -0.6907 -0.6865
vn -0.2479 -0.6775 -0.6925
vn -0.0783 -0.0409 -0.9961
vn -0.0636 -0.0134 -0.9979
vn -0.6492 0.6913 -0.3171
vn -0.6336 0.7160 -0.2932
vn -0.9597 0.0240 -0.2800
vn -0.9536 0.0315 -0.2994
vn -0.0638 -0.9934 -0.0957
vn -0.0298 -0.9972 -0.0685
vn -0.2450 -0.5024 -0.8292
vn -0.6976 -0.1051 -0.7087
vn -0.6895 -0.1189 -0.7144
vn -0.6775 -0.1052 -0.7279
vn -0.6764 -0.1040 -0.7292
vn -0.6542 -0.1360 -0.7440
vn -0.6881 -0.0995 -0.7187
vn -0.6207 -0.2030 -0.7573
vn -0.5391 0.4604 -0.7053
vn -0.4949 0.4425 -0.7479
vn -0.0624 0.0208 -0.9978
vn -0.0875 0.0624 -0.9942
vn 0.1464 -0.9869 -0.0684
vn 0.0807 -0.9960 -0.0395
vn 0.0726 -0.9967 -0.0363
vn 0.0529 -0.9981 -0.0300
vn 0.0505 -0.9983 -0.0293
vn -0.0006 -1.0000 -0.0075
vn 0.0114 -0.9999 -0.0125
vn 0.1237 -0.9923 -0.0087
vn 0.0712 -0.9969 -0.0331
vn 0.0715 -0.9969 -0.0340
vn 0.0740 -0.9966 -0.0374
vn 0.1198 -0.9916 -0.0482
vn 0.2505 -0.9680 -0.0123
vn 0.2594 -0.9657 -0.0132
vn 0.3465 -0.9378 -0.0233
vn 0.2342 -0.9316 0.2781
vn 0.1126 -0.0000 0.9936
vn 0.2410 0.9274 0.2862
vn 0.3378 0.9409 -0.0243
vn 0.2493 0.9683 -0.0142
vn 0.0145 -0.9998 -0.0133
vn 0.0193 -0.9997 -0.0140
vn 0.0277 -0.9996 -0.0112
vn 0.0302 -0.9995 -0.0112
vn 0.0525 -0.9986 -0.0108
vn 0.0566 -0.9983 -0.0107
vn 0.3491 0.8908 -0.2909
vn 0.4047 0.8650 -0.2965
vn 0.4015 0.8672 -0.2944
vn 0.5534 0.7683 -0.3217
vn 0.5824 0.7502 -0.3130
vn 0.3764 0.9260 -0.0304
vn 0.3759 0.9107 -0.1713
vn 0.3542 0.9210 -0.1623
vn 0.3753 0.9107 -0.1725
vn 0.3820 0.9075 -0.1746
vn 0.4412 0.8746 -0.2011
vn 0.4527 0.8674 -0.2065
vn 0.4666 0.8583 -0.2133
vn 0.5159 0.8238 -0.2347
vn 0.5188 0.8216 -0.2361
vn 0.2838 -0.3477 -0.8936
vn 0.2863 -0.3500 -0.8919
vn -0.1739 0.2662 -0.9481
vn -0.1724 0.2573 -0.9508
vn -0.1708 0.2205 -0.9603
vn -0.1658 0.0850 -0.9825
vn -0.1837 0.0748 -0.9801
vn -0.4575 -0.0059 -0.8892
vn -0.5632 -0.0496 -0.8248
vn -0.1749 0.0725 -0.9819
vn 0.8549 0.5139 -0.0711
vn 0.8618 0.5017 -0.0747
vn -0.2415 -0.7348 -0.6339
vn -0.2299 -0.7145 -0.6607
vn 0.2523 -0.9204 -0.2987
vn 0.2229 -0.9366 -0.2703
vn 0.2144 -0.9396 -0.2668
vn -0.1280 -0.9674 -0.2186
vn -0.1305 -0.9655 -0.2252
vn 0.1986 -0.9482 -0.2478
vn 0.1459 -0.9620 -0.2309
vn 0.0878 -0.9702 -0.2258
vn 0.1121 -0.9720 -0.2065
vn 0.8690 -0.2683 -0.4157
vn 0.8577 -0.3246 -0.3988
vn -0.0377 0.9992 -0.0159
vn -0.0394 0.9991 -0.0120
vn -0.0869 -0.9716 -0.2202
vn -0.0867 -0.9717 -0.2198
vn -0.3912 -0.2687 -0.8802
vn -0.2040 -0.3183 -0.9258
vn -0.3791 -0.2408 -0.8935
vn 0.9854 0.1293 -0.1111
vn 0.9882 0.1056 -0.1109
vn 0.3588 -0.9194 -0.1610
vn 0.2642 -0.9572 -0.1183
vn 0.2543 -0.9606 -0.1124
vn 0.2087 -0.9736 -0.0925
vn -0.0008 -1.0000 -0.0072
vn 0.0528 -0.9983 -0.0249
vn 0.0202 -0.9997 -0.0142
vn 0.2628 -0.9584 -0.1114
vn 0.3841 -0.9228 -0.0292
vn 0.4472 -0.8938 -0.0341
vn 0.2728 -0.9212 0.2775
vn 0.4206 -0.9066 -0.0341
vn 0.3537 -0.8913 0.2838
vn 0.4177 -0.8610 0.2901
vn 0.5116 -0.8038 0.3037
vn 0.8586 -0.0560 0.5096
vn 0.8579 -0.0501 0.5114
vn 0.8498 -0.0169 0.5269
vn -0.9973 -0.0122 0.0725
vn -0.9991 -0.0131 0.0412
vn 0.5331 0.7847 0.3164
vn 0.4206 0.8564 0.2995
vn 0.3510 0.8894 0.2929
vn 0.2643 0.9212 0.2857
vn 0.8582 0.0629 0.5094
vn 0.4152 0.9090 -0.0355
vn 0.0362 -0.9992 -0.0166
vn 0.5535 0.7684 -0.3213
vn 0.4942 0.8077 -0.3215
vn 0.6054 0.7107 -0.3584
vn 0.6253 0.6906 -0.3635
vn 0.6232 0.7103 -0.3273
vn 0.6551 0.6651 -0.3585
vn 0.5695 0.7794 -0.2610
vn 0.5971 0.7544 -0.2727
vn 0.4531 0.8905 -0.0410
vn 0.4630 0.8853 -0.0426
vn 0.4671 0.8831 -0.0433
vn 0.4683 0.8825 -0.0435
vn 0.4844 0.8735 -0.0485
vn 0.5146 0.8545 -0.0702
vn 0.5758 0.8116 -0.0989
vn 0.5986 0.7938 -0.1076
vn 0.6105 0.7838 -0.1137
vn 0.6272 0.7682 -0.1286
vn 0.6402 0.7559 -0.1371
vn 0.6985 0.6899 -0.1901
vn 0.6170 0.7352 -0.2807
vn -0.1910 -0.9814 0.0195
vn -0.1225 -0.9924 0.0113
vn -0.6386 0.2295 -0.7345
vn -0.5691 0.2801 -0.7731
vn -0.1224 0.1648 -0.9787
vn -0.1507 0.2011 -0.9679
vn -0.1021 0.1069 -0.9890
vn -0.1009 0.1023 -0.9896
vn -0.0973 0.0978 -0.9904
vn -0.0861 0.0813 -0.9930
vn -0.0842 0.0738 -0.9937
vn 0.9928 0.0449 -0.1108
vn 0.9929 0.0406 -0.1118
vn -0.9062 0.0459 -0.4204
vn -0.9227 0.0125 -0.3853
vn -0.0636 0.0054 -0.9980
vn -0.1594 -0.0589 -0.9855
vn -0.1747 -0.0688 -0.9822
vn -0.9583 0.2565 0.1256
vn -0.9777 0.1509 0.1460
vn -0.1677 -0.0596 -0.9840
vn 0.4404 -0.8352 -0.3295
vn 0.4190 -0.8540 -0.3085
vn 0.3767 -0.8813 -0.2855
vn 0.8922 -0.3223 -0.3164
vn 0.8895 -0.3298 -0.3161
vn 0.3754 -0.8825 -0.2833
vn 0.7539 0.6516 -0.0839
vn 0.7946 0.5918 -0.1356
vn -0.2363 -0.4161 -0.8781
vn -0.2305 -0.4359 -0.8700
vn -0.1210 -0.9812 -0.1505
vn -0.1118 -0.9853 -0.1293
vn 0.6961 -0.4599 -0.5513
vn 0.7143 -0.4723 -0.5164
vn -0.1625 -0.1985 -0.9665
vn -0.1597 -0.1998 -0.9667
vn -0.1835 -0.3148 -0.9312
vn -0.1713 -0.2596 -0.9504
vn -0.1903 -0.3016 -0.9342
vn 0.5342 -0.7842 -0.3158
vn 0.5502 -0.7718 -0.3186
vn 0.5842 -0.7493 -0.3118
vn 0.5669 -0.7823 -0.2581
vn 0.5072 -0.8313 -0.2272
vn 0.4677 -0.8584 -0.2107
vn 0.3757 -0.9111 -0.1695
vn 0.4394 -0.8764 -0.1972
vn 0.3811 -0.9086 -0.1711
vn 0.3556 -0.9209 -0.1596
vn 0.3744 -0.9128 -0.1628
vn 0.4569 -0.8886 -0.0401
vn 0.4539 -0.8902 -0.0391
vn 0.4433 -0.8956 -0.0374
vn 0.4573 -0.8885 -0.0381
vn 0.4618 -0.8861 -0.0390
vn 0.5411 -0.8398 -0.0453
vn 0.5610 -0.8265 -0.0474
vn 0.8859 0.3427 -0.3126
vn 0.8582 0.4244 -0.2887
vn 0.5275 -0.7929 0.3050
vn 0.8254 -0.3976 0.4007
vn 0.8594 -0.2638 0.4381
vn 0.8676 -0.1518 0.4736
vn 0.6620 -0.6718 0.3323
vn 0.7214 -0.5962 0.3524
vn 0.7644 -0.5299 0.3672
vn 0.8576 0.1026 -0.5039
vn 0.8579 0.1034 -0.5032
vn 0.8629 0.0951 0.4963
vn 0.8656 0.1432 0.4799
vn 0.8635 0.2191 0.4542
vn 0.8358 0.3598 0.4148
vn 0.7699 0.5153 0.3765
vn 0.6690 0.6593 0.3432
vn 0.5400 0.7797 0.3170
vn -0.5796 0.1270 -0.8049
vn -0.5656 0.1246 -0.8152
vn 0.5611 0.8262 -0.0504
vn 0.5398 0.8404 -0.0481
vn 0.4593 0.8873 -0.0413
vn 0.7095 0.5956 -0.3765
vn 0.7560 0.5266 -0.3889
vn 0.7084 0.5977 -0.3755
vn 0.6638 0.6826 -0.3057
vn 0.6760 0.6680 -0.3111
vn 0.4878 0.8717 -0.0458
vn 0.5671 -0.8221 -0.0515
vn 0.5259 -0.8492 -0.0478
vn 0.7176 0.6904 -0.0914
vn 0.7224 0.6852 -0.0929
vn -0.9833 0.0397 -0.1774
vn -0.9844 0.0364 -0.1720
vn -0.9866 0.0016 0.1634
vn -0.9865 -0.0000 0.1636
vn -0.2285 0.7398 -0.6328
vn -0.1903 0.7919 -0.5802
vn -0.4059 0.2835 -0.8688
vn -0.3891 0.2495 -0.8867
vn 0.9188 -0.3883 -0.0714
vn 0.9162 -0.3946 -0.0698
vn 0.7932 -0.3598 -0.4913
vn 0.8065 -0.3764 -0.4559
vn -0.0325 0.0245 -0.9992
vn 0.7885 0.1373 -0.5996
vn 0.8061 0.1653 -0.5683
vn -0.0369 0.0208 -0.9991
vn -0.1213 0.9791 -0.1631
vn -0.1184 0.9809 -0.1544
vn -0.0302 -0.0206 -0.9993
vn -0.0769 -0.0580 -0.9954
vn -0.1549 -0.1965 -0.9682
vn -0.0958 -0.0970 -0.9907
vn -0.1224 -0.1587 -0.9797
vn 0.6100 -0.7096 -0.3527
vn 0.5083 -0.8007 -0.3170
vn 0.6122 -0.7062 -0.3556
vn -0.6585 0.7470 -0.0920
vn -0.6422 0.7594 -0.1045
vn 0.6650 -0.6315 -0.3987
vn 0.6231 -0.6947 -0.3593
vn 0.2828 -0.6555 -0.7003
vn 0.3087 -0.6680 -0.6771
vn -0.9960 -0.0008 0.0896
vn -0.9975 -0.0001 0.0700
vn 0.7153 -0.3577 -0.6004
vn 0.7190 -0.3617 -0.5935
vn 0.2586 0.0017 -0.9660
vn 0.2583 0.0016 -0.9661
vn -0.1517 -0.1919 -0.9696
vn 0.6349 -0.6903 -0.3469
vn 0.6169 -0.7165 -0.3256
vn 0.6588 -0.6886 -0.3030
vn 0.6040 -0.7485 -0.2737
vn 0.5701 -0.7798 -0.2586
vn 0.5159 -0.8250 -0.2307
vn 0.4234 -0.8942 -0.1456
vn 0.6214 -0.7726 -0.1307
vn 0.6217 -0.7722 -0.1312
vn 0.6202 -0.7737 -0.1297
vn 0.5709 -0.8149 -0.1004
vn 0.5101 -0.8569 -0.0744
vn 0.4683 -0.8825 -0.0437
vn -0.7474 0.1483 -0.6477
vn -0.7424 0.1511 -0.6527
vn 0.4880 -0.8718 -0.0428
vn 0.4645 -0.8847 -0.0400
vn 0.8923 -0.0162 -0.4512
vn 0.8928 -0.0151 -0.4501
vn 0.6990 -0.2570 -0.6673
vn 0.7179 -0.2314 -0.6565
vn -0.0767 0.9823 -0.1709
vn -0.0786 0.9835 -0.1628
vn 0.9183 0.3884 -0.0768
vn 0.9232 0.3758 -0.0802
vn -0.9784 0.0003 -0.2068
vn -0.9785 0.0004 -0.2060
vn -0.5296 -0.1885 0.8271
vn 0.3942 -0.8864 -0.2427
vn 0.3843 -0.8898 -0.2461
vn -0.7045 0.0984 -0.7029
vn -0.7061 0.0985 -0.7012
vn -0.9843 0.1151 -0.1340
vn -0.9869 0.1117 -0.1168
vn 0.5670 0.8221 -0.0525
vn 0.7590 0.5231 -0.3876
vn 0.7926 0.4629 -0.3968
vn 0.8276 0.3799 -0.4133
vn 0.7873 0.4725 -0.3962
vn 0.8279 0.3778 -0.4145
vn 0.5918 0.8040 -0.0579
vn 0.6141 0.7868 -0.0616
vn 0.6177 0.7839 -0.0625
vn 0.7072 0.7017 -0.0865
vn 0.9850 -0.1298 -0.1132
vn 0.9813 -0.1541 -0.1150
vn 0.8008 0.5922 -0.0893
vn 0.7956 0.5969 -0.1032
vn -0.3242 -0.9288 -0.1795
vn -0.2979 -0.9324 -0.2045
vn -0.5162 -0.4500 -0.7287
vn -0.5388 -0.4607 -0.7054
vn 0.6686 0.1192 -0.7340
vn 0.7022 0.1542 -0.6951
vn -0.7168 -0.0917 -0.6912
vn -0.7151 -0.0944 -0.6927
vn 0.0509 -0.9970 -0.0588
vn 0.0465 -0.9970 -0.0618
vn 0.8403 0.3416 -0.4209
vn 0.8445 0.3225 -0.4277
vn 0.4825 -0.0377 -0.8751
vn 0.4569 -0.0149 -0.8894
vn 0.5430 -0.4340 -0.7189
vn 0.5494 -0.4387 -0.7111
vn 0.2550 0.0332 -0.9664
vn 0.2604 0.0278 -0.9651
vn 0.7425 -0.5756 -0.3426
vn 0.7954 -0.4772 -0.3735
vn -0.9720 0.0139 -0.2344
vn -0.9702 0.0145 -0.2417
vn 0.1607 0.0017 -0.9870
vn 0.2637 -0.1202 -0.9571
vn 0.2639 -0.1200 -0.9571
vn 0.6443 -0.6785 -0.3529
vn 0.8806 0.4658 -0.0871
vn 0.9152 0.3714 -0.1562
vn 0.7721 -0.4847 -0.4110
vn 0.7571 -0.5259 -0.3875
vn 0.7451 -0.5471 -0.3815
vn 0.7113 -0.5941 -0.3757
vn 0.7081 -0.5993 -0.3734
vn 0.7676 -0.4400 -0.4661
vn 0.7939 -0.4595 -0.3983
vn 0.8221 0.5327 -0.2010
vn 0.8109 0.5561 -0.1822
vn 0.9884 -0.1172 -0.0971
vn 0.9822 -0.1626 -0.0945
vn 0.0746 0.0417 -0.9963
vn 0.0410 0.0774 -0.9962
vn 0.7362 -0.5838 -0.3422
vn 0.6762 -0.6689 -0.3088
vn 0.6656 -0.6817 -0.3038
vn 0.6372 -0.7149 -0.2877
vn 0.7115 -0.6728 -0.2028
vn 0.7831 -0.5024 -0.3665
vn 0.7444 -0.5768 -0.3366
vn 0.6086 -0.7863 -0.1065
vn 0.6111 -0.7883 -0.0716
vn 0.6134 -0.7876 -0.0587
vn 0.5986 -0.7991 -0.0561
vn 0.6128 -0.7870 -0.0714
vn 0.9833 -0.1628 -0.0817
vn 0.9832 -0.1632 -0.0816
vn 0.7684 0.6370 -0.0626
vn 0.7764 0.6273 -0.0606
vn 0.8290 0.5495 -0.1037
vn 0.8610 0.4827 -0.1603
vn -0.1231 0.9916 -0.0389
vn -0.1234 0.9917 -0.0356
vn -0.1751 0.0043 -0.9845
vn -0.1755 0.0035 -0.9845
vn 0.7769 0.6263 -0.0648
vn 0.7681 0.6368 -0.0675
vn 0.6739 0.7361 -0.0639
vn 0.6797 0.7306 -0.0656
vn 0.7781 -0.6240 -0.0716
vn 0.7766 -0.6259 -0.0711
vn 0.8397 0.3493 -0.4158
vn 0.6924 0.7180 -0.0712
vn 0.6933 0.7171 -0.0713
vn 0.9200 -0.1987 -0.3377
vn 0.9152 -0.2306 -0.3306
vn 0.8821 0.4460 -0.1515
vn 0.0993 0.0059 -0.9950
vn 0.0726 0.0194 -0.9972
vn -0.6524 0.4944 -0.5744
vn -0.5799 0.6111 -0.5387
vn 0.8447 0.3639 -0.3925
vn 0.8434 0.3674 -0.3920
vn 0.8571 0.2853 -0.4290
vn 0.8615 0.2437 -0.4454
vn 0.8608 0.2367 -0.4505
vn 0.6364 0.0182 -0.7711
vn 0.6266 0.0054 -0.7793
vn 0.5992 0.0023 -0.8006
vn 0.5858 0.0014 -0.8105
vn 0.4640 0.0015 -0.8859
vn 0.4566 0.0033 -0.8897
vn -0.1228 0.8028 -0.5834
vn -0.0796 0.8342 -0.5457
vn 0.4489 0.0014 -0.8936
vn 0.8629 0.2223 -0.4538
vn 0.9478 0.1529 -0.2799
vn 0.9493 0.1634 -0.2687
vn 0.8553 0.1508 -0.4957
vn 0.8571 0.1553 -0.4912
vn 0.4560 -0.0004 -0.8900
vn 0.5228 -0.5698 -0.6340
vn 0.5473 -0.5813 -0.6021
vn 0.7910 -0.4646 -0.3981
vn 0.8289 -0.3774 -0.4130
vn 0.8290 -0.3762 -0.4137
vn 0.7965 -0.4545 -0.3989
vn 0.7858 -0.4772 -0.3935
vn 0.7597 -0.5231 -0.3862
vn 0.7470 -0.5452 -0.3804
vn -0.0928 -0.0682 -0.9933
vn -0.0814 -0.0579 -0.9950
vn 0.8455 -0.3205 -0.4272
vn 0.8412 -0.3402 -0.4202
vn -0.7395 -0.1511 -0.6560
vn -0.7597 -0.1374 -0.6356
vn 0.7518 0.6366 -0.1718
vn 0.7373 0.6578 -0.1539
vn -0.1065 0.9493 -0.2957
vn -0.0964 0.9567 -0.2748
vn 0.7300 -0.5967 -0.3332
vn 0.8397 0.4639 -0.2823
vn 0.8086 0.5305 -0.2544
vn 0.6935 -0.7171 -0.0689
vn 0.6927 -0.7180 -0.0687
vn 0.6798 -0.7305 -0.0653
vn -0.6192 0.7824 0.0676
vn -0.6138 0.7869 0.0637
vn -0.9783 -0.0080 -0.2070
vn -0.9790 -0.0080 -0.2035
vn -0.0950 -0.9570 -0.2742
vn -0.1053 -0.9504 -0.2927
vn -0.1660 0.5282 -0.8328
vn -0.1839 0.5520 -0.8133
vn -0.0898 -0.8313 -0.5485
vn -0.1037 -0.8227 -0.5589
vn 0.0738 -0.0155 -0.9972
vn 0.0993 -0.0024 -0.9951
vn 0.8457 0.3605 -0.3935
vn 0.6590 -0.7504 -0.0515
vn 0.6650 -0.7452 -0.0498
vn 0.0686 -0.9646 -0.2548
vn 0.0868 -0.9580 -0.2732
vn 0.8734 0.2135 -0.4377
vn 0.8682 0.2379 -0.4356
vn 0.8995 -0.0469 -0.4344
vn 0.9008 -0.0443 -0.4319
vn 0.9234 0.3618 -0.1280
vn 0.9229 0.3757 -0.0845
vn 0.9343 0.3454 -0.0886
vn 0.1851 -0.9789 -0.0862
vn 0.2154 -0.9711 -0.1025
vn 0.8632 0.2216 -0.4536
vn 0.6957 0.0013 -0.7184
vn 0.6305 0.0012 -0.7762
vn 0.6271 -0.0028 -0.7790
vn 0.5931 0.0013 -0.8051
vn 0.7846 0.0015 -0.6200
vn 0.7736 0.0015 -0.6337
vn 0.8743 0.1838 -0.4492
vn -0.0866 0.9710 -0.2229
vn -0.0800 0.9768 -0.1985
vn 0.8834 0.1000 -0.4579
vn 0.8913 0.0730 -0.4474
vn 0.8918 0.0685 -0.4472
vn 0.8406 -0.3482 -0.4150
vn -0.7670 -0.0282 -0.6411
vn -0.7801 -0.0465 -0.6239
vn 0.7998 -0.4701 -0.3733
vn 0.8504 -0.3270 -0.4122
vn 0.9728 -0.2089 -0.1003
vn 0.9613 -0.2603 -0.0903
vn 0.8621 -0.2570 -0.4367
vn 0.8574 -0.2853 -0.4284
vn 0.2054 0.9707 -0.1247
vn 0.2110 0.9682 -0.1347
vn 0.2634 -0.7888 -0.5553
vn 0.3044 -0.8015 -0.5148
vn 0.0777 0.9706 -0.2277
vn 0.0793 0.9687 -0.2350
vn -0.8691 -0.1382 -0.4749
vn -0.8747 -0.1330 -0.4661
vn 0.2350 -0.8832 -0.4059
vn 0.2855 -0.8888 -0.3585
vn 0.4318 -0.8002 -0.4163
vn 0.4900 -0.8005 -0.3451
vn 0.8843 0.2176 -0.4132
vn -0.3452 0.9296 -0.1295
vn -0.3245 0.9353 -0.1413
vn 0.9894 -0.0500 -0.1365
vn 0.9888 -0.0540 -0.1392
vn 0.9117 0.3265 -0.2495
vn 0.9088 0.3461 -0.2330
vn 0.2859 0.3547 -0.8902
vn 0.2838 0.3575 -0.8897
vn 0.7668 -0.0093 -0.6418
vn 0.9185 0.3884 -0.0740
vn 0.9294 0.3623 -0.0698
vn -0.0061 -0.9847 -0.1739
vn -0.0139 -0.9833 -0.1813
vn 0.8686 -0.2379 -0.4348
vn 0.8737 -0.2133 -0.4372
vn 0.8001 0.4716 -0.3708
vn 0.7904 0.4927 -0.3641
vn 0.8571 0.3258 -0.3990
vn 0.8677 0.2735 -0.4150
vn 0.8499 -0.3491 -0.3948
vn 0.0051 -0.2402 -0.9707
vn 0.0268 -0.2662 -0.9636
vn 0.2884 -0.4958 -0.8192
vn 0.2994 -0.5032 -0.8107
vn 0.9026 0.0789 -0.4231
vn 0.9280 -0.1494 -0.3413
vn 0.9292 -0.1310 -0.3455
vn -0.1235 -0.9917 -0.0353
vn -0.1176 -0.9930 -0.0143
vn 0.9347 0.2345 -0.2671
vn 0.9347 0.2498 -0.2529
vn 0.7725 0.0748 -0.6306
vn 0.7898 0.1053 -0.6042
vn 0.8924 -0.0632 -0.4468
vn 0.8924 -0.0634 -0.4468
vn 0.9502 -0.0461 -0.3083
vn 0.9584 -0.0569 -0.2798
vn 0.8862 -0.2098 -0.4132
vn 0.9100 -0.2522 -0.3290
vn 0.9194 0.2054 -0.3355
vn 0.9152 0.2317 -0.3298
vn -0.9936 -0.0002 0.1133
vn -0.9940 -0.0001 0.1094
vn 0.9048 0.0569 -0.4219
vn 0.9040 0.0385 -0.4258
vn 0.9049 -0.0331 -0.4243
vn 0.9053 0.0106 -0.4246
vn 0.9374 0.0337 -0.3466
vn -0.2522 0.4907 -0.8341
vn -0.2422 0.5449 -0.8028
vn 0.9025 -0.0798 -0.4231
vn 0.9010 -0.1060 -0.4207
vn 0.9025 -0.0829 -0.4226
vn 0.5193 -0.1313 -0.8444
vn 0.4865 -0.1059 -0.8672
vn 0.9348 -0.0761 -0.3471
vn 0.9336 -0.0887 -0.3471
vn 0.2153 0.9708 -0.1057
vn 0.1853 0.9786 -0.0895
vn 0.9361 0.0097 -0.3517
vn 0.9052 -0.0362 -0.4234
vn 0.9341 -0.0846 -0.3468
s 0
f 1//1 2//1 3//1
f 4//2 3//2 5//2
f 4//3 5//3 6//3
f 7//4 8//4 9//4
f 10//5 11//5 12//5
f 12//6 11//6 13//6
f 14//7 15//7 12//7
f 12//8 15//8 16//8
f 12//9 16//9 17//9
f 18//10 19//10 20//10
f 18//11 20//11 21//11
f 22//12 23//12 24//12
f 25//13 26//13 24//13
f 25//14 24//14 27//14
f 27//15 24//15 23//15
f 28//16 29//16 30//16
f 31//17 32//17 33//17
f 34//18 35//18 30//18
f 30//19 35//19 28//19
f 30//20 36//20 34//20
f 34//21 36//21 37//21
f 38//22 39//22 40//22
f 41//23 42//23 43//23
f 43//24 42//24 44//24
f 45//25 46//25 47//25
f 47//26 46//26 48//26
f 46//27 49//27 48//27
f 50//28 51//28 52//28
f 53//29 54//29 55//29
f 56//30 57//30 58//30
f 59//31 60//31 61//31
f 62//32 63//32 64//32
f 64//33 63//33 65//33
f 66//34 67//34 68//34
f 66//35 68//35 69//35
f 69//36 68//36 70//36
f 69//37 70//37 71//37
f 72//38 70//38 73//38
f 74//39 68//39 67//39
f 74//40 67//40 75//40
f 58//41 76//41 56//41
f 77//42 72//42 78//42
f 78//43 72//43 73//43
f 78//44 73//44 79//44
f 79//45 73//45 74//45
f 79//46 74//46 80//46
f 80//47 74//47 75//47
f 80//48 75//48 81//48
f 81//49 82//49 83//49
f 84//50 69//50 85//50
f 85//51 69//51 71//51
f 85//52 71//52 86//52
f 86//53 71//53 87//53
f 88//54 87//54 72//54
f 88//55 72//55 89//55
f 89//56 72//56 77//56
f 89//57 77//57 90//57
f 91//58 92//58 93//58
f 54//59 93//59 94//59
f 95//60 94//60 59//60
f 95//61 59//61 56//61
f 56//62 59//62 61//62
f 56//63 61//63 57//63
f 96//64 97//64 98//64
f 99//65 98//65 100//65
f 92//66 100//66 101//66
f 92//67 101//67 93//67
f 93//68 101//68 102//68
f 93//69 102//69 94//69
f 94//70 102//70 64//70
f 94//71 64//71 59//71
f 59//72 64//72 65//72
f 59//73 65//73 60//73
f 83//74 103//74 81//74
f 81//75 103//75 104//75
f 81//76 104//76 80//76
f 80//77 104//77 105//77
f 80//78 105//78 79//78
f 79//79 105//79 106//79
f 79//80 106//80 78//80
f 78//81 106//81 107//81
f 78//82 107//82 77//82
f 77//83 107//83 108//83
f 77//84 108//84 90//84
f 109//85 110//85 111//85
f 111//86 112//86 113//86
f 45//87 109//87 46//87
f 46//88 109//88 111//88
f 46//89 111//89 49//89
f 49//90 111//90 114//90
f 115//91 116//91 117//91
f 118//92 85//92 119//92
f 119//93 85//93 86//93
f 116//94 88//94 89//94
f 116//95 89//95 117//95
f 117//96 89//96 90//96
f 117//97 90//97 52//97
f 52//98 90//98 108//98
f 97//99 108//99 107//99
f 97//100 107//100 98//100
f 98//101 107//101 106//101
f 98//102 106//102 100//102
f 100//103 106//103 105//103
f 100//104 105//104 101//104
f 101//105 105//105 104//105
f 101//106 104//106 102//106
f 102//107 104//107 103//107
f 102//108 103//108 64//108
f 120//109 121//109 122//109
f 123//110 124//110 125//110
f 109//111 45//111 126//111
f 127//112 128//112 129//112
f 130//113 131//113 132//113
f 130//114 132//114 133//114
f 133//115 132//115 134//115
f 133//116 134//116 135//116
f 135//117 134//117 136//117
f 135//118 136//118 137//118
f 138//119 139//119 140//119
f 140//120 139//120 141//120
f 140//121 141//121 142//121
f 142//122 141//122 143//122
f 143//123 141//123 144//123
f 143//124 144//124 145//124
f 145//125 144//125 146//125
f 145//126 146//126 147//126
f 148//127 146//127 149//127
f 150//128 151//128 152//128
f 153//129 154//129 155//129
f 156//130 122//130 157//130
f 157//131 122//131 121//131
f 126//132 158//132 159//132
f 159//133 160//133 161//133
f 161//134 160//134 162//134
f 161//135 162//135 163//135
f 163//136 162//136 164//136
f 129//137 165//137 166//137
f 129//138 166//138 127//138
f 127//139 166//139 167//139
f 127//140 167//140 168//140
f 165//141 169//141 170//141
f 165//142 170//142 166//142
f 171//143 172//143 173//143
f 122//144 174//144 120//144
f 175//145 171//145 173//145
f 175//146 173//146 176//146
f 177//147 178//147 179//147
f 179//148 178//148 180//148
f 179//149 180//149 181//149
f 181//150 180//150 182//150
f 181//151 182//151 183//151
f 183//152 182//152 184//152
f 110//153 109//153 178//153
f 178//154 109//154 126//154
f 180//155 159//155 182//155
f 182//156 159//156 161//156
f 182//157 161//157 184//157
f 184//158 161//158 163//158
f 184//159 163//159 121//159
f 121//160 163//160 164//160
f 121//161 164//161 157//161
f 120//162 185//162 121//162
f 121//163 185//163 186//163
f 183//164 175//164 181//164
f 181//165 175//165 187//165
f 181//166 187//166 179//166
f 179//167 187//167 188//167
f 179//168 188//168 177//168
f 147//169 189//169 145//169
f 142//170 190//170 140//170
f 140//171 190//171 191//171
f 140//172 191//172 138//172
f 138//173 191//173 192//173
f 138//174 192//174 137//174
f 192//175 193//175 137//175
f 60//176 65//176 194//176
f 63//177 62//177 195//177
f 82//178 196//178 83//178
f 62//179 197//179 195//179
f 198//180 199//180 200//180
f 58//181 200//181 201//181
f 202//182 200//182 199//182
f 202//183 203//183 204//183
f 205//184 206//184 207//184
f 201//185 204//185 208//185
f 208//186 204//186 209//186
f 208//187 209//187 210//187
f 210//188 209//188 211//188
f 212//189 213//189 53//189
f 212//190 53//190 211//190
f 211//191 53//191 55//191
f 211//192 55//192 210//192
f 214//193 215//193 216//193
f 217//194 218//194 219//194
f 217//195 219//195 50//195
f 220//196 221//196 222//196
f 219//197 51//197 50//197
f 48//198 221//198 223//198
f 48//199 223//199 47//199
f 212//200 224//200 225//200
f 214//201 225//201 226//201
f 214//202 226//202 215//202
f 227//203 228//203 229//203
f 227//204 229//204 224//204
f 224//205 230//205 225//205
f 225//206 231//206 226//206
f 226//207 232//207 215//207
f 215//208 232//208 233//208
f 215//209 233//209 218//209
f 218//210 233//210 234//210
f 218//211 234//211 219//211
f 219//212 234//212 235//212
f 219//213 235//213 221//213
f 221//214 235//214 207//214
f 221//215 207//215 223//215
f 223//216 207//216 206//216
f 148//217 149//217 236//217
f 237//218 152//218 238//218
f 239//219 156//219 240//219
f 47//220 223//220 158//220
f 158//221 223//221 241//221
f 241//222 162//222 160//222
f 242//223 243//223 244//223
f 244//224 245//224 246//224
f 240//225 247//225 239//225
f 248//226 155//226 154//226
f 249//227 148//227 250//227
f 250//228 148//228 236//228
f 251//229 252//229 206//229
f 152//230 151//230 238//230
f 238//231 248//231 253//231
f 244//232 254//232 242//232
f 242//233 254//233 255//233
f 248//234 255//234 256//234
f 248//235 256//235 253//235
f 253//236 256//236 257//236
f 257//237 258//237 253//237
f 253//238 259//238 238//238
f 238//239 259//239 236//239
f 238//240 236//240 237//240
f 237//241 236//241 149//241
f 260//242 261//242 262//242
f 260//243 262//243 250//243
f 249//244 263//244 264//244
f 265//245 266//245 267//245
f 268//246 269//246 270//246
f 271//247 272//247 273//247
f 273//248 274//248 271//248
f 271//249 275//249 276//249
f 276//250 277//250 278//250
f 277//251 279//251 278//251
f 278//252 279//252 280//252
f 281//253 282//253 283//253
f 283//254 282//254 284//254
f 280//255 283//255 285//255
f 286//256 287//256 288//256
f 286//257 288//257 289//257
f 290//258 291//258 292//258
f 292//259 293//259 294//259
f 295//260 296//260 292//260
f 297//261 298//261 299//261
f 299//262 298//262 300//262
f 301//263 302//263 303//263
f 303//264 304//264 301//264
f 299//265 305//265 297//265
f 306//266 307//266 308//266
f 306//267 308//267 309//267
f 309//268 308//268 310//268
f 309//269 310//269 311//269
f 310//270 312//270 311//270
f 313//271 302//271 314//271
f 315//272 316//272 317//272
f 315//273 317//273 318//273
f 318//274 317//274 319//274
f 318//275 319//275 320//275
f 321//276 322//276 323//276
f 321//277 323//277 324//277
f 325//278 323//278 322//278
f 325//279 326//279 323//279
f 327//280 328//280 329//280
f 327//281 329//281 330//281
f 331//282 325//282 322//282
f 332//283 333//283 334//283
f 334//284 333//284 335//284
f 334//285 335//285 336//285
f 337//286 338//286 334//286
f 334//287 338//287 339//287
f 340//288 341//288 342//288
f 342//289 343//289 344//289
f 345//290 346//290 347//290
f 348//291 347//291 349//291
f 348//292 349//292 350//292
f 336//293 351//293 352//293
f 353//294 348//294 350//294
f 354//295 355//295 356//295
f 356//296 355//296 357//296
f 357//297 355//297 358//297
f 357//298 358//298 359//298
f 359//299 358//299 360//299
f 359//300 360//300 361//300
f 361//301 360//301 362//301
f 361//302 362//302 363//302
f 351//303 354//303 352//303
f 352//304 354//304 356//304
f 348//305 356//305 357//305
f 345//306 357//306 359//306
f 345//307 359//307 344//307
f 344//308 359//308 361//308
f 344//309 361//309 342//309
f 342//310 361//310 363//310
f 342//311 363//311 340//311
f 364//312 351//312 365//312
f 366//313 367//313 368//313
f 364//314 369//314 370//314
f 371//315 372//315 373//315
f 371//316 373//316 374//316
f 375//317 340//317 376//317
f 377//318 378//318 379//318
f 380//319 381//319 382//319
f 380//320 382//320 383//320
f 384//321 385//321 386//321
f 387//322 388//322 389//322
f 389//323 390//323 391//323
f 391//324 390//324 392//324
f 392//325 393//325 394//325
f 395//326 396//326 393//326
f 393//327 396//327 397//327
f 390//328 398//328 399//328
f 393//329 399//329 400//329
f 383//330 401//330 380//330
f 383//331 402//331 403//331
f 404//332 405//332 406//332
f 404//333 407//333 405//333
f 408//334 409//334 410//334
f 411//335 412//335 413//335
f 414//336 415//336 416//336
f 416//337 415//337 417//337
f 412//338 404//338 406//338
f 412//339 406//339 413//339
f 418//340 419//340 420//340
f 421//341 422//341 423//341
f 423//342 422//342 424//342
f 421//343 425//343 426//343
f 421//344 426//344 422//344
f 427//345 428//345 429//345
f 429//346 430//346 427//346
f 427//347 430//347 431//347
f 427//348 431//348 432//348
f 427//349 425//349 433//349
f 433//350 425//350 434//350
f 434//351 435//351 436//351
f 437//352 438//352 439//352
f 440//353 441//353 442//353
f 442//354 441//354 443//354
f 444//355 445//355 446//355
f 447//356 448//356 449//356
f 440//357 450//357 451//357
f 439//358 452//358 453//358
f 454//359 455//359 456//359
f 457//360 458//360 459//360
f 459//361 458//361 460//361
f 459//362 460//362 454//362
f 461//363 462//363 463//363
f 461//364 463//364 464//364
f 464//365 463//365 465//365
f 466//366 467//366 468//366
f 469//367 470//367 471//367
f 469//368 471//368 472//368
f 472//369 471//369 473//369
f 474//370 473//370 475//370
f 476//371 477//371 478//371
f 479//372 480//372 481//372
f 482//373 483//373 484//373
f 482//374 484//374 485//374
f 486//375 487//375 459//375
f 459//376 487//376 488//376
f 459//377 488//377 457//377
f 457//378 488//378 489//378
f 457//379 489//379 490//379
f 490//380 489//380 491//380
f 484//381 492//381 485//381
f 454//382 456//382 459//382
f 490//383 493//383 457//383
f 457//384 493//384 494//384
f 457//385 494//385 458//385
f 495//386 496//386 497//386
f 498//387 499//387 500//387
f 501//388 502//388 503//388
f 504//389 503//389 505//389
f 506//390 507//390 508//390
f 509//391 510//391 511//391
f 509//392 511//392 498//392
f 498//393 511//393 512//393
f 498//394 512//394 499//394
f 508//395 513//395 506//395
f 514//396 515//396 516//396
f 516//397 515//397 456//397
f 516//398 456//398 455//398
f 517//399 456//399 518//399
f 518//400 456//400 515//400
f 518//401 515//401 519//401
f 520//402 521//402 522//402
f 520//403 522//403 523//403
f 523//404 522//404 524//404
f 523//405 524//405 525//405
f 525//406 524//406 526//406
f 525//407 526//407 527//407
f 522//408 513//408 508//408
f 522//409 508//409 524//409
f 524//410 508//410 509//410
f 524//411 509//411 526//411
f 526//412 509//412 498//412
f 526//413 498//413 528//413
f 528//414 498//414 500//414
f 528//415 500//415 529//415
f 529//416 500//416 501//416
f 529//417 501//417 530//417
f 487//418 531//418 488//418
f 488//419 531//419 532//419
f 488//420 532//420 489//420
f 489//421 532//421 491//421
f 491//422 532//422 533//422
f 491//423 533//423 492//423
f 492//424 533//424 485//424
f 485//425 533//425 534//425
f 485//426 534//426 482//426
f 482//427 534//427 535//427
f 482//428 535//428 477//428
f 477//429 535//429 478//429
f 478//430 536//430 480//430
f 480//431 536//431 481//431
f 537//432 534//432 538//432
f 538//433 534//433 533//433
f 538//434 533//434 539//434
f 539//435 533//435 532//435
f 539//436 532//436 540//436
f 540//437 532//437 531//437
f 540//438 531//438 541//438
f 541//439 531//439 542//439
f 541//440 542//440 543//440
f 543//441 542//441 544//441
f 545//442 546//442 547//442
f 547//443 546//443 548//443
f 549//444 550//444 551//444
f 551//445 550//445 552//445
f 553//446 554//446 555//446
f 555//447 554//447 556//447
f 547//448 552//448 545//448
f 545//449 552//449 550//449
f 543//450 549//450 541//450
f 541//451 549//451 551//451
f 541//452 551//452 540//452
f 540//453 551//453 557//453
f 540//454 557//454 539//454
f 539//455 557//455 558//455
f 559//456 553//456 560//456
f 560//457 553//457 555//457
f 560//458 555//458 561//458
f 550//459 549//459 562//459
f 563//460 564//460 527//460
f 527//461 564//461 565//461
f 527//462 565//462 525//462
f 525//463 565//463 523//463
f 523//464 565//464 566//464
f 523//465 566//465 520//465
f 520//466 566//466 567//466
f 520//467 567//467 521//467
f 521//468 567//468 568//468
f 521//469 568//469 569//469
f 519//470 570//470 518//470
f 518//471 570//471 544//471
f 518//472 544//472 517//472
f 571//473 565//473 572//473
f 572//474 565//474 564//474
f 572//475 564//475 573//475
f 573//476 574//476 575//476
f 576//477 577//477 578//477
f 578//478 577//478 579//478
f 578//479 579//479 580//479
f 580//480 579//480 581//480
f 580//481 581//481 582//481
f 582//482 581//482 583//482
f 582//483 583//483 584//483
f 584//484 583//484 585//484
f 584//485 585//485 586//485
f 586//486 585//486 587//486
f 586//487 587//487 562//487
f 562//488 587//488 588//488
f 562//489 588//489 550//489
f 550//490 588//490 545//490
f 576//491 589//491 577//491
f 577//492 590//492 579//492
f 579//493 590//493 591//493
f 579//494 591//494 581//494
f 581//495 591//495 592//495
f 581//496 592//496 583//496
f 583//497 592//497 593//497
f 583//498 593//498 585//498
f 585//499 593//499 594//499
f 585//500 594//500 587//500
f 587//501 594//501 595//501
f 587//502 595//502 588//502
f 588//503 595//503 596//503
f 584//504 597//504 582//504
f 582//505 597//505 598//505
f 582//506 598//506 580//506
f 580//507 598//507 571//507
f 580//508 571//508 578//508
f 578//509 571//509 572//509
f 578//510 572//510 576//510
f 576//511 572//511 573//511
f 589//512 575//512 599//512
f 600//513 601//513 602//513
f 600//513 602//513 603//513
f 18//514 21//514 604//514
f 21//515 605//515 604//515
f 605//516 606//516 604//516
f 606//517 607//517 604//517
f 607//518 14//518 604//518
f 14//519 13//519 604//519
f 13//520 18//520 604//520
f 482//521 477//521 476//521
f 482//522 476//522 483//522
f 159//523 180//523 178//523
f 159//524 178//524 126//524
f 608//525 609//525 21//525
f 609//526 610//526 21//526
f 610//527 611//527 21//527
f 611//528 612//528 21//528
f 612//529 605//529 21//529
f 613//530 614//530 605//530
f 614//531 606//531 605//531
f 612//532 615//532 605//532
f 615//533 616//533 605//533
f 616//534 613//534 605//534
f 614//535 607//535 606//535
f 617//536 618//536 203//536
f 617//537 203//537 619//537
f 620//538 621//538 622//538
f 620//539 622//539 623//539
f 15//540 14//540 607//540
f 12//541 13//541 14//541
f 194//542 391//542 392//542
f 194//543 392//543 624//543
f 403//544 402//544 625//544
f 402//545 626//545 625//545
f 626//546 19//546 625//546
f 627//547 403//547 625//547
f 626//548 628//548 19//548
f 628//549 9//549 19//549
f 9//550 629//550 19//550
f 629//551 630//551 19//551
f 630//552 631//552 19//552
f 631//553 632//553 19//553
f 632//554 20//554 19//554
f 632//555 633//555 20//555
f 633//556 634//556 20//556
f 635//557 636//557 141//557
f 635//558 141//558 139//558
f 637//559 638//559 608//559
f 638//560 609//560 608//560
f 638//561 639//561 609//561
f 639//562 270//562 609//562
f 270//563 616//563 609//563
f 616//564 610//564 609//564
f 616//565 615//565 610//565
f 615//566 612//566 610//566
f 612//567 611//567 610//567
f 616//568 640//568 613//568
f 640//569 641//569 613//569
f 641//570 642//570 613//570
f 642//571 643//571 613//571
f 643//572 614//572 613//572
f 643//573 644//573 614//573
f 312//574 645//574 646//574
f 312//575 646//575 647//575
f 270//576 269//576 616//576
f 269//577 640//577 616//577
f 289//578 648//578 286//578
f 648//579 649//579 286//579
f 648//580 650//580 649//580
f 557//581 651//581 652//581
f 557//582 652//582 558//582
f 17//583 10//583 12//583
f 10//584 653//584 11//584
f 653//585 627//585 11//585
f 653//586 403//586 627//586
f 653//587 383//587 403//587
f 654//588 626//588 402//588
f 383//589 382//589 402//589
f 382//590 654//590 402//590
f 654//591 655//591 626//591
f 656//592 657//592 658//592
f 656//593 658//593 659//593
f 386//594 628//594 626//594
f 660//595 568//595 567//595
f 660//596 567//596 597//596
f 34//597 7//597 628//597
f 7//598 9//598 628//598
f 8//599 3//599 9//599
f 3//600 2//600 9//600
f 661//601 662//601 663//601
f 661//602 663//602 664//602
f 665//603 631//603 629//603
f 631//604 630//604 629//604
f 665//605 632//605 631//605
f 273//606 666//606 641//606
f 273//607 641//607 667//607
f 668//608 634//608 633//608
f 538//609 669//609 670//609
f 538//610 670//610 537//610
f 67//611 671//611 672//611
f 67//612 672//612 75//612
f 673//613 268//613 637//613
f 268//614 638//614 637//614
f 273//615 665//615 2//615
f 273//616 2//616 274//616
f 269//617 268//617 640//617
f 268//618 673//618 640//618
f 373//619 376//619 316//619
f 373//620 316//620 645//620
f 674//621 675//621 676//621
f 674//622 676//622 677//622
f 666//623 643//623 641//623
f 643//624 642//624 641//624
f 367//625 644//625 643//625
f 666//626 282//626 643//626
f 282//627 281//627 643//627
f 281//628 283//628 643//628
f 283//629 368//629 643//629
f 368//630 367//630 643//630
f 367//631 370//631 644//631
f 370//632 369//632 644//632
f 369//633 287//633 644//633
f 369//634 288//634 287//634
f 364//635 678//635 288//635
f 678//636 601//636 288//636
f 601//637 679//637 288//637
f 548//638 546//638 680//638
f 548//639 680//639 681//639
f 369//640 364//640 288//640
f 202//641 199//641 395//641
f 202//642 395//642 682//642
f 650//643 648//643 289//643
f 683//644 684//644 650//644
f 684//645 17//645 650//645
f 685//646 686//646 330//646
f 685//647 330//647 290//647
f 684//648 687//648 17//648
f 479//649 560//649 561//649
f 479//650 561//650 688//650
f 689//651 401//651 653//651
f 401//652 383//652 653//652
f 690//653 691//653 621//653
f 690//654 621//654 620//654
f 334//655 336//655 352//655
f 334//656 352//656 337//656
f 563//657 528//657 529//657
f 563//658 529//658 692//658
f 84//659 693//659 66//659
f 84//660 66//660 69//660
f 385//661 694//661 386//661
f 694//662 695//662 386//662
f 695//663 28//663 386//663
f 28//664 35//664 386//664
f 37//665 7//665 34//665
f 37//666 6//666 7//666
f 6//667 8//667 7//667
f 6//668 5//668 8//668
f 5//669 3//669 8//669
f 470//670 467//670 696//670
f 470//671 696//671 697//671
f 698//672 699//672 3//672
f 699//673 1//673 3//673
f 271//674 274//674 2//674
f 700//675 701//675 702//675
f 700//676 702//676 703//676
f 1//677 271//677 2//677
f 273//678 272//678 666//678
f 272//679 282//679 666//679
f 355//680 370//680 367//680
f 366//681 358//681 367//681
f 358//682 355//682 367//682
f 272//683 284//683 282//683
f 284//684 271//684 283//684
f 271//685 285//685 283//685
f 280//686 368//686 283//686
f 280//687 704//687 368//687
f 668//688 637//688 608//688
f 668//689 608//689 634//689
f 355//690 354//690 370//690
f 705//691 617//691 706//691
f 705//692 706//692 707//692
f 365//693 708//693 364//693
f 708//694 709//694 364//694
f 709//695 601//695 364//695
f 601//696 678//696 364//696
f 709//697 708//697 601//697
f 708//698 710//698 601//698
f 710//699 711//699 601//699
f 711//700 712//700 601//700
f 712//701 602//701 601//701
f 603//702 602//702 713//702
f 603//702 713//702 714//702
f 547//703 681//703 715//703
f 547//704 715//704 716//704
f 717//705 683//705 601//705
f 683//706 718//706 601//706
f 718//707 719//707 601//707
f 719//708 720//708 601//708
f 720//709 679//709 601//709
f 719//710 683//710 720//710
f 719//711 718//711 683//711
f 717//712 684//712 683//712
f 717//713 721//713 684//713
f 721//714 687//714 684//714
f 687//715 722//715 723//715
f 722//716 600//716 723//716
f 600//717 689//717 723//717
f 721//718 717//718 687//718
f 600//719 724//719 687//719
f 724//719 722//719 687//719
f 600//720 401//720 689//720
f 600//721 380//721 401//721
f 600//722 725//722 380//722
f 725//723 726//723 380//723
f 726//724 727//724 380//724
f 727//725 381//725 380//725
f 111//726 113//726 728//726
f 111//727 728//727 114//727
f 392//728 390//728 399//728
f 393//729 392//729 399//729
f 704//730 326//730 366//730
f 704//731 366//731 368//731
f 707//732 682//732 729//732
f 682//733 395//733 729//733
f 390//734 389//734 398//734
f 389//735 388//735 398//735
f 388//736 730//736 398//736
f 252//737 731//737 240//737
f 252//738 240//738 241//738
f 732//739 733//739 384//739
f 733//740 694//740 384//740
f 694//741 385//741 384//741
f 734//742 735//742 132//742
f 734//743 132//743 131//743
f 736//744 695//744 694//744
f 736//745 28//745 695//745
f 736//746 29//746 28//746
f 29//747 32//747 30//747
f 32//748 36//748 30//748
f 384//749 386//749 626//749
f 384//750 626//750 655//750
f 32//751 31//751 36//751
f 33//752 737//752 37//752
f 737//753 6//753 37//753
f 737//754 738//754 6//754
f 738//755 4//755 6//755
f 699//756 275//756 1//756
f 275//757 271//757 1//757
f 739//758 699//758 698//758
f 738//759 291//759 739//759
f 738//760 739//760 698//760
f 739//761 277//761 699//761
f 277//762 276//762 699//762
f 276//763 275//763 699//763
f 284//764 272//764 271//764
f 276//765 285//765 271//765
f 740//766 360//766 366//766
f 360//767 358//767 366//767
f 326//768 325//768 366//768
f 325//769 331//769 366//769
f 331//770 740//770 366//770
f 276//771 280//771 285//771
f 276//772 278//772 280//772
f 279//773 328//773 280//773
f 328//774 704//774 280//774
f 741//775 742//775 743//775
f 741//776 743//776 744//776
f 324//777 326//777 704//777
f 336//778 745//778 351//778
f 745//779 365//779 351//779
f 745//780 711//780 365//780
f 711//781 710//781 365//781
f 710//782 708//782 365//782
f 745//783 712//783 711//783
f 746//784 602//784 712//784
f 745//785 336//785 712//785
f 336//786 335//786 712//786
f 335//787 746//787 712//787
f 697//788 747//788 748//788
f 697//788 748//788 749//788
f 746//789 750//789 602//789
f 750//790 713//790 602//790
f 603//791 751//791 600//791
f 751//792 727//792 600//792
f 727//793 726//793 600//793
f 726//794 725//794 600//794
f 722//719 724//719 600//719
f 397//795 752//795 393//795
f 752//796 624//796 393//796
f 624//797 394//797 393//797
f 379//798 378//798 308//798
f 379//799 308//799 307//799
f 394//800 624//800 392//800
f 706//801 682//801 707//801
f 751//802 705//802 707//802
f 466//803 753//803 696//803
f 466//804 696//804 467//804
f 603//805 705//805 751//805
f 754//806 293//806 292//806
f 754//807 292//807 296//807
f 162//808 241//808 240//808
f 162//809 240//809 164//809
f 147//810 249//810 755//810
f 147//811 755//811 189//811
f 304//812 44//812 42//812
f 304//813 42//813 756//813
f 391//814 194//814 389//814
f 387//815 195//815 388//815
f 195//816 757//816 388//816
f 757//817 730//817 388//817
f 757//818 758//818 730//818
f 758//819 413//819 730//819
f 413//820 759//820 730//820
f 408//821 379//821 307//821
f 408//822 307//822 409//822
f 23//823 733//823 732//823
f 23//824 22//824 733//824
f 22//825 760//825 733//825
f 760//826 761//826 733//826
f 760//827 24//827 761//827
f 24//828 762//828 761//828
f 762//829 763//829 761//829
f 263//830 339//830 338//830
f 263//831 338//831 264//831
f 764//832 29//832 736//832
f 764//833 32//833 29//833
f 764//834 765//834 32//834
f 765//835 766//835 32//835
f 766//836 295//836 32//836
f 295//837 767//837 32//837
f 768//838 474//838 475//838
f 768//839 475//839 769//839
f 291//840 738//840 737//840
f 767//841 292//841 737//841
f 292//842 291//842 737//842
f 291//843 277//843 739//843
f 291//844 279//844 277//844
f 651//845 557//845 551//845
f 651//846 551//846 552//846
f 348//847 353//847 356//847
f 345//848 347//848 357//848
f 347//849 348//849 357//849
f 331//850 360//850 740//850
f 331//851 770//851 360//851
f 770//852 362//852 360//852
f 324//853 323//853 326//853
f 322//854 771//854 331//854
f 771//855 770//855 331//855
f 291//856 328//856 279//856
f 291//857 290//857 328//857
f 290//858 329//858 328//858
f 330//859 324//859 327//859
f 772//860 747//860 773//860
f 772//861 773//861 496//861
f 220//862 222//862 774//862
f 220//863 774//863 115//863
f 754//864 296//864 775//864
f 754//865 775//865 657//865
f 696//866 773//866 747//866
f 696//867 747//867 697//867
f 750//868 776//868 713//868
f 776//869 777//869 713//869
f 777//870 702//870 713//870
f 714//871 705//871 603//871
f 298//872 294//872 293//872
f 298//873 293//873 300//873
f 373//874 778//874 375//874
f 373//875 375//875 376//875
f 184//876 121//876 186//876
f 184//877 186//877 183//877
f 176//878 173//878 734//878
f 176//879 734//879 167//879
f 57//880 61//880 624//880
f 751//881 707//881 381//881
f 751//882 381//882 727//882
f 65//883 195//883 194//883
f 619//884 203//884 706//884
f 617//885 619//885 706//885
f 714//886 617//886 705//886
f 204//887 200//887 202//887
f 306//888 301//888 304//888
f 306//889 304//889 756//889
f 618//890 779//890 203//890
f 779//891 780//891 203//891
f 741//892 593//892 592//892
f 741//893 592//893 742//893
f 65//894 63//894 195//894
f 310//895 372//895 371//895
f 310//896 371//896 312//896
f 781//897 591//897 590//897
f 781//898 590//898 782//898
f 783//899 413//899 758//899
f 783//900 411//900 413//900
f 406//901 759//901 413//901
f 304//902 303//902 784//902
f 304//903 784//903 785//903
f 24//904 760//904 22//904
f 26//905 762//905 24//905
f 26//906 40//906 762//906
f 40//907 39//907 762//907
f 39//908 659//908 762//908
f 659//909 763//909 762//909
f 786//910 764//910 763//910
f 787//911 788//911 789//911
f 787//912 789//912 790//912
f 786//913 658//913 764//913
f 190//914 791//914 349//914
f 190//915 349//915 347//915
f 658//916 657//916 766//916
f 657//917 775//917 766//917
f 775//918 792//918 766//918
f 792//919 295//919 766//919
f 292//920 767//920 295//920
f 35//921 34//921 628//921
f 35//922 628//922 386//922
f 305//923 793//923 794//923
f 305//924 794//924 795//924
f 294//925 685//925 292//925
f 685//926 290//926 292//926
f 796//927 797//927 136//927
f 796//928 136//928 134//928
f 189//929 337//929 353//929
f 715//930 681//930 207//930
f 715//931 207//931 235//931
f 344//932 191//932 345//932
f 191//933 346//933 345//933
f 346//934 190//934 347//934
f 798//935 799//935 800//935
f 798//936 800//936 801//936
f 770//937 319//937 362//937
f 671//938 802//938 404//938
f 671//939 404//939 672//939
f 771//940 320//940 319//940
f 771//941 319//941 770//941
f 321//942 801//942 322//942
f 801//943 771//943 322//943
f 801//944 315//944 771//944
f 315//945 320//945 771//945
f 343//946 191//946 344//946
f 330//947 329//947 290//947
f 720//948 683//948 650//948
f 720//949 650//949 289//949
f 686//950 795//950 330//950
f 795//951 801//951 321//951
f 794//952 801//952 795//952
f 558//953 652//953 674//953
f 558//954 674//954 803//954
f 294//955 297//955 795//955
f 297//956 305//956 795//956
f 197//957 758//957 757//957
f 197//958 757//958 195//958
f 339//959 263//959 334//959
f 263//960 332//960 334//960
f 761//961 736//961 694//961
f 761//962 694//962 733//962
f 486//963 459//963 456//963
f 486//964 456//964 517//964
f 777//965 703//965 702//965
f 804//966 789//966 788//966
f 804//967 788//967 40//967
f 805//968 618//968 714//968
f 618//969 617//969 714//969
f 262//970 777//970 776//970
f 262//971 703//971 777//971
f 204//972 201//972 200//972
f 201//973 76//973 58//973
f 767//974 737//974 33//974
f 767//975 33//975 32//975
f 805//976 779//976 618//976
f 371//977 374//977 645//977
f 371//978 645//978 312//978
f 806//979 807//979 779//979
f 807//980 780//980 779//980
f 807//981 808//981 780//981
f 807//982 419//982 808//982
f 419//983 809//983 808//983
f 809//984 810//984 808//984
f 810//985 811//985 808//985
f 398//986 384//986 655//986
f 398//987 655//987 399//987
f 764//988 736//988 761//988
f 764//989 761//989 763//989
f 82//990 411//990 196//990
f 411//991 783//991 196//991
f 82//992 412//992 411//992
f 273//993 667//993 668//993
f 273//993 668//993 665//993
f 313//994 656//994 784//994
f 313//995 784//995 303//995
f 405//996 407//996 25//996
f 407//997 789//997 25//997
f 789//998 804//998 25//998
f 447//999 812//999 731//999
f 447//1000 731//1000 252//1000
f 753//1001 806//1001 779//1001
f 753//1002 779//1002 805//1002
f 788//1003 787//1003 40//1003
f 787//1004 38//1004 40//1004
f 38//1005 43//1005 39//1005
f 43//1006 784//1006 39//1006
f 479//1007 474//1007 768//1007
f 479//1008 768//1008 476//1008
f 455//1009 454//1009 749//1009
f 455//1010 749//1010 748//1010
f 656//1011 813//1011 657//1011
f 813//1012 754//1012 657//1012
f 535//1013 534//1013 814//1013
f 535//1014 814//1014 559//1014
f 754//1015 815//1015 293//1015
f 198//1016 396//1016 395//1016
f 198//1017 395//1017 199//1017
f 23//1018 732//1018 730//1018
f 23//1019 730//1019 759//1019
f 298//1020 297//1020 294//1020
f 349//1021 791//1021 350//1021
f 25//1022 27//1022 406//1022
f 25//1023 406//1023 405//1023
f 449//1024 816//1024 546//1024
f 449//1025 546//1025 596//1025
f 720//1026 289//1026 288//1026
f 720//1027 288//1027 679//1027
f 249//1028 264//1028 755//1028
f 264//1029 338//1029 755//1029
f 333//1030 750//1030 746//1030
f 333//1031 746//1031 335//1031
f 190//1032 346//1032 191//1032
f 354//1033 351//1033 364//1033
f 354//1034 364//1034 370//1034
f 317//1035 340//1035 363//1035
f 686//1036 685//1036 294//1036
f 686//1037 294//1037 795//1037
f 341//1038 192//1038 342//1038
f 800//1039 315//1039 801//1039
f 728//1040 119//1040 86//1040
f 728//1041 86//1041 817//1041
f 195//1042 387//1042 389//1042
f 195//1043 389//1043 194//1043
f 315//1044 318//1044 320//1044
f 800//1045 646//1045 315//1045
f 646//1046 645//1046 315//1046
f 645//1047 316//1047 315//1047
f 299//1048 793//1048 305//1048
f 570//1049 519//1049 569//1049
f 570//1050 569//1050 568//1050
f 261//1051 703//1051 262//1051
f 343//1052 342//1052 192//1052
f 343//1053 192//1053 191//1053
f 714//1054 713//1054 702//1054
f 714//1054 702//1054 805//1054
f 700//1055 818//1055 701//1055
f 819//1056 700//1056 703//1056
f 261//1057 819//1057 703//1057
f 819//1058 265//1058 700//1058
f 265//1059 267//1059 700//1059
f 267//1060 820//1060 700//1060
f 820//1061 818//1061 700//1061
f 208//1062 76//1062 201//1062
f 208//1063 56//1063 76//1063
f 317//1064 363//1064 362//1064
f 317//1065 362//1065 319//1065
f 731//1066 744//1066 246//1066
f 731//1067 246//1067 240//1067
f 210//1068 821//1068 208//1068
f 810//1069 822//1069 811//1069
f 822//1070 427//1070 811//1070
f 427//1071 434//1071 811//1071
f 434//1072 436//1072 811//1072
f 823//1073 824//1073 825//1073
f 823//1074 825//1074 675//1074
f 753//1075 466//1075 806//1075
f 466//1076 427//1076 806//1076
f 427//1077 826//1077 806//1077
f 826//1078 420//1078 806//1078
f 420//1079 419//1079 806//1079
f 419//1080 807//1080 806//1080
f 418//1081 809//1081 419//1081
f 418//1082 432//1082 809//1082
f 432//1083 431//1083 809//1083
f 431//1084 430//1084 809//1084
f 430//1085 428//1085 809//1085
f 428//1086 822//1086 809//1086
f 822//1087 810//1087 809//1087
f 196//1088 783//1088 758//1088
f 196//1089 758//1089 197//1089
f 735//1090 796//1090 134//1090
f 735//1091 134//1091 132//1091
f 497//1092 773//1092 701//1092
f 497//1093 701//1093 818//1093
f 802//1094 789//1094 404//1094
f 789//1095 407//1095 404//1095
f 598//1096 566//1096 565//1096
f 598//1097 565//1097 571//1097
f 742//1098 592//1098 591//1098
f 742//1099 591//1099 781//1099
f 543//1100 544//1100 570//1100
f 543//1101 570//1101 827//1101
f 43//1102 38//1102 787//1102
f 44//1103 784//1103 43//1103
f 44//1104 785//1104 784//1104
f 31//1105 33//1105 37//1105
f 31//1106 37//1106 36//1106
f 598//1107 597//1107 567//1107
f 598//1108 567//1108 566//1108
f 313//1109 813//1109 656//1109
f 815//1110 754//1110 813//1110
f 313//1111 314//1111 813//1111
f 314//1112 815//1112 813//1112
f 314//1113 299//1113 300//1113
f 811//1114 209//1114 204//1114
f 811//1115 204//1115 808//1115
f 149//1116 146//1116 144//1116
f 149//1117 144//1117 828//1117
f 562//1118 827//1118 660//1118
f 562//1119 660//1119 586//1119
f 375//1120 341//1120 340//1120
f 662//1121 233//1121 232//1121
f 662//1122 232//1122 663//1122
f 375//1123 829//1123 341//1123
f 799//1124 646//1124 800//1124
f 299//1125 314//1125 793//1125
f 314//1126 302//1126 793//1126
f 586//1127 660//1127 597//1127
f 586//1128 597//1128 584//1128
f 301//1129 799//1129 798//1129
f 799//1130 647//1130 646//1130
f 268//1131 270//1131 639//1131
f 268//1132 639//1132 638//1132
f 374//1133 373//1133 645//1133
f 220//1134 830//1134 219//1134
f 220//1135 219//1135 221//1135
f 259//1136 831//1136 260//1136
f 831//1137 832//1137 260//1137
f 832//1138 265//1138 260//1138
f 265//1139 819//1139 260//1139
f 819//1140 261//1140 260//1140
f 820//1141 267//1141 818//1141
f 267//1142 443//1142 818//1142
f 443//1143 497//1143 818//1143
f 496//1144 773//1144 497//1144
f 443//1145 495//1145 497//1145
f 644//1146 287//1146 286//1146
f 644//1147 286//1147 614//1147
f 753//1148 805//1148 702//1148
f 753//1148 702//1148 701//1148
f 795//1149 321//1149 324//1149
f 795//1150 324//1150 330//1150
f 87//1151 71//1151 70//1151
f 87//1152 70//1152 72//1152
f 833//1153 834//1153 265//1153
f 834//1154 266//1154 265//1154
f 832//1155 831//1155 265//1155
f 831//1156 833//1156 265//1156
f 266//1157 443//1157 267//1157
f 821//1158 210//1158 95//1158
f 210//1159 55//1159 95//1159
f 55//1160 94//1160 95//1160
f 55//1161 54//1161 94//1161
f 797//1162 635//1162 139//1162
f 797//1163 139//1163 136//1163
f 428//1164 427//1164 822//1164
f 432//1165 418//1165 427//1165
f 418//1166 420//1166 427//1166
f 420//1167 826//1167 427//1167
f 466//1168 425//1168 427//1168
f 433//1169 434//1169 427//1169
f 425//1170 435//1170 434//1170
f 425//1171 421//1171 435//1171
f 421//1172 227//1172 435//1172
f 421//1173 228//1173 227//1173
f 468//1174 425//1174 466//1174
f 429//1175 428//1175 430//1175
f 67//1176 416//1176 671//1176
f 416//1177 417//1177 671//1177
f 417//1178 802//1178 671//1178
f 766//1179 765//1179 764//1179
f 766//1180 764//1180 658//1180
f 627//1181 625//1181 13//1181
f 627//1182 13//1182 11//1182
f 41//1183 410//1183 42//1183
f 410//1184 409//1184 42//1184
f 409//1185 756//1185 42//1185
f 304//1186 785//1186 44//1186
f 415//1187 410//1187 41//1187
f 415//1188 41//1188 790//1188
f 415//1189 790//1189 417//1189
f 302//1190 313//1190 303//1190
f 792//1191 775//1191 296//1191
f 792//1192 296//1192 295//1192
f 224//1193 212//1193 211//1193
f 224//1194 211//1194 227//1194
f 687//1195 723//1195 10//1195
f 687//1196 10//1196 17//1196
f 778//1197 133//1197 135//1197
f 778//1198 135//1198 375//1198
f 375//1199 135//1199 193//1199
f 135//1200 137//1200 193//1200
f 829//1201 375//1201 193//1201
f 123//1202 835//1202 836//1202
f 123//1203 836//1203 124//1203
f 399//1204 655//1204 654//1204
f 399//1205 654//1205 400//1205
f 2//1206 665//1206 629//1206
f 2//1207 629//1207 9//1207
f 249//1208 250//1208 262//1208
f 249//1209 262//1209 263//1209
f 133//1210 778//1210 373//1210
f 301//1211 837//1211 799//1211
f 837//1212 647//1212 799//1212
f 306//1213 309//1213 301//1213
f 309//1214 837//1214 301//1214
f 837//1215 309//1215 647//1215
f 309//1216 311//1216 647//1216
f 311//1217 312//1217 647//1217
f 27//1218 23//1218 759//1218
f 27//1219 759//1219 406//1219
f 838//1220 124//1220 839//1220
f 838//1221 839//1221 840//1221
f 450//1222 440//1222 259//1222
f 440//1223 443//1223 259//1223
f 443//1224 841//1224 259//1224
f 841//1225 842//1225 259//1225
f 842//1226 831//1226 259//1226
f 842//1227 841//1227 831//1227
f 841//1228 833//1228 831//1228
f 266//1229 445//1229 443//1229
f 445//1230 843//1230 443//1230
f 843//1231 844//1231 443//1231
f 844//1232 841//1232 443//1232
f 440//1233 442//1233 443//1233
f 441//1234 495//1234 443//1234
f 441//1235 496//1235 495//1235
f 441//1236 772//1236 496//1236
f 772//1237 748//1237 747//1237
f 696//1238 753//1238 701//1238
f 696//1238 701//1238 773//1238
f 749//1239 470//1239 697//1239
f 470//1240 425//1240 467//1240
f 425//1241 468//1241 467//1241
f 841//1242 843//1242 833//1242
f 843//1243 845//1243 833//1243
f 845//1244 834//1244 833//1244
f 845//1245 266//1245 834//1245
f 845//1246 446//1246 266//1246
f 446//1247 445//1247 266//1247
f 53//1248 93//1248 54//1248
f 53//1249 213//1249 93//1249
f 213//1250 91//1250 93//1250
f 846//1251 213//1251 212//1251
f 225//1252 846//1252 212//1252
f 470//1253 426//1253 425//1253
f 423//1254 847//1254 421//1254
f 847//1255 228//1255 421//1255
f 847//1256 229//1256 228//1256
f 847//1257 423//1257 229//1257
f 423//1258 424//1258 229//1258
f 424//1259 848//1259 229//1259
f 848//1260 224//1260 229//1260
f 848//1261 849//1261 224//1261
f 849//1262 230//1262 224//1262
f 173//1263 172//1263 735//1263
f 173//1264 735//1264 734//1264
f 66//1265 416//1265 67//1265
f 66//1266 850//1266 416//1266
f 850//1267 414//1267 416//1267
f 414//1268 840//1268 415//1268
f 840//1269 410//1269 415//1269
f 409//1270 307//1270 756//1270
f 307//1271 306//1271 756//1271
f 840//1272 839//1272 410//1272
f 483//1273 461//1273 464//1273
f 483//1274 464//1274 484//1274
f 829//1275 193//1275 192//1275
f 829//1276 192//1276 341//1276
f 851//1277 150//1277 636//1277
f 150//1278 152//1278 636//1278
f 152//1279 828//1279 636//1279
f 791//1280 189//1280 353//1280
f 791//1281 353//1281 350//1281
f 152//1282 237//1282 828//1282
f 237//1283 852//1283 828//1283
f 852//1284 149//1284 828//1284
f 852//1285 237//1285 149//1285
f 853//1286 854//1286 744//1286
f 853//1287 744//1287 731//1287
f 808//1288 204//1288 203//1288
f 808//1289 203//1289 780//1289
f 143//1290 145//1290 189//1290
f 143//1291 189//1291 791//1291
f 310//1292 378//1292 372//1292
f 378//1293 130//1293 372//1293
f 308//1294 378//1294 310//1294
f 542//1295 531//1295 487//1295
f 542//1296 487//1296 486//1296
f 258//1297 439//1297 253//1297
f 439//1298 451//1298 253//1298
f 439//1299 441//1299 451//1299
f 441//1300 440//1300 451//1300
f 844//1301 843//1301 841//1301
f 444//1302 843//1302 445//1302
f 444//1303 845//1303 843//1303
f 439//1304 438//1304 441//1304
f 438//1305 772//1305 441//1305
f 855//1306 505//1306 772//1306
f 505//1307 748//1307 772//1307
f 438//1308 855//1308 772//1308
f 505//1309 503//1309 748//1309
f 503//1310 502//1310 748//1310
f 502//1311 856//1311 748//1311
f 856//1312 514//1312 748//1312
f 514//1313 516//1313 748//1313
f 516//1314 455//1314 748//1314
f 286//1315 649//1315 607//1315
f 286//1316 607//1316 614//1316
f 857//1317 475//1317 749//1317
f 475//1318 473//1318 749//1318
f 473//1319 471//1319 749//1319
f 471//1320 470//1320 749//1320
f 454//1321 857//1321 749//1321
f 469//1322 426//1322 470//1322
f 444//1323 446//1323 845//1323
f 846//1324 92//1324 213//1324
f 92//1325 91//1325 213//1325
f 846//1326 100//1326 92//1326
f 846//1327 99//1327 100//1327
f 225//1328 214//1328 846//1328
f 214//1329 99//1329 846//1329
f 230//1330 849//1330 225//1330
f 849//1331 231//1331 225//1331
f 469//1332 858//1332 426//1332
f 858//1333 472//1333 426//1333
f 472//1334 422//1334 426//1334
f 472//1335 561//1335 422//1335
f 561//1336 555//1336 422//1336
f 555//1337 424//1337 422//1337
f 555//1338 848//1338 424//1338
f 555//1339 556//1339 848//1339
f 556//1340 554//1340 848//1340
f 554//1341 849//1341 848//1341
f 554//1342 664//1342 849//1342
f 664//1343 663//1343 849//1343
f 663//1344 231//1344 849//1344
f 262//1345 776//1345 750//1345
f 262//1346 750//1346 333//1346
f 804//1347 40//1347 26//1347
f 804//1348 26//1348 25//1348
f 693//1349 414//1349 66//1349
f 414//1350 850//1350 66//1350
f 693//1351 859//1351 414//1351
f 859//1352 840//1352 414//1352
f 859//1353 693//1353 840//1353
f 693//1354 860//1354 840//1354
f 860//1355 838//1355 840//1355
f 542//1356 486//1356 517//1356
f 542//1357 517//1357 544//1357
f 738//1358 698//1358 3//1358
f 738//1359 3//1359 4//1359
f 124//1360 836//1360 839//1360
f 835//1361 377//1361 408//1361
f 835//1362 408//1362 836//1362
f 689//1363 653//1363 10//1363
f 689//1364 10//1364 723//1364
f 377//1365 379//1365 408//1365
f 861//1366 153//1366 851//1366
f 153//1367 155//1367 851//1367
f 155//1368 150//1368 851//1368
f 854//1369 594//1369 593//1369
f 854//1370 593//1370 741//1370
f 155//1371 151//1371 150//1371
f 669//1372 862//1372 554//1372
f 669//1373 554//1373 670//1373
f 130//1374 133//1374 373//1374
f 130//1375 373//1375 372//1375
f 189//1376 755//1376 338//1376
f 189//1377 338//1377 337//1377
f 185//1378 690//1378 620//1378
f 185//1379 620//1379 863//1379
f 377//1380 864//1380 378//1380
f 864//1381 865//1381 378//1381
f 865//1382 168//1382 378//1382
f 168//1383 131//1383 378//1383
f 131//1384 130//1384 378//1384
f 154//1385 861//1385 248//1385
f 861//1386 866//1386 248//1386
f 866//1387 255//1387 248//1387
f 255//1388 867//1388 256//1388
f 867//1389 868//1389 256//1389
f 868//1390 257//1390 256//1390
f 452//1391 258//1391 257//1391
f 868//1392 453//1392 257//1392
f 453//1393 452//1393 257//1393
f 452//1394 439//1394 258//1394
f 453//1395 437//1395 439//1395
f 437//1396 599//1396 438//1396
f 599//1397 869//1397 438//1397
f 869//1398 855//1398 438//1398
f 869//1399 505//1399 855//1399
f 869//1400 504//1400 505//1400
f 504//1401 530//1401 503//1401
f 530//1402 501//1402 503//1402
f 675//1403 825//1403 870//1403
f 675//1404 870//1404 676//1404
f 499//1405 856//1405 502//1405
f 510//1406 507//1406 856//1406
f 507//1407 506//1407 856//1407
f 506//1408 514//1408 856//1408
f 499//1409 512//1409 856//1409
f 512//1410 511//1410 856//1410
f 511//1411 510//1411 856//1411
f 49//1412 114//1412 871//1412
f 49//1413 871//1413 774//1413
f 454//1414 460//1414 857//1414
f 460//1415 458//1415 857//1415
f 458//1416 494//1416 857//1416
f 494//1417 465//1417 857//1417
f 465//1418 463//1418 857//1418
f 463//1419 769//1419 857//1419
f 769//1420 475//1420 857//1420
f 790//1421 41//1421 43//1421
f 790//1422 43//1422 787//1422
f 474//1423 688//1423 473//1423
f 688//1424 472//1424 473//1424
f 472//1425 858//1425 469//1425
f 99//1426 216//1426 98//1426
f 216//1427 96//1427 98//1427
f 214//1428 216//1428 99//1428
f 663//1429 226//1429 231//1429
f 663//1430 232//1430 226//1430
f 688//1431 561//1431 472//1431
f 575//1432 529//1432 530//1432
f 575//1433 530//1433 599//1433
f 553//1434 814//1434 554//1434
f 814//1435 670//1435 554//1435
f 634//1436 608//1436 21//1436
f 634//1437 21//1437 20//1437
f 600//1438 687//1438 717//1438
f 600//1439 717//1439 601//1439
f 83//1440 196//1440 197//1440
f 83//1441 197//1441 62//1441
f 417//1442 790//1442 789//1442
f 417//1443 789//1443 802//1443
f 509//1444 508//1444 507//1444
f 509//1445 507//1445 510//1445
f 120//1446 174//1446 690//1446
f 120//1447 690//1447 185//1447
f 125//1448 838//1448 860//1448
f 871//1449 817//1449 88//1449
f 871//1450 88//1450 116//1450
f 125//1451 124//1451 838//1451
f 752//1452 397//1452 396//1452
f 752//1453 396//1453 198//1453
f 125//1454 129//1454 123//1454
f 129//1455 128//1455 123//1455
f 168//1456 864//1456 377//1456
f 128//1457 127//1457 377//1457
f 127//1458 168//1458 377//1458
f 872//1459 866//1459 861//1459
f 154//1460 153//1460 861//1460
f 621//1461 872//1461 861//1461
f 729//1462 400//1462 654//1462
f 729//1463 654//1463 382//1463
f 691//1464 873//1464 621//1464
f 873//1465 872//1465 621//1465
f 874//1466 623//1466 797//1466
f 874//1467 797//1467 796//1467
f 16//1468 15//1468 607//1468
f 16//1469 607//1469 649//1469
f 186//1470 185//1470 863//1470
f 186//1471 863//1471 171//1471
f 169//1472 165//1472 875//1472
f 169//1473 875//1473 118//1473
f 168//1474 865//1474 864//1474
f 872//1475 242//1475 866//1475
f 242//1476 255//1476 866//1476
f 254//1477 876//1477 255//1477
f 876//1478 877//1478 255//1478
f 877//1479 867//1479 255//1479
f 877//1480 868//1480 867//1480
f 437//1481 453//1481 868//1481
f 877//1482 590//1482 868//1482
f 590//1483 577//1483 868//1483
f 577//1484 878//1484 868//1484
f 878//1485 589//1485 868//1485
f 589//1486 437//1486 868//1486
f 589//1487 599//1487 437//1487
f 658//1488 786//1488 763//1488
f 658//1489 763//1489 659//1489
f 530//1490 504//1490 599//1490
f 504//1491 869//1491 599//1491
f 158//1492 126//1492 45//1492
f 158//1493 45//1493 47//1493
f 175//1494 183//1494 186//1494
f 175//1495 186//1495 171//1495
f 200//1496 58//1496 752//1496
f 200//1497 752//1497 198//1497
f 484//1498 464//1498 493//1498
f 484//1499 493//1499 490//1499
f 673//1500 637//1500 668//1500
f 673//1501 668//1501 667//1501
f 462//1502 769//1502 463//1502
f 155//1503 248//1503 238//1503
f 155//1504 238//1504 151//1504
f 656//1505 659//1505 39//1505
f 656//1506 39//1506 784//1506
f 625//1507 19//1507 18//1507
f 625//1508 18//1508 13//1508
f 479//1509 688//1509 474//1509
f 215//1510 96//1510 216//1510
f 215//1511 97//1511 96//1511
f 879//1512 108//1512 97//1512
f 215//1513 218//1513 97//1513
f 218//1514 879//1514 97//1514
f 479//1515 481//1515 560//1515
f 481//1516 536//1516 560//1516
f 536//1517 559//1517 560//1517
f 559//1518 814//1518 553//1518
f 827//1519 570//1519 568//1519
f 827//1520 568//1520 660//1520
f 534//1521 537//1521 814//1521
f 537//1522 670//1522 814//1522
f 337//1523 352//1523 356//1523
f 337//1524 356//1524 353//1524
f 316//1525 376//1525 340//1525
f 316//1526 340//1526 317//1526
f 817//1527 86//1527 87//1527
f 817//1528 87//1528 88//1528
f 301//1529 798//1529 793//1529
f 301//1530 793//1530 302//1530
f 236//1531 259//1531 260//1531
f 236//1532 260//1532 250//1532
f 879//1533 217//1533 108//1533
f 217//1534 52//1534 108//1534
f 188//1535 187//1535 170//1535
f 188//1536 170//1536 169//1536
f 171//1537 863//1537 874//1537
f 171//1538 874//1538 172//1538
f 875//1539 84//1539 85//1539
f 875//1540 85//1540 118//1540
f 743//1541 880//1541 244//1541
f 743//1542 244//1542 246//1542
f 668//1543 633//1543 632//1543
f 668//1544 632//1544 665//1544
f 165//1545 881//1545 875//1545
f 166//1546 170//1546 176//1546
f 166//1547 176//1547 167//1547
f 873//1548 242//1548 872//1548
f 539//1549 803//1549 669//1549
f 539//1550 669//1550 538//1550
f 882//1551 883//1551 691//1551
f 883//1552 884//1552 691//1552
f 884//1553 243//1553 691//1553
f 243//1554 873//1554 691//1554
f 243//1555 242//1555 873//1555
f 174//1556 882//1556 691//1556
f 174//1557 691//1557 690//1557
f 677//1558 676//1558 661//1558
f 677//1559 661//1559 862//1559
f 569//1560 519//1560 515//1560
f 569//1561 515//1561 513//1561
f 84//1562 875//1562 860//1562
f 84//1563 860//1563 693//1563
f 244//1564 880//1564 254//1564
f 880//1565 782//1565 254//1565
f 782//1566 876//1566 254//1566
f 782//1567 877//1567 876//1567
f 782//1568 590//1568 877//1568
f 742//1569 781//1569 880//1569
f 742//1570 880//1570 743//1570
f 589//1571 878//1571 577//1571
f 576//1572 575//1572 589//1572
f 574//1573 692//1573 575//1573
f 692//1574 529//1574 575//1574
f 576//1575 573//1575 575//1575
f 513//1576 515//1576 514//1576
f 513//1577 514//1577 506//1577
f 461//1578 768//1578 769//1578
f 461//1579 769//1579 462//1579
f 803//1580 677//1580 862//1580
f 803//1581 862//1581 669//1581
f 203//1582 202//1582 682//1582
f 203//1583 682//1583 706//1583
f 836//1584 408//1584 410//1584
f 836//1585 410//1585 839//1585
f 483//1586 476//1586 768//1586
f 483//1587 768//1587 461//1587
f 480//1588 479//1588 476//1588
f 480//1589 476//1589 478//1589
f 563//1590 527//1590 526//1590
f 563//1591 526//1591 528//1591
f 218//1592 217//1592 879//1592
f 478//1593 559//1593 536//1593
f 478//1594 535//1594 559//1594
f 853//1595 812//1595 595//1595
f 853//1596 595//1596 594//1596
f 803//1597 674//1597 677//1597
f 875//1598 881//1598 125//1598
f 875//1599 125//1599 860//1599
f 730//1600 732//1600 384//1600
f 730//1601 384//1601 398//1601
f 825//1602 885//1602 870//1602
f 885//1603 234//1603 870//1603
f 50//1604 52//1604 217//1604
f 51//1605 886//1605 52//1605
f 886//1606 117//1606 52//1606
f 728//1607 113//1607 119//1607
f 113//1608 887//1608 119//1608
f 887//1609 888//1609 119//1609
f 888//1610 188//1610 119//1610
f 188//1611 889//1611 119//1611
f 889//1612 118//1612 119//1612
f 103//1613 83//1613 62//1613
f 103//1614 62//1614 64//1614
f 889//1615 169//1615 118//1615
f 886//1616 115//1616 117//1616
f 552//1617 547//1617 716//1617
f 552//1618 716//1618 651//1618
f 774//1619 871//1619 116//1619
f 774//1620 116//1620 115//1620
f 889//1621 188//1621 169//1621
f 863//1622 620//1622 623//1622
f 863//1623 623//1623 874//1623
f 245//1624 883//1624 882//1624
f 174//1625 890//1625 882//1625
f 890//1626 246//1626 882//1626
f 246//1627 245//1627 882//1627
f 245//1628 244//1628 883//1628
f 244//1629 884//1629 883//1629
f 244//1630 243//1630 884//1630
f 128//1631 377//1631 835//1631
f 128//1632 835//1632 123//1632
f 122//1633 247//1633 174//1633
f 247//1634 890//1634 174//1634
f 793//1635 798//1635 801//1635
f 793//1636 801//1636 794//1636
f 862//1637 661//1637 664//1637
f 862//1638 664//1638 554//1638
f 60//1639 194//1639 624//1639
f 60//1640 624//1640 61//1640
f 781//1641 782//1641 880//1641
f 676//1642 870//1642 662//1642
f 676//1643 662//1643 661//1643
f 564//1644 563//1644 573//1644
f 563//1645 574//1645 573//1645
f 563//1646 692//1646 574//1646
f 707//1647 729//1647 382//1647
f 707//1648 382//1648 381//1648
f 673//1649 667//1649 641//1649
f 673//1650 641//1650 640//1650
f 142//1651 143//1651 791//1651
f 142//1652 791//1652 190//1652
f 81//1653 75//1653 672//1653
f 81//1654 672//1654 82//1654
f 136//1655 139//1655 138//1655
f 136//1656 138//1656 137//1656
f 165//1657 129//1657 125//1657
f 165//1658 125//1658 881//1658
f 885//1659 825//1659 234//1659
f 500//1660 499//1660 502//1660
f 500//1661 502//1661 501//1661
f 828//1662 144//1662 141//1662
f 828//1663 141//1663 636//1663
f 830//1664 886//1664 219//1664
f 886//1665 51//1665 219//1665
f 252//1666 241//1666 223//1666
f 252//1667 223//1667 206//1667
f 539//1668 558//1668 803//1668
f 492//1669 484//1669 490//1669
f 492//1670 490//1670 491//1670
f 451//1671 450//1671 259//1671
f 451//1672 259//1672 253//1672
f 830//1673 115//1673 886//1673
f 112//1674 177//1674 113//1674
f 177//1675 887//1675 113//1675
f 177//1676 188//1676 887//1676
f 188//1677 888//1677 887//1677
f 110//1678 178//1678 111//1678
f 178//1679 112//1679 111//1679
f 830//1680 220//1680 115//1680
f 57//1681 624//1681 752//1681
f 57//1682 752//1682 58//1682
f 222//1683 49//1683 774//1683
f 222//1684 221//1684 49//1684
f 221//1685 48//1685 49//1685
f 247//1686 246//1686 890//1686
f 314//1687 300//1687 293//1687
f 314//1688 293//1688 815//1688
f 744//1689 743//1689 246//1689
f 247//1690 240//1690 246//1690
f 521//1691 569//1691 513//1691
f 521//1692 513//1692 522//1692
f 156//1693 239//1693 122//1693
f 239//1694 247//1694 122//1694
f 227//1695 211//1695 209//1695
f 227//1696 209//1696 811//1696
f 623//1697 622//1697 635//1697
f 623//1698 635//1698 797//1698
f 821//1699 95//1699 56//1699
f 821//1700 56//1700 208//1700
f 327//1701 324//1701 704//1701
f 327//1702 704//1702 328//1702
f 622//1703 851//1703 636//1703
f 622//1704 636//1704 635//1704
f 621//1705 861//1705 851//1705
f 621//1706 851//1706 622//1706
f 824//1707 715//1707 235//1707
f 395//1708 393//1708 400//1708
f 395//1709 400//1709 729//1709
f 549//1710 543//1710 827//1710
f 549//1711 827//1711 562//1711
f 652//1712 823//1712 675//1712
f 652//1713 675//1713 674//1713
f 73//1714 70//1714 68//1714
f 73//1715 68//1715 74//1715
f 178//1716 177//1716 112//1716
f 493//1717 464//1717 465//1717
f 493//1718 465//1718 494//1718
f 146//1719 148//1719 249//1719
f 146//1720 249//1720 147//1720
f 156//1721 157//1721 240//1721
f 157//1722 164//1722 240//1722
f 870//1723 234//1723 233//1723
f 870//1724 233//1724 662//1724
f 824//1725 235//1725 234//1725
f 824//1726 234//1726 825//1726
f 854//1727 741//1727 744//1727
f 167//1728 734//1728 131//1728
f 167//1729 131//1729 168//1729
f 172//1730 874//1730 796//1730
f 172//1731 796//1731 735//1731
f 681//1732 205//1732 207//1732
f 596//1733 595//1733 812//1733
f 596//1734 812//1734 447//1734
f 263//1735 262//1735 333//1735
f 263//1736 333//1736 332//1736
f 651//1737 716//1737 823//1737
f 651//1738 823//1738 652//1738
f 114//1739 728//1739 817//1739
f 114//1740 817//1740 871//1740
f 158//1741 241//1741 159//1741
f 241//1742 160//1742 159//1742
f 596//1743 546//1743 545//1743
f 596//1744 545//1744 588//1744
f 812//1745 853//1745 731//1745
f 853//1746 594//1746 854//1746
f 716//1747 715//1747 824//1747
f 716//1748 824//1748 823//1748
f 17//1749 16//1749 649//1749
f 17//1750 649//1750 650//1750
f 681//1751 680//1751 205//1751
f 680//1752 206//1752 205//1752
f 816//1753 251//1753 206//1753
f 680//1754 816//1754 206//1754
f 547//1755 548//1755 681//1755
f 672//1756 404//1756 412//1756
f 672//1757 412//1757 82//1757
f 251//1758 449//1758 252//1758
f 449//1759 448//1759 252//1759
f 448//1760 447//1760 252//1760
f 187//1761 175//1761 176//1761
f 187//1762 176//1762 170//1762
f 447//1763 891//1763 596//1763
f 891//1764 449//1764 596//1764
f 435//1765 227//1765 811//1765
f 435//1766 811//1766 436//1766
f 546//1767 816//1767 680//1767
f 449//1768 251//1768 816//1768
f 891//1769 447//1769 449//1769
