# Blender 4.3.2
# www.blender.org
mtllib right_index_1_collision.mtl
o right_index_1_collision
v 0.009847 -0.007465 -0.030528
v 0.009856 -0.006650 -0.030527
v 0.010046 -0.006650 -0.020505
v 0.009949 -0.007769 0.000384
v 0.009987 -0.006650 0.000388
v 0.009971 -0.006650 0.001427
v 0.007257 -0.012949 0.010421
v 0.007464 -0.013171 0.000557
v 0.008047 -0.012665 0.000510
v 0.007891 -0.012399 0.009949
v 0.008563 -0.012071 0.000470
v 0.008452 -0.011751 0.009477
v 0.009004 -0.011387 0.000437
v 0.008920 -0.011014 0.009038
v 0.009364 -0.010612 0.000412
v 0.009289 -0.010196 0.008658
v 0.009641 -0.009750 0.000395
v 0.009547 -0.009358 0.008373
v 0.009835 -0.008802 0.000386
v 0.009715 -0.008502 0.008177
v 0.009815 -0.007554 0.008057
v 0.009843 -0.006650 0.008022
v 0.007061 -0.013840 -0.021000
v 0.006417 -0.014131 -0.021173
v 0.006818 -0.013976 -0.031688
v 0.007333 -0.013705 -0.031372
v 0.007558 -0.013567 -0.031245
v 0.007664 -0.013474 -0.020852
v 0.007942 -0.013295 -0.031051
v 0.006517 -0.014109 -0.031887
v 0.010085 -0.006650 -0.015068
v 0.010085 -0.006650 -0.010297
v 0.010051 -0.007787 -0.015457
v 0.010049 -0.007829 -0.010298
v 0.009954 -0.008821 -0.015462
v 0.009939 -0.008894 -0.010301
v 0.009794 -0.009756 -0.015471
v 0.009758 -0.009850 -0.010305
v 0.009572 -0.010598 -0.015484
v 0.009509 -0.010702 -0.010310
v 0.009288 -0.011351 -0.015501
v 0.009191 -0.011456 -0.010317
v 0.008939 -0.012022 -0.015524
v 0.008808 -0.012115 -0.010324
v 0.008523 -0.012611 -0.015554
v 0.008362 -0.012687 -0.010333
v 0.008038 -0.013118 -0.015597
v 0.007855 -0.013175 -0.010342
v 0.010020 -0.007701 -0.020510
v 0.009942 -0.008673 -0.020519
v 0.009899 -0.008475 -0.025524
v 0.006664 -0.013928 -0.010360
v 0.007289 -0.013587 -0.010351
v 0.008211 -0.013023 -0.020737
v 0.008684 -0.012481 -0.020658
v 0.009626 -0.010400 -0.020549
v 0.009811 -0.009572 -0.020532
v 0.010053 -0.006650 -0.005003
v 0.010015 -0.007821 -0.005006
v 0.009899 -0.008884 -0.005007
v 0.009708 -0.009844 -0.005006
v 0.009440 -0.010703 -0.005003
v 0.009098 -0.011463 -0.004997
v 0.008684 -0.012128 -0.004987
v 0.008204 -0.012702 -0.004973
v 0.007665 -0.013191 -0.004954
v 0.006822 -0.013595 0.000609
v 0.008303 -0.012981 -0.030893
v 0.008407 -0.012876 -0.030852
v 0.008769 -0.012437 -0.030728
v 0.008963 -0.012132 -0.030672
v 0.009072 -0.011857 -0.020607
v 0.009298 -0.011407 -0.030596
v 0.009663 -0.010140 -0.025552
v 0.009523 -0.010638 -0.030559
v 0.009667 -0.009871 -0.030542
v 0.007665 -0.000110 -0.004954
v 0.007855 -0.000125 -0.010342
v 0.007289 0.000287 -0.010351
v 0.006822 0.000294 0.000609
v 0.006517 0.000808 -0.031887
v 0.006417 0.000830 -0.021173
v 0.006818 0.000675 -0.031688
v 0.009899 -0.004826 -0.025524
v 0.009819 -0.005047 -0.030529
v 0.009667 -0.003430 -0.030542
v 0.009663 -0.003161 -0.025552
v 0.009523 -0.002662 -0.030559
v 0.008211 -0.000277 -0.020737
v 0.007664 0.000174 -0.020852
v 0.008038 -0.000183 -0.015597
v 0.009949 -0.005532 0.000384
v 0.007464 -0.000130 0.000557
v 0.009942 -0.004628 -0.020519
v 0.010020 -0.005600 -0.020510
v -0.002529 0.001450 -0.035878
v -0.002034 0.001450 -0.035947
v -0.002034 -0.001150 -0.035947
v -0.000472 0.001450 -0.035908
v 0.009185 -0.004112 0.008769
v 0.009299 -0.003131 0.008648
v 0.008933 -0.002312 0.009025
v -0.012401 -0.013891 0.005073
v -0.012476 -0.013741 0.004886
v -0.012569 -0.013825 0.000446
v -0.012633 -0.013348 0.004464
v -0.011922 -0.014725 0.000883
v -0.011697 -0.014749 0.006535
v -0.012088 -0.014361 0.005779
v -0.006296 -0.015050 -0.030513
v -0.007440 -0.014998 -0.027351
v -0.006460 -0.014936 -0.030594
v -0.007874 -0.014691 -0.027281
v -0.006825 -0.014583 -0.030774
v -0.008234 -0.014308 -0.027205
v -0.007125 -0.014129 -0.030920
v -0.008509 -0.013876 -0.027128
v -0.007319 -0.013681 -0.031014
v -0.008710 -0.013419 -0.027054
v -0.012311 -0.013745 -0.012381
v -0.012109 -0.014166 -0.012238
v -0.012357 -0.014122 -0.010192
v -0.012561 -0.013689 -0.010347
v -0.012518 -0.014058 -0.007965
v -0.012719 -0.013609 -0.008126
v -0.012596 -0.013983 -0.005493
v -0.012792 -0.013515 -0.005654
v -0.012758 -0.013314 0.000295
v -0.011844 -0.014542 -0.012065
v -0.011517 -0.014856 -0.011864
v -0.011749 -0.014841 -0.009784
v -0.012087 -0.014512 -0.010003
v -0.011899 -0.014816 -0.007537
v -0.012246 -0.014468 -0.007769
v -0.011970 -0.014786 -0.005056
v -0.012324 -0.014416 -0.005293
v -0.012293 -0.014309 0.000643
v -0.011482 -0.015040 0.001156
v -0.011555 -0.015067 -0.004789
v -0.011496 -0.015081 -0.007279
v -0.011359 -0.015091 -0.009539
v -0.011140 -0.015097 -0.011641
v -0.010840 -0.015097 -0.013664
v -0.011207 -0.014860 -0.013859
v -0.010462 -0.015092 -0.015696
v -0.010061 -0.015262 -0.015525
v -0.009599 -0.015256 -0.017690
v -0.010436 -0.015265 -0.013457
v -0.010935 -0.015265 -0.009278
v -0.011060 -0.015262 -0.007004
v -0.011108 -0.015258 -0.004506
v -0.011010 -0.015249 0.001446
v -0.011185 -0.015074 0.007376
v -0.010618 -0.015288 0.008172
v -0.010370 -0.014837 -0.017935
v -0.010005 -0.015081 -0.017818
v -0.006958 -0.015217 -0.027413
v -0.006024 -0.015197 -0.030376
v -0.010462 0.001792 -0.015696
v -0.010005 0.001781 -0.017818
v -0.010370 0.001537 -0.017935
v -0.010929 0.001886 0.007751
v -0.010642 0.001982 0.008140
v -0.011010 0.001949 0.001446
v -0.006398 0.001682 -0.030563
v -0.007440 0.001698 -0.027351
v -0.006296 0.001750 -0.030513
v -0.006958 0.001917 -0.027413
v -0.012293 0.001009 0.000643
v -0.012405 0.000583 0.005064
v -0.012088 0.001061 0.005779
v -0.011922 0.001425 0.000883
v -0.011695 0.001450 0.006538
v -0.012569 0.000525 0.000446
v -0.012627 0.000066 0.004481
v -0.012476 0.000441 0.004886
v -0.011140 0.001797 -0.011641
v -0.010840 0.001797 -0.013664
v -0.011517 0.001556 -0.011864
v -0.011207 0.001560 -0.013859
v -0.011844 0.001242 -0.012065
v -0.011524 0.001253 -0.014033
v -0.012109 0.000866 -0.012238
v -0.011781 0.000886 -0.014182
v -0.012311 0.000445 -0.012381
v -0.011978 0.000473 -0.014306
v -0.010001 0.002073 -0.013240
v -0.010728 0.001966 -0.011403
v -0.010287 0.002074 -0.011156
v -0.008857 0.001747 -0.022417
v -0.009249 0.001478 -0.022439
v -0.010681 0.001224 -0.018036
v -0.009578 0.001138 -0.022450
v -0.010931 0.000856 -0.018119
v -0.009835 0.000747 -0.022450
v -0.011120 0.000446 -0.018184
v -0.010027 0.000322 -0.022442
v -0.007874 0.001391 -0.027281
v -0.008234 0.001008 -0.027205
v -0.008509 0.000576 -0.027128
v -0.008710 0.000119 -0.027054
v -0.010436 0.001965 -0.013457
v -0.011359 0.001791 -0.009539
v -0.010935 0.001965 -0.009278
v 0.002350 0.002033 0.013191
v 0.004024 0.001765 0.012780
v 0.003924 0.001826 0.010471
v 0.003714 0.001929 0.006027
v -0.012579 -0.001116 0.004613
v -0.012188 -0.001123 0.005565
v -0.011725 -0.001129 0.006484
v -0.011214 0.001759 0.007332
v -0.011194 -0.001136 0.007363
v -0.010005 -0.001150 0.008912
v -0.010002 0.002109 0.008915
v 0.003887 -0.015147 0.009664
v 0.004024 -0.015065 0.012780
v 0.003037 -0.015245 0.013050
v 0.003714 -0.015229 0.006027
v -0.009976 -0.015412 0.008944
v -0.010005 -0.012150 0.008912
v -0.010927 -0.012161 0.007753
v -0.011194 -0.012164 0.007363
v -0.011725 -0.012171 0.006484
v -0.012090 -0.014358 0.005775
v -0.012188 -0.012177 0.005565
v -0.009259 -0.015850 -0.000123
v -0.009279 -0.015850 -0.000296
v -0.009186 -0.015865 -0.000146
v -0.009202 -0.015865 -0.000290
v -0.000048 -0.015850 -0.023157
v -0.000028 -0.015850 -0.022984
v -0.000121 -0.015865 -0.023134
v -0.000105 -0.015865 -0.022990
v -0.006069 -0.015850 -0.025913
v -0.006006 -0.015864 -0.025880
v -0.006034 -0.015864 -0.025827
v -0.006098 -0.015849 -0.025860
v -0.006063 -0.015864 -0.025752
v -0.006145 -0.015849 -0.025708
v -0.005933 -0.015865 -0.025977
v -0.005826 -0.015865 -0.026047
v -0.011737 -0.011057 -0.019028
v -0.011719 -0.011133 -0.019023
v -0.011738 -0.011127 -0.018951
v -0.012701 -0.011060 -0.015121
v -0.012683 -0.011135 -0.015117
v -0.012700 -0.011128 -0.015041
v -0.012724 -0.011046 -0.015020
v -0.013369 -0.011048 -0.011047
v -0.013358 -0.011062 -0.011151
v -0.013339 -0.011135 -0.011150
v -0.013347 -0.011128 -0.011070
v -0.013555 -0.011043 -0.007003
v -0.013553 -0.011060 -0.007117
v -0.013536 -0.011133 -0.007116
v -0.013537 -0.011127 -0.007043
v -0.010718 -0.010610 -0.022791
v -0.010782 -0.010798 -0.022555
v -0.010792 -0.010607 -0.022532
v -0.010775 -0.010424 -0.022599
v -0.011658 -0.010885 -0.019348
v -0.011691 -0.011012 -0.019206
v -0.012628 -0.010704 -0.015514
v -0.012636 -0.010888 -0.015444
v -0.012640 -0.010512 -0.015491
v -0.012687 -0.010714 -0.015253
v -0.012663 -0.011015 -0.015301
v -0.012335 -0.008960 -0.016841
v -0.012337 -0.009132 -0.016825
v -0.012386 -0.008955 -0.016639
v -0.013393 -0.010617 -0.011024
v -0.013407 -0.010805 -0.010779
v -0.013418 -0.010614 -0.010756
v -0.013411 -0.010302 -0.010972
v -0.013395 -0.010257 -0.011157
v -0.013362 -0.010716 -0.011286
v -0.013570 -0.010656 -0.007063
v -0.013582 -0.010300 -0.006933
v -0.013582 -0.010255 -0.007120
v -0.013560 -0.010961 -0.006852
v -0.006006 0.002564 -0.025880
v -0.006070 0.002549 -0.025914
v -0.006083 0.002549 -0.025886
v -0.005933 0.002565 -0.025977
v -0.005981 0.002550 -0.026031
v -0.013555 -0.002257 -0.007003
v -0.013537 -0.002173 -0.007043
v -0.013536 -0.002167 -0.007116
v -0.013553 -0.002240 -0.007117
v -0.013369 -0.002252 -0.011047
v -0.013347 -0.002172 -0.011070
v -0.013339 -0.002164 -0.011149
v -0.013358 -0.002238 -0.011151
v -0.013323 -0.002196 -0.011320
v -0.013341 -0.002283 -0.011336
v -0.012724 -0.002254 -0.015020
v -0.012701 -0.002240 -0.015121
v -0.012687 -0.002586 -0.015253
v -0.012270 -0.004098 -0.017085
v -0.012157 -0.004340 -0.017528
v -0.012272 -0.004341 -0.017085
v -0.013393 -0.002683 -0.011024
v -0.013395 -0.003043 -0.011157
v -0.013411 -0.002998 -0.010972
v -0.013418 -0.002686 -0.010756
v -0.013419 -0.002870 -0.010826
v -0.013362 -0.002584 -0.011286
v -0.013230 -0.004318 -0.012721
v -0.013198 -0.004159 -0.012904
v -0.013158 -0.004324 -0.013161
v -0.013154 -0.004096 -0.013158
v -0.013570 -0.002644 -0.007063
v -0.013574 -0.002687 -0.006716
v -0.013567 -0.002497 -0.006741
v -0.013560 -0.002339 -0.006852
v -0.013579 -0.002872 -0.006786
v -0.013582 -0.003000 -0.006933
v -0.013582 -0.003045 -0.007120
v -0.013561 -0.004099 -0.009092
v -0.013571 -0.004335 -0.008940
v -0.013570 -0.004169 -0.008871
v -0.013602 -0.006352 -0.006480
v -0.013603 -0.006993 -0.006700
v -0.013602 -0.006650 -0.006413
v -0.012850 -0.006307 -0.014721
v -0.012910 -0.006650 -0.014444
v -0.012896 -0.006351 -0.014509
v -0.012851 -0.007208 -0.014716
v -0.012896 -0.006949 -0.014509
v -0.012851 -0.006092 -0.014716
v -0.012788 -0.005964 -0.014997
v -0.012133 -0.008721 -0.017617
v -0.012157 -0.008960 -0.017528
v -0.013064 -0.008499 -0.013683
v -0.013062 -0.008760 -0.013693
v -0.013088 -0.008269 -0.013552
v -0.013158 -0.008976 -0.013161
v -0.013128 -0.008129 -0.013333
v -0.012133 -0.004579 -0.017617
v 0.000011 0.002150 0.013398
v -0.002697 0.002150 0.013124
v -0.002697 -0.015450 0.013124
v 0.000011 -0.015450 0.013398
v -0.013602 -0.006948 -0.006480
v -0.013603 -0.006093 -0.006693
v -0.013603 -0.005964 -0.006983
v -0.013602 -0.005950 -0.007123
v 0.009364 -0.002689 0.000412
v 0.009004 -0.001914 0.000437
v -0.013601 -0.007287 -0.007417
v -0.013602 -0.007350 -0.007123
v -0.011060 0.001962 -0.007004
v -0.011496 0.001781 -0.007279
v -0.013579 -0.010428 -0.006786
v -0.013574 -0.010613 -0.006716
v -0.012770 -0.010301 -0.014946
v -0.012806 -0.010612 -0.014734
v -0.012886 -0.001109 0.003671
v -0.012671 -0.010350 -0.015379
v -0.012708 -0.010269 -0.015226
v -0.012400 -0.008843 -0.016584
v -0.013581 -0.004497 -0.008613
v -0.013601 -0.006013 -0.007417
v -0.013598 -0.006223 -0.007685
v -0.012628 -0.007077 -0.015675
v -0.012690 -0.007287 -0.015416
v -0.012690 -0.006013 -0.015416
v -0.012628 -0.006223 -0.015675
v -0.013598 -0.007077 -0.007685
v -0.013580 -0.008846 -0.008627
v -0.013567 -0.010803 -0.006741
v -0.012886 -0.012191 0.003671
v -0.012784 -0.012794 0.004011
v -0.012783 -0.000502 0.004013
v -0.011108 0.001958 -0.004506
v -0.011555 0.001767 -0.004789
v -0.011482 0.001740 0.001156
v -0.004394 0.001026 -0.035311
v -0.004387 -0.014331 -0.035314
v -0.004799 -0.014027 -0.035133
v -0.004806 0.000720 -0.035130
v -0.013571 -0.002789 -0.007497
v -0.010047 -0.009138 -0.025099
v -0.010138 -0.009195 -0.024795
v -0.010138 -0.004105 -0.024795
v -0.010047 -0.004162 -0.025099
v -0.013578 -0.004333 -0.008686
v -0.013578 -0.004971 -0.008695
v -0.013596 -0.006650 -0.007832
v -0.013571 -0.010511 -0.007497
v -0.013579 -0.008967 -0.008687
v -0.005408 -0.000198 -0.034839
v -0.005490 -0.000428 -0.034797
v -0.007497 -0.000263 -0.031099
v -0.007300 0.000434 -0.031005
v -0.013571 -0.008965 -0.008940
v -0.013564 -0.010701 -0.007521
v -0.013557 -0.010886 -0.007451
v -0.013557 -0.002414 -0.007451
v -0.013564 -0.002599 -0.007521
v -0.013554 -0.011015 -0.007303
v -0.013072 -0.004911 -0.013638
v -0.013147 -0.005196 -0.013227
v -0.013549 -0.004334 -0.009465
v -0.010673 -0.002244 -0.022916
v -0.010658 -0.002172 -0.022912
v -0.009510 -0.002172 -0.026786
v -0.009525 -0.002244 -0.026791
v -0.010612 -0.010350 -0.023173
v -0.010612 -0.002950 -0.023173
v -0.013570 -0.009138 -0.008885
v -0.013550 -0.008965 -0.009464
v -0.013559 -0.009204 -0.009147
v -0.013364 -0.002948 -0.011415
v -0.013334 -0.002595 -0.011552
v -0.013388 -0.010964 -0.010890
v -0.013554 -0.002285 -0.007303
v -0.013388 -0.002336 -0.010890
v -0.013407 -0.002495 -0.010779
v -0.013559 -0.004096 -0.009147
v -0.012579 -0.012184 0.004613
v -0.012758 0.000014 0.000295
v -0.013547 -0.005062 -0.009515
v -0.013547 -0.008238 -0.009515
v -0.013550 -0.004145 -0.009376
v -0.013543 -0.004340 -0.009607
v -0.013550 -0.009155 -0.009376
v -0.013543 -0.008960 -0.009607
v -0.009249 -0.014778 -0.022439
v -0.009578 -0.014438 -0.022450
v -0.013419 -0.010430 -0.010826
v -0.012792 0.000215 -0.005654
v -0.012719 0.000309 -0.008126
v -0.012596 0.000683 -0.005493
v -0.012518 0.000758 -0.007965
v -0.012333 -0.004159 -0.016842
v -0.012671 -0.002950 -0.015379
v -0.012640 -0.002788 -0.015491
v -0.012357 0.000822 -0.010192
v -0.012087 0.001212 -0.010003
v -0.013538 -0.004566 -0.009696
v -0.013538 -0.008734 -0.009696
v -0.013429 -0.007350 -0.011162
v -0.010658 -0.011128 -0.022912
v -0.010673 -0.011056 -0.022916
v -0.005146 0.000313 -0.034969
v -0.007050 0.000962 -0.030884
v -0.005139 -0.013626 -0.034973
v -0.005308 -0.013330 -0.034890
v -0.012561 0.000389 -0.010347
v -0.013364 -0.010352 -0.011415
v -0.013429 -0.005950 -0.011162
v -0.011749 0.001541 -0.009784
v -0.011899 0.001516 -0.007537
v -0.003273 0.001397 -0.035706
v -0.005553 0.002057 -0.030138
v -0.005321 0.002103 -0.030020
v -0.013334 -0.010705 -0.011552
v -0.013341 -0.011017 -0.011336
v -0.009510 -0.011128 -0.026786
v -0.007524 -0.012901 -0.031112
v -0.002529 -0.014751 -0.035878
v -0.002034 -0.014751 -0.035947
v -0.005076 -0.015433 -0.029893
v -0.005564 -0.015355 -0.030144
v -0.013443 -0.005964 -0.011023
v -0.013468 -0.006092 -0.010737
v -0.013485 -0.006352 -0.010525
v -0.013490 -0.006650 -0.010458
v -0.013485 -0.006948 -0.010525
v -0.013468 -0.007208 -0.010737
v -0.013443 -0.007336 -0.011023
v -0.013467 -0.006993 -0.010743
v -0.012757 -0.007350 -0.015132
v -0.012757 -0.005950 -0.015132
v -0.012770 -0.002999 -0.014946
v -0.012731 -0.003044 -0.015127
v -0.013384 -0.010270 -0.011259
v 0.008563 -0.001230 0.000470
v 0.008470 -0.001574 0.009461
v -0.013323 -0.011104 -0.011320
v -0.013384 -0.003030 -0.011259
v -0.013399 -0.007287 -0.011453
v -0.011839 -0.002501 -0.018666
v -0.012628 -0.002596 -0.015514
v -0.012636 -0.002412 -0.015444
v -0.011806 -0.002340 -0.018775
v 0.000067 -0.015450 0.013398
v -0.006324 -0.015865 0.001423
v -0.006181 -0.015865 0.001407
v -0.013237 -0.008906 -0.012674
v -0.013230 -0.008982 -0.012721
v -0.006775 0.001341 -0.030749
v -0.013332 -0.010889 -0.011482
v -0.013196 -0.009146 -0.012913
v -0.013154 -0.009204 -0.013158
v -0.012793 -0.010803 -0.014757
v -0.012762 -0.002336 -0.014867
v -0.012793 -0.002497 -0.014757
v -0.013332 -0.002411 -0.011482
v -0.012762 -0.010964 -0.014867
v -0.012700 -0.002172 -0.015041
v 0.007558 0.000266 -0.031245
v 0.007333 0.000405 -0.031372
v 0.007061 0.000539 -0.021000
v -0.011978 -0.013773 -0.014306
v -0.011781 -0.014186 -0.014182
v 0.009558 -0.003987 0.008361
v 0.009724 -0.004861 0.008166
v 0.009835 -0.004499 0.000386
v 0.009641 -0.003551 0.000395
v -0.013399 -0.006013 -0.011453
v -0.013392 -0.006300 -0.011516
v -0.013351 -0.006650 -0.011863
v -0.013247 -0.008673 -0.012612
v -0.003260 -0.014700 -0.035710
v -0.003615 -0.014632 -0.035602
v 0.008047 -0.000636 0.000510
v 0.007318 -0.000399 0.010377
v 0.007946 -0.000957 0.009905
v -0.005395 -0.013134 -0.034846
v -0.011970 0.001486 -0.005056
v -0.010061 0.001962 -0.015525
v -0.013237 -0.004394 -0.012674
v -0.013247 -0.004627 -0.012612
v -0.010775 -0.002876 -0.022599
v -0.010718 -0.002690 -0.022791
v -0.010579 -0.002791 -0.023280
v 0.004422 0.001401 0.012648
v -0.013240 -0.008424 -0.012660
v -0.013240 -0.004876 -0.012660
v -0.013200 -0.005140 -0.012910
v -0.013200 -0.008160 -0.012910
v -0.013110 -0.009141 -0.013411
v -0.012806 -0.002688 -0.014734
v -0.011524 -0.014553 -0.014033
v -0.012684 -0.002167 -0.015117
v -0.011120 -0.013746 -0.018184
v -0.010931 -0.014156 -0.018119
v 0.006664 0.000627 -0.010360
v -0.009599 0.001956 -0.017690
v -0.013075 -0.004363 -0.013623
v -0.011781 -0.002688 -0.018903
v -0.011737 -0.002243 -0.019028
v -0.011658 -0.002415 -0.019348
v 0.003535 0.001450 -0.034071
v 0.002699 0.001450 -0.034627
v -0.000303 0.002565 -0.023350
v -0.000191 0.002565 -0.023260
v -0.013113 -0.004150 -0.013394
v -0.013082 -0.004299 -0.013581
v -0.009279 0.002550 -0.000296
v -0.013078 -0.008966 -0.013606
v -0.008857 -0.015047 -0.022417
v -0.012335 -0.004340 -0.016841
v -0.010681 -0.014524 -0.018036
v -0.005667 -0.012151 -0.034705
v -0.005608 -0.012445 -0.034736
v -0.007647 -0.011983 -0.031171
v -0.000303 -0.015865 -0.023350
v 0.000125 -0.015865 -0.012966
v -0.007245 -0.015865 -0.016163
v -0.011738 -0.002173 -0.018951
v -0.010027 -0.013622 -0.022442
v -0.011721 -0.002171 -0.019024
v -0.012663 -0.002285 -0.015301
v -0.012708 -0.003031 -0.015226
v -0.010728 -0.015266 -0.011403
v -0.012324 0.001116 -0.005293
v -0.009259 0.002550 -0.000123
v -0.009202 0.002565 -0.000290
v -0.008811 0.002565 -0.003465
v -0.006063 0.002564 -0.025752
v -0.006538 0.002550 -0.022519
v -0.012731 -0.010256 -0.015127
v -0.012788 -0.007336 -0.014997
v -0.011839 -0.010799 -0.018666
v -0.005344 -0.015450 0.012287
v -0.006463 -0.015865 0.001383
v -0.011806 -0.010960 -0.018775
v 0.004813 -0.014343 0.012504
v 0.004813 0.001043 0.012504
v 0.009899 -0.004416 -0.005007
v 0.009708 -0.003457 -0.005006
v -0.007717 -0.004344 -0.031206
v -0.007717 -0.009071 -0.031206
v -0.008766 -0.008707 -0.029253
v -0.008767 -0.004562 -0.029249
v 0.010051 -0.005513 -0.015457
v 0.010049 -0.005472 -0.010298
v -0.009472 -0.002289 -0.026969
v -0.009463 -0.002201 -0.026943
v -0.007631 -0.001149 -0.031163
v -0.003615 0.001331 -0.035602
v -0.003873 -0.014559 -0.035514
v -0.003887 0.001254 -0.035509
v 0.010015 -0.005480 -0.005006
v 0.009939 -0.004407 -0.010301
v -0.011691 -0.002288 -0.019206
v -0.011781 -0.010612 -0.018903
v -0.012386 -0.004345 -0.016639
v -0.013070 -0.004409 -0.013648
v -0.009847 -0.015426 0.009086
v -0.009847 0.002126 0.009086
v -0.010287 -0.015374 -0.011156
v -0.006837 -0.015865 -0.019195
v -0.012246 0.001168 -0.007769
v 0.000381 -0.015865 -0.005694
v 0.000354 -0.015865 -0.005641
v -0.001560 -0.015865 -0.003480
v -0.005983 -0.015865 0.000763
v -0.009004 -0.015865 0.000070
v -0.009116 -0.015865 -0.000020
v -0.009284 -0.015450 0.009661
v -0.009577 -0.015444 0.009370
v -0.010001 -0.015373 -0.013240
v -0.009186 0.002565 -0.000146
v -0.006145 0.002549 -0.025708
v -0.009577 0.002144 0.009370
v -0.009116 0.002565 -0.000020
v -0.006679 0.002565 -0.016514
v -0.006422 0.002565 -0.022651
v -0.006034 0.002564 -0.025827
v -0.006097 0.002549 -0.025860
v -0.012386 -0.008342 -0.016641
v -0.012270 -0.009202 -0.017085
v -0.011835 -0.010425 -0.018711
v -0.011686 -0.002953 -0.019282
v -0.011654 -0.002790 -0.019393
v -0.010792 -0.002693 -0.022532
v -0.010747 -0.010959 -0.022664
v -0.011727 -0.003034 -0.019130
v -0.011644 -0.002599 -0.019416
v -0.010623 -0.011011 -0.023094
v -0.009525 -0.011056 -0.026791
v -0.009463 -0.011099 -0.026943
v -0.011727 -0.010266 -0.019130
v -0.011644 -0.010701 -0.019416
v -0.005981 -0.015850 -0.026031
v -0.009472 -0.011011 -0.026969
v -0.010747 -0.002341 -0.022664
v -0.010623 -0.002289 -0.023094
v -0.011835 -0.002875 -0.018711
v -0.012407 -0.004748 -0.016558
v 0.008204 -0.000599 -0.004973
v 0.008362 -0.000614 -0.010333
v -0.006054 -0.015865 0.001337
v -0.006463 0.002565 0.001383
v -0.005344 0.002150 0.012287
v -0.006324 0.002565 0.001423
v -0.007762 -0.015450 0.010921
v -0.005840 -0.004345 -0.034613
v -0.007709 -0.002572 -0.031201
v -0.005807 -0.002533 -0.034631
v -0.009284 0.002150 0.009661
v -0.007762 0.002150 0.010921
v -0.009004 0.002565 0.000070
v 0.000117 0.002565 -0.009624
v -0.000172 0.002565 -0.022798
v -0.005664 0.002565 -0.026079
v -0.005826 0.002565 -0.026047
v -0.005927 0.001939 -0.030328
v -0.009010 -0.004160 -0.028486
v -0.009014 -0.009132 -0.028473
v -0.009459 -0.010350 -0.027047
v -0.009459 -0.002950 -0.027047
v -0.012593 -0.006650 -0.015817
v -0.011083 -0.008706 -0.021508
v -0.010736 -0.010296 -0.022739
v -0.011163 -0.009136 -0.021225
v -0.011686 -0.010347 -0.019282
v -0.011654 -0.010510 -0.019393
v -0.010782 -0.002502 -0.022555
v -0.010586 -0.010883 -0.023235
v -0.009606 -0.010957 -0.026537
v -0.005490 -0.012873 -0.034797
v -0.009835 -0.014047 -0.022450
v -0.000472 -0.014751 -0.035908
v 0.001018 -0.014751 -0.035498
v -0.005504 -0.015865 -0.026038
v -0.005664 -0.015865 -0.026079
v -0.000028 0.002550 -0.022984
v -0.000048 0.002550 -0.023157
v -0.000121 0.002565 -0.023134
v -0.000105 0.002565 -0.022990
v -0.005615 -0.000888 -0.034733
v -0.009606 -0.002343 -0.026537
v -0.010586 -0.002417 -0.023235
v 0.002350 -0.015333 0.013191
v -0.011232 -0.004101 -0.020977
v -0.011303 -0.004171 -0.020715
v -0.011370 -0.004832 -0.020472
v 0.002016 0.002066 0.013246
v 0.002016 -0.015366 0.013246
v 0.002117 -0.015356 0.013230
v 0.002117 0.002056 0.013230
v -0.003886 -0.015865 -0.000919
v 0.000067 0.002150 0.013398
v -0.006181 0.002565 0.001407
v -0.001628 -0.015865 -0.003288
v -0.001757 -0.015865 -0.003147
v 0.001018 0.001450 -0.035498
v -0.006054 0.002565 0.001337
v -0.003886 0.002565 -0.000919
v -0.001757 0.002565 -0.003147
v -0.001628 0.002565 -0.003288
v 0.000354 0.002565 -0.005641
v 0.000381 0.002565 -0.005694
v 0.000421 0.002565 -0.005833
v 0.000106 0.002565 -0.016127
v -0.005504 0.002565 -0.026038
v -0.011940 -0.006650 -0.018351
v -0.011869 -0.007208 -0.018621
v -0.011760 -0.007350 -0.019032
v -0.011760 -0.005950 -0.019032
v -0.011370 -0.008468 -0.020472
v -0.011303 -0.009129 -0.020715
v -0.011232 -0.009199 -0.020977
v -0.009538 -0.010251 -0.026793
v -0.009538 -0.003049 -0.026793
v -0.010579 -0.010509 -0.023280
v -0.010570 -0.010700 -0.023303
v -0.009652 -0.002693 -0.026408
v -0.010570 -0.002600 -0.023303
v -0.009415 -0.002600 -0.027176
v -0.009415 -0.010700 -0.027176
v -0.009432 -0.010884 -0.027109
v -0.008856 -0.009135 -0.028973
v -0.008794 -0.008958 -0.029164
v -0.007653 -0.011911 -0.031174
v -0.005720 -0.011809 -0.034677
v -0.005717 -0.001472 -0.034679
v -0.005667 -0.001150 -0.034705
v -0.009432 -0.002416 -0.027109
v -0.011869 -0.006092 -0.018621
v -0.011164 -0.004161 -0.021220
v -0.011577 -0.006650 -0.019713
v -0.009652 -0.010607 -0.026408
v 0.008523 -0.000690 -0.015554
v -0.007647 -0.001317 -0.031171
v 0.003487 0.002010 0.001685
v 0.002959 0.002111 -0.007184
v 0.004823 0.001316 -0.033127
v 0.003535 -0.014751 -0.034071
v -0.000191 -0.015865 -0.023260
v 0.002699 -0.014751 -0.034627
v 0.008684 -0.000820 -0.020658
v -0.010800 -0.006307 -0.022511
v -0.009425 -0.010509 -0.027154
v -0.008935 -0.009199 -0.028725
v -0.008935 -0.004101 -0.028725
v -0.008859 -0.004161 -0.028966
v -0.007698 -0.011128 -0.031195
v 0.008684 -0.001172 -0.004987
v -0.005808 -0.010745 -0.034630
v -0.007698 -0.002172 -0.031195
v -0.008795 -0.004337 -0.029161
v -0.009425 -0.002791 -0.027154
v -0.010736 -0.003004 -0.022739
v 0.000421 -0.015865 -0.005833
v 0.000106 -0.015865 -0.016127
v 0.008769 -0.000863 -0.030728
v 0.008407 -0.000425 -0.030852
v 0.006081 0.000976 -0.032192
v 0.005005 0.001279 -0.032990
v 0.002269 0.002150 -0.017024
v 0.002121 0.002150 -0.018965
v 0.008963 -0.001169 -0.030672
v 0.009298 -0.001894 -0.030596
v 0.009847 -0.005836 -0.030528
v -0.007713 -0.010536 -0.031203
v -0.005840 -0.008956 -0.034613
v 0.009440 -0.002598 -0.005003
v 0.009098 -0.001837 -0.004997
v 0.009819 -0.008254 -0.030529
v 0.004823 -0.014616 -0.033127
v 0.002923 -0.015415 -0.007734
v 0.003332 -0.015350 -0.001078
v 0.003473 -0.015314 0.001425
v 0.004422 -0.014701 0.012648
v 0.006578 0.000097 0.010862
v 0.007942 -0.000006 -0.031051
v 0.008303 -0.000320 -0.030893
v 0.008939 -0.001279 -0.015524
v 0.009072 -0.001444 -0.020607
v 0.009288 -0.001949 -0.015501
v 0.009383 -0.002139 -0.020573
v 0.009572 -0.002703 -0.015484
v 0.009626 -0.002900 -0.020549
v 0.009811 -0.003729 -0.020532
v 0.009509 -0.002599 -0.010310
v 0.009191 -0.001845 -0.010317
v 0.009383 -0.011162 -0.020573
v 0.005005 -0.014579 -0.032990
v 0.002160 -0.015450 -0.018463
v 0.002269 -0.015450 -0.017024
v 0.006081 -0.014277 -0.032192
v 0.008808 -0.001186 -0.010324
v 0.009794 -0.003545 -0.015471
v 0.009758 -0.003451 -0.010305
v 0.009818 -0.005796 0.008053
v 0.009954 -0.004480 -0.015462
vn 0.9998 -0.0105 -0.0189
vn 0.9993 -0.0336 0.0156
vn 0.6570 -0.7532 0.0307
vn 0.6679 -0.7436 0.0319
vn 0.7553 -0.6547 0.0308
vn 0.7673 -0.6405 0.0322
vn 0.8408 -0.5405 0.0295
vn 0.8521 -0.5225 0.0309
vn 0.9068 -0.4206 0.0271
vn 0.9160 -0.4001 0.0285
vn 0.9520 -0.3051 0.0240
vn 0.9579 -0.2860 0.0253
vn 0.9794 -0.2006 0.0214
vn 0.9819 -0.1879 0.0223
vn 0.9937 -0.1100 0.0195
vn 0.9946 -0.1022 0.0203
vn 0.9992 -0.0363 0.0185
vn 0.9993 -0.0306 0.0193
vn 0.4111 -0.9116 0.0022
vn 0.4644 -0.8856 0.0007
vn 0.5219 -0.8530 0.0026
vn 0.5180 -0.8554 0.0024
vn 0.5779 -0.8161 0.0014
vn 0.4052 -0.9142 0.0020
vn 0.9996 -0.0299 -0.0002
vn 0.9995 -0.0313 0.0001
vn 0.9956 -0.0934 -0.0004
vn 0.9948 -0.1023 0.0014
vn 0.9857 -0.1685 0.0004
vn 0.9826 -0.1856 0.0033
vn 0.9670 -0.2549 0.0019
vn 0.9596 -0.2815 0.0060
vn 0.9215 -0.3884 0.0093
vn 0.8647 -0.5021 0.0127
vn 0.7880 -0.6154 0.0154
vn 0.7220 -0.6917 0.0122
vn 0.6939 -0.7199 0.0163
vn 0.9967 -0.0799 -0.0117
vn 0.9995 -0.0247 -0.0178
vn 0.4783 -0.8781 0.0106
vn 0.5167 -0.8561 0.0092
vn 0.6348 -0.7726 0.0072
vn 0.7221 -0.6917 0.0116
vn 0.7531 -0.6579 0.0070
vn 0.9670 -0.2549 0.0005
vn 0.9857 -0.1685 -0.0028
vn 0.9896 -0.1436 -0.0066
vn 0.9956 -0.0934 -0.0051
vn 0.9968 -0.0799 -0.0075
vn 0.9996 -0.0277 -0.0066
vn 0.9997 -0.0247 -0.0072
vn 0.9994 -0.0328 0.0122
vn 0.9994 -0.0335 0.0124
vn 0.9941 -0.1076 0.0131
vn 0.9938 -0.1101 0.0136
vn 0.9805 -0.1959 0.0147
vn 0.9795 -0.2007 0.0157
vn 0.9545 -0.2976 0.0171
vn 0.9521 -0.3052 0.0185
vn 0.9118 -0.4102 0.0197
vn 0.9069 -0.4208 0.0216
vn 0.8491 -0.5278 0.0221
vn 0.8408 -0.5408 0.0244
vn 0.7673 -0.6409 0.0238
vn 0.7552 -0.6550 0.0262
vn 0.6718 -0.7403 0.0244
vn 0.6569 -0.7535 0.0267
vn 0.5523 -0.8333 0.0232
vn 0.7093 -0.7049 0.0035
vn 0.8425 -0.5387 0.0047
vn 0.9082 -0.4186 0.0016
vn 0.9828 -0.1844 -0.0090
vn 0.5509 -0.8343 0.0229
vn 0.5880 -0.8087 0.0184
vn 0.6718 -0.7404 0.0216
vn 0.6938 -0.7199 0.0184
vn 0.7673 -0.6410 0.0207
vn 0.7880 -0.6154 0.0168
vn 0.8491 -0.5279 0.0185
vn 0.8647 -0.5021 0.0145
vn 0.9118 -0.4103 0.0154
vn 0.9214 -0.3884 0.0119
vn 0.9546 -0.2976 0.0123
vn 0.9595 -0.2815 0.0095
vn 0.9806 -0.1959 0.0096
vn 0.9826 -0.1856 0.0077
vn 0.9942 -0.1076 0.0076
vn 0.9947 -0.1023 0.0066
vn 0.9994 -0.0328 0.0065
vn 0.9995 -0.0313 0.0061
vn 0.5880 0.8087 0.0184
vn 0.5509 0.8343 0.0229
vn 0.4052 0.9142 0.0020
vn 0.9954 0.0932 -0.0199
vn 0.9828 0.1844 -0.0090
vn 0.6348 0.7726 0.0072
vn 0.9993 0.0336 0.0156
vn 0.5524 0.8333 0.0232
vn 0.9967 0.0799 -0.0117
vn -0.1384 -0.0000 -0.9904
vn 0.0250 -0.0000 -0.9997
vn 0.7175 -0.0004 0.6965
vn 0.7201 0.0019 0.6939
vn -0.9068 -0.4208 0.0270
vn -0.9374 -0.3474 0.0263
vn -0.7285 -0.6845 0.0262
vn -0.5067 -0.8453 -0.1695
vn -0.5873 -0.7861 -0.1927
vn -0.6242 -0.7523 -0.2109
vn -0.7310 -0.6390 -0.2395
vn -0.7659 -0.5893 -0.2571
vn -0.8330 -0.4818 -0.2720
vn -0.8565 -0.4310 -0.2840
vn -0.8924 -0.3452 -0.2906
vn -0.8837 -0.4577 -0.0976
vn -0.8865 -0.4524 -0.0967
vn -0.8961 -0.4408 -0.0520
vn -0.9047 -0.4233 -0.0492
vn -0.9102 -0.4139 -0.0162
vn -0.9206 -0.3904 -0.0124
vn -0.9238 -0.3825 0.0144
vn -0.9395 -0.3422 0.0170
vn -0.9401 -0.3400 0.0254
vn -0.6686 -0.7404 -0.0692
vn -0.6719 -0.7374 -0.0687
vn -0.6837 -0.7288 -0.0376
vn -0.6960 -0.7172 -0.0352
vn -0.7043 -0.7098 -0.0116
vn -0.7202 -0.6937 -0.0081
vn -0.7269 -0.6866 0.0129
vn -0.7512 -0.6599 0.0159
vn -0.7532 -0.6573 0.0233
vn -0.8723 -0.4884 0.0248
vn -0.8711 -0.4909 0.0170
vn -0.8492 -0.5279 0.0140
vn -0.8441 -0.5360 -0.0104
vn -0.8296 -0.5582 -0.0145
vn -0.8225 -0.5671 -0.0431
vn -0.8106 -0.5838 -0.0460
vn -0.7996 -0.5946 -0.0844
vn -0.7955 -0.6000 -0.0852
vn -0.5898 -0.8073 0.0202
vn -0.5870 -0.8095 0.0131
vn -0.5660 -0.8243 0.0108
vn -0.5586 -0.8294 -0.0060
vn -0.5454 -0.8381 -0.0085
vn -0.5371 -0.8431 -0.0265
vn -0.5280 -0.8488 -0.0280
vn -0.5169 -0.8545 -0.0514
vn -0.5161 -0.8550 -0.0515
vn -0.5038 -0.8585 -0.0961
vn -0.3635 -0.9289 -0.0702
vn -0.3600 -0.9296 -0.0792
vn -0.3540 -0.9329 -0.0658
vn -0.3692 -0.9292 -0.0190
vn -0.3739 -0.9273 -0.0183
vn -0.3808 -0.9246 -0.0057
vn -0.3891 -0.9212 -0.0043
vn -0.3956 -0.9184 0.0079
vn -0.4097 -0.9122 0.0093
vn -0.4124 -0.9109 0.0147
vn -0.5623 -0.8267 0.0223
vn -0.3734 -0.9275 0.0164
vn -0.5462 -0.8295 -0.1169
vn -0.5263 -0.8421 -0.1175
vn -0.3715 -0.9246 -0.0846
vn -0.4233 -0.8953 -0.1385
vn -0.4167 -0.8986 -0.1372
vn -0.5263 0.8421 -0.1175
vn -0.3330 0.9428 0.0137
vn -0.4930 0.8544 -0.1644
vn -0.4233 0.8953 -0.1385
vn -0.8526 0.5218 0.0287
vn -0.7532 0.6573 0.0234
vn -0.7284 0.6847 0.0262
vn -0.9365 0.3497 0.0263
vn -0.5054 0.8597 -0.0748
vn -0.5117 0.8557 -0.0777
vn -0.6564 0.7477 -0.1005
vn -0.6618 0.7426 -0.1033
vn -0.7833 0.6091 -0.1238
vn -0.7873 0.6035 -0.1263
vn -0.8725 0.4675 -0.1420
vn -0.8755 0.4611 -0.1445
vn -0.2209 0.9748 -0.0307
vn -0.5207 0.8428 -0.1362
vn -0.5548 0.8185 -0.1488
vn -0.6680 0.7231 -0.1757
vn -0.7023 0.6863 -0.1890
vn -0.7876 0.5800 -0.2082
vn -0.8149 0.5364 -0.2196
vn -0.8694 0.4369 -0.2309
vn -0.8867 0.3958 -0.2390
vn -0.5525 0.8166 -0.1668
vn -0.5873 0.7889 -0.1808
vn -0.6988 0.6836 -0.2106
vn -0.7321 0.6431 -0.2245
vn -0.8101 0.5333 -0.2435
vn -0.8357 0.4866 -0.2547
vn -0.8809 0.3927 -0.2641
vn -0.8965 0.3502 -0.2715
vn -0.8782 0.4356 -0.1976
vn -0.8627 0.4686 -0.1900
vn -0.7962 0.5787 -0.1765
vn -0.7739 0.6108 -0.1673
vn -0.6760 0.7219 -0.1475
vn -0.6487 0.7485 -0.1375
vn -0.5462 0.8295 -0.1169
vn -0.5038 0.8585 -0.0961
vn -0.3598 0.9315 -0.0533
vn -0.3538 0.9339 -0.0507
vn -0.3618 0.9316 -0.0352
vn -0.3607 0.9320 -0.0348
vn 0.1624 0.9865 0.0191
vn 0.1564 0.9876 0.0155
vn -0.9373 0.0012 0.3486
vn -0.9150 0.0023 0.4035
vn -0.8881 0.0007 0.4596
vn -0.8264 0.0003 0.5631
vn -0.7710 -0.0000 0.6369
vn 0.1841 -0.9827 0.0176
vn 0.1713 -0.9851 0.0143
vn -0.7691 -0.0005 0.6391
vn -0.8146 -0.0030 0.5801
vn -0.8545 -0.0002 0.5194
vn -0.8882 -0.0007 0.4595
vn -0.9149 -0.0022 0.4037
vn -0.1975 -0.9801 0.0222
vn -0.1976 -0.9800 0.0222
vn 0.1975 -0.9800 -0.0222
vn 0.1975 -0.9801 -0.0222
vn -0.1771 -0.9802 -0.0891
vn -0.1834 -0.9792 -0.0864
vn -0.1905 -0.9790 -0.0724
vn -0.2124 -0.9750 -0.0648
vn -0.0004 -1.0000 0.0058
vn -0.9457 -0.2282 -0.2315
vn -0.9509 -0.2412 -0.1940
vn -0.9547 -0.2322 -0.1863
vn -0.9667 -0.2462 -0.0704
vn -0.9689 -0.2338 -0.0816
vn -0.9719 -0.2346 0.0180
vn -0.9762 -0.2170 0.0034
vn -0.9618 -0.0166 -0.2732
vn -0.9619 -0.0121 -0.2733
vn -0.9674 -0.0256 -0.2521
vn -0.9760 -0.0355 -0.2147
vn -0.9737 -0.0367 -0.2249
vn -0.9754 -0.0427 -0.2164
vn -0.9748 -0.0437 -0.2189
vn -0.9757 -0.0375 -0.2158
vn -0.9686 -0.0075 -0.2485
vn -0.9948 -0.0461 -0.0911
vn -0.9945 -0.0398 -0.0971
vn -0.9937 -0.0519 -0.0993
vn -0.9995 -0.0293 -0.0073
vn -0.9991 -0.0409 -0.0099
vn -0.1768 0.9796 -0.0956
vn -0.1645 0.9791 -0.1192
vn -0.1625 0.9800 -0.1145
vn -0.9762 0.2170 0.0034
vn -0.9719 0.2346 0.0180
vn -0.9688 0.2331 -0.0841
vn -0.9661 0.2485 -0.0701
vn -0.9593 0.2484 -0.1345
vn -0.9639 0.2259 -0.1411
vn -0.9754 0.0427 -0.2164
vn -0.9679 0.0070 -0.2514
vn -0.9945 0.0398 -0.0971
vn -0.9950 0.0408 -0.0912
vn -0.9942 0.0449 -0.0972
vn -0.9937 0.0519 -0.0993
vn -0.9934 0.0528 -0.1016
vn -0.9866 0.0165 -0.1621
vn -0.9860 0.0214 -0.1652
vn -0.9994 0.0348 -0.0056
vn -0.9991 0.0409 -0.0099
vn -0.9992 0.0393 -0.0076
vn -0.9994 0.0319 -0.0093
vn -0.9995 0.0297 -0.0062
vn -0.9995 0.0293 -0.0073
vn -0.9992 0.0170 -0.0357
vn -1.0000 -0.0002 0.0034
vn -0.9769 -0.0009 -0.2135
vn -0.9770 -0.0000 -0.2133
vn -0.9773 0.0005 -0.2119
vn -0.9770 -0.0001 -0.2134
vn -0.9756 -0.0000 -0.2193
vn -0.9680 0.0006 -0.2508
vn -0.9829 -0.0001 -0.1842
vn -0.9840 -0.0012 -0.1780
vn -0.9679 -0.0004 -0.2514
vn -0.1007 -0.0000 0.9949
vn -1.0000 0.0004 0.0027
vn -1.0000 -0.0000 0.0028
vn -1.0000 -0.0000 -0.0000
vn -1.0000 -0.0007 -0.0026
vn 0.9069 0.4206 0.0269
vn 0.9178 0.3961 0.0285
vn -1.0000 0.0043 -0.0045
vn -1.0000 -0.0066 0.0047
vn -0.3692 0.9292 -0.0190
vn -0.3740 0.9273 -0.0183
vn -0.9989 -0.0107 0.0466
vn -0.9985 -0.0111 0.0532
vn -0.9985 0.0111 0.0532
vn -0.9766 -0.0392 -0.2115
vn -0.9748 -0.0382 -0.2197
vn -0.9979 0.0119 0.0643
vn -0.9989 0.0107 0.0466
vn -0.9999 0.0076 0.0119
vn -0.9999 0.0076 0.0121
vn -1.0000 0.0069 0.0031
vn -1.0000 0.0070 -0.0018
vn -0.9726 -0.0114 -0.2321
vn -0.9732 -0.0087 -0.2297
vn -0.9999 0.0071 -0.0078
vn -0.9999 0.0037 -0.0122
vn -0.9723 -0.0000 -0.2339
vn -1.0000 0.0065 -0.0018
vn -0.9999 0.0074 -0.0070
vn -0.9999 -0.0037 -0.0122
vn -0.9999 -0.0071 -0.0077
vn -0.9995 -0.0297 -0.0062
vn -0.9994 -0.0319 -0.0093
vn -0.9994 -0.0348 -0.0056
vn -0.9973 -0.0431 0.0595
vn -0.9973 0.0431 0.0595
vn -0.9580 -0.0000 0.2867
vn -0.9581 -0.0000 0.2863
vn -0.9951 -0.0826 0.0541
vn -0.9885 -0.1438 0.0466
vn -0.3963 0.9181 0.0091
vn -0.4091 0.9125 0.0081
vn -0.4012 -0.0000 -0.9160
vn -0.4018 -0.0000 -0.9157
vn -0.9995 0.0296 -0.0093
vn -0.9583 -0.0000 -0.2859
vn -0.9999 0.0088 -0.0094
vn -0.9995 -0.0007 -0.0305
vn -0.9995 0.0003 -0.0300
vn -0.9996 -0.0000 -0.0281
vn -0.9998 -0.0000 -0.0203
vn -0.9999 0.0014 -0.0164
vn -0.9999 -0.0000 -0.0123
vn -0.9995 -0.0296 -0.0093
vn -0.9999 -0.0085 -0.0090
vn -0.8534 0.2196 -0.4728
vn -0.8353 0.2991 -0.4614
vn -0.9999 -0.0014 -0.0164
vn -0.9995 -0.0000 -0.0310
vn -0.9995 -0.0000 -0.0308
vn -0.9995 0.0027 -0.0319
vn -0.9992 -0.0393 -0.0076
vn -0.9993 -0.0349 -0.0111
vn -0.9992 -0.0388 -0.0107
vn -0.9991 -0.0408 -0.0095
vn -0.9991 0.0408 -0.0095
vn -0.9992 0.0388 -0.0107
vn -0.9993 0.0349 -0.0111
vn -0.9487 -0.0000 0.3163
vn -0.9703 -0.2399 0.0299
vn -0.9483 -0.0000 0.3173
vn -0.9696 0.2428 0.0294
vn -0.9727 0.2299 0.0315
vn -0.9886 0.1435 0.0464
vn -0.9991 -0.0414 -0.0097
vn -0.9990 -0.0431 -0.0098
vn -0.9839 0.0001 -0.1788
vn -0.9840 0.0002 -0.1782
vn -0.9994 0.0149 -0.0306
vn -0.9991 0.0140 -0.0404
vn -0.9369 0.2125 -0.2775
vn -0.9366 0.2138 -0.2774
vn -0.9598 -0.0000 -0.2806
vn -0.9994 -0.0146 -0.0320
vn -0.9991 -0.0134 -0.0401
vn -0.9992 -0.0162 -0.0368
vn -0.9978 -0.0471 -0.0463
vn -0.9902 0.0325 -0.1356
vn -0.9889 0.0381 -0.1437
vn -0.9955 -0.0822 -0.0470
vn -0.9954 -0.0841 -0.0470
vn -0.9990 0.0431 -0.0098
vn -0.9991 0.0414 -0.0097
vn -0.9954 0.0841 -0.0470
vn -0.9955 0.0822 -0.0470
vn -0.9975 -0.0524 -0.0464
vn -0.9976 -0.0518 -0.0464
vn -0.9978 0.0471 -0.0463
vn -0.9985 0.0382 -0.0381
vn -0.9375 -0.0013 0.3479
vn -0.9409 -0.0000 0.3387
vn -0.9668 -0.2541 0.0269
vn -0.9526 -0.3041 0.0105
vn -0.9407 -0.0000 0.3394
vn -0.9401 0.3400 0.0252
vn -0.9670 0.2534 0.0271
vn -0.9526 0.3041 0.0105
vn -0.9887 -0.1424 -0.0475
vn -0.9797 -0.1952 -0.0466
vn -0.9710 0.2346 -0.0463
vn -0.9687 0.2440 -0.0464
vn -0.9571 -0.2892 0.0153
vn -0.9541 -0.2959 -0.0458
vn -0.9516 -0.3070 -0.0165
vn -0.9991 0.0124 -0.0394
vn -0.9989 -0.0000 -0.0469
vn -0.9989 -0.0000 -0.0470
vn -0.9990 0.0158 -0.0419
vn -0.9986 0.0190 -0.0488
vn -0.9988 0.0001 -0.0481
vn -0.9990 -0.0157 -0.0419
vn -0.9978 -0.0451 -0.0481
vn -0.9988 -0.0001 -0.0481
vn -0.9986 -0.0189 -0.0487
vn -0.6988 -0.6836 -0.2106
vn -0.7321 -0.6431 -0.2245
vn -0.9942 -0.0449 -0.0972
vn -0.9950 -0.0408 -0.0912
vn -0.9939 0.0535 -0.0968
vn -0.9941 0.0496 -0.0961
vn -0.9939 -0.0447 -0.1006
vn -0.9571 0.2892 0.0153
vn -0.9516 0.3070 -0.0165
vn -0.9541 0.2959 -0.0458
vn -0.9194 0.2838 -0.2723
vn -0.9173 0.2883 -0.2747
vn -0.9797 0.1952 -0.0466
vn -0.9887 0.1424 -0.0475
vn -0.9939 0.0447 -0.1006
vn -0.9102 0.4139 -0.0162
vn -0.9206 0.3904 -0.0124
vn -0.9948 0.0461 -0.0911
vn -0.9975 -0.0318 -0.0627
vn -0.9976 -0.0332 -0.0606
vn -0.9978 0.0451 -0.0481
vn -1.0000 -0.0000 -0.0093
vn -0.9351 -0.0000 0.3544
vn -0.9350 -0.0000 0.3545
vn -0.9071 0.4200 0.0270
vn -0.8723 0.4884 0.0250
vn -0.9692 0.0256 -0.2450
vn -0.9704 0.0190 -0.2408
vn -0.7959 0.5996 -0.0838
vn -0.7992 0.5950 -0.0857
vn -0.9436 -0.3234 -0.0712
vn -0.9500 -0.3071 -0.0566
vn -0.9987 -0.0000 -0.0511
vn -0.9988 -0.0000 -0.0487
vn -0.9939 -0.0509 -0.0978
vn -0.9942 -0.0510 -0.0949
vn -0.9964 0.0129 -0.0836
vn -0.9969 0.0206 -0.0761
vn -0.9958 -0.0120 -0.0905
vn -0.9963 -0.0117 -0.0851
vn -0.9392 -0.2283 -0.2567
vn -0.9425 -0.2125 -0.2579
vn -0.8321 0.3080 -0.4613
vn -0.7723 0.4644 -0.4335
vn -0.7869 -0.4333 -0.4394
vn -0.8217 -0.3403 -0.4572
vn -0.9500 0.3070 -0.0566
vn -0.9431 0.3247 -0.0724
vn -0.9939 -0.0411 -0.1021
vn -0.9940 -0.0413 -0.1014
vn -0.9958 0.0120 -0.0905
vn -0.9963 0.0117 -0.0851
vn 0.7652 -0.3255 -0.5554
vn -0.9178 -0.0000 0.3971
vn -0.8516 -0.5233 0.0286
vn -0.9179 -0.0000 0.3968
vn -0.5280 0.8488 -0.0280
vn -0.5371 0.8431 -0.0265
vn -0.1116 0.9805 -0.1619
vn -0.1064 0.9813 -0.1601
vn -0.9932 -0.0434 -0.1084
vn -0.9927 -0.0516 -0.1087
vn -0.9934 -0.0528 -0.1017
vn -0.9107 -0.2829 -0.3012
vn -0.9111 -0.2781 -0.3043
vn -0.0168 -0.9926 -0.1203
vn -0.0829 -0.9856 -0.1476
vn -0.9954 0.0212 -0.0940
vn -0.9964 0.0112 -0.0836
vn -0.9972 0.0048 -0.0742
vn -0.9977 0.0018 -0.0677
vn -0.9980 -0.0000 -0.0629
vn -0.9977 -0.0018 -0.0677
vn -0.9972 -0.0048 -0.0742
vn -0.9964 -0.0112 -0.0836
vn -0.9954 -0.0212 -0.0940
vn -0.9949 0.0216 -0.0982
vn -0.9959 -0.0002 -0.0910
vn -0.9958 -0.0000 -0.0911
vn -0.9735 -0.0000 -0.2286
vn -0.9747 0.0096 -0.2232
vn -0.9769 0.0090 -0.2136
vn -0.9939 -0.0487 -0.0993
vn -0.9975 -0.0000 0.0708
vn -0.9979 -0.0119 0.0643
vn 0.8408 0.5405 0.0294
vn 0.8547 0.5182 0.0310
vn -0.9412 -0.3203 -0.1071
vn -0.9420 -0.3032 -0.1439
vn -0.9927 0.0516 -0.1087
vn -0.9932 0.0434 -0.1084
vn -0.9939 0.0487 -0.0993
vn -0.9945 -0.0118 -0.1041
vn -0.9943 -0.0120 -0.1064
vn -0.9958 0.0001 -0.0910
vn -0.9949 -0.0216 -0.0982
vn -0.8890 -0.0000 0.4578
vn -0.9020 -0.0000 0.4316
vn -0.9061 -0.0000 0.4231
vn -0.9062 -0.0000 0.4229
vn -0.5898 0.8073 0.0201
vn -0.9694 0.0458 -0.2412
vn -0.9698 0.0357 -0.2411
vn 0.0012 -0.9994 0.0340
vn 0.0037 -0.9995 0.0327
vn -0.9929 -0.0127 -0.1180
vn -0.9934 -0.0127 -0.1144
vn -0.9923 -0.0195 -0.1221
vn -0.6002 0.7741 -0.2014
vn -0.5873 0.7856 -0.1946
vn -0.9940 -0.0455 -0.0999
vn -0.9861 -0.0510 -0.1583
vn -0.9847 -0.0577 -0.1644
vn -0.9834 0.0789 -0.1635
vn -0.9839 0.0701 -0.1643
vn -0.9796 -0.1181 -0.1625
vn -0.9764 -0.1427 -0.1623
vn -0.9605 0.2283 -0.1590
vn -0.9577 0.2402 -0.1587
vn 0.5220 0.8529 0.0023
vn 0.5180 0.8554 0.0025
vn -0.8755 -0.4611 -0.1445
vn 0.9830 0.1825 0.0225
vn 0.9794 0.2006 0.0212
vn -0.9968 -0.0000 -0.0801
vn -0.9971 -0.0000 -0.0755
vn -0.9968 0.0001 -0.0801
vn -0.9939 -0.0000 -0.1101
vn -0.9931 -0.0004 -0.1171
vn -0.9923 -0.0050 -0.1240
vn -0.9928 -0.0088 -0.1195
vn -0.2227 -0.9532 -0.2043
vn -0.2474 -0.9445 -0.2162
vn 0.6570 0.7532 0.0304
vn 0.6777 0.7347 0.0323
vn -0.9406 -0.3006 -0.1580
vn -0.9417 -0.2984 -0.1557
vn -0.8416 -0.2797 -0.4621
vn -0.8430 -0.2727 -0.4637
vn -0.9940 0.0455 -0.0999
vn -0.9764 0.1427 -0.1623
vn -0.9796 0.1181 -0.1625
vn -0.5670 0.8236 0.0130
vn -0.5862 0.8101 0.0110
vn -0.9847 0.0577 -0.1644
vn -0.9862 0.0506 -0.1579
vn -0.3635 0.9289 -0.0702
vn -0.3540 0.9329 -0.0658
vn -0.9929 0.0127 -0.1180
vn -0.9923 0.0195 -0.1221
vn -0.9934 0.0127 -0.1144
vn -0.9928 0.0021 -0.1196
vn -0.9928 0.0088 -0.1195
vn -0.9923 0.0050 -0.1240
vn -0.8548 -0.0001 0.5190
vn -0.8554 -0.0000 0.5180
vn -0.8741 -0.0000 0.4857
vn -0.8742 -0.0000 0.4856
vn -0.5662 0.8240 0.0220
vn -0.4248 0.9051 0.0156
vn -0.4123 0.9109 0.0144
vn -0.9615 0.0105 -0.2747
vn -0.9615 0.0106 -0.2747
vn 0.3152 -0.0000 0.9490
vn 0.2637 -0.0000 0.9646
vn -0.9879 0.0009 -0.1548
vn -0.9884 -0.0001 -0.1519
vn -0.9882 -0.0000 -0.1531
vn -0.9882 -0.0000 -0.1532
vn -0.9875 -0.0000 -0.1576
vn -0.9868 -0.0010 -0.1619
vn -0.9866 -0.0166 -0.1621
vn -0.9860 -0.0214 -0.1653
vn -0.9846 -0.0215 -0.1735
vn -0.9830 -0.0430 -0.1786
vn -0.9832 -0.0445 -0.1772
vn -0.9749 -0.0390 -0.2192
vn -0.9752 -0.0396 -0.2177
vn -0.9748 0.0382 -0.2197
vn -0.9766 0.0392 -0.2115
vn -0.9339 -0.3062 -0.1848
vn -0.7873 -0.6035 -0.1263
vn -0.8725 -0.4675 -0.1420
vn -0.9547 0.2322 -0.1863
vn -0.9530 0.2363 -0.1898
vn -0.8782 -0.4356 -0.1976
vn 0.4783 0.8781 0.0106
vn 0.5167 0.8561 0.0092
vn -0.3715 0.9246 -0.0846
vn -0.3600 0.9296 -0.0792
vn -0.9906 -0.0000 -0.1371
vn -0.9885 -0.0000 -0.1513
vn -0.9839 -0.0002 -0.1785
vn -0.9842 0.0005 -0.1771
vn -0.9667 0.0256 -0.2547
vn -0.9672 0.0263 -0.2525
vn -0.9347 0.3056 -0.1818
vn -0.9361 -0.2825 -0.2093
vn -0.9211 -0.3160 -0.2276
vn -0.9976 0.0518 -0.0464
vn -0.9975 0.0524 -0.0464
vn 0.0556 0.9949 -0.0836
vn 0.0642 0.9947 -0.0805
vn -0.9752 0.0396 -0.2178
vn -0.9749 0.0390 -0.2192
vn -0.9832 0.0445 -0.1772
vn -0.9831 0.0436 -0.1780
vn -0.9854 0.0074 -0.1701
vn -0.9840 0.0216 -0.1766
vn -0.9868 0.0010 -0.1619
vn -0.9884 0.0001 -0.1520
vn -0.9880 -0.0009 -0.1547
vn -0.8254 -0.0000 0.5645
vn -0.8393 -0.0000 0.5437
vn -0.8289 -0.0000 0.5594
vn -0.3219 -0.9468 0.0067
vn -0.3163 -0.9486 0.0129
vn -0.8254 -0.0000 0.5646
vn -0.8052 -0.0000 0.5930
vn -0.3164 0.9485 0.0128
vn -0.3219 0.9468 0.0067
vn -0.9727 -0.2299 0.0316
vn -0.9890 -0.1400 0.0470
vn -0.9863 -0.0000 -0.1651
vn -0.9854 -0.0000 -0.1704
vn -0.9850 -0.0000 -0.1724
vn -0.9843 -0.0005 -0.1768
vn -0.9841 -0.0159 -0.1771
vn -0.5207 -0.8428 -0.1362
vn -0.5548 -0.8185 -0.1488
vn -0.9750 -0.0328 -0.2197
vn -0.9747 -0.0326 -0.2212
vn -0.9745 -0.0328 -0.2218
vn -0.9617 -0.1369 -0.2376
vn -0.9447 -0.2303 -0.2334
vn -0.9422 -0.2412 -0.2326
vn -0.6487 -0.7485 -0.1375
vn -0.9680 -0.0001 -0.2510
vn -0.9683 -0.0000 -0.2497
vn -0.9320 -0.2856 -0.2233
vn -1.0000 -0.0000 -0.0027
vn -1.0000 -0.0017 -0.0050
vn -0.9705 -0.0194 -0.2401
vn -0.9708 -0.0180 -0.2390
vn -0.7962 -0.5787 -0.1765
vn -0.8627 -0.4686 -0.1900
vn -0.8704 -0.1254 -0.4761
vn -0.8660 -0.1463 -0.4782
vn -0.0000 -1.0000 -0.0000
vn -0.5454 0.8381 -0.0085
vn -0.5586 0.8294 -0.0060
vn -0.9433 0.2363 -0.2330
vn -0.9276 -0.2809 -0.2462
vn -0.9223 -0.2927 -0.2522
vn -0.9340 0.2842 -0.2166
vn -0.9757 0.0375 -0.2158
vn -0.9748 0.0437 -0.2189
vn -0.9447 0.2303 -0.2334
vn -0.9617 0.1369 -0.2376
vn -0.9747 0.0326 -0.2212
vn -0.9750 0.0328 -0.2197
vn -0.9737 0.0367 -0.2249
vn -0.9745 0.0328 -0.2218
vn 0.7553 0.6547 0.0304
vn 0.7731 0.6334 0.0322
vn -0.9813 0.0327 -0.1895
vn -0.9841 0.0062 -0.1776
vn -0.6997 -0.5917 -0.4004
vn -0.7659 -0.4742 -0.4342
vn -0.7700 -0.0000 0.6380
vn -0.7709 0.0001 0.6370
vn -0.8042 -0.0000 0.5943
vn -0.2381 -0.9709 0.0268
vn -0.2233 -0.9743 0.0294
vn -0.2994 -0.9541 -0.0041
vn -0.2676 -0.9634 -0.0134
vn -0.2264 -0.9738 -0.0216
vn -0.7279 0.6855 0.0162
vn -0.7504 0.6609 0.0129
vn -0.2281 0.9732 0.0287
vn -0.2386 0.9707 0.0268
vn -0.2257 0.9739 -0.0217
vn -0.2265 0.9738 -0.0216
vn -0.2676 0.9634 -0.0134
vn -0.2994 0.9541 -0.0041
vn -0.9223 0.2929 -0.2523
vn -0.9276 0.2809 -0.2462
vn -0.1938 0.9808 -0.0239
vn -0.1959 0.9803 -0.0242
vn -0.1787 0.9837 -0.0220
vn -0.1986 0.9798 -0.0245
vn -0.9951 0.0826 0.0541
vn -0.9890 0.1399 0.0470
vn -0.9829 -0.0000 -0.1843
vn -0.9827 0.0002 -0.1850
vn -0.9770 -0.0119 -0.2127
vn -0.9995 0.0244 -0.0222
vn -0.9997 0.0173 -0.0177
vn -0.9748 -0.0367 -0.2201
vn -0.9764 -0.0095 -0.2155
vn -0.9746 -0.0090 -0.2237
vn -0.9417 0.2984 -0.1557
vn -0.9406 0.3006 -0.1580
vn -0.7693 -0.6175 -0.1637
vn -0.6762 -0.7341 -0.0620
vn -0.9699 -0.0220 -0.2427
vn -0.9698 -0.0319 -0.2418
vn -0.0124 -0.9991 0.0393
vn -0.0112 -0.9992 0.0389
vn -0.9686 -0.0649 -0.2401
vn -0.9685 -0.0663 -0.2400
vn -0.9667 -0.0259 -0.2545
vn 0.6388 -0.0001 0.7694
vn 0.6385 -0.0000 0.7696
vn -0.9618 -0.0750 -0.2632
vn 0.9805 0.1959 0.0147
vn 0.9795 0.2007 0.0157
vn -0.8809 0.0001 -0.4733
vn -0.8810 0.0002 -0.4731
vn 0.9996 0.0299 -0.0002
vn 0.9995 0.0313 0.0001
vn 0.9591 0.2818 0.0254
vn 0.9520 0.3051 0.0239
vn -0.9065 0.2972 -0.2999
vn -0.8923 0.3451 -0.2910
vn -0.9187 0.1941 -0.3440
vn -0.9189 0.1650 -0.3584
vn -0.3243 -0.0000 -0.9460
vn -0.3250 -0.0000 -0.9457
vn -0.9395 0.3422 0.0170
vn -0.9238 0.3825 0.0144
vn -0.4880 0.8128 -0.3182
vn -0.4295 0.8545 -0.2921
vn -0.9502 0.2182 -0.2225
vn -0.9173 -0.2883 -0.2747
vn -0.9194 -0.2838 -0.2723
vn 0.9947 0.1023 0.0066
vn 0.9942 0.1076 0.0076
vn -0.9685 0.0663 -0.2400
vn -0.9686 0.0649 -0.2401
vn -0.9697 -0.0353 -0.2416
vn -0.9695 -0.0456 -0.2408
vn -0.9760 0.0355 -0.2147
vn -0.9618 0.0750 -0.2632
vn -0.9673 0.0256 -0.2522
vn -0.9672 -0.0263 -0.2525
vn -0.9667 -0.0256 -0.2547
vn -0.9667 0.0259 -0.2545
vn 0.4626 0.8866 0.0046
vn 0.4119 0.9112 -0.0010
vn -0.9790 0.0231 -0.2024
vn -0.9794 0.0245 -0.2004
vn -0.9732 0.0087 -0.2297
vn -0.9746 0.0090 -0.2237
vn -0.9748 0.0367 -0.2201
vn -0.9769 -0.0090 -0.2136
vn -0.9747 -0.0096 -0.2232
vn -0.9765 0.0095 -0.2155
vn -0.9775 0.0143 -0.2104
vn -0.9698 0.0319 -0.2418
vn -0.9699 0.0215 -0.2427
vn -0.9827 -0.0000 -0.1852
vn -0.7398 0.0001 0.6729
vn -0.1944 -0.9804 0.0320
vn -0.1446 -0.9888 0.0367
vn -0.7410 -0.0000 0.6715
vn -0.7408 -0.0000 0.6717
vn -0.1985 -0.9798 -0.0245
vn -0.6837 0.7288 -0.0376
vn -0.6960 0.7172 -0.0352
vn -0.0001 -1.0000 -0.0000
vn -0.0750 -0.9963 0.0414
vn -0.0623 -0.9972 0.0416
vn -0.1089 -0.9933 0.0395
vn -0.3538 -0.9339 -0.0507
vn -0.2252 -0.9738 -0.0325
vn -0.2256 -0.9737 -0.0326
vn -0.2209 -0.9748 -0.0307
vn -0.2185 -0.9754 -0.0304
vn -0.1986 -0.9798 -0.0246
vn -0.1473 0.9884 0.0365
vn -0.1945 0.9804 0.0319
vn -0.2001 0.9795 -0.0250
vn -0.2185 0.9754 -0.0304
vn -0.2257 0.9737 -0.0326
vn -0.2252 0.9738 -0.0325
vn -0.1089 0.9933 0.0395
vn -0.0743 0.9964 0.0410
vn -0.0000 1.0000 -0.0000
vn -0.0490 0.9988 -0.0061
vn -0.0073 1.0000 -0.0013
vn -0.1872 0.9797 -0.0711
vn -0.2114 0.9754 -0.0629
vn -0.1915 0.9812 -0.0239
vn -0.9805 -0.0002 -0.1968
vn -0.9803 0.0002 -0.1976
vn -0.9804 0.0004 -0.1970
vn -0.9793 -0.0017 -0.2025
vn -0.9781 -0.0043 -0.2081
vn -0.9765 -0.0092 -0.2153
vn -0.9741 0.0141 -0.2255
vn -0.9753 -0.0000 -0.2209
vn -0.9753 -0.0000 -0.2210
vn -0.9577 -0.2402 -0.1587
vn -0.9605 -0.2283 -0.1590
vn -0.9731 -0.0081 -0.2303
vn -0.9716 -0.0033 -0.2364
vn -0.9699 0.0005 -0.2434
vn -0.9687 -0.0001 -0.2481
vn -0.9686 0.0013 -0.2487
vn -0.9684 -0.0075 -0.2492
vn -0.9689 -0.0172 -0.2467
vn -0.9695 -0.0198 -0.2443
vn -0.9677 -0.0206 -0.2511
vn -0.9643 0.0086 -0.2647
vn -0.9643 0.0087 -0.2647
vn -0.9638 -0.0394 -0.2638
vn -0.9662 0.0179 -0.2573
vn -0.9683 0.0211 -0.2490
vn -0.9631 -0.0529 -0.2638
vn -0.9614 -0.0245 -0.2741
vn -0.9567 -0.0663 -0.2834
vn 0.9995 0.0313 0.0061
vn 0.9994 0.0328 0.0065
vn -0.3980 -0.9112 -0.1061
vn -0.3696 -0.9248 -0.0908
vn -0.4232 -0.8966 -0.1304
vn -0.6690 0.7402 -0.0683
vn -0.6716 0.7377 -0.0696
vn -0.9155 -0.2431 -0.3206
vn -0.9683 -0.0211 -0.2490
vn -0.9662 -0.0179 -0.2573
vn -0.4229 -0.8967 -0.1308
vn -0.4242 -0.8963 -0.1295
vn -0.9888 -0.0383 -0.1440
vn -0.9902 -0.0325 -0.1356
vn -0.6401 -0.7556 -0.1394
vn -0.5284 -0.8482 -0.0371
vn -0.3696 0.9248 -0.0908
vn -0.3980 0.9112 -0.1061
vn -0.4232 0.8966 -0.1304
vn -0.4237 0.8964 -0.1299
vn -0.4229 0.8967 -0.1308
vn -0.9976 0.0332 -0.0606
vn -0.9975 0.0318 -0.0627
vn 0.6553 -0.7553 0.0028
vn 0.6353 -0.7723 0.0037
vn -0.1783 0.9800 -0.0885
vn -0.1774 0.9801 -0.0893
vn -0.1623 -0.9797 -0.1175
vn -0.1614 -0.9801 -0.1155
vn -0.9369 -0.2125 -0.2775
vn -0.9366 -0.2139 -0.2774
vn -0.9110 0.2831 -0.2999
vn -0.9159 0.2418 -0.3205
vn -0.9306 -0.1868 -0.3148
vn -0.9196 -0.2137 -0.3298
vn -0.9631 0.0529 -0.2638
vn -0.9567 0.0662 -0.2834
vn -0.9614 0.0245 -0.2741
vn -0.9638 0.0394 -0.2638
vn -0.9641 -0.0281 -0.2641
vn -0.9641 -0.0270 -0.2641
vn -0.9999 -0.0074 -0.0070
vn -1.0000 -0.0065 -0.0018
vn -0.9677 0.0206 -0.2511
vn -0.9695 0.0198 -0.2443
vn -0.9683 0.0070 -0.2497
vn -0.9686 0.0083 -0.2485
vn -0.9683 0.0064 -0.2495
vn -0.3808 0.9246 -0.0057
vn -0.3891 0.9212 -0.0043
vn -0.9686 -0.0005 -0.2487
vn -0.9707 0.0014 -0.2401
vn -0.9716 0.0034 -0.2365
vn -0.9731 0.0081 -0.2303
vn -0.9745 -0.0044 -0.2246
vn -0.9765 0.0093 -0.2153
vn -0.9781 0.0044 -0.2080
vn -0.9794 0.0017 -0.2021
vn 0.6938 0.7199 0.0184
vn 0.6718 0.7404 0.0216
vn -0.1915 -0.9812 -0.0237
vn -0.0124 -0.9999 -0.0017
vn -0.0124 0.9991 0.0393
vn -0.0112 0.9992 0.0389
vn -0.9284 -0.0000 0.3715
vn -0.9284 -0.0000 0.3717
vn -0.0335 -0.9986 0.0420
vn -0.0349 -0.9985 0.0422
vn -0.3017 -0.0000 0.9534
vn -0.8759 0.0049 -0.4824
vn -0.8745 0.0112 -0.4849
vn -0.2801 -0.9585 -0.0524
vn -0.3310 -0.9408 -0.0731
vn -0.3310 0.9408 -0.0731
vn -0.2801 0.9585 -0.0525
vn -0.0624 0.9972 0.0417
vn -0.8117 0.5825 -0.0418
vn -0.8214 0.5683 -0.0471
vn -0.0349 0.9985 0.0422
vn -0.0335 0.9986 0.0420
vn -0.0047 1.0000 -0.0008
vn -0.0101 0.9999 -0.0016
vn -0.9193 -0.1462 -0.3654
vn -0.9189 -0.1940 -0.3434
vn -0.2785 0.9501 -0.1404
vn -0.3945 0.9083 -0.1391
vn -0.4144 0.8998 -0.1368
vn -0.9545 -0.0000 -0.2981
vn -0.9546 -0.0000 -0.2980
vn -0.9714 -0.0000 -0.2373
vn -0.9705 -0.0013 -0.2411
vn -0.9699 -0.0001 -0.2435
vn -0.9688 -0.0000 -0.2480
vn -0.9687 -0.0000 -0.2483
vn -0.9633 -0.0023 -0.2683
vn -0.9625 -0.0002 -0.2714
vn -0.9680 -0.0058 -0.2508
vn -0.9676 0.0087 -0.2522
vn -0.9676 0.0086 -0.2523
vn -0.9668 -0.0163 -0.2550
vn -0.9673 -0.0182 -0.2531
vn -0.9681 -0.0195 -0.2499
vn -0.9643 0.0178 -0.2644
vn -0.9643 0.0176 -0.2644
vn -0.9611 -0.0197 -0.2755
vn -0.9613 -0.0194 -0.2747
vn -0.9583 -0.0336 -0.2838
vn -0.9575 -0.0511 -0.2838
vn -0.9618 -0.0208 -0.2731
vn -0.9557 -0.0258 -0.2931
vn -0.9946 -0.0000 -0.1038
vn -0.9794 -0.0246 -0.2005
vn -0.9811 -0.0316 -0.1907
vn -0.8625 -0.1681 -0.4773
vn -0.8528 -0.2229 -0.4724
vn -0.8101 -0.5333 -0.2435
vn -0.8357 -0.4866 -0.2547
vn -0.9726 0.0114 -0.2321
vn -0.9708 0.0182 -0.2392
vn -0.9420 0.3035 -0.1432
vn -0.9413 0.3202 -0.1071
vn -0.3607 -0.9320 -0.0348
vn -0.3618 -0.9316 -0.0352
vn -0.5606 -0.7538 -0.3428
vn -0.6509 -0.6539 -0.3857
vn -0.3548 -0.8980 -0.2602
vn -0.4147 -0.8996 -0.1366
vn -0.2835 -0.9485 -0.1415
vn -0.3371 0.9070 -0.2523
vn -0.3458 0.9025 -0.2565
vn -0.7043 0.7098 -0.0116
vn -0.7202 0.6937 -0.0081
vn -0.5363 0.7754 -0.3334
vn -0.8499 0.5266 0.0179
vn -0.8705 0.4920 0.0134
vn -0.7682 0.4716 -0.4328
vn 0.0271 -0.9948 -0.0985
vn 0.0256 -0.9947 -0.0993
vn 0.1975 0.9800 -0.0222
vn -0.8636 0.1664 -0.4760
vn -0.7876 -0.5800 -0.2082
vn -0.8149 -0.5364 -0.2196
vn -0.7405 0.6253 -0.2462
vn -0.7308 0.6386 -0.2409
vn -0.9557 0.0258 -0.2931
vn -0.9575 0.0510 -0.2838
vn -0.9611 0.0197 -0.2755
vn -0.9613 0.0194 -0.2747
vn -0.9583 0.0336 -0.2838
vn -0.9618 0.0208 -0.2731
vn -0.9618 0.0166 -0.2732
vn 0.2386 0.0016 0.9711
vn 0.2011 -0.0000 0.9796
vn -0.9681 0.0195 -0.2500
vn -0.9673 0.0182 -0.2531
vn -0.9668 0.0163 -0.2550
vn -0.9663 0.0019 -0.2574
vn -0.9678 -0.0000 -0.2516
vn -0.9654 0.0029 -0.2608
vn -0.9647 0.0077 -0.2634
vn -0.9658 0.0015 -0.2593
vn 0.1542 -0.0000 0.9880
vn -0.9706 0.0011 -0.2405
vn -0.0073 -1.0000 -0.0013
vn -0.0069 -1.0000 -0.0010
vn 0.0234 -0.9995 0.0225
vn 0.0148 -0.9995 0.0269
vn 0.0037 0.9995 0.0327
vn 0.0011 0.9994 0.0340
vn -0.0037 -0.9993 0.0366
vn 0.0001 -1.0000 -0.0000
vn -0.6378 -0.0000 0.7702
vn -0.4917 -0.0000 0.8707
vn 0.2653 -0.0000 -0.9642
vn -0.0231 -0.9989 0.0408
vn -0.0208 -0.9990 0.0402
vn -0.5525 -0.8166 -0.1668
vn -0.5873 -0.7889 -0.1808
vn 0.0028 0.9938 -0.1113
vn -0.0150 0.9929 -0.1177
vn -0.0237 0.9927 -0.1184
vn -0.0869 0.9882 -0.1259
vn -0.1277 0.9831 -0.1315
vn -0.1423 0.9809 -0.1326
vn -0.2720 0.9520 -0.1404
vn -0.4431 -0.8456 -0.2978
vn -0.4846 -0.8151 -0.3173
vn -0.2329 0.9623 -0.1406
vn -0.9672 -0.0000 -0.2541
vn -0.9669 -0.0004 -0.2551
vn -0.9665 -0.0016 -0.2568
vn -0.9663 0.0021 -0.2572
vn -0.9656 0.0020 -0.2599
vn -0.9663 -0.0020 -0.2574
vn -0.9658 -0.0015 -0.2593
vn -0.9647 -0.0077 -0.2634
vn -0.9654 -0.0029 -0.2608
vn -0.9643 -0.0090 -0.2647
vn -0.9839 -0.0701 -0.1643
vn -0.9834 -0.0789 -0.1635
vn -0.9577 -0.0000 -0.2876
vn -0.9613 -0.0138 -0.2753
vn -0.9614 -0.0182 -0.2746
vn -0.9586 0.0219 -0.2840
vn -0.9585 0.0223 -0.2841
vn -0.9553 0.0177 -0.2952
vn -0.9567 0.0137 -0.2908
vn -0.9560 -0.0192 -0.2928
vn -0.9557 -0.0240 -0.2933
vn -0.9204 -0.1212 -0.3717
vn -0.9184 -0.0934 -0.3844
vn -0.9185 -0.0937 -0.3841
vn 0.1667 -0.0000 0.9860
vn -0.9206 -0.0996 -0.3776
vn -0.4572 0.0017 -0.8893
vn -0.4442 0.0047 -0.8959
vn -0.4354 0.0084 -0.9002
vn -0.4285 0.0118 -0.9035
vn -0.4582 -0.0001 -0.8889
vn -0.4580 -0.0001 -0.8889
vn -0.4456 -0.0000 -0.8952
vn -0.4426 -0.0000 -0.8967
vn -0.4273 -0.0000 -0.9041
vn -0.4275 -0.0000 -0.9040
vn -0.9990 -0.0321 -0.0325
vn -0.9989 -0.0324 -0.0327
vn -0.2492 0.9436 -0.2180
vn -0.2034 0.9591 -0.1969
vn -0.8968 0.4397 -0.0480
vn -0.9039 0.4244 -0.0531
vn -0.3441 -0.9033 -0.2563
vn -0.3633 -0.0000 -0.9317
vn -0.3624 -0.0000 -0.9320
vn -0.2551 -0.9564 -0.1423
vn -0.2906 -0.0000 -0.9568
vn -0.2914 -0.0000 -0.9566
vn -0.1891 -0.9724 -0.1363
vn -0.0043 -1.0000 0.0014
vn -0.9994 -0.0237 -0.0242
vn -0.9997 -0.0182 -0.0170
vn -0.4396 -0.0070 -0.8982
vn -0.4651 -0.0000 -0.8853
vn -0.4554 -0.0023 -0.8903
vn -0.9656 -0.0020 -0.2599
vn -0.9663 -0.0021 -0.2572
vn -0.1937 -0.9807 -0.0250
vn -0.2257 -0.9739 -0.0217
vn -0.9557 0.0240 -0.2933
vn -0.9560 0.0192 -0.2928
vn -0.9939 0.0415 -0.1019
vn -0.9940 0.0410 -0.1015
vn -0.0232 -0.9930 -0.1160
vn -0.0928 -0.9873 -0.1289
vn -0.9619 0.0121 -0.2733
vn -0.9614 0.0182 -0.2746
vn -0.9613 0.0137 -0.2753
vn -0.9615 -0.0106 -0.2747
vn -0.9615 -0.0105 -0.2747
vn -0.9643 -0.0087 -0.2647
vn -0.9643 -0.0086 -0.2647
vn -0.9643 0.0090 -0.2647
vn -0.9665 0.0016 -0.2568
vn -0.9669 0.0004 -0.2551
vn -0.9632 0.0033 -0.2687
vn -0.9638 -0.0054 -0.2667
vn -0.9638 -0.0013 -0.2666
vn -0.9641 -0.0000 -0.2655
vn -0.9648 -0.0000 -0.2628
vn -0.9655 0.0010 -0.2606
vn -0.9567 -0.0137 -0.2908
vn -0.9553 -0.0177 -0.2952
vn -0.9663 -0.0009 -0.2575
vn -0.0888 -0.9877 -0.1287
vn -0.5162 0.8549 -0.0513
vn -0.5169 0.8545 -0.0516
vn -0.0000 -1.0000 -0.0001
vn 0.0235 -0.9995 0.0225
vn 0.0005 0.8721 0.4894
vn 0.0246 -0.9994 0.0224
vn 0.0263 -0.9994 0.0222
vn 0.0433 -0.9988 0.0224
vn 0.0450 -0.9987 0.0225
vn 0.7220 0.6918 0.0122
vn 0.6939 0.7199 0.0163
vn 0.0029 -0.0000 1.0000
vn -0.0037 0.9993 0.0366
vn -0.9676 -0.0086 -0.2523
vn -0.9676 -0.0087 -0.2522
vn -0.9207 0.1207 -0.3712
vn -0.9206 0.1047 -0.3762
vn 0.0148 0.9995 0.0269
vn 0.0234 0.9995 0.0225
vn 0.0235 0.9995 0.0225
vn 0.0245 0.9994 0.0224
vn 0.0263 0.9994 0.0222
vn 0.0434 0.9988 0.0224
vn 0.0450 0.9987 0.0225
vn 0.0702 0.9973 0.0202
vn 0.0942 0.9954 0.0182
vn 0.1032 0.9945 0.0174
vn 0.1438 0.9895 0.0131
vn 0.1540 0.9880 0.0102
vn 0.1764 0.9843 0.0008
vn 0.1733 0.9849 -0.0053
vn 0.1966 0.9804 -0.0099
vn -0.1975 0.9800 0.0222
vn -0.1975 0.9801 0.0222
vn 0.1966 0.9802 -0.0253
vn 0.1421 0.9884 -0.0533
vn 0.1140 0.9915 -0.0630
vn 0.0642 -0.9947 -0.0804
vn 0.0556 -0.9950 -0.0835
vn 0.0448 -0.9953 -0.0864
vn 0.0447 -0.9953 -0.0864
vn 0.4600 -0.0000 -0.8879
vn -0.0166 0.9928 -0.1186
vn -0.9552 -0.0000 -0.2959
vn -0.1914 0.9719 -0.1366
vn 0.7531 0.6579 0.0070
vn 0.7221 0.6917 0.0116
vn -0.9663 0.0008 -0.2575
vn -0.9655 -0.0010 -0.2606
vn -0.9644 0.0002 -0.2645
vn -0.9641 0.0009 -0.2655
vn -0.9634 -0.0000 -0.2679
vn -0.9632 -0.0032 -0.2687
vn -0.9615 -0.0099 -0.2746
vn -0.9687 -0.2440 -0.0464
vn -0.9710 -0.2346 -0.0463
vn -0.0208 0.9990 0.0402
vn -0.0231 0.9989 0.0408
vn -0.9588 -0.0052 -0.2840
vn -0.9588 -0.0037 -0.2841
vn -0.9612 0.0005 -0.2758
vn -0.9620 -0.0000 -0.2730
vn -0.9588 -0.0126 -0.2838
vn -0.9581 -0.0023 -0.2863
vn -0.9582 -0.0025 -0.2861
vn -0.9563 -0.0098 -0.2923
vn -0.9467 -0.0303 -0.3207
vn -0.9579 -0.0154 -0.2866
vn -0.9517 -0.0127 -0.3069
vn -0.9535 -0.0045 -0.3013
vn -0.9520 -0.0123 -0.3058
vn -0.9299 0.2871 -0.2298
vn -0.9273 0.3115 -0.2076
vn -0.9544 -0.0000 -0.2986
vn -0.9544 -0.0000 -0.2985
vn -0.9517 -0.0000 -0.3071
vn -0.9503 -0.0030 -0.3112
vn -0.9006 -0.0512 -0.4316
vn -0.9048 -0.0631 -0.4211
vn 0.7672 0.6408 0.0265
vn 0.7552 0.6551 0.0237
vn -0.4701 -0.0000 -0.8826
vn -0.4700 -0.0000 -0.8827
vn -0.1045 -0.9818 -0.1587
vn -0.8296 0.5582 -0.0145
vn -0.8441 0.5360 -0.0104
vn -0.1423 -0.9809 -0.1326
vn -0.8726 -0.0511 -0.4857
vn -0.8730 -0.0630 -0.4836
vn -0.9057 0.0658 -0.4187
vn -0.9189 0.0945 -0.3831
vn -0.9206 0.0995 -0.3776
vn -0.9467 0.0303 -0.3207
vn -0.9522 0.0106 -0.3053
vn -0.9516 0.0126 -0.3071
vn -0.9579 0.0154 -0.2866
vn -0.9563 0.0098 -0.2923
vn -0.9582 0.0025 -0.2861
vn -0.9581 0.0023 -0.2863
vn -0.9588 0.0052 -0.2840
vn -0.9588 0.0037 -0.2841
vn -0.9588 0.0126 -0.2838
vn -0.9615 0.0099 -0.2746
vn -0.9632 0.0030 -0.2689
vn -0.9612 -0.0006 -0.2758
vn -0.9625 -0.0000 -0.2712
vn -0.9625 -0.0003 -0.2712
vn -0.9624 -0.0000 -0.2717
vn -0.0014 -0.9936 -0.1127
vn 0.0028 -0.9938 -0.1112
vn 0.0271 0.9948 -0.0985
vn 0.0256 0.9947 -0.0996
vn -0.9943 0.0120 -0.1064
vn -0.9945 0.0118 -0.1041
vn -0.9196 0.2136 -0.3298
vn -0.9306 0.1868 -0.3148
vn -0.8704 -0.0949 -0.4831
vn -0.8705 -0.0936 -0.4831
vn 0.0942 -0.9954 0.0181
vn 0.0706 -0.9973 0.0203
vn 0.0002 -1.0000 -0.0000
vn -0.8694 -0.4369 -0.2309
vn -0.8867 -0.3958 -0.2390
vn 0.7713 0.6365 0.0037
vn 0.7533 0.6577 0.0050
vn 0.3980 0.9174 0.0025
vn 0.3927 0.9197 0.0018
vn 0.3594 0.9332 -0.0010
vn 0.3554 0.9347 -0.0013
vn 0.2946 0.9556 -0.0066
vn 0.2768 0.9609 -0.0091
vn 0.2356 0.9718 -0.0127
vn 0.1962 0.9805 -0.0099
vn 0.2122 0.9771 -0.0163
vn 0.2133 0.9769 -0.0169
vn 0.2017 0.9792 -0.0227
vn 0.6119 0.3072 -0.7288
vn 0.6100 0.2947 -0.7355
vn 0.5986 0.2434 -0.7632
vn 0.5913 0.2184 -0.7763
vn 0.2150 0.9765 -0.0165
vn 0.2119 0.9771 -0.0170
vn 0.5844 0.1865 -0.7898
vn 0.5650 0.1266 -0.8153
vn 0.5514 0.0953 -0.8287
vn 0.5470 0.0839 -0.8329
vn 0.5274 0.0429 -0.8485
vn 0.5099 0.0163 -0.8601
vn 0.5011 0.0047 -0.8654
vn 0.4971 -0.0000 -0.8677
vn -0.9992 -0.0000 -0.0404
vn -0.9992 -0.0000 -0.0401
vn -0.1385 -0.0000 -0.9904
vn -0.9625 0.0002 -0.2713
vn -0.8809 -0.3927 -0.2641
vn -0.8965 -0.3502 -0.2715
vn -0.9990 0.0321 -0.0325
vn -0.9990 0.0310 -0.0313
vn -0.6730 0.6276 -0.3914
vn -0.6534 0.6512 -0.3859
vn -0.9544 -0.0004 -0.2984
vn -0.9585 -0.0223 -0.2841
vn -0.9586 -0.0219 -0.2840
vn -0.9504 0.0030 -0.3110
vn -0.6760 -0.7219 -0.1475
vn -0.7739 -0.6108 -0.1673
vn -0.8812 -0.0035 -0.4728
vn -0.8904 -0.0286 -0.4542
vn -0.8745 -0.0285 -0.4842
vn -0.4723 -0.0000 -0.8814
vn -0.4725 -0.0000 -0.8813
vn -0.7249 -0.0000 0.6888
vn 0.9118 0.4102 0.0197
vn 0.9069 0.4208 0.0216
vn -0.8742 0.0321 -0.4845
vn -0.8921 0.0322 -0.4508
vn -0.9020 0.0550 -0.4282
vn 0.5011 -0.0047 -0.8654
vn 0.5099 -0.0163 -0.8601
vn 0.5274 -0.0429 -0.8485
vn 0.5470 -0.0839 -0.8329
vn 0.5514 -0.0953 -0.8288
vn 0.5650 -0.1266 -0.8153
vn 0.5844 -0.1865 -0.7898
vn 0.5913 -0.2184 -0.7763
vn 0.1421 -0.9884 -0.0532
vn 0.1139 -0.9915 -0.0629
vn 0.1966 -0.9802 -0.0252
vn 0.1966 -0.9804 -0.0101
vn 0.1731 -0.9849 -0.0053
vn 0.1032 -0.9945 0.0174
vn 0.1761 -0.9844 -0.0011
vn 0.1668 -0.9860 0.0048
vn 0.1547 -0.9879 0.0100
vn 0.1477 -0.9890 0.0120
vn 0.1292 -0.9915 0.0146
vn -0.9641 0.0270 -0.2641
vn -0.9641 0.0282 -0.2641
vn 0.6881 0.6081 0.3958
vn 0.6095 0.7818 0.1316
vn 0.5624 0.8263 0.0302
vn 0.5525 0.8331 0.0263
vn 0.5400 0.8414 0.0224
vn 0.4783 0.8781 0.0114
vn 0.4701 0.8826 0.0102
vn 0.4258 0.9048 0.0054
vn 0.4108 0.9117 0.0037
vn -0.9536 0.0047 -0.3011
vn -0.9544 0.0006 -0.2985
vn 0.6240 0.4124 -0.6638
vn 0.6220 0.3918 -0.6780
vn 0.6235 0.4017 -0.6707
vn 0.6188 0.3624 -0.6970
vn 0.6182 0.3536 -0.7019
vn 0.5681 0.2607 -0.7806
vn 0.7093 0.7049 0.0035
vn 0.7710 -0.6368 0.0057
vn 0.7534 -0.6576 0.0035
vn 0.8425 0.5387 0.0047
vn 0.8484 0.5294 0.0052
vn 0.8505 0.5259 0.0052
vn 0.9082 0.4186 0.0016
vn 0.9120 0.4101 0.0021
vn 0.9153 0.4027 0.0021
vn 0.9490 0.3153 -0.0003
vn 0.9545 0.2981 -0.0014
vn 0.9596 0.2815 -0.0032
vn 0.9742 0.2257 -0.0047
vn 0.9837 0.1796 -0.0087
vn 0.9896 0.1436 -0.0099
vn 0.9930 0.1172 -0.0132
vn 0.9990 0.0415 -0.0177
vn 0.9992 0.0359 -0.0180
vn 0.9214 0.3884 0.0119
vn 0.9118 0.4103 0.0154
vn -0.8812 0.0049 -0.4727
vn -0.7039 -0.0000 0.7103
vn 0.9992 -0.0359 -0.0180
vn 0.9990 -0.0415 -0.0177
vn 0.9954 -0.0932 -0.0199
vn 0.9930 -0.1172 -0.0132
vn 0.9896 -0.1436 -0.0099
vn 0.9837 -0.1796 -0.0087
vn 0.9742 -0.2257 -0.0047
vn 0.9596 -0.2815 -0.0032
vn 0.9545 -0.2981 -0.0014
vn 0.9490 -0.3153 -0.0003
vn 0.9153 -0.4027 0.0021
vn 0.9120 -0.4101 0.0021
vn 0.5986 -0.2435 -0.7632
vn 0.8505 -0.5259 0.0052
vn 0.8484 -0.5294 0.0052
vn 0.6101 -0.2946 -0.7356
vn 0.6119 -0.3073 -0.7288
vn 0.2121 -0.9771 -0.0174
vn 0.2016 -0.9792 -0.0227
vn 0.2132 -0.9769 -0.0168
vn 0.2119 -0.9772 -0.0161
vn 0.1970 -0.9804 -0.0102
vn 0.2344 -0.9721 -0.0128
vn 0.2768 -0.9609 -0.0090
vn 0.2837 -0.9589 -0.0080
vn 0.3200 -0.9474 -0.0044
vn 0.3538 -0.9353 -0.0014
vn 0.3594 -0.9332 -0.0010
vn 0.3924 -0.9198 0.0018
vn 0.3948 -0.9188 0.0021
vn 0.4108 -0.9117 0.0037
vn 0.4223 -0.9064 0.0051
vn 0.5525 -0.8331 0.0264
vn 0.5629 -0.8260 0.0304
vn 0.6878 -0.6070 0.3980
vn 0.4698 -0.8827 0.0102
vn 0.4783 -0.8781 0.0114
vn 0.5397 -0.8415 0.0224
vn 0.3447 -0.0000 0.9387
vn 0.6924 0.5893 0.4162
vn 0.7001 0.2096 0.6826
vn -0.9598 -0.2461 -0.1352
vn -0.9639 -0.2259 -0.1411
vn 0.5700 0.8211 0.0309
vn -0.8703 0.0958 -0.4831
vn -0.8697 0.1047 -0.4823
vn 0.5881 0.8087 0.0123
vn -0.6680 -0.7231 -0.1757
vn -0.7023 -0.6863 -0.1890
vn 0.6233 0.4066 -0.6680
vn 0.5779 0.8161 0.0014
vn -0.8840 0.4574 -0.0963
vn -0.8862 0.4527 -0.0980
vn 0.6718 0.7402 0.0272
vn 0.6569 0.7536 0.0240
vn 0.8131 0.5820 0.0108
vn 0.8206 0.5714 0.0104
vn 0.8647 0.5021 0.0127
vn 0.8842 0.4671 0.0080
vn 0.8906 0.4546 0.0074
vn 0.9215 0.3884 0.0093
vn 0.9356 0.3531 0.0043
vn 0.9357 0.3527 0.0043
vn 0.9670 0.2549 0.0005
vn 0.8647 0.5021 0.0145
vn 0.8491 0.5279 0.0185
vn 0.9756 0.2195 -0.0043
vn 0.9765 0.2154 -0.0045
vn 0.8491 0.5278 0.0221
vn 0.8408 0.5408 0.0244
vn 0.9670 0.2549 0.0019
vn 0.9596 0.2815 0.0060
vn 0.0447 0.9952 -0.0865
vn 0.0448 0.9952 -0.0865
vn 0.9765 -0.2154 -0.0045
vn 0.9756 -0.2195 -0.0043
vn 0.9357 -0.3527 0.0043
vn 0.9356 -0.3531 0.0043
vn 0.8906 -0.4546 0.0074
vn 0.8842 -0.4671 0.0080
vn -0.4887 -0.8656 -0.1093
vn -0.3762 -0.9264 -0.0173
vn 0.8206 -0.5714 0.0104
vn 0.8131 -0.5820 0.0108
vn 0.5680 -0.2604 -0.7808
vn 0.6182 -0.3536 -0.7019
vn 0.6188 -0.3623 -0.6970
vn 0.2151 -0.9764 -0.0164
vn 0.6235 -0.4018 -0.6707
vn 0.6220 -0.3918 -0.6779
vn 0.6240 -0.4125 -0.6637
vn 0.7061 -0.2447 0.6645
vn 0.6922 -0.5881 0.4183
vn 0.5881 -0.8087 0.0123
vn -0.9999 -0.0076 0.0119
vn -1.0000 -0.0066 0.0041
vn 0.6439 -0.0002 0.7651
vn 0.6465 -0.0000 0.7629
vn -0.9969 -0.0206 -0.0761
vn -0.9964 -0.0129 -0.0836
vn 0.9950 0.0974 0.0204
vn 0.9937 0.1100 0.0192
vn -0.8730 0.0656 -0.4832
vn -0.8726 0.0522 -0.4857
vn -0.8759 -0.0035 -0.4826
vn -0.8743 -0.0110 -0.4852
vn 0.5962 0.8028 0.0120
vn 0.7880 0.6154 0.0154
vn 0.0779 -0.0002 0.9970
vn 0.0759 -0.0000 0.9971
vn 0.9896 0.1436 -0.0066
vn 0.9857 0.1685 -0.0028
vn 0.9968 0.0799 -0.0075
vn 0.9956 0.0934 -0.0051
vn -0.8760 0.0001 -0.4824
vn -0.8759 -0.0000 -0.4825
vn 0.9998 0.0105 -0.0189
vn 0.9995 0.0247 -0.0178
vn 0.9994 0.0328 0.0122
vn 0.9994 0.0335 0.0124
vn 0.9941 0.1076 0.0131
vn 0.9938 0.1101 0.0136
vn 0.9997 0.0247 -0.0072
vn 0.9996 0.0277 -0.0066
vn 0.6554 0.7553 0.0028
vn 0.6353 0.7723 0.0037
vn 0.6233 -0.4062 -0.6683
vn 0.5962 -0.8028 0.0120
vn 0.6842 0.0001 0.7293
vn 0.6855 -0.0001 0.7280
vn -0.9530 -0.0000 -0.3029
vn -0.9530 -0.0000 -0.3030
vn 0.7673 0.6410 0.0207
vn 0.7880 0.6154 0.0168
vn 0.9857 0.1685 0.0004
vn 0.9826 0.1856 0.0033
vn 0.9956 0.0934 -0.0004
vn 0.9948 0.1023 0.0014
vn 0.9545 0.2976 0.0171
vn 0.9521 0.3052 0.0185
vn 0.9826 0.1856 0.0077
vn 0.9806 0.1959 0.0096
vn 0.9595 0.2815 0.0095
vn 0.9546 0.2976 0.0123
vn -0.9413 0.2183 -0.2575
vn -0.9425 0.2125 -0.2579
vn 0.7134 -0.0000 0.7007
vn -0.8418 0.4619 -0.2795
vn -0.8327 0.4812 -0.2740
vn -0.9643 -0.0176 -0.2644
vn -0.9643 -0.0178 -0.2644
vn -0.8625 0.1651 -0.4783
vn -0.8721 0.1244 -0.4732
vn -0.2238 -0.0000 -0.9746
vn -0.2246 -0.0000 -0.9744
vn -0.9661 0.0015 -0.2582
vn -0.9661 -0.0015 -0.2582
vn 0.9992 0.0361 0.0183
vn 0.7417 -0.0000 0.6708
vn 0.7425 -0.0000 0.6698
vn 0.7277 -0.0000 0.6859
vn 0.7585 -0.0000 0.6516
vn 0.7593 -0.0000 0.6508
vn 0.7691 -0.0000 0.6391
vn 0.7696 -0.0000 0.6385
vn 0.7742 -0.0000 0.6329
vn 0.9994 0.0287 0.0193
s 0
f 1//1 2//1 3//1
f 4//2 5//2 6//2
f 7//3 8//3 9//3
f 7//4 9//4 10//4
f 10//5 9//5 11//5
f 10//6 11//6 12//6
f 12//7 11//7 13//7
f 12//8 13//8 14//8
f 14//9 13//9 15//9
f 14//10 15//10 16//10
f 16//11 15//11 17//11
f 16//12 17//12 18//12
f 18//13 17//13 19//13
f 18//14 19//14 20//14
f 20//15 19//15 4//15
f 20//16 4//16 21//16
f 21//17 4//17 6//17
f 21//18 6//18 22//18
f 23//19 24//19 25//19
f 25//20 26//20 23//20
f 23//21 26//21 27//21
f 23//22 27//22 28//22
f 28//23 27//23 29//23
f 24//24 30//24 25//24
f 31//25 32//25 33//25
f 33//26 32//26 34//26
f 33//27 34//27 35//27
f 35//28 34//28 36//28
f 35//29 36//29 37//29
f 37//30 36//30 38//30
f 37//31 38//31 39//31
f 39//32 38//32 40//32
f 41//33 40//33 42//33
f 43//34 42//34 44//34
f 45//35 44//35 46//35
f 45//36 46//36 47//36
f 47//37 46//37 48//37
f 49//38 50//38 51//38
f 3//39 49//39 1//39
f 52//40 23//40 53//40
f 53//41 23//41 28//41
f 47//42 28//42 54//42
f 47//43 54//43 45//43
f 45//44 54//44 55//44
f 39//45 56//45 37//45
f 37//46 57//46 35//46
f 35//47 57//47 50//47
f 35//48 50//48 33//48
f 33//49 50//49 49//49
f 33//50 49//50 31//50
f 31//51 49//51 3//51
f 58//52 5//52 59//52
f 59//53 5//53 4//53
f 59//54 4//54 60//54
f 60//55 4//55 19//55
f 60//56 19//56 61//56
f 61//57 19//57 17//57
f 61//58 17//58 62//58
f 62//59 17//59 15//59
f 62//60 15//60 63//60
f 63//61 15//61 13//61
f 63//62 13//62 64//62
f 64//63 13//63 11//63
f 64//64 11//64 65//64
f 65//65 11//65 9//65
f 65//66 9//66 66//66
f 66//67 9//67 8//67
f 66//68 8//68 67//68
f 68//69 69//69 54//69
f 55//70 70//70 71//70
f 72//71 71//71 73//71
f 74//72 75//72 76//72
f 67//73 53//73 66//73
f 66//74 53//74 48//74
f 66//75 48//75 65//75
f 65//76 48//76 46//76
f 65//77 46//77 64//77
f 64//78 46//78 44//78
f 64//79 44//79 63//79
f 63//80 44//80 42//80
f 63//81 42//81 62//81
f 62//82 42//82 40//82
f 62//83 40//83 61//83
f 61//84 40//84 38//84
f 61//85 38//85 60//85
f 60//86 38//86 36//86
f 60//87 36//87 59//87
f 59//88 36//88 34//88
f 59//89 34//89 58//89
f 58//90 34//90 32//90
f 77//91 78//91 79//91
f 79//92 80//92 77//92
f 81//93 82//93 83//93
f 84//94 85//94 86//94
f 87//95 86//95 88//95
f 89//96 90//96 91//96
f 6//97 5//97 92//97
f 80//98 93//98 77//98
f 84//99 94//99 95//99
f 96//100 97//100 98//100
f 98//101 97//101 99//101
f 14//102 16//102 100//102
f 101//103 102//103 100//103
f 103//104 104//104 105//104
f 105//105 104//105 106//105
f 107//106 108//106 109//106
f 110//107 111//107 112//107
f 112//108 111//108 113//108
f 112//109 113//109 114//109
f 114//110 113//110 115//110
f 114//111 115//111 116//111
f 116//112 115//112 117//112
f 116//113 117//113 118//113
f 118//114 117//114 119//114
f 120//115 121//115 122//115
f 120//116 122//116 123//116
f 123//117 122//117 124//117
f 123//118 124//118 125//118
f 125//119 124//119 126//119
f 125//120 126//120 127//120
f 127//121 126//121 105//121
f 127//122 105//122 128//122
f 128//123 105//123 106//123
f 129//124 130//124 131//124
f 129//125 131//125 132//125
f 132//126 131//126 133//126
f 132//127 133//127 134//127
f 134//128 133//128 135//128
f 134//129 135//129 136//129
f 136//130 135//130 107//130
f 136//131 107//131 137//131
f 137//132 107//132 109//132
f 103//133 105//133 137//133
f 137//134 105//134 126//134
f 137//135 126//135 136//135
f 136//136 126//136 124//136
f 136//137 124//137 134//137
f 134//138 124//138 122//138
f 134//139 122//139 132//139
f 132//140 122//140 121//140
f 132//141 121//141 129//141
f 108//142 107//142 138//142
f 138//143 107//143 135//143
f 138//144 135//144 139//144
f 139//145 135//145 133//145
f 139//146 133//146 140//146
f 140//147 133//147 131//147
f 140//148 131//148 141//148
f 141//149 131//149 130//149
f 141//150 130//150 142//150
f 143//151 144//151 145//151
f 143//152 145//152 146//152
f 146//153 145//153 147//153
f 146//154 148//154 143//154
f 141//155 149//155 150//155
f 141//156 150//156 140//156
f 140//157 150//157 151//157
f 140//158 151//158 139//158
f 139//159 151//159 152//159
f 139//160 152//160 138//160
f 138//161 152//161 153//161
f 138//162 153//162 108//162
f 152//163 154//163 153//163
f 144//164 155//164 145//164
f 145//165 155//165 156//165
f 145//166 156//166 147//166
f 157//167 111//167 110//167
f 157//168 110//168 158//168
f 159//169 160//169 161//169
f 162//170 163//170 164//170
f 165//171 166//171 167//171
f 167//172 166//172 168//172
f 169//173 170//173 171//173
f 169//174 171//174 172//174
f 172//175 171//175 173//175
f 174//176 175//176 176//176
f 177//177 178//177 179//177
f 179//178 178//178 180//178
f 179//179 180//179 181//179
f 181//180 180//180 182//180
f 181//181 182//181 183//181
f 183//182 182//182 184//182
f 183//183 184//183 185//183
f 185//184 184//184 186//184
f 187//185 188//185 189//185
f 160//186 190//186 161//186
f 161//187 190//187 191//187
f 161//188 191//188 192//188
f 192//189 191//189 193//189
f 192//190 193//190 194//190
f 194//191 193//191 195//191
f 194//192 195//192 196//192
f 196//193 195//193 197//193
f 190//194 166//194 191//194
f 191//195 166//195 198//195
f 191//196 198//196 193//196
f 193//197 198//197 199//197
f 193//198 199//198 195//198
f 195//199 199//199 200//199
f 195//200 200//200 197//200
f 197//201 200//201 201//201
f 196//202 186//202 194//202
f 194//203 186//203 184//203
f 194//204 184//204 192//204
f 192//205 184//205 182//205
f 192//206 182//206 161//206
f 161//207 182//207 180//207
f 161//208 180//208 159//208
f 159//209 180//209 178//209
f 202//210 178//210 177//210
f 202//211 177//211 188//211
f 188//212 177//212 203//212
f 188//213 203//213 204//213
f 205//214 206//214 207//214
f 207//215 208//215 205//215
f 175//216 209//216 176//216
f 170//217 210//217 171//217
f 171//218 211//218 173//218
f 212//219 213//219 162//219
f 163//220 214//220 215//220
f 216//221 217//221 218//221
f 218//222 219//222 216//222
f 220//223 221//223 154//223
f 154//224 222//224 153//224
f 153//225 223//225 108//225
f 108//226 224//226 109//226
f 225//227 226//227 103//227
f 227//228 228//228 229//228
f 229//229 228//229 230//229
f 231//230 232//230 233//230
f 233//231 232//231 234//231
f 235//232 236//232 237//232
f 237//233 238//233 235//233
f 238//234 237//234 239//234
f 239//235 240//235 238//235
f 241//236 242//236 236//236
f 243//237 244//237 245//237
f 246//238 247//238 248//238
f 246//239 248//239 249//239
f 250//240 251//240 252//240
f 252//241 253//241 250//241
f 254//242 255//242 256//242
f 256//243 257//243 254//243
f 258//244 259//244 260//244
f 258//245 260//245 261//245
f 243//246 262//246 263//246
f 264//247 265//247 266//247
f 266//248 265//248 267//248
f 249//249 267//249 246//249
f 246//250 267//250 265//250
f 246//251 265//251 268//251
f 269//252 270//252 271//252
f 272//253 273//253 274//253
f 275//254 276//254 272//254
f 250//255 277//255 251//255
f 278//256 279//256 280//256
f 281//257 278//257 254//257
f 282//258 283//258 284//258
f 283//259 282//259 285//259
f 285//260 286//260 283//260
f 287//261 288//261 289//261
f 287//262 289//262 290//262
f 291//263 292//263 293//263
f 291//264 293//264 294//264
f 293//265 295//265 294//265
f 294//266 295//266 296//266
f 297//267 298//267 299//267
f 300//268 301//268 302//268
f 303//269 304//269 305//269
f 306//270 303//270 305//270
f 306//271 305//271 307//271
f 291//272 294//272 308//272
f 294//273 296//273 308//273
f 309//274 310//274 311//274
f 311//275 310//275 312//275
f 313//276 314//276 315//276
f 287//277 313//277 316//277
f 316//278 313//278 315//278
f 317//279 314//279 318//279
f 318//280 314//280 313//280
f 318//281 313//281 319//281
f 320//282 321//282 322//282
f 323//283 324//283 325//283
f 326//284 327//284 328//284
f 326//285 329//285 330//285
f 326//286 330//286 327//286
f 328//287 331//287 326//287
f 326//288 331//288 332//288
f 333//289 334//289 269//289
f 335//290 336//290 337//290
f 337//291 338//291 339//291
f 301//292 340//292 302//292
f 341//293 342//293 343//293
f 341//293 343//293 344//293
f 345//294 325//294 324//294
f 323//295 346//295 324//295
f 346//296 347//296 324//296
f 347//297 348//297 324//297
f 349//298 350//298 102//298
f 349//299 102//299 101//299
f 351//300 352//300 324//300
f 352//301 279//301 324//301
f 353//302 204//302 203//302
f 353//303 203//303 354//303
f 355//304 356//304 345//304
f 356//305 325//305 345//305
f 314//306 323//306 325//306
f 357//307 267//307 249//307
f 357//308 249//308 358//308
f 359//309 314//309 325//309
f 314//310 317//310 323//310
f 317//311 318//311 323//311
f 318//312 346//312 323//312
f 318//313 347//313 346//313
f 318//314 348//314 347//314
f 271//315 360//315 361//315
f 271//316 361//316 362//316
f 319//317 363//317 364//317
f 363//318 365//318 364//318
f 366//319 367//319 368//319
f 366//319 368//319 369//319
f 318//320 319//320 364//320
f 318//321 364//321 348//321
f 370//322 371//322 351//322
f 371//323 280//323 351//323
f 278//324 356//324 279//324
f 356//325 355//325 279//325
f 278//326 372//326 356//326
f 372//327 373//327 356//327
f 359//328 315//328 314//328
f 374//329 375//329 373//329
f 375//330 359//330 373//330
f 372//331 281//331 373//331
f 281//332 254//332 373//332
f 376//333 377//333 378//333
f 376//334 378//334 164//334
f 379//335 380//335 381//335
f 379//336 381//336 382//336
f 313//337 383//337 319//337
f 384//338 385//338 386//338
f 384//338 386//338 387//338
f 388//339 363//339 319//339
f 388//340 321//340 363//340
f 321//341 389//341 363//341
f 389//342 371//342 363//342
f 371//343 390//343 363//343
f 390//344 365//344 363//344
f 390//345 370//345 365//345
f 391//346 278//346 280//346
f 371//347 392//347 280//347
f 393//348 394//348 395//348
f 393//349 395//349 396//349
f 390//350 371//350 370//350
f 389//351 321//351 371//351
f 321//352 397//352 371//352
f 397//353 392//353 371//353
f 281//354 372//354 278//354
f 391//355 398//355 278//355
f 398//356 399//356 278//356
f 399//357 254//357 278//357
f 287//358 400//358 313//358
f 400//359 401//359 313//359
f 401//360 383//360 313//360
f 106//361 375//361 374//361
f 257//362 106//362 374//362
f 106//363 175//363 375//363
f 175//364 288//364 375//364
f 288//365 287//365 375//365
f 287//366 316//366 375//366
f 399//367 402//367 254//367
f 402//368 255//368 254//368
f 403//369 337//369 339//369
f 403//370 339//370 404//370
f 322//371 321//371 388//371
f 320//372 405//372 321//372
f 406//373 407//373 408//373
f 406//374 408//374 409//374
f 385//375 410//375 411//375
f 385//375 411//375 386//375
f 397//376 412//376 392//376
f 413//377 414//377 397//377
f 414//378 412//378 397//378
f 414//379 274//379 398//379
f 309//380 415//380 416//380
f 309//381 416//381 310//381
f 273//382 417//382 399//382
f 417//383 402//383 399//383
f 290//384 418//384 287//384
f 418//385 400//385 287//385
f 418//386 419//386 400//386
f 419//387 420//387 400//387
f 273//388 399//388 398//388
f 273//389 398//389 274//389
f 306//390 421//390 401//390
f 421//391 320//391 401//391
f 104//392 422//392 106//392
f 422//393 175//393 106//393
f 257//394 128//394 106//394
f 256//395 128//395 257//395
f 422//396 209//396 175//396
f 174//397 423//397 175//397
f 423//398 288//398 175//398
f 423//399 289//399 288//399
f 417//400 250//400 402//400
f 250//401 255//401 402//401
f 291//402 290//402 289//402
f 291//403 289//403 292//403
f 127//404 128//404 256//404
f 253//405 125//405 256//405
f 125//406 127//406 256//406
f 421//407 405//407 320//407
f 424//408 425//408 413//408
f 424//409 413//409 405//409
f 421//410 426//410 405//410
f 426//411 427//411 405//411
f 427//412 424//412 405//412
f 413//413 428//413 414//413
f 428//414 274//414 414//414
f 425//415 429//415 413//415
f 429//416 428//416 413//416
f 113//417 430//417 431//417
f 113//418 431//418 115//418
f 432//419 275//419 274//419
f 275//420 272//420 274//420
f 308//421 303//421 420//421
f 308//422 420//422 291//422
f 250//423 417//423 273//423
f 423//424 433//424 289//424
f 433//425 434//425 289//425
f 434//426 292//426 289//426
f 408//427 407//427 197//427
f 408//428 197//428 201//428
f 291//429 418//429 290//429
f 291//430 419//430 418//430
f 291//431 420//431 419//431
f 435//432 436//432 434//432
f 435//433 434//433 433//433
f 303//434 306//434 420//434
f 429//435 432//435 274//435
f 429//436 274//436 428//436
f 426//437 421//437 306//437
f 351//438 364//438 365//438
f 351//438 365//438 370//438
f 176//439 209//439 422//439
f 176//440 422//440 104//440
f 170//441 174//441 176//441
f 170//442 169//442 174//442
f 300//443 437//443 438//443
f 300//444 438//444 439//444
f 181//445 183//445 440//445
f 181//446 440//446 441//446
f 252//447 125//447 253//447
f 252//448 123//448 125//448
f 427//449 442//449 443//449
f 427//449 443//449 429//449
f 427//450 429//450 425//450
f 427//450 425//450 424//450
f 272//451 277//451 250//451
f 272//452 250//452 273//452
f 305//453 442//453 427//453
f 305//454 427//454 307//454
f 444//455 276//455 275//455
f 443//456 444//456 275//456
f 445//457 244//457 243//457
f 445//458 243//458 446//458
f 447//459 393//459 396//459
f 447//460 396//460 448//460
f 449//461 116//461 118//461
f 449//462 118//462 450//462
f 451//463 293//463 434//463
f 293//464 292//464 434//464
f 276//465 452//465 277//465
f 276//466 277//466 272//466
f 304//467 453//467 305//467
f 453//468 442//468 305//468
f 109//469 225//469 103//469
f 226//470 170//470 103//470
f 137//471 109//471 103//471
f 226//472 210//472 170//472
f 354//473 203//473 454//473
f 354//474 454//474 455//474
f 456//475 457//475 458//475
f 456//476 458//476 96//476
f 452//477 459//477 277//477
f 459//478 460//478 277//478
f 460//479 251//479 277//479
f 118//480 119//480 461//480
f 118//481 461//481 462//481
f 463//482 464//482 465//482
f 463//483 465//483 466//483
f 453//484 467//484 442//484
f 467//485 468//485 442//485
f 468//486 469//486 442//486
f 469//487 470//487 442//487
f 470//488 443//488 442//488
f 470//489 471//489 443//489
f 471//490 472//490 443//490
f 472//491 473//491 443//491
f 473//492 444//492 443//492
f 473//493 472//493 444//493
f 472//494 474//494 444//494
f 474//495 453//495 444//495
f 367//496 475//496 476//496
f 367//496 476//496 368//496
f 476//497 332//497 477//497
f 476//498 477//498 478//498
f 479//499 452//499 276//499
f 373//500 359//500 325//500
f 373//501 325//501 356//501
f 350//502 480//502 481//502
f 350//503 481//503 102//503
f 120//504 123//504 252//504
f 120//505 252//505 482//505
f 296//506 416//506 308//506
f 416//507 415//507 308//507
f 415//508 483//508 304//508
f 484//509 479//509 276//509
f 484//510 276//510 444//510
f 474//511 468//511 453//511
f 468//512 467//512 453//512
f 224//513 211//513 171//513
f 224//513 171//513 109//513
f 171//514 225//514 109//514
f 171//515 210//515 225//515
f 210//516 226//516 225//516
f 173//517 378//517 172//517
f 485//518 486//518 487//518
f 485//519 487//519 488//519
f 489//520 344//520 490//520
f 489//521 490//521 491//521
f 479//522 484//522 452//522
f 484//523 492//523 452//523
f 492//524 493//524 452//524
f 165//525 494//525 198//525
f 165//526 198//526 166//526
f 495//527 460//527 459//527
f 496//528 497//528 459//528
f 497//529 498//529 459//529
f 499//530 500//530 416//530
f 499//531 416//531 501//531
f 495//532 502//532 460//532
f 502//533 249//533 460//533
f 297//534 296//534 295//534
f 297//535 295//535 503//535
f 90//536 504//536 505//536
f 90//537 505//537 506//537
f 507//538 508//538 120//538
f 509//539 510//539 511//539
f 509//540 511//540 512//540
f 474//541 469//541 468//541
f 474//541 471//541 469//541
f 471//542 470//542 469//542
f 474//543 472//543 471//543
f 513//544 514//544 484//544
f 514//545 515//545 484//545
f 515//546 516//546 484//546
f 516//547 492//547 484//547
f 517//548 466//548 158//548
f 517//549 158//549 518//549
f 519//550 93//550 520//550
f 519//551 520//551 521//551
f 248//552 507//552 120//552
f 248//553 120//553 482//553
f 450//554 118//554 462//554
f 450//555 462//555 522//555
f 501//556 416//556 296//556
f 297//557 499//557 296//557
f 499//558 501//558 296//558
f 377//559 523//559 172//559
f 377//560 172//560 378//560
f 500//561 312//561 416//561
f 312//562 310//562 416//562
f 524//563 159//563 178//563
f 524//564 178//564 202//564
f 513//565 483//565 415//565
f 309//566 525//566 415//566
f 525//567 513//567 415//567
f 515//568 514//568 513//568
f 525//569 526//569 513//569
f 526//570 515//570 513//570
f 223//571 212//571 108//571
f 212//572 173//572 108//572
f 173//573 211//573 224//573
f 173//574 224//574 108//574
f 212//575 378//575 173//575
f 212//576 162//576 378//576
f 162//577 164//577 378//577
f 411//578 527//578 528//578
f 411//579 528//579 529//579
f 217//580 530//580 206//580
f 217//581 206//581 218//581
f 516//582 493//582 492//582
f 516//583 531//583 493//583
f 531//584 532//584 309//584
f 531//585 309//585 493//585
f 309//586 533//586 534//586
f 309//586 534//586 493//586
f 534//587 338//587 493//587
f 338//588 496//588 493//588
f 338//589 497//589 496//589
f 338//590 535//590 497//590
f 535//591 358//591 497//591
f 358//592 498//592 497//592
f 358//593 502//593 498//593
f 358//594 249//594 502//594
f 477//595 536//595 297//595
f 477//596 297//596 299//596
f 247//597 507//597 248//597
f 508//598 537//598 121//598
f 508//599 121//599 120//599
f 298//600 297//600 503//600
f 298//601 503//601 538//601
f 539//602 540//602 507//602
f 506//603 541//603 79//603
f 506//604 79//604 90//604
f 542//605 160//605 159//605
f 542//606 159//606 524//606
f 526//607 516//607 515//607
f 526//608 532//608 531//608
f 526//608 531//608 516//608
f 543//609 403//609 404//609
f 543//610 404//610 311//610
f 544//611 485//611 545//611
f 544//612 545//612 546//612
f 538//613 503//613 186//613
f 245//614 539//614 507//614
f 245//615 507//615 247//615
f 420//616 306//616 401//616
f 420//617 401//617 400//617
f 547//618 548//618 549//618
f 547//619 549//619 550//619
f 536//620 499//620 297//620
f 536//621 500//621 499//621
f 536//622 312//622 500//622
f 536//623 551//623 312//623
f 551//624 552//624 312//624
f 552//625 311//625 312//625
f 311//626 533//626 309//626
f 532//627 526//627 309//627
f 526//628 525//628 309//628
f 222//629 213//629 153//629
f 213//630 212//630 223//630
f 213//631 223//631 153//631
f 151//632 228//632 152//632
f 228//633 154//633 152//633
f 213//634 222//634 162//634
f 222//635 163//635 162//635
f 163//636 553//636 164//636
f 553//637 376//637 164//637
f 254//638 257//638 374//638
f 254//639 374//639 373//639
f 533//640 311//640 338//640
f 533//640 338//640 534//640
f 311//641 404//641 338//641
f 404//642 339//642 338//642
f 337//643 554//643 338//643
f 554//644 535//644 338//644
f 555//645 156//645 155//645
f 555//646 155//646 430//646
f 357//647 361//647 267//647
f 361//648 360//648 267//648
f 360//649 266//649 267//649
f 268//650 243//650 246//650
f 243//651 245//651 246//651
f 245//652 247//652 246//652
f 155//653 144//653 537//653
f 302//654 333//654 269//654
f 302//655 269//655 556//655
f 245//656 244//656 539//656
f 364//657 351//657 324//657
f 364//658 324//658 348//658
f 270//659 266//659 360//659
f 270//660 360//660 271//660
f 540//661 557//661 508//661
f 540//662 508//662 507//662
f 558//663 559//663 462//663
f 558//664 462//664 560//664
f 561//665 562//665 563//665
f 561//665 563//665 242//665
f 377//666 354//666 455//666
f 377//667 455//667 523//667
f 564//668 298//668 538//668
f 445//669 565//669 539//669
f 445//670 539//670 244//670
f 566//671 564//671 196//671
f 567//672 487//672 298//672
f 487//673 299//673 298//673
f 564//674 545//674 298//674
f 545//675 567//675 298//675
f 438//676 568//676 299//676
f 568//677 477//677 299//677
f 487//678 439//678 299//678
f 439//679 438//679 299//679
f 480//680 519//680 521//680
f 480//681 521//681 481//681
f 552//682 551//682 536//682
f 543//683 311//683 552//683
f 381//684 114//684 116//684
f 381//685 116//685 449//685
f 221//686 214//686 154//686
f 214//687 163//687 154//687
f 163//688 222//688 154//688
f 228//689 227//689 154//689
f 227//690 220//690 154//690
f 150//691 228//691 151//691
f 150//692 149//692 228//692
f 149//693 569//693 228//693
f 523//694 570//694 169//694
f 523//695 169//695 172//695
f 215//696 571//696 163//696
f 571//697 553//697 163//697
f 189//698 188//698 553//698
f 188//699 204//699 553//699
f 204//700 353//700 553//700
f 353//701 376//701 553//701
f 407//702 566//702 196//702
f 407//703 196//703 197//703
f 572//704 573//704 553//704
f 573//705 574//705 553//705
f 574//706 575//706 553//706
f 575//707 189//707 553//707
f 316//708 315//708 359//708
f 316//709 359//709 375//709
f 403//710 335//710 337//710
f 336//711 554//711 337//711
f 336//712 357//712 554//712
f 322//713 388//713 319//713
f 322//714 319//714 383//714
f 576//715 361//715 357//715
f 336//716 577//716 357//716
f 576//717 475//717 361//717
f 475//316 362//316 361//316
f 503//718 295//718 185//718
f 503//719 185//719 186//719
f 144//720 129//720 121//720
f 144//721 121//721 537//721
f 270//722 578//722 266//722
f 578//723 264//723 266//723
f 343//724 579//724 580//724
f 343//725 580//725 490//725
f 581//726 243//726 265//726
f 243//727 268//727 265//727
f 581//728 578//728 243//728
f 582//729 10//729 521//729
f 582//730 521//730 583//730
f 263//731 446//731 243//731
f 511//732 584//732 585//732
f 511//733 585//733 512//733
f 586//734 587//734 588//734
f 586//735 588//735 589//735
f 32//736 31//736 590//736
f 32//737 590//737 591//737
f 101//738 509//738 512//738
f 101//739 512//739 349//739
f 396//740 395//740 201//740
f 396//741 201//741 200//741
f 592//742 593//742 395//742
f 592//743 395//743 594//743
f 595//744 518//744 596//744
f 595//745 596//745 597//745
f 433//746 423//746 174//746
f 433//747 174//747 435//747
f 597//748 379//748 165//748
f 597//749 165//749 167//749
f 566//750 545//750 564//750
f 461//751 119//751 565//751
f 461//752 565//752 445//752
f 598//753 591//753 599//753
f 598//754 599//754 584//754
f 545//755 487//755 567//755
f 545//756 488//756 487//756
f 264//757 578//757 581//757
f 264//758 581//758 265//758
f 486//759 439//759 487//759
f 406//760 600//760 545//760
f 600//761 546//761 545//761
f 601//762 262//762 243//762
f 601//763 243//763 578//763
f 485//764 488//764 545//764
f 505//765 83//765 82//765
f 505//766 82//766 506//766
f 543//767 552//767 536//767
f 543//768 536//768 477//768
f 602//769 476//769 568//769
f 476//770 478//770 568//770
f 478//771 477//771 568//771
f 475//772 576//772 357//772
f 475//773 357//773 577//773
f 332//774 603//774 477//774
f 603//775 543//775 477//775
f 486//776 485//776 439//776
f 485//777 300//777 439//777
f 603//778 403//778 543//778
f 604//779 221//779 220//779
f 227//780 229//780 220//780
f 229//781 604//781 220//781
f 604//782 605//782 214//782
f 604//782 214//782 221//782
f 605//783 215//783 214//783
f 606//784 563//784 230//784
f 563//665 607//665 242//665
f 455//785 454//785 441//785
f 455//786 441//786 608//786
f 563//665 562//665 609//665
f 563//665 609//665 610//665
f 563//665 610//665 611//665
f 563//665 611//665 612//665
f 563//665 612//665 229//665
f 563//665 229//665 230//665
f 612//665 580//665 229//665
f 580//665 613//665 229//665
f 613//787 614//787 229//787
f 614//788 615//788 229//788
f 615//789 616//789 229//789
f 616//790 604//790 229//790
f 142//791 148//791 569//791
f 148//792 240//792 569//792
f 240//793 617//793 569//793
f 617//794 606//794 569//794
f 617//795 240//795 606//795
f 240//796 563//796 606//796
f 605//797 618//797 215//797
f 618//798 571//798 215//798
f 575//799 619//799 189//799
f 619//800 187//800 189//800
f 187//801 619//801 188//801
f 619//802 202//802 188//802
f 605//803 620//803 618//803
f 620//804 621//804 618//804
f 621//805 622//805 618//805
f 622//805 572//805 618//805
f 622//805 623//805 572//805
f 623//805 573//805 572//805
f 623//806 574//806 573//806
f 623//807 624//807 574//807
f 624//808 625//808 574//808
f 625//809 619//809 574//809
f 619//810 575//810 574//810
f 603//811 327//811 403//811
f 327//812 335//812 403//812
f 327//813 336//813 335//813
f 327//814 330//814 336//814
f 330//815 329//815 336//815
f 329//816 577//816 336//816
f 329//817 475//817 577//817
f 329//818 326//818 475//818
f 326//819 476//819 475//819
f 249//820 248//820 482//820
f 249//821 482//821 460//821
f 367//822 362//822 475//822
f 367//823 366//823 362//823
f 366//824 626//824 362//824
f 626//825 269//825 362//825
f 269//826 271//826 362//826
f 269//827 627//827 270//827
f 627//828 578//828 270//828
f 627//829 628//829 578//829
f 628//830 601//830 578//830
f 527//831 629//831 630//831
f 527//832 630//832 631//832
f 632//833 263//833 262//833
f 633//834 544//834 546//834
f 633//835 546//835 634//835
f 632//836 446//836 263//836
f 632//837 635//837 446//837
f 635//838 636//838 446//838
f 58//839 32//839 591//839
f 58//840 591//840 598//840
f 555//841 240//841 156//841
f 240//842 147//842 156//842
f 111//843 240//843 555//843
f 179//844 181//844 441//844
f 179//845 441//845 454//845
f 637//846 462//846 461//846
f 638//847 639//847 262//847
f 638//848 262//848 601//848
f 157//849 238//849 111//849
f 238//850 240//850 111//850
f 493//851 496//851 459//851
f 493//852 459//852 452//852
f 143//853 130//853 129//853
f 143//854 129//854 144//854
f 542//855 619//855 160//855
f 619//856 190//856 160//856
f 619//857 166//857 190//857
f 619//858 625//858 166//858
f 625//859 168//859 166//859
f 427//860 426//860 306//860
f 427//861 306//861 307//861
f 29//862 68//862 54//862
f 29//863 54//863 28//863
f 284//864 625//864 624//864
f 284//865 624//865 282//865
f 241//866 236//866 235//866
f 241//867 235//867 640//867
f 445//868 446//868 636//868
f 445//869 636//869 461//869
f 395//870 408//870 201//870
f 395//871 593//871 408//871
f 641//872 637//872 461//872
f 641//873 461//873 636//873
f 642//874 600//874 406//874
f 409//875 643//875 406//875
f 643//876 642//876 406//876
f 642//877 546//877 600//877
f 259//878 632//878 262//878
f 259//879 262//879 639//879
f 279//880 352//880 351//880
f 279//881 351//881 280//881
f 544//882 644//882 485//882
f 644//883 300//883 485//883
f 302//884 556//884 300//884
f 556//885 602//885 300//885
f 602//886 437//886 300//886
f 376//887 353//887 354//887
f 376//888 354//888 377//888
f 556//889 645//889 602//889
f 645//890 369//890 602//890
f 369//891 368//891 602//891
f 368//892 476//892 602//892
f 326//893 332//893 476//893
f 331//894 603//894 332//894
f 331//895 328//895 603//895
f 328//896 327//896 603//896
f 646//897 647//897 78//897
f 646//898 78//898 77//898
f 240//899 239//899 563//899
f 239//900 607//900 563//900
f 648//665 491//665 612//665
f 491//665 490//665 612//665
f 490//665 580//665 612//665
f 611//665 648//665 612//665
f 649//901 650//901 342//901
f 649//902 342//902 651//902
f 170//903 176//903 104//903
f 170//904 104//904 103//904
f 652//905 614//905 613//905
f 652//906 615//906 614//906
f 579//907 343//907 342//907
f 579//907 342//907 650//907
f 653//908 586//908 654//908
f 653//909 654//909 655//909
f 146//910 240//910 148//910
f 146//911 147//911 240//911
f 542//912 524//912 619//912
f 524//913 202//913 619//913
f 656//914 621//914 620//914
f 441//915 440//915 436//915
f 441//916 436//916 608//916
f 656//917 657//917 621//917
f 657//918 658//918 621//918
f 659//805 660//805 623//805
f 659//805 623//805 622//805
f 660//805 661//805 623//805
f 661//805 662//805 623//805
f 662//919 285//919 623//919
f 285//920 282//920 623//920
f 282//920 624//920 623//920
f 641//921 560//921 462//921
f 641//922 462//922 637//922
f 284//923 663//923 625//923
f 663//924 167//924 625//924
f 167//925 168//925 625//925
f 664//926 665//926 666//926
f 664//927 666//927 667//927
f 369//928 668//928 366//928
f 668//929 626//929 366//929
f 668//930 645//930 626//930
f 645//931 556//931 626//931
f 556//932 269//932 626//932
f 669//933 670//933 261//933
f 669//934 261//934 671//934
f 334//935 627//935 269//935
f 633//936 301//936 300//936
f 633//937 300//937 644//937
f 638//938 601//938 628//938
f 638//939 672//939 639//939
f 672//940 673//940 639//940
f 634//941 674//941 631//941
f 634//942 631//942 630//942
f 258//943 632//943 259//943
f 258//944 635//944 632//944
f 675//945 676//945 635//945
f 676//946 636//946 635//946
f 258//947 675//947 635//947
f 676//948 641//948 636//948
f 484//949 444//949 453//949
f 484//949 453//949 513//949
f 554//950 357//950 358//950
f 554//951 358//951 535//951
f 559//952 677//952 462//952
f 677//953 522//953 462//953
f 115//954 431//954 678//954
f 115//955 678//955 117//955
f 602//956 568//956 438//956
f 602//957 438//957 437//957
f 185//958 295//958 293//958
f 185//959 293//959 451//959
f 569//960 149//960 141//960
f 569//961 141//961 142//961
f 380//962 112//962 114//962
f 380//963 114//963 381//963
f 596//964 158//964 110//964
f 158//965 238//965 157//965
f 158//966 235//966 238//966
f 663//967 595//967 167//967
f 595//968 597//968 167//968
f 523//969 455//969 608//969
f 523//970 608//970 570//970
f 379//971 494//971 165//971
f 570//972 435//972 174//972
f 570//973 174//973 169//973
f 382//974 447//974 448//974
f 679//975 680//975 681//975
f 679//976 681//976 682//976
f 683//977 684//977 685//977
f 683//977 685//977 686//977
f 394//978 687//978 395//978
f 431//979 557//979 540//979
f 431//980 540//980 678//980
f 494//981 448//981 199//981
f 494//982 199//982 198//982
f 592//983 688//983 409//983
f 688//984 643//984 409//984
f 528//985 674//985 642//985
f 643//986 528//986 642//986
f 688//987 689//987 643//987
f 689//988 528//988 643//988
f 528//989 631//989 674//989
f 218//990 206//990 205//990
f 218//991 205//991 690//991
f 630//992 629//992 634//992
f 629//993 633//993 634//993
f 633//994 644//994 544//994
f 633//995 340//995 301//995
f 340//996 333//996 302//996
f 629//997 691//997 633//997
f 691//998 692//998 633//998
f 692//999 693//999 633//999
f 694//1000 695//1000 696//1000
f 694//1000 696//1000 697//1000
f 668//1001 369//1001 645//1001
f 237//1002 242//1002 239//1002
f 242//1003 607//1003 239//1003
f 698//1004 489//1004 648//1004
f 489//1005 491//1005 648//1005
f 611//665 698//665 648//665
f 699//1006 700//1006 651//1006
f 699//1007 651//1007 341//1007
f 344//1008 343//1008 490//1008
f 610//665 701//665 611//665
f 701//665 702//665 611//665
f 702//1009 698//1009 611//1009
f 656//1010 615//1010 652//1010
f 656//1010 652//1010 657//1010
f 652//1011 579//1011 650//1011
f 652//1011 650//1011 657//1011
f 679//1012 99//1012 703//1012
f 679//1012 703//1012 680//1012
f 579//1013 652//1013 613//1013
f 579//1014 613//1014 580//1014
f 649//805 659//805 658//805
f 649//805 651//805 659//805
f 651//805 700//805 659//805
f 700//805 704//805 659//805
f 704//805 705//805 659//805
f 705//805 706//805 659//805
f 706//805 707//805 659//805
f 707//805 708//805 659//805
f 708//805 709//805 659//805
f 709//805 710//805 659//805
f 710//805 660//805 659//805
f 711//805 686//805 660//805
f 686//805 685//805 660//805
f 685//805 550//805 660//805
f 550//805 549//805 660//805
f 549//805 712//805 660//805
f 712//805 661//805 660//805
f 710//805 711//805 660//805
f 111//1015 555//1015 430//1015
f 111//1016 430//1016 113//1016
f 99//1017 97//1017 661//1017
f 97//1018 458//1018 661//1018
f 458//1019 662//1019 661//1019
f 458//1020 285//1020 662//1020
f 458//1021 457//1021 285//1021
f 457//1022 286//1022 285//1022
f 283//1023 663//1023 284//1023
f 596//1024 110//1024 112//1024
f 596//1025 112//1025 380//1025
f 283//1026 457//1026 663//1026
f 340//1027 713//1027 333//1027
f 713//1028 714//1028 333//1028
f 714//1029 715//1029 333//1029
f 716//1030 340//1030 633//1030
f 716//1031 633//1031 693//1031
f 638//1032 334//1032 333//1032
f 717//1033 718//1033 638//1033
f 718//1034 719//1034 638//1034
f 719//1035 672//1035 638//1035
f 719//1036 261//1036 672//1036
f 502//1037 495//1037 459//1037
f 502//1038 459//1038 498//1038
f 720//1039 384//1039 387//1039
f 720//1039 387//1039 721//1039
f 722//1040 723//1040 258//1040
f 723//1041 675//1041 258//1041
f 724//1042 725//1042 689//1042
f 724//1043 689//1043 688//1043
f 667//1044 724//1044 688//1044
f 667//1045 688//1045 726//1045
f 727//1046 728//1046 676//1046
f 728//1047 641//1047 676//1047
f 728//1048 560//1048 641//1048
f 729//1049 730//1049 560//1049
f 730//1050 731//1050 560//1050
f 205//1051 697//1051 696//1051
f 205//1051 696//1051 690//1051
f 728//1052 729//1052 560//1052
f 558//1053 732//1053 559//1053
f 732//1054 450//1054 559//1054
f 450//1055 677//1055 559//1055
f 450//1056 522//1056 677//1056
f 732//1057 687//1057 450//1057
f 687//1058 393//1058 450//1058
f 393//1059 447//1059 450//1059
f 447//1060 449//1060 450//1060
f 447//1061 381//1061 449//1061
f 447//1062 382//1062 381//1062
f 414//1063 398//1063 391//1063
f 414//1064 391//1064 412//1064
f 456//1065 595//1065 663//1065
f 456//1066 663//1066 457//1066
f 440//1067 451//1067 434//1067
f 440//1068 434//1068 436//1068
f 518//1069 158//1069 596//1069
f 379//1070 597//1070 596//1070
f 379//1071 596//1071 380//1071
f 466//1072 235//1072 158//1072
f 517//1073 518//1073 595//1073
f 517//1074 595//1074 456//1074
f 466//1075 640//1075 235//1075
f 236//1076 242//1076 237//1076
f 392//1077 412//1077 391//1077
f 392//1078 391//1078 280//1078
f 687//1079 394//1079 393//1079
f 732//1080 733//1080 687//1080
f 733//1081 734//1081 687//1081
f 715//1082 717//1082 638//1082
f 715//1083 638//1083 333//1083
f 606//1084 230//1084 228//1084
f 606//1085 228//1085 569//1085
f 735//1086 688//1086 592//1086
f 735//1087 726//1087 688//1087
f 415//1088 304//1088 303//1088
f 415//1089 303//1089 308//1089
f 465//1090 682//1090 242//1090
f 465//1091 242//1091 466//1091
f 527//1092 631//1092 528//1092
f 689//1093 725//1093 528//1093
f 725//1094 529//1094 528//1094
f 410//1095 722//1095 258//1095
f 410//1096 258//1096 261//1096
f 261//1097 260//1097 673//1097
f 261//1098 673//1098 672//1098
f 527//1099 691//1099 629//1099
f 716//1100 736//1100 340//1100
f 736//1101 713//1101 340//1101
f 527//1102 737//1102 691//1102
f 737//1103 692//1103 691//1103
f 737//1104 693//1104 692//1104
f 737//1105 717//1105 693//1105
f 717//1106 738//1106 693//1106
f 738//1107 716//1107 693//1107
f 666//1108 727//1108 676//1108
f 666//1109 676//1109 739//1109
f 713//1110 736//1110 716//1110
f 241//1111 466//1111 242//1111
f 177//1112 179//1112 454//1112
f 177//1113 454//1113 203//1113
f 682//1114 681//1114 242//1114
f 681//665 561//665 242//665
f 702//1115 489//1115 698//1115
f 695//1116 344//1116 489//1116
f 702//1117 701//1117 489//1117
f 701//1118 610//1118 489//1118
f 610//1119 609//1119 489//1119
f 609//1120 695//1120 489//1120
f 647//1121 740//1121 91//1121
f 647//1122 91//1122 78//1122
f 699//1123 341//1123 344//1123
f 341//1124 651//1124 342//1124
f 638//1125 628//1125 627//1125
f 638//1126 627//1126 334//1126
f 735//1127 592//1127 594//1127
f 735//1128 594//1128 741//1128
f 699//1129 704//1129 700//1129
f 699//1130 705//1130 704//1130
f 699//1131 706//1131 705//1131
f 699//1132 707//1132 706//1132
f 699//1133 708//1133 707//1133
f 699//1134 709//1134 708//1134
f 699//1135 694//1135 709//1135
f 694//1136 710//1136 709//1136
f 694//1137 697//1137 710//1137
f 697//1138 205//1138 710//1138
f 205//1139 208//1139 710//1139
f 208//1140 742//1140 710//1140
f 742//1141 743//1141 710//1141
f 743//1142 711//1142 710//1142
f 743//1142 686//1142 711//1142
f 743//1143 683//1143 686//1143
f 618//1144 572//1144 553//1144
f 618//1145 553//1145 571//1145
f 684//1146 744//1146 685//1146
f 744//1147 547//1147 685//1147
f 547//1148 550//1148 685//1148
f 745//1149 746//1149 561//1149
f 745//1150 561//1150 747//1150
f 680//1151 747//1151 561//1151
f 680//1152 561//1152 681//1152
f 703//1153 548//1153 747//1153
f 703//1153 747//1153 680//1153
f 679//101 98//101 99//101
f 96//1154 458//1154 97//1154
f 666//1155 720//1155 721//1155
f 666//1155 721//1155 667//1155
f 283//1156 286//1156 457//1156
f 740//1157 748//1157 89//1157
f 740//1158 89//1158 91//1158
f 715//1159 714//1159 713//1159
f 738//1160 717//1160 715//1160
f 737//1161 719//1161 717//1161
f 719//1162 718//1162 717//1162
f 737//1163 671//1163 719//1163
f 671//1164 261//1164 719//1164
f 670//1165 410//1165 261//1165
f 250//1166 253//1166 256//1166
f 250//1167 256//1167 255//1167
f 650//1168 649//1168 658//1168
f 650//1169 658//1169 657//1169
f 385//1170 739//1170 410//1170
f 739//1171 722//1171 410//1171
f 670//1172 749//1172 410//1172
f 749//1173 411//1173 410//1173
f 739//1174 723//1174 722//1174
f 385//1175 384//1175 739//1175
f 384//1176 720//1176 739//1176
f 720//1177 666//1177 739//1177
f 729//1178 728//1178 727//1178
f 666//1179 750//1179 727//1179
f 750//1180 729//1180 727//1180
f 750//1181 666//1181 729//1181
f 666//1182 751//1182 729//1182
f 196//1183 564//1183 538//1183
f 196//1184 538//1184 186//1184
f 665//1185 664//1185 752//1185
f 665//1186 752//1186 751//1186
f 753//1187 588//1187 729//1187
f 588//1188 730//1188 729//1188
f 588//1189 754//1189 730//1189
f 754//1190 731//1190 730//1190
f 755//1191 646//1191 519//1191
f 755//1192 519//1192 480//1192
f 756//1193 655//1193 732//1193
f 655//1194 733//1194 732//1194
f 463//1195 466//1195 517//1195
f 570//1196 608//1196 436//1196
f 570//1197 436//1197 435//1197
f 241//1198 640//1198 466//1198
f 754//1199 756//1199 732//1199
f 754//1200 732//1200 731//1200
f 757//1201 758//1201 741//1201
f 758//1202 753//1202 741//1202
f 753//1203 735//1203 741//1203
f 753//1204 726//1204 735//1204
f 753//1205 752//1205 726//1205
f 752//1206 759//1206 726//1206
f 759//1207 667//1207 726//1207
f 667//1208 721//1208 724//1208
f 721//1209 387//1209 724//1209
f 387//1210 386//1210 724//1210
f 386//1211 411//1211 724//1211
f 411//1212 529//1212 724//1212
f 529//1213 725//1213 724//1213
f 411//1214 760//1214 527//1214
f 760//1215 737//1215 527//1215
f 749//1216 760//1216 411//1216
f 669//1217 671//1217 737//1217
f 760//1218 749//1218 737//1218
f 749//1219 669//1219 737//1219
f 464//1220 682//1220 465//1220
f 464//1221 679//1221 682//1221
f 703//1222 99//1222 661//1222
f 703//1223 661//1223 712//1223
f 513//1224 453//1224 304//1224
f 513//1225 304//1225 483//1225
f 592//1226 409//1226 408//1226
f 592//1227 408//1227 593//1227
f 746//665 233//665 561//665
f 233//665 234//665 561//665
f 234//665 562//665 561//665
f 732//1228 558//1228 560//1228
f 732//1229 560//1229 731//1229
f 609//1230 696//1230 695//1230
f 761//1231 696//1231 609//1231
f 562//665 234//665 609//665
f 234//787 762//787 609//787
f 762//1232 761//1232 609//1232
f 678//1233 540//1233 539//1233
f 678//1234 539//1234 565//1234
f 748//1235 763//1235 764//1235
f 748//1236 764//1236 89//1236
f 207//1237 82//1237 208//1237
f 82//1238 81//1238 208//1238
f 81//1239 765//1239 208//1239
f 765//1240 742//1240 208//1240
f 765//1241 743//1241 742//1241
f 765//1242 766//1242 743//1242
f 766//1243 767//1243 743//1243
f 767//1244 683//1244 743//1244
f 767//1245 768//1245 683//1245
f 768//1246 744//1246 683//1246
f 744//1247 684//1247 683//1247
f 766//1248 764//1248 744//1248
f 764//1249 763//1249 744//1249
f 763//1250 769//1250 744//1250
f 769//1251 547//1251 744//1251
f 768//1252 767//1252 744//1252
f 767//1253 766//1253 744//1253
f 769//1254 770//1254 547//1254
f 770//1255 88//1255 547//1255
f 88//1256 548//1256 547//1256
f 88//1257 86//1257 548//1257
f 86//1258 85//1258 548//1258
f 85//1259 771//1259 548//1259
f 771//1260 2//1260 548//1260
f 2//1261 747//1261 548//1261
f 397//1262 321//1262 405//1262
f 397//1263 405//1263 413//1263
f 464//101 98//101 679//101
f 464//100 463//100 98//100
f 463//1264 96//1264 98//1264
f 669//1265 749//1265 670//1265
f 117//1266 678//1266 565//1266
f 117//1267 565//1267 119//1267
f 322//1268 383//1268 401//1268
f 322//1269 401//1269 320//1269
f 382//1270 448//1270 494//1270
f 382//1271 494//1271 379//1271
f 665//1272 751//1272 666//1272
f 739//1273 676//1273 675//1273
f 739//1274 675//1274 723//1274
f 758//1275 589//1275 753//1275
f 589//1187 588//1187 753//1187
f 557//1276 155//1276 537//1276
f 557//1277 537//1277 508//1277
f 587//1278 772//1278 588//1278
f 772//1279 754//1279 588//1279
f 772//1280 756//1280 754//1280
f 773//1281 653//1281 655//1281
f 773//1282 655//1282 756//1282
f 605//1283 604//1283 616//1283
f 605//1283 616//1283 620//1283
f 349//1284 774//1284 775//1284
f 349//1285 775//1285 350//1285
f 654//1286 757//1286 655//1286
f 654//1287 589//1287 757//1287
f 589//1288 758//1288 757//1288
f 2//1289 1//1289 747//1289
f 1//1290 776//1290 747//1290
f 776//1291 76//1291 747//1291
f 76//1292 75//1292 747//1292
f 75//1293 745//1293 747//1293
f 75//1294 73//1294 745//1294
f 73//1295 71//1295 745//1295
f 71//1296 777//1296 745//1296
f 777//1297 233//1297 745//1297
f 233//1298 746//1298 745//1298
f 777//1299 231//1299 233//1299
f 232//1300 778//1300 234//1300
f 778//1301 762//1301 234//1301
f 761//1302 690//1302 696//1302
f 778//1303 779//1303 761//1303
f 779//1304 780//1304 761//1304
f 780//1305 219//1305 761//1305
f 219//1306 218//1306 761//1306
f 218//1307 690//1307 761//1307
f 762//1301 778//1301 761//1301
f 674//1308 634//1308 546//1308
f 674//1309 546//1309 642//1309
f 217//580 781//580 530//580
f 530//1310 520//1310 206//1310
f 520//1311 782//1311 206//1311
f 782//1312 93//1312 206//1312
f 93//1313 80//1313 206//1313
f 80//1314 79//1314 206//1314
f 79//1315 541//1315 206//1315
f 541//1316 506//1316 206//1316
f 506//1317 207//1317 206//1317
f 506//1318 82//1318 207//1318
f 667//1319 759//1319 752//1319
f 667//1320 752//1320 664//1320
f 83//1321 504//1321 81//1321
f 504//1322 783//1322 81//1322
f 783//1323 765//1323 81//1323
f 783//1324 766//1324 765//1324
f 783//1325 764//1325 766//1325
f 783//1326 784//1326 764//1326
f 784//1327 89//1327 764//1327
f 54//1328 69//1328 70//1328
f 54//1329 70//1329 55//1329
f 748//1330 769//1330 763//1330
f 748//1331 785//1331 769//1331
f 785//1332 786//1332 769//1332
f 786//1333 770//1333 769//1333
f 786//1334 787//1334 770//1334
f 787//1335 788//1335 770//1335
f 788//1336 789//1336 770//1336
f 789//1337 790//1337 770//1337
f 790//1338 88//1338 770//1338
f 790//1339 87//1339 88//1339
f 87//1340 791//1340 86//1340
f 791//1341 94//1341 86//1341
f 94//1342 84//1342 86//1342
f 84//1343 95//1343 85//1343
f 95//1344 771//1344 85//1344
f 774//1345 792//1345 793//1345
f 774//1346 793//1346 775//1346
f 654//1347 586//1347 589//1347
f 616//1348 615//1348 656//1348
f 616//1348 656//1348 620//1348
f 49//1349 776//1349 1//1349
f 49//1350 51//1350 776//1350
f 51//1351 76//1351 776//1351
f 51//1352 50//1352 76//1352
f 50//1353 57//1353 76//1353
f 57//1354 74//1354 76//1354
f 74//1355 56//1355 75//1355
f 56//1356 73//1356 75//1356
f 56//1357 39//1357 73//1357
f 39//1358 794//1358 73//1358
f 794//1359 41//1359 73//1359
f 41//1360 72//1360 73//1360
f 70//1361 777//1361 71//1361
f 72//1362 43//1362 71//1362
f 43//1363 55//1363 71//1363
f 70//1364 69//1364 777//1364
f 69//1365 795//1365 777//1365
f 795//1366 232//1366 777//1366
f 232//1367 231//1367 777//1367
f 795//1368 796//1368 232//1368
f 796//1369 797//1369 232//1369
f 797//1370 778//1370 232//1370
f 797//1371 795//1371 778//1371
f 795//1372 798//1372 778//1372
f 798//1373 779//1373 778//1373
f 798//1374 780//1374 779//1374
f 798//1375 219//1375 780//1375
f 798//1376 30//1376 219//1376
f 30//1377 24//1377 219//1377
f 24//1378 216//1378 219//1378
f 24//1379 23//1379 216//1379
f 23//1380 217//1380 216//1380
f 67//1381 8//1381 217//1381
f 8//1382 7//1382 217//1382
f 7//1383 781//1383 217//1383
f 23//1384 52//1384 217//1384
f 52//1385 53//1385 217//1385
f 53//1386 67//1386 217//1386
f 781//1387 582//1387 583//1387
f 781//1387 583//1387 530//1387
f 583//1388 520//1388 530//1388
f 583//1389 521//1389 520//1389
f 482//1390 252//1390 251//1390
f 482//1391 251//1391 460//1391
f 93//1392 782//1392 520//1392
f 734//1393 733//1393 741//1393
f 734//1394 741//1394 594//1394
f 78//1395 90//1395 79//1395
f 430//1396 155//1396 557//1396
f 430//1397 557//1397 431//1397
f 659//805 622//805 621//805
f 659//805 621//805 658//805
f 505//1398 504//1398 83//1398
f 90//1399 783//1399 504//1399
f 183//1400 185//1400 451//1400
f 183//1401 451//1401 440//1401
f 646//1402 77//1402 93//1402
f 646//1403 93//1403 519//1403
f 740//1404 799//1404 748//1404
f 799//1405 785//1405 748//1405
f 799//1406 793//1406 785//1406
f 793//1407 786//1407 785//1407
f 793//1408 787//1408 786//1408
f 793//1409 792//1409 787//1409
f 792//1410 788//1410 787//1410
f 792//1411 789//1411 788//1411
f 800//1412 790//1412 789//1412
f 775//1413 793//1413 799//1413
f 775//1414 799//1414 755//1414
f 800//1415 87//1415 790//1415
f 800//1416 791//1416 87//1416
f 350//1417 775//1417 755//1417
f 350//1418 755//1418 480//1418
f 801//1419 800//1419 789//1419
f 801//1420 789//1420 792//1420
f 703//1421 712//1421 549//1421
f 703//1422 549//1422 548//1422
f 37//1423 74//1423 57//1423
f 37//1424 56//1424 74//1424
f 40//1425 794//1425 39//1425
f 40//1426 41//1426 794//1426
f 42//1427 72//1427 41//1427
f 42//1428 43//1428 72//1428
f 148//1429 142//1429 130//1429
f 148//1430 130//1430 143//1430
f 44//1431 55//1431 43//1431
f 44//1432 45//1432 55//1432
f 68//1433 29//1433 69//1433
f 29//1434 795//1434 69//1434
f 29//1435 798//1435 795//1435
f 797//1436 796//1436 795//1436
f 29//1437 30//1437 798//1437
f 29//1438 27//1438 30//1438
f 27//1439 25//1439 30//1439
f 10//1440 582//1440 7//1440
f 582//1441 781//1441 7//1441
f 28//1442 48//1442 53//1442
f 279//1443 355//1443 345//1443
f 279//1444 345//1444 324//1444
f 10//1445 12//1445 521//1445
f 12//1446 481//1446 521//1446
f 275//1447 432//1447 429//1447
f 275//1448 429//1448 443//1448
f 510//1449 802//1449 92//1449
f 510//1450 92//1450 511//1450
f 757//1451 741//1451 733//1451
f 757//1452 733//1452 655//1452
f 772//1453 587//1453 773//1453
f 772//1454 773//1454 756//1454
f 91//1455 90//1455 78//1455
f 647//1456 799//1456 740//1456
f 694//1457 699//1457 344//1457
f 694//1458 344//1458 695//1458
f 803//1459 94//1459 791//1459
f 803//1460 791//1460 800//1460
f 590//1461 95//1461 94//1461
f 590//1462 94//1462 803//1462
f 587//1463 586//1463 653//1463
f 587//1464 653//1464 773//1464
f 3//1465 2//1465 771//1465
f 3//1466 771//1466 95//1466
f 5//1467 58//1467 598//1467
f 5//1468 598//1468 92//1468
f 92//1469 598//1469 584//1469
f 92//1470 584//1470 511//1470
f 31//1471 3//1471 95//1471
f 31//1472 95//1472 590//1472
f 89//1473 784//1473 783//1473
f 89//1474 783//1474 90//1474
f 26//1475 25//1475 27//1475
f 47//1476 48//1476 28//1476
f 14//1477 102//1477 12//1477
f 102//1478 481//1478 12//1478
f 752//1479 753//1479 729//1479
f 752//1480 729//1480 751//1480
f 647//1481 646//1481 755//1481
f 647//1482 755//1482 799//1482
f 599//1483 803//1483 800//1483
f 599//1484 800//1484 801//1484
f 591//1485 590//1485 803//1485
f 591//1486 803//1486 599//1486
f 512//1487 585//1487 774//1487
f 512//1488 774//1488 349//1488
f 584//1489 599//1489 801//1489
f 584//1490 801//1490 585//1490
f 585//1491 801//1491 792//1491
f 585//1492 792//1492 774//1492
f 545//1493 566//1493 407//1493
f 545//1494 407//1494 406//1494
f 100//1495 102//1495 14//1495
f 448//1496 396//1496 200//1496
f 448//1497 200//1497 199//1497
f 259//1498 639//1498 673//1498
f 259//1499 673//1499 260//1499
f 734//1500 594//1500 395//1500
f 734//1501 395//1501 687//1501
f 463//1502 517//1502 456//1502
f 463//1503 456//1503 96//1503
f 738//1504 715//1504 713//1504
f 738//1505 713//1505 716//1505
f 802//1506 6//1506 92//1506
f 18//1507 509//1507 16//1507
f 509//1508 101//1508 16//1508
f 101//1509 100//1509 16//1509
f 18//1510 20//1510 509//1510
f 20//1511 510//1511 509//1511
f 20//1512 21//1512 510//1512
f 21//1513 802//1513 510//1513
f 21//1514 22//1514 802//1514
f 22//1515 6//1515 802//1515
