# Blender 4.3.2
# www.blender.org
mtllib right_little_1_collision.mtl
o right_little_1_collision
v 0.006469 -0.007465 -0.031418
v 0.006477 -0.006650 -0.031418
v 0.007756 -0.006650 -0.021476
v 0.009932 -0.007769 -0.000701
v 0.009970 -0.006650 -0.000701
v 0.010067 -0.006650 0.000334
v 0.007702 -0.013409 0.010096
v 0.007481 -0.013171 -0.000258
v 0.008347 -0.012949 0.009570
v 0.008054 -0.012665 -0.000368
v 0.008927 -0.012399 0.009031
v 0.008563 -0.012071 -0.000464
v 0.009433 -0.011751 0.008502
v 0.008998 -0.011387 -0.000545
v 0.009850 -0.011014 0.008014
v 0.009353 -0.010612 -0.000609
v 0.010176 -0.010196 0.007597
v 0.009626 -0.009750 -0.000656
v 0.010401 -0.009358 0.007285
v 0.009819 -0.008802 -0.000687
v 0.010547 -0.008502 0.007072
v 0.010633 -0.007554 0.006942
v 0.010658 -0.006650 0.006904
v 0.004735 -0.013840 -0.021644
v 0.004076 -0.014131 -0.021746
v 0.003330 -0.013976 -0.032241
v 0.003877 -0.013705 -0.031983
v 0.004115 -0.013567 -0.031882
v 0.005350 -0.013474 -0.021562
v 0.004518 -0.013295 -0.031730
v 0.003010 -0.014109 -0.032407
v 0.008386 -0.006650 -0.016076
v 0.008906 -0.006650 -0.011333
v 0.008310 -0.007787 -0.016458
v 0.008869 -0.007829 -0.011330
v 0.008213 -0.008821 -0.016453
v 0.008760 -0.008894 -0.011320
v 0.008053 -0.009756 -0.016445
v 0.008580 -0.009850 -0.011305
v 0.007831 -0.010598 -0.016433
v 0.008331 -0.010702 -0.011283
v 0.007546 -0.011351 -0.016419
v 0.008014 -0.011456 -0.011255
v 0.007198 -0.012022 -0.016404
v 0.007633 -0.012115 -0.011221
v 0.006781 -0.012611 -0.016389
v 0.007189 -0.012687 -0.011181
v 0.006294 -0.013118 -0.016378
v 0.006684 -0.013175 -0.011135
v 0.007729 -0.007701 -0.021478
v 0.007651 -0.008673 -0.021479
v 0.007064 -0.008475 -0.026449
v 0.005498 -0.013928 -0.011024
v 0.006120 -0.013587 -0.011082
v 0.005907 -0.013023 -0.021508
v 0.006385 -0.012481 -0.021480
v 0.006777 -0.011857 -0.021472
v 0.007089 -0.011162 -0.021471
v 0.007334 -0.010400 -0.021474
v 0.007520 -0.009572 -0.021477
v 0.009411 -0.007821 -0.006065
v 0.009296 -0.008884 -0.006054
v 0.009106 -0.009844 -0.006032
v 0.008840 -0.010703 -0.006000
v 0.008500 -0.011463 -0.005956
v 0.008090 -0.012128 -0.005902
v 0.007615 -0.012702 -0.005836
v 0.007080 -0.013191 -0.005758
v 0.006847 -0.013595 -0.000137
v 0.004894 -0.012981 -0.031612
v 0.005002 -0.012876 -0.031583
v 0.005374 -0.012437 -0.031499
v 0.005574 -0.012132 -0.031465
v 0.005915 -0.011407 -0.031426
v 0.006826 -0.010140 -0.026452
v 0.006143 -0.010638 -0.031414
v 0.006288 -0.009871 -0.031412
v 0.009449 -0.006650 -0.006066
v 0.007080 -0.000110 -0.005758
v 0.006684 -0.000125 -0.011135
v 0.006120 0.000287 -0.011082
v 0.006847 0.000294 -0.000137
v 0.003010 0.000808 -0.032407
v 0.004076 0.000830 -0.021746
v 0.003330 0.000675 -0.032241
v 0.007064 -0.004826 -0.026449
v 0.006440 -0.005047 -0.031416
v 0.006288 -0.003430 -0.031412
v 0.006826 -0.003161 -0.026452
v 0.006143 -0.002662 -0.031414
v 0.005907 -0.000277 -0.021508
v 0.005350 0.000174 -0.021562
v 0.006294 -0.000183 -0.016378
v 0.009932 -0.005532 -0.000701
v 0.009411 -0.005480 -0.006065
v 0.008310 -0.005513 -0.016458
v 0.007729 -0.005600 -0.021478
v 0.007481 -0.000130 -0.000258
v 0.007651 -0.004628 -0.021479
v -0.004375 -0.001150 -0.035644
v -0.004375 0.001450 -0.035644
v -0.002850 0.001450 -0.035398
v 0.010084 -0.004112 0.007717
v 0.010184 -0.003131 0.007585
v 0.009862 -0.002312 0.007999
v -0.011775 -0.013891 0.006392
v -0.011870 -0.013741 0.006214
v -0.012446 -0.013825 0.001811
v -0.012073 -0.013348 0.005811
v -0.011755 -0.014725 0.002175
v -0.010916 -0.014749 0.007769
v -0.011388 -0.014361 0.007059
v -0.009578 -0.015050 -0.029647
v -0.010371 -0.014998 -0.026380
v -0.009749 -0.014936 -0.029710
v -0.010795 -0.014691 -0.026263
v -0.010132 -0.014583 -0.029849
v -0.011144 -0.014308 -0.026148
v -0.010446 -0.014129 -0.029962
v -0.011409 -0.013876 -0.026042
v -0.010649 -0.013681 -0.030034
v -0.011601 -0.013419 -0.025946
v -0.013584 -0.013745 -0.010969
v -0.013368 -0.014166 -0.010848
v -0.013393 -0.014122 -0.008787
v -0.013612 -0.013689 -0.008920
v -0.013310 -0.014058 -0.006556
v -0.013528 -0.013609 -0.006694
v -0.013119 -0.013983 -0.004090
v -0.013331 -0.013515 -0.004229
v -0.012650 -0.013314 0.001681
v -0.013086 -0.014542 -0.010705
v -0.012739 -0.014856 -0.010541
v -0.012744 -0.014841 -0.008448
v -0.013103 -0.014512 -0.008629
v -0.012648 -0.014816 -0.006198
v -0.013018 -0.014468 -0.006391
v -0.012449 -0.014786 -0.003724
v -0.012826 -0.014416 -0.003921
v -0.012150 -0.014309 0.001976
v -0.011288 -0.015040 0.002398
v -0.012008 -0.015067 -0.003504
v -0.012220 -0.015081 -0.005985
v -0.012329 -0.015091 -0.008247
v -0.012340 -0.015097 -0.010360
v -0.012262 -0.015097 -0.012404
v -0.012647 -0.014860 -0.012557
v -0.012107 -0.015092 -0.014465
v -0.011690 -0.015262 -0.014339
v -0.011466 -0.015256 -0.016541
v -0.011838 -0.015265 -0.012242
v -0.011879 -0.015265 -0.008034
v -0.011756 -0.015262 -0.005759
v -0.011532 -0.015258 -0.003271
v -0.010788 -0.015249 0.002635
v -0.010317 -0.015074 0.008549
v -0.009666 -0.015288 0.009279
v -0.012259 -0.014837 -0.016701
v -0.011883 -0.015081 -0.016624
v -0.009898 -0.015217 -0.026494
v -0.009292 -0.015197 -0.029541
v -0.012107 0.001792 -0.014465
v -0.011883 0.001781 -0.016624
v -0.012259 0.001537 -0.016701
v -0.010021 0.001886 0.008893
v -0.009693 0.001982 0.009250
v -0.010788 0.001949 0.002635
v -0.009684 0.001682 -0.029686
v -0.010371 0.001698 -0.026380
v -0.009577 0.001750 -0.029647
v -0.009898 0.001917 -0.026494
v -0.012150 0.001009 0.001976
v -0.011780 0.000583 0.006383
v -0.011388 0.001061 0.007059
v -0.011755 0.001425 0.002175
v -0.010914 0.001450 0.007771
v -0.012446 0.000525 0.001811
v -0.012065 0.000066 0.005828
v -0.011870 0.000441 0.006214
v -0.012340 0.001797 -0.010360
v -0.012262 0.001797 -0.012404
v -0.012739 0.001556 -0.010541
v -0.012647 0.001560 -0.012557
v -0.013086 0.001242 -0.010705
v -0.012982 0.001253 -0.012696
v -0.013368 0.000866 -0.010848
v -0.013254 0.000886 -0.012817
v -0.013584 0.000445 -0.010969
v -0.013463 0.000473 -0.012918
v -0.011382 0.002073 -0.012074
v -0.011904 0.001966 -0.010169
v -0.011439 0.002074 -0.009971
v -0.011243 0.001747 -0.021321
v -0.011635 0.001478 -0.021300
v -0.012580 0.001224 -0.016767
v -0.011963 0.001138 -0.021275
v -0.012837 0.000856 -0.016823
v -0.012219 0.000747 -0.021247
v -0.013031 0.000446 -0.016867
v -0.012409 0.000322 -0.021218
v -0.010795 0.001391 -0.026263
v -0.011144 0.001008 -0.026148
v -0.011409 0.000576 -0.026042
v -0.011601 0.000119 -0.025946
v -0.011838 0.001965 -0.012242
v -0.012329 0.001791 -0.008247
v -0.011879 0.001965 -0.008034
v 0.003771 0.002033 0.012857
v 0.005390 0.001765 0.012266
v 0.005039 0.001826 0.009982
v 0.004347 0.001929 0.005587
v -0.012003 -0.001116 0.005954
v -0.011511 -0.001123 0.006857
v -0.010950 -0.001129 0.007720
v -0.010350 0.001759 0.008509
v -0.010327 -0.001136 0.008537
v 0.004915 -0.015147 0.009184
v 0.005390 -0.015065 0.012266
v 0.004438 -0.015245 0.012642
v 0.004347 -0.015229 0.005587
v 0.005796 -0.012150 0.012080
v 0.005771 -0.014701 0.012092
v 0.006145 -0.014343 0.011906
v -0.008944 -0.015412 0.009976
v -0.008976 -0.012150 0.009947
v -0.010019 -0.012161 0.008896
v -0.010327 -0.012164 0.008537
v -0.010950 -0.012171 0.007720
v -0.008875 -0.015849 -0.025044
v -0.008807 -0.015864 -0.025018
v -0.008828 -0.015864 -0.024940
v -0.008904 -0.015849 -0.024887
v -0.008723 -0.015865 -0.025177
v -0.008624 -0.015865 -0.025259
v -0.008785 -0.015864 -0.025074
v -0.008777 -0.015850 -0.025226
v -0.008852 -0.015850 -0.025099
v -0.012417 -0.010608 -0.025465
v -0.012460 -0.010798 -0.025225
v -0.012467 -0.010607 -0.025201
v -0.012430 -0.010296 -0.025413
v -0.012396 -0.010251 -0.025596
v -0.012403 -0.011042 -0.025494
v -0.012366 -0.010707 -0.025726
v -0.012383 -0.011056 -0.025596
v -0.012325 -0.010884 -0.025922
v -0.012349 -0.011011 -0.025778
v -0.013169 -0.010424 -0.021293
v -0.013146 -0.010296 -0.021437
v -0.013133 -0.010610 -0.021490
v -0.013171 -0.010798 -0.021248
v -0.013178 -0.010607 -0.021224
v -0.014304 -0.010616 -0.013521
v -0.014332 -0.010612 -0.013254
v -0.014332 -0.010428 -0.013324
v -0.014491 -0.011062 -0.009632
v -0.014502 -0.010889 -0.009963
v -0.014495 -0.011017 -0.009817
v -0.014511 -0.008976 -0.011652
v -0.014507 -0.009204 -0.011649
v -0.014535 -0.008982 -0.011206
v -0.014522 -0.009146 -0.011401
v -0.014504 -0.009011 -0.008040
v -0.014504 -0.008963 -0.008016
v -0.014507 -0.008960 -0.008077
v -0.008785 0.002564 -0.025074
v -0.008853 0.002549 -0.025100
v -0.008863 0.002549 -0.025071
v -0.002636 0.002565 -0.022983
v -0.002605 0.002565 -0.022842
v -0.002566 0.002550 -0.023014
v -0.002528 0.002550 -0.022844
v -0.009148 0.002565 0.000854
v -0.009179 0.002565 0.000713
v -0.009218 0.002550 0.000885
v -0.009256 0.002550 0.000715
v -0.014472 -0.002164 -0.009632
v -0.014475 -0.002196 -0.009804
v -0.014491 -0.002238 -0.009632
v -0.014495 -0.002283 -0.009817
v -0.012417 -0.002692 -0.025465
v -0.012396 -0.003049 -0.025596
v -0.012430 -0.003004 -0.025413
v -0.012467 -0.002693 -0.025201
v -0.012403 -0.002258 -0.025494
v -0.012383 -0.002244 -0.025596
v -0.012366 -0.002593 -0.025726
v -0.012322 -0.002791 -0.025967
v -0.012315 -0.002600 -0.025991
v -0.012325 -0.002416 -0.025922
v -0.014332 -0.002688 -0.013254
v -0.014322 -0.002497 -0.013278
v -0.014303 -0.002338 -0.013388
v -0.014304 -0.002684 -0.013521
v -0.014482 -0.004299 -0.012077
v -0.014511 -0.004324 -0.011652
v -0.014492 -0.004150 -0.011889
v -0.014507 -0.004096 -0.011649
v -0.014504 -0.004289 -0.008040
v -0.014507 -0.004340 -0.008077
v -0.014504 -0.004337 -0.008016
v -0.014281 -0.007336 -0.005462
v -0.014281 -0.005964 -0.005462
v -0.014296 -0.007350 -0.005601
v -0.014219 -0.006650 -0.004895
v -0.014250 -0.007207 -0.005174
v -0.014226 -0.006948 -0.004962
v -0.014296 -0.005950 -0.005601
v -0.014327 -0.006013 -0.005894
v -0.014333 -0.006300 -0.005957
v -0.014353 -0.006223 -0.006160
v -0.014368 -0.006650 -0.006307
v -0.014564 -0.006223 -0.010194
v -0.014562 -0.006537 -0.010332
v -0.014562 -0.006650 -0.010341
v -0.013652 -0.006650 -0.018337
v -0.013707 -0.006300 -0.017987
v -0.013675 -0.006223 -0.018192
v -0.013781 -0.007337 -0.017504
v -0.013824 -0.006993 -0.017223
v -0.013781 -0.005963 -0.017504
v -0.014512 -0.008734 -0.008166
v -0.014438 -0.008846 -0.007099
v -0.014435 -0.008587 -0.007066
v -0.014454 -0.008965 -0.007300
v -0.001253 -0.015450 0.013340
v 0.001469 -0.015450 0.013318
v 0.001469 0.002150 0.013318
v -0.001253 0.002150 0.013340
v -0.012008 -0.009199 -0.027576
v -0.012322 -0.010509 -0.025967
v -0.012346 -0.010346 -0.025852
v -0.012106 -0.008840 -0.027071
v 0.010555 -0.004861 0.007060
v 0.010636 -0.005796 0.006937
v 0.009819 -0.004499 -0.000687
v -0.014564 -0.007350 -0.009635
v -0.014565 -0.006013 -0.009928
v -0.014565 -0.007287 -0.009928
v -0.014564 -0.007077 -0.010194
v -0.014529 -0.010270 -0.009737
v -0.014526 -0.010355 -0.009898
v -0.014529 -0.010257 -0.009634
v -0.014513 -0.010617 -0.009502
v -0.014517 -0.010430 -0.009302
v -0.014525 -0.010302 -0.009448
v -0.002841 0.002565 -0.023178
v -0.002719 0.002565 -0.023101
v -0.000192 0.001450 -0.034253
v -0.001083 0.001450 -0.034715
v -0.014562 -0.007336 -0.009496
v -0.014511 -0.010705 -0.010034
v -0.014556 -0.007208 -0.009208
v -0.013171 -0.002502 -0.021248
v -0.013687 -0.002599 -0.018034
v -0.013711 -0.002288 -0.017821
v -0.013149 -0.002341 -0.021361
v -0.014529 -0.003030 -0.009737
v -0.014535 -0.004318 -0.011206
v -0.014562 -0.006763 -0.010332
v -0.014538 -0.008424 -0.011145
v -0.014538 -0.004876 -0.011145
v -0.014526 -0.005140 -0.011397
v -0.014526 -0.008160 -0.011397
v -0.014520 -0.010514 -0.010009
v -0.014511 -0.010716 -0.009766
v -0.014494 -0.002336 -0.009369
v -0.014491 -0.002252 -0.009527
v -0.014511 -0.002584 -0.009766
v -0.014513 -0.002683 -0.009502
v -0.014494 -0.010964 -0.009369
v -0.014500 -0.010805 -0.009257
v -0.014508 -0.010614 -0.009233
v -0.014490 -0.004145 -0.007846
v -0.014508 -0.002686 -0.009233
v -0.014517 -0.002870 -0.009302
v -0.014525 -0.002998 -0.009448
v -0.014550 -0.006948 -0.008996
v -0.014550 -0.006352 -0.008996
v -0.014556 -0.006092 -0.009208
v -0.014511 -0.008468 -0.008141
v -0.014491 -0.011048 -0.009527
v -0.014322 -0.010803 -0.013278
v -0.011288 0.001740 0.002398
v -0.012008 0.001767 -0.003504
v -0.012449 0.001486 -0.003724
v -0.014562 -0.005964 -0.009496
v -0.014564 -0.005950 -0.009635
v -0.014529 -0.003043 -0.009634
v -0.014511 -0.002595 -0.010034
v -0.014526 -0.002945 -0.009898
v -0.014523 -0.004159 -0.011392
v -0.014520 -0.002786 -0.010009
v -0.014496 -0.004782 -0.011886
v -0.014485 -0.008269 -0.012048
v -0.014480 -0.008966 -0.012103
v -0.014491 -0.009141 -0.011905
v -0.007466 0.001331 -0.034998
v -0.007466 -0.014632 -0.034998
v -0.007713 -0.014559 -0.034882
v -0.007726 0.001254 -0.034875
v -0.014230 -0.002167 -0.005602
v -0.014472 -0.002172 -0.009552
v -0.014247 -0.002240 -0.005600
v -0.014247 -0.011060 -0.005600
v -0.014267 -0.011015 -0.005786
v -0.014287 -0.010886 -0.005932
v -0.014287 -0.002414 -0.005932
v -0.014500 -0.002495 -0.009257
v -0.014301 -0.002599 -0.006001
v -0.014490 -0.009155 -0.007846
v -0.014301 -0.010701 -0.006001
v -0.014548 -0.006650 -0.008929
v -0.014511 -0.004832 -0.008141
v -0.014512 -0.004566 -0.008166
v -0.014303 -0.010962 -0.013388
v -0.014220 -0.002497 -0.005225
v -0.014275 -0.002587 -0.005733
v -0.014286 -0.003031 -0.005706
v -0.014237 -0.002872 -0.005269
v -0.008592 -0.014027 -0.034403
v -0.008912 -0.013626 -0.034207
v -0.014252 -0.011015 -0.013833
v -0.014271 -0.011060 -0.013650
v -0.014282 -0.011046 -0.013547
v -0.012837 -0.014156 -0.016823
v -0.012580 -0.014524 -0.016767
v -0.013254 -0.014186 -0.012817
v -0.013463 -0.013773 -0.012918
v -0.013103 0.001212 -0.008629
v -0.013393 0.000822 -0.008787
v -0.014332 -0.002872 -0.013324
v -0.014320 -0.002999 -0.013468
v -0.014479 -0.004363 -0.012120
v -0.014502 -0.002411 -0.009963
v -0.011532 0.001958 -0.003271
v -0.011756 0.001962 -0.005759
v -0.012220 0.001781 -0.005985
v -0.014474 -0.008499 -0.012181
v -0.014474 -0.008760 -0.012191
v -0.014375 -0.007208 -0.013231
v -0.014301 -0.010256 -0.013652
v -0.014320 -0.010301 -0.013468
v -0.012982 -0.014553 -0.012696
v -0.014473 -0.011135 -0.009632
v -0.014472 -0.011128 -0.009552
v -0.013018 0.001168 -0.006391
v -0.013310 0.000758 -0.006556
v -0.014230 -0.011133 -0.005602
v -0.014223 -0.011127 -0.005529
v -0.014223 -0.002173 -0.005529
v -0.014236 -0.002257 -0.005487
v -0.014236 -0.011043 -0.005487
v -0.014225 -0.010961 -0.005337
v -0.014220 -0.010803 -0.005225
v -0.014473 -0.009204 -0.007613
v -0.014499 -0.008965 -0.007935
v -0.014275 -0.010713 -0.005733
v -0.014286 -0.010269 -0.005706
v -0.014299 -0.010352 -0.005863
v -0.012648 0.001516 -0.006198
v -0.014456 -0.009138 -0.007356
v -0.013978 -0.008721 -0.016193
v -0.014020 -0.009143 -0.015895
v -0.014131 -0.008843 -0.015137
v -0.014057 -0.008100 -0.015650
v -0.011963 -0.014438 -0.021275
v -0.012219 -0.014047 -0.021247
v -0.005932 -0.014751 -0.035513
v -0.008297 -0.015433 -0.029163
v -0.008810 -0.015355 -0.029360
v -0.006416 -0.014751 -0.035390
v -0.014443 -0.008967 -0.007158
v -0.014250 -0.010512 -0.014025
v -0.014240 -0.010704 -0.014048
v -0.014241 -0.010888 -0.013978
v -0.013778 -0.010960 -0.017380
v -0.013752 -0.011043 -0.017535
v -0.013737 -0.011057 -0.017638
v -0.013533 -0.008729 -0.019089
v -0.013447 -0.009199 -0.019630
v -0.013713 -0.010351 -0.017900
v -0.013738 -0.010266 -0.017741
v 0.009296 -0.004416 -0.006054
v 0.009106 -0.003457 -0.006032
v 0.009626 -0.003551 -0.000656
v -0.014267 -0.002285 -0.005786
v -0.012367 -0.002172 -0.025593
v -0.013087 -0.002172 -0.021616
v -0.014282 -0.002254 -0.013547
v -0.014271 -0.002240 -0.013650
v -0.014252 -0.002285 -0.013833
v -0.012460 -0.002502 -0.025225
v -0.014477 -0.004409 -0.012146
v -0.014250 -0.006093 -0.005174
v -0.014398 -0.006351 -0.013021
v -0.014398 -0.006949 -0.013021
v -0.014375 -0.006092 -0.013231
v 0.001524 -0.015450 0.013312
v -0.006132 -0.015865 0.002103
v -0.005991 -0.015865 0.002071
v -0.014343 -0.007336 -0.013517
v -0.011635 -0.014778 -0.021300
v -0.014289 -0.010269 -0.013754
v -0.012272 -0.012794 0.005377
v -0.012410 -0.001109 0.005051
v -0.012271 -0.000502 0.005380
v -0.014225 -0.002339 -0.005337
v -0.014224 -0.010613 -0.005200
v -0.014237 -0.010428 -0.005269
v -0.013069 -0.002950 -0.021881
v -0.013133 -0.002690 -0.021490
v -0.013072 -0.002289 -0.021802
v -0.013042 -0.002600 -0.022015
v -0.012410 -0.012191 0.005051
v -0.014437 -0.004497 -0.007085
v -0.014454 -0.004335 -0.007299
v -0.014487 -0.005183 -0.007755
v -0.014487 -0.008117 -0.007755
v -0.014498 -0.008964 -0.007932
v -0.014255 -0.010300 -0.005414
v -0.014255 -0.003000 -0.005414
v 0.003877 0.000405 -0.031983
v 0.004735 0.000539 -0.021644
v 0.004115 0.000266 -0.031882
v -0.014499 -0.004334 -0.007935
v 0.010410 -0.003987 0.007271
v -0.014252 -0.011135 -0.013648
v -0.014261 -0.011128 -0.013570
v -0.014475 -0.011104 -0.009804
v -0.013799 -0.010799 -0.017267
v -0.014268 -0.010354 -0.013914
v -0.007138 0.001397 -0.035138
v -0.007125 -0.014700 -0.035143
v -0.013768 -0.010612 -0.017509
v -0.013612 0.000389 -0.008920
v -0.013528 0.000309 -0.006694
v -0.013711 -0.011012 -0.017821
v -0.013102 -0.011056 -0.021619
v -0.013719 -0.011133 -0.017636
v -0.010079 0.001341 -0.029830
v 0.009353 -0.002689 -0.000609
v 0.008998 -0.001914 -0.000545
v -0.014470 -0.004099 -0.007563
v -0.014299 -0.002948 -0.005863
v 0.008976 -0.000957 0.008982
v 0.006145 0.001043 0.011906
v -0.012650 0.000014 0.001681
v -0.013331 0.000215 -0.004229
v -0.013800 -0.010425 -0.017313
v -0.014094 -0.009132 -0.015383
v -0.011690 0.001962 -0.014339
v -0.009570 -0.004345 -0.033773
v -0.009570 -0.008956 -0.033773
v -0.011065 -0.009071 -0.030181
v -0.011065 -0.004344 -0.030181
v -0.013737 -0.002243 -0.017638
v -0.014241 -0.002412 -0.013978
v -0.014240 -0.002596 -0.014048
v -0.013752 -0.002257 -0.017535
v -0.013778 -0.002340 -0.017380
v -0.014301 -0.003044 -0.013652
v -0.014250 -0.002788 -0.014025
v -0.014343 -0.005964 -0.013517
v -0.014291 -0.007287 -0.013945
v -0.014289 -0.003031 -0.013754
v -0.012003 -0.012184 0.005954
v -0.014327 -0.007287 -0.005894
v -0.014353 -0.007077 -0.006160
v -0.014443 -0.004333 -0.007158
v -0.014455 -0.004169 -0.007342
v -0.013031 -0.013746 -0.016867
v -0.013069 -0.010350 -0.021881
v -0.013146 -0.003004 -0.021437
v -0.011466 0.001956 -0.016541
v -0.014057 -0.009201 -0.015636
v -0.013781 -0.010297 -0.017456
v -0.013713 -0.002949 -0.017900
v -0.013800 -0.002875 -0.017313
v -0.013768 -0.002688 -0.017509
v -0.013694 -0.002790 -0.018011
v -0.013694 -0.010510 -0.018011
v -0.013687 -0.010701 -0.018034
v -0.013727 -0.010710 -0.017770
v -0.012763 -0.009199 -0.023608
v -0.012854 -0.008829 -0.023091
v -0.012854 -0.004471 -0.023091
v -0.012763 -0.004101 -0.023608
v -0.013149 -0.010959 -0.021361
v -0.013072 -0.011011 -0.021802
v 0.008869 -0.005472 -0.011330
v -0.010629 0.000434 -0.030027
v -0.010835 -0.000263 -0.030100
v -0.014224 -0.002687 -0.005200
v -0.008209 0.001026 -0.034624
v -0.008202 -0.014331 -0.034627
v -0.008599 0.000720 -0.034399
v -0.009071 -0.013330 -0.034105
v -0.008920 0.000313 -0.034202
v -0.009165 -0.000198 -0.034044
v -0.010368 0.000962 -0.029933
v 0.008563 -0.001230 -0.000464
v 0.009449 -0.001574 0.008484
v -0.014253 -0.002167 -0.013648
v -0.014261 -0.002172 -0.013570
v -0.012409 -0.013622 -0.021218
v -0.013087 -0.011128 -0.021616
v 0.008760 -0.004407 -0.011320
v -0.013102 -0.002244 -0.021619
v -0.013799 -0.002501 -0.017267
v -0.014092 -0.004159 -0.015400
v -0.014268 -0.002946 -0.013914
v -0.014123 -0.004345 -0.015193
v -0.014132 -0.004494 -0.015124
v -0.014291 -0.006013 -0.013945
v -0.014284 -0.006300 -0.014005
v -0.014240 -0.006762 -0.014345
v -0.014258 -0.007077 -0.014209
v -0.014240 -0.006538 -0.014345
v -0.014134 -0.004748 -0.015110
v -0.014057 -0.005200 -0.015650
v -0.011511 -0.012177 0.006857
v -0.014226 -0.006352 -0.004962
v -0.009408 -0.012151 -0.033883
v -0.009353 -0.012445 -0.033920
v -0.010864 -0.012901 -0.030109
v -0.010992 -0.011983 -0.030154
v -0.013991 -0.008960 -0.016102
v 0.008213 -0.004480 -0.016453
v 0.007520 -0.003729 -0.021477
v 0.008053 -0.003545 -0.016445
v -0.013533 -0.004571 -0.019089
v -0.013738 -0.003034 -0.017741
v -0.013447 -0.004101 -0.019630
v -0.013178 -0.002693 -0.021224
v -0.012055 -0.004160 -0.027337
v -0.011957 -0.004161 -0.027830
v -0.013042 -0.010700 -0.022015
v -0.013051 -0.010883 -0.021945
v -0.012434 -0.010960 -0.025338
v -0.013119 0.000683 -0.004090
v -0.012744 0.001541 -0.008448
v -0.012337 -0.011099 -0.025754
v -0.012367 -0.011128 -0.025593
v -0.012349 -0.002289 -0.025778
v -0.012337 -0.002201 -0.025754
v -0.010975 -0.001149 -0.030148
v -0.008555 0.002103 -0.029263
v -0.006416 0.001450 -0.035390
v -0.008798 0.002057 -0.029355
v 0.008054 -0.000636 -0.000368
v 0.008404 -0.000399 0.009520
v -0.013727 -0.002590 -0.017770
v -0.014020 -0.004157 -0.015895
v -0.014057 -0.004341 -0.015648
v -0.014258 -0.006223 -0.014209
v -0.013978 -0.004579 -0.016193
v -0.011896 -0.008707 -0.028126
v -0.011897 -0.004562 -0.028122
v -0.013675 -0.007077 -0.018192
v -0.013405 -0.009136 -0.019885
v -0.013051 -0.002417 -0.021945
v -0.012315 -0.010700 -0.025991
v -0.011955 -0.009135 -0.027838
v -0.011243 -0.015047 -0.021321
v -0.009243 -0.012873 -0.033993
v -0.009243 -0.000428 -0.033993
v -0.009153 -0.013134 -0.034052
v -0.012346 -0.002954 -0.025852
v -0.008874 0.002549 -0.025043
v -0.008807 0.002564 -0.025018
v -0.012434 -0.002340 -0.025338
v 0.003771 -0.015333 0.012857
v -0.013781 -0.003003 -0.017457
v -0.013991 -0.004340 -0.016102
v -0.011904 -0.015266 -0.010169
v -0.013169 -0.002876 -0.021293
v -0.013360 -0.004818 -0.020152
v 0.005498 0.000627 -0.011024
v -0.011914 -0.008958 -0.028035
v -0.010998 -0.011911 -0.030157
v 0.003445 0.002066 0.012948
v 0.003445 -0.015366 0.012948
v -0.009540 -0.010745 -0.033793
v -0.009455 -0.001472 -0.033851
v -0.003976 0.002150 0.012795
v -0.006274 0.002565 0.002078
v -0.008943 0.002565 0.001049
v -0.006528 0.002150 0.011700
v -0.003976 -0.015450 0.012795
v -0.006274 -0.015865 0.002078
v -0.012826 0.001116 -0.003921
v -0.004375 -0.014751 -0.035644
v -0.002850 -0.014751 -0.035398
v -0.008304 -0.015865 -0.025285
v -0.008467 -0.015865 -0.025309
v -0.002566 -0.015850 -0.023014
v -0.002528 -0.015850 -0.022844
v -0.002605 -0.015865 -0.022842
v -0.002636 -0.015865 -0.022983
v -0.009359 -0.000888 -0.033916
v -0.009179 -0.015865 0.000713
v -0.009256 -0.015850 0.000715
v -0.011439 -0.015374 -0.009971
v -0.010992 -0.001317 -0.030154
v -0.013721 -0.002171 -0.017636
v -0.011382 -0.015373 -0.012074
v -0.008960 -0.015865 -0.015279
v 0.008840 -0.002598 -0.006000
v 0.008500 -0.001837 -0.005956
v -0.011901 -0.004831 -0.028099
v -0.011045 -0.011128 -0.030173
v 0.008090 -0.001172 -0.005902
v 0.007615 -0.000599 -0.005836
v -0.009458 -0.011809 -0.033850
v -0.009539 -0.002533 -0.033794
v -0.011061 -0.010536 -0.030179
v -0.008800 0.002126 0.010103
v -0.008800 -0.015426 0.010103
v -0.008501 -0.015444 0.010356
v -0.008501 0.002144 0.010356
v -0.009408 -0.001150 -0.033883
v -0.009191 0.001939 -0.029503
v -0.008904 0.002549 -0.024887
v -0.011045 -0.002172 -0.030173
v -0.011914 -0.004345 -0.028037
v -0.009218 -0.015850 0.000885
v -0.008966 -0.001150 0.009957
v -0.008973 0.002109 0.009950
v -0.008884 -0.015865 -0.018337
v -0.002841 -0.015865 -0.023178
v -0.001286 -0.015865 -0.012902
v -0.000240 -0.015865 -0.005702
v -0.000262 -0.015865 -0.005646
v -0.001930 -0.015865 -0.003290
v -0.005864 -0.015865 0.001409
v -0.009148 -0.015865 0.000854
v -0.011057 -0.002572 -0.030177
v -0.008178 -0.015450 0.010613
v -0.008178 0.002150 0.010613
v -0.008949 0.002550 -0.021674
v -0.008828 0.002564 -0.024940
v -0.008723 0.002565 -0.025177
v -0.008777 0.002550 -0.025226
v 0.006781 -0.000690 -0.016389
v 0.006385 -0.000820 -0.021480
v 0.001524 0.002150 0.013312
v 0.007633 -0.001186 -0.011221
v 0.007189 -0.000614 -0.011181
v -0.009168 0.002550 -0.005682
v -0.008848 0.002565 -0.021818
v -0.009092 0.002565 -0.005684
v -0.008943 -0.015865 0.001049
v -0.009065 -0.015865 0.000972
v -0.009065 0.002565 0.000972
v -0.008435 0.002565 -0.015690
v -0.008304 0.002565 -0.025285
v -0.008467 0.002565 -0.025309
v -0.002719 -0.015865 -0.023101
v -0.005932 0.001450 -0.035513
v -0.000930 0.002565 -0.009580
v -0.002651 0.002565 -0.022644
v -0.008624 0.002565 -0.025259
v -0.005873 -0.015865 0.001988
v -0.006132 0.002565 0.002103
v -0.005991 0.002565 0.002071
v -0.006528 -0.015450 0.011700
v -0.001083 -0.014751 -0.034715
v 0.006440 -0.008254 -0.031416
v -0.000192 -0.014751 -0.034253
v 0.001192 -0.014616 -0.033455
v 0.002064 -0.015415 -0.008006
v -0.000694 -0.015865 -0.009244
v -0.000216 0.002565 -0.005844
v -0.000694 0.002565 -0.009244
v -0.003963 -0.015865 -0.000491
v -0.001976 -0.015865 -0.003092
v -0.002089 -0.015865 -0.002937
v -0.005873 0.002565 0.001988
v -0.003963 0.002565 -0.000491
v -0.002089 0.002565 -0.002937
v -0.001976 0.002565 -0.003092
v -0.000262 0.002565 -0.005646
v -0.000240 0.002565 -0.005702
v 0.006469 -0.005836 -0.031418
v 0.008331 -0.002599 -0.011283
v 0.008014 -0.001845 -0.011255
v 0.001387 -0.014579 -0.033339
v 0.000139 -0.015450 -0.018589
v 0.000404 -0.015450 -0.017169
v 0.003195 -0.015350 -0.001434
v -0.000216 -0.015865 -0.005844
v 0.002543 -0.014277 -0.032663
v 0.003543 -0.015356 0.012921
v 0.002160 0.002111 -0.007464
v 0.001192 0.001316 -0.033455
v 0.003543 0.002056 0.012921
v 0.003650 0.002010 0.001296
v 0.005574 -0.001169 -0.031465
v 0.005915 -0.001894 -0.031426
v 0.007334 -0.002900 -0.021474
v 0.003607 -0.015314 0.001039
v 0.000404 0.002150 -0.017169
v 0.000046 0.002150 -0.019084
v 0.002543 0.000976 -0.032663
v 0.001387 0.001279 -0.033339
v 0.005374 -0.000863 -0.031499
v 0.005002 -0.000425 -0.031583
v 0.007198 -0.001279 -0.016404
v 0.006777 -0.001444 -0.021472
v 0.007546 -0.001949 -0.016419
v 0.007089 -0.002139 -0.021471
v 0.007831 -0.002703 -0.016433
v 0.008580 -0.003451 -0.011305
v 0.004894 -0.000320 -0.031612
v 0.004518 -0.000006 -0.031730
v 0.005796 -0.001150 0.012080
v 0.005771 0.001401 0.012092
v 0.007721 0.000097 0.010082
vn 0.9918 -0.0105 -0.1275
vn 0.9951 -0.0336 -0.0932
vn 0.5633 -0.8257 -0.0311
vn 0.6565 -0.7532 -0.0409
vn 0.6674 -0.7436 -0.0409
vn 0.7541 -0.6547 -0.0515
vn 0.7662 -0.6405 -0.0515
vn 0.8390 -0.5405 -0.0621
vn 0.8504 -0.5225 -0.0619
vn 0.9044 -0.4206 -0.0717
vn 0.9137 -0.4001 -0.0713
vn 0.9490 -0.3051 -0.0797
vn 0.9549 -0.2860 -0.0790
vn 0.9760 -0.2006 -0.0853
vn 0.9785 -0.1879 -0.0846
vn 0.9900 -0.1100 -0.0887
vn 0.9909 -0.1022 -0.0880
vn 0.9953 -0.0363 -0.0903
vn 0.9955 -0.0306 -0.0895
vn 0.4089 -0.9116 -0.0425
vn 0.4618 -0.8856 -0.0498
vn 0.5191 -0.8530 -0.0542
vn 0.5152 -0.8554 -0.0540
vn 0.5747 -0.8161 -0.0615
vn 0.4030 -0.9142 -0.0421
vn 0.9936 -0.0299 -0.1089
vn 0.9936 -0.0313 -0.1086
vn 0.9897 -0.0934 -0.1087
vn 0.9890 -0.1023 -0.1069
vn 0.9799 -0.1685 -0.1068
vn 0.9771 -0.1856 -0.1036
vn 0.9614 -0.2549 -0.1032
vn 0.9545 -0.2815 -0.0984
vn 0.9306 -0.3529 -0.0975
vn 0.9170 -0.3884 -0.0909
vn 0.8610 -0.5021 -0.0814
vn 0.7850 -0.6154 -0.0704
vn 0.7191 -0.6918 -0.0664
vn 0.6915 -0.7199 -0.0593
vn 0.9895 -0.0799 -0.1201
vn 0.9917 -0.0247 -0.1264
vn 0.4767 -0.8781 -0.0415
vn 0.5147 -0.8561 -0.0470
vn 0.6319 -0.7726 -0.0619
vn 0.7190 -0.6917 -0.0670
vn 0.7494 -0.6579 -0.0749
vn 0.8446 -0.5282 -0.0873
vn 0.9613 -0.2549 -0.1047
vn 0.9796 -0.1685 -0.1100
vn 0.9830 -0.1436 -0.1142
vn 0.9892 -0.0934 -0.1134
vn 0.9900 -0.0799 -0.1159
vn 0.9896 -0.1076 -0.0952
vn 0.9894 -0.1101 -0.0946
vn 0.9763 -0.1959 -0.0920
vn 0.9754 -0.2007 -0.0910
vn 0.9507 -0.2976 -0.0869
vn 0.9485 -0.3052 -0.0852
vn 0.9085 -0.4102 -0.0796
vn 0.9039 -0.4208 -0.0772
vn 0.8465 -0.5278 -0.0704
vn 0.8385 -0.5408 -0.0672
vn 0.7653 -0.6409 -0.0598
vn 0.7536 -0.6550 -0.0561
vn 0.6705 -0.7403 -0.0488
vn 0.6559 -0.7535 -0.0449
vn 0.5516 -0.8333 -0.0370
vn 0.7054 -0.7049 -0.0737
vn 0.8380 -0.5387 -0.0869
vn 0.8446 -0.5283 -0.0871
vn 0.9029 -0.4186 -0.0971
vn 0.9760 -0.1844 -0.1159
vn 0.5501 -0.8343 -0.0372
vn 0.5865 -0.8087 -0.0456
vn 0.6702 -0.7404 -0.0516
vn 0.6917 -0.7199 -0.0572
vn 0.7650 -0.6410 -0.0628
vn 0.7852 -0.6154 -0.0690
vn 0.8461 -0.5279 -0.0740
vn 0.8612 -0.5021 -0.0797
vn 0.9081 -0.4103 -0.0838
vn 0.9173 -0.3884 -0.0884
vn 0.9503 -0.2976 -0.0916
vn 0.9549 -0.2815 -0.0949
vn 0.9758 -0.1959 -0.0971
vn 0.9776 -0.1856 -0.0992
vn 0.9891 -0.1076 -0.1006
vn 0.9895 -0.1023 -0.1017
vn 0.9942 -0.0328 -0.1023
vn 0.9942 -0.0313 -0.1026
vn 0.5865 0.8087 -0.0456
vn 0.5501 0.8343 -0.0372
vn 0.4030 0.9142 -0.0421
vn 0.9874 0.0933 -0.1281
vn 0.9760 0.1844 -0.1159
vn 0.6318 0.7726 -0.0619
vn 0.9951 0.0336 -0.0932
vn 0.9948 0.0335 -0.0965
vn 0.9948 0.0328 -0.0964
vn 0.9929 0.0275 -0.1158
vn 0.9930 0.0247 -0.1152
vn 0.5516 0.8333 -0.0370
vn 0.9895 0.0799 -0.1201
vn 0.1588 -0.0000 -0.9873
vn 0.7890 -0.0004 0.6144
vn 0.7913 0.0019 0.6115
vn -0.8985 -0.4208 0.1255
vn -0.9289 -0.3474 0.1281
vn -0.7214 -0.6845 0.1053
vn -0.5221 -0.8453 -0.1133
vn -0.6048 -0.7861 -0.1277
vn -0.6434 -0.7523 -0.1418
vn -0.7527 -0.6390 -0.1586
vn -0.7893 -0.5893 -0.1723
vn -0.8576 -0.4818 -0.1798
vn -0.8823 -0.4310 -0.1891
vn -0.9187 -0.3452 -0.1918
vn -0.8891 -0.4577 -0.0009
vn -0.8918 -0.4524 0.0003
vn -0.8964 -0.4408 0.0458
vn -0.9046 -0.4233 0.0495
vn -0.9065 -0.4139 0.0829
vn -0.9165 -0.3904 0.0878
vn -0.9168 -0.3825 0.1148
vn -0.9320 -0.3422 0.1191
vn -0.9317 -0.3400 0.1275
vn -0.6722 -0.7404 0.0039
vn -0.6754 -0.7374 0.0048
vn -0.6838 -0.7288 0.0370
vn -0.6957 -0.7172 0.0407
vn -0.7014 -0.7098 0.0650
vn -0.7168 -0.6937 0.0702
vn -0.7212 -0.6866 0.0919
vn -0.7450 -0.6599 0.0975
vn -0.7462 -0.6573 0.1051
vn -0.8644 -0.4884 0.1195
vn -0.8640 -0.4909 0.1117
vn -0.8426 -0.5279 0.1063
vn -0.8403 -0.5360 0.0815
vn -0.8263 -0.5582 0.0759
vn -0.8223 -0.5671 0.0467
vn -0.8108 -0.5838 0.0425
vn -0.8040 -0.5946 0.0031
vn -0.8000 -0.6000 0.0018
vn -0.5841 -0.8073 0.0842
vn -0.5821 -0.8095 0.0768
vn -0.5615 -0.8243 0.0723
vn -0.5560 -0.8294 0.0548
vn -0.5431 -0.8381 0.0509
vn -0.5368 -0.8431 0.0321
vn -0.5279 -0.8488 0.0296
vn -0.5195 -0.8545 0.0051
vn -0.5187 -0.8550 0.0049
vn -0.5112 -0.8585 -0.0407
vn -0.3690 -0.9289 -0.0302
vn -0.3664 -0.9296 -0.0396
vn -0.3590 -0.9329 -0.0269
vn -0.3691 -0.9292 0.0213
vn -0.3737 -0.9273 0.0225
vn -0.3791 -0.9246 0.0357
vn -0.3873 -0.9212 0.0380
vn -0.3924 -0.9184 0.0509
vn -0.4062 -0.9122 0.0538
vn -0.4084 -0.9109 0.0595
vn -0.5565 -0.8267 0.0833
vn -0.3694 -0.9275 0.0569
vn -0.5556 -0.8295 -0.0568
vn -0.5359 -0.8421 -0.0596
vn -0.3785 -0.9246 -0.0437
vn -0.4359 -0.8953 -0.0916
vn -0.4292 -0.8986 -0.0911
vn -0.5359 0.8421 -0.0596
vn -0.3296 0.9428 0.0498
vn -0.5080 0.8544 -0.1098
vn -0.4359 0.8953 -0.0916
vn -0.8444 0.5218 0.1212
vn -0.7462 0.6573 0.1051
vn -0.7212 0.6847 0.1053
vn -0.9281 0.3497 0.1280
vn -0.5105 0.8597 -0.0194
vn -0.5171 0.8557 -0.0216
vn -0.6635 0.7477 -0.0285
vn -0.6691 0.7426 -0.0307
vn -0.7922 0.6091 -0.0379
vn -0.7963 0.6035 -0.0399
vn -0.8828 0.4675 -0.0463
vn -0.8860 0.4611 -0.0484
vn -0.2229 0.9748 -0.0065
vn -0.5325 0.8428 -0.0787
vn -0.5677 0.8185 -0.0876
vn -0.6832 0.7231 -0.1020
vn -0.7187 0.6863 -0.1115
vn -0.8055 0.5800 -0.1213
vn -0.8340 0.5364 -0.1297
vn -0.8893 0.4369 -0.1350
vn -0.9074 0.3958 -0.1411
vn -0.5674 0.8166 -0.1057
vn -0.6035 0.7889 -0.1159
vn -0.7176 0.6836 -0.1334
vn -0.7522 0.6431 -0.1435
vn -0.8318 0.5333 -0.1540
vn -0.8584 0.4866 -0.1623
vn -0.9044 0.3927 -0.1667
vn -0.9207 0.3502 -0.1723
vn -0.8945 0.4356 -0.1009
vn -0.8783 0.4686 -0.0950
vn -0.8107 0.5787 -0.0888
vn -0.7875 0.6108 -0.0821
vn -0.6881 0.7219 -0.0731
vn -0.6598 0.7485 -0.0661
vn -0.5556 0.8295 -0.0568
vn -0.5112 0.8585 -0.0407
vn -0.3635 0.9315 -0.0138
vn -0.3573 0.9339 -0.0119
vn -0.3635 0.9316 0.0044
vn -0.3623 0.9320 0.0047
vn 0.1635 0.9865 0.0013
vn 0.1572 0.9876 -0.0016
vn -0.8938 0.0012 0.4485
vn -0.8657 0.0023 0.5006
vn -0.8329 0.0007 0.5535
vn -0.7603 0.0003 0.6496
vn 0.1850 -0.9827 -0.0026
vn 0.1719 -0.9851 -0.0044
vn 0.4164 0.0002 0.9092
vn 0.4449 -0.0002 0.8956
vn -0.6950 -0.0005 0.7190
vn -0.7466 -0.0030 0.6652
vn -0.7592 -0.0000 0.6508
vn -0.7930 -0.0002 0.6093
vn -0.8329 -0.0007 0.5534
vn -0.1972 -0.9790 -0.0513
vn -0.2182 -0.9750 -0.0413
vn 0.0004 -1.0000 0.0058
vn -0.1723 -0.9801 -0.0980
vn -0.1745 -0.9798 -0.0981
vn -0.9824 -0.0166 -0.1861
vn -0.9822 -0.0099 -0.1876
vn -0.9819 -0.0229 -0.1881
vn -0.9822 -0.0223 -0.1864
vn -0.9821 -0.0230 -0.1867
vn -0.9856 -0.0102 -0.1687
vn -0.9858 -0.0166 -0.1670
vn -0.9859 -0.0121 -0.1670
vn -0.9937 -0.0360 -0.1057
vn -0.9989 -0.0456 0.0088
vn -0.9983 -0.0214 -0.0539
vn -0.9982 -0.0092 -0.0600
vn -0.9981 -0.0175 0.0591
vn -0.1861 0.9796 -0.0758
vn 0.1939 0.9800 -0.0436
vn -0.1939 0.9801 0.0436
vn -0.1939 0.9800 0.0436
vn -0.9682 0.2484 -0.0294
vn -0.9735 0.2259 -0.0354
vn -0.9822 0.0099 -0.1876
vn -0.9825 0.0101 -0.1861
vn -0.9819 0.0230 -0.1881
vn -0.9820 0.0144 -0.1885
vn -0.9819 0.0198 -0.1886
vn -0.9930 0.0390 -0.1119
vn -0.9935 0.0415 -0.1056
vn -0.9975 0.0163 -0.0689
vn -0.9976 0.0215 -0.0651
vn -0.9981 0.0175 0.0590
vn -0.9943 -0.0000 0.1063
vn -0.9938 0.0005 0.1110
vn -0.9946 -0.0006 0.1035
vn -0.9951 0.0004 0.0992
vn -0.9951 -0.0008 0.0988
vn -0.9943 -0.0000 0.1062
vn -0.9947 -0.0000 0.1030
vn -0.9999 -0.0003 -0.0116
vn -0.9881 -0.0002 -0.1535
vn -0.9886 -0.0000 -0.1504
vn -0.9982 0.0008 0.0599
vn -0.9969 0.0003 0.0790
vn 0.0081 -0.0000 1.0000
vn -0.9807 -0.0046 -0.1955
vn -0.9815 0.0016 -0.1915
vn 0.9913 0.0974 -0.0880
vn 0.9899 0.1100 -0.0890
vn -1.0000 -0.0000 0.0050
vn -0.9999 -0.0086 -0.0118
vn -0.9999 -0.0125 -0.0066
vn -0.9999 -0.0148 -0.0085
vn -0.9988 -0.0488 0.0094
vn -0.9991 -0.0389 0.0140
vn -0.9989 -0.0467 0.0099
vn 0.0551 0.9947 -0.0870
vn 0.0462 0.9949 -0.0891
vn -0.9998 -0.0120 0.0139
vn -0.9989 -0.0467 0.0086
vn -0.9991 -0.0425 0.0040
vn -0.9997 0.0216 0.0106
vn -0.9870 0.0321 -0.1575
vn -0.9871 0.0284 -0.1573
vn -0.9999 -0.0120 0.0024
vn -0.9999 -0.0118 0.0047
vn -0.9999 0.0125 -0.0066
vn -0.9999 0.0086 -0.0118
vn -0.9999 -0.0000 -0.0124
vn -0.9999 0.0003 -0.0116
vn -0.9998 -0.0039 -0.0212
vn -0.9997 -0.0024 -0.0235
vn -0.9990 -0.0000 -0.0447
vn -0.9988 -0.0000 -0.0492
vn -0.9986 -0.0010 -0.0536
vn -0.9986 -0.0383 -0.0355
vn -0.9985 -0.0402 -0.0383
vn -0.9994 -0.0265 -0.0208
vn -0.9989 -0.0460 0.0069
vn -0.9997 -0.0246 0.0011
vn -0.9987 0.0506 0.0112
vn -0.9986 0.0511 0.0109
vn -0.9987 -0.0470 0.0216
vn -0.9989 -0.0454 0.0091
vn -0.9989 -0.0452 0.0108
vn -0.9982 0.0343 0.0494
vn -0.9984 0.0318 0.0461
vn -0.9986 0.0292 0.0432
vn -0.9992 0.0206 0.0328
vn -0.9996 -0.0120 0.0244
vn -0.9996 -0.0000 0.0289
vn -0.9997 -0.0150 0.0198
vn -0.9991 0.0012 0.0435
vn -0.9994 -0.0055 0.0356
vn -0.9989 -0.0455 0.0088
vn -0.9989 -0.0458 0.0086
vn -0.9983 -0.0589 -0.0004
vn -0.9974 -0.0510 -0.0501
vn -0.9967 -0.0577 -0.0563
vn -0.5615 0.8243 0.0723
vn -0.5821 0.8095 0.0768
vn -0.9997 -0.0216 0.0106
vn -0.9998 0.0120 0.0139
vn -0.9996 -0.0126 0.0259
vn -0.9998 -0.0115 0.0185
vn -0.9989 0.0467 0.0099
vn -0.9991 0.0389 0.0140
vn -0.9991 0.0425 0.0040
vn -0.9989 0.0467 0.0086
vn -0.9988 0.0488 0.0095
vn -0.9999 0.0148 -0.0085
vn -0.9982 0.0094 -0.0599
vn -0.9983 0.0214 -0.0539
vn -0.9986 0.0010 -0.0536
vn -0.9997 0.0024 -0.0235
vn -0.9994 0.0265 -0.0208
vn -0.9985 0.0402 -0.0383
vn -0.9987 0.0381 -0.0353
vn -0.9998 0.0039 -0.0212
vn -0.9996 0.0010 -0.0273
vn -0.9996 -0.0000 -0.0294
vn -0.9996 -0.0010 -0.0273
vn -0.9984 -0.0000 -0.0569
vn -0.9979 -0.0000 -0.0651
vn -0.9977 -0.0002 -0.0681
vn -0.9976 -0.0005 -0.0687
vn -0.9975 -0.0159 -0.0690
vn -0.9976 -0.0215 -0.0654
vn -0.9966 -0.0431 -0.0706
vn -0.4253 -0.0000 -0.9051
vn -0.4260 -0.0000 -0.9047
vn -0.9680 0.2440 0.0592
vn -0.9703 0.2346 0.0596
vn -0.9789 -0.1952 0.0602
vn -0.9880 -0.1424 0.0603
vn -0.9946 -0.0841 0.0615
vn -0.9947 0.0822 0.0615
vn -0.9967 0.0524 0.0624
vn -0.9963 -0.0526 0.0686
vn -0.9970 -0.0471 0.0622
vn -0.9980 -0.0185 0.0611
vn -0.9994 -0.0000 0.0334
vn -0.9991 -0.0019 0.0419
vn -0.9994 0.0055 0.0356
vn -0.9991 -0.0012 0.0435
vn -0.9997 0.0150 0.0197
vn -0.9996 0.0120 0.0244
vn -0.9983 -0.0001 0.0584
vn -0.9983 -0.0000 0.0590
vn -0.9989 -0.0000 0.0463
vn -0.9915 -0.1181 -0.0550
vn -0.9943 0.0309 0.1025
vn -0.9944 0.0330 0.1001
vn -0.9966 -0.0446 -0.0688
vn -0.9929 -0.0390 -0.1119
vn -0.9935 -0.0415 -0.1056
vn -0.7391 -0.5917 -0.3220
vn -0.8086 -0.4742 -0.3483
vn -0.9931 -0.0414 -0.1093
vn -0.9931 -0.0421 -0.1090
vn -0.9884 -0.1418 -0.0552
vn -0.8107 -0.5787 -0.0888
vn -0.8783 -0.4686 -0.0950
vn -0.9989 0.0452 0.0108
vn -0.9989 0.0454 0.0091
vn -0.9987 0.0470 0.0216
vn -0.8000 0.6000 0.0018
vn -0.8040 0.5946 0.0031
vn -0.9951 0.0201 -0.0971
vn -0.9953 0.0226 -0.0940
vn -0.9997 0.0246 0.0011
vn -0.9989 0.0460 0.0069
vn -0.9983 0.0589 -0.0004
vn -0.9989 0.0458 0.0085
vn -0.9989 0.0455 0.0088
vn -0.9960 -0.0701 -0.0563
vn -0.9954 -0.0786 -0.0556
vn -0.9967 0.0577 -0.0563
vn -0.9975 0.0506 -0.0497
vn -0.9966 0.0437 -0.0701
vn -0.3792 0.9246 0.0358
vn -0.3873 0.9212 0.0380
vn -0.9973 -0.0001 -0.0729
vn -0.9970 0.0002 -0.0768
vn -0.9971 0.0001 -0.0766
vn -0.9970 -0.0000 -0.0776
vn -0.9922 -0.0197 -0.1232
vn -0.9942 -0.0094 -0.1074
vn -0.9943 -0.0105 -0.1065
vn -0.8761 -0.4748 -0.0835
vn -0.8031 -0.5959 -0.0014
vn -0.9959 -0.0286 -0.0861
vn -0.9498 -0.3114 0.0308
vn -0.8108 0.5838 0.0425
vn -0.8223 0.5671 0.0467
vn -0.9498 -0.2892 0.1193
vn -0.9458 -0.3041 0.1140
vn -0.9658 0.2347 0.1106
vn -0.9671 0.2229 0.1222
vn -0.9477 -0.3070 0.0871
vn -0.9943 -0.0402 0.0985
vn -0.9946 -0.0364 0.0971
vn -0.9943 -0.0397 0.0993
vn -0.9942 -0.0391 0.0999
vn -0.9940 -0.0370 0.1028
vn -0.9976 -0.0094 0.0684
vn -0.9974 -0.0143 0.0701
vn -0.9970 -0.0499 0.0599
vn -0.9928 -0.0738 0.0947
vn -0.9948 -0.0306 0.0967
vn -0.9940 -0.0351 0.1033
vn -0.5431 0.8381 0.0509
vn -0.5560 0.8294 0.0548
vn -0.9966 -0.0323 0.0762
vn -0.9896 -0.0014 -0.1436
vn -0.9896 -0.0010 -0.1436
vn -0.9981 -0.0000 0.0616
vn -0.9991 0.0019 0.0419
vn -0.9983 0.0001 0.0584
vn -0.9982 -0.0008 0.0599
vn -0.8318 -0.5333 -0.1540
vn -0.8584 -0.4866 -0.1623
vn -0.0968 -0.9851 -0.1419
vn -0.0280 -0.9935 -0.1106
vn -0.9955 -0.0159 0.0933
vn -0.9950 -0.0085 0.0999
vn -0.9935 -0.0318 -0.1097
vn -0.9930 -0.0332 -0.1136
vn -0.9929 -0.0346 -0.1139
vn -0.9937 -0.0351 -0.1063
vn -0.9889 -0.0663 -0.1333
vn -0.9896 -0.0547 -0.1332
vn -0.9821 -0.1346 -0.1316
vn -0.9818 -0.1368 -0.1316
vn -0.9879 -0.0036 -0.1547
vn -0.9880 -0.0032 -0.1542
vn 0.9763 0.1959 -0.0920
vn 0.9754 0.2007 -0.0910
vn -0.9963 0.0526 0.0686
vn -0.9970 0.0471 0.0622
vn -0.9978 0.0039 -0.0659
vn -0.9976 0.0024 -0.0697
vn -0.9946 0.0841 0.0615
vn -0.9880 0.1424 0.0603
vn -0.9980 0.0185 0.0611
vn -0.9958 0.0289 -0.0868
vn -0.9961 0.0327 -0.0817
vn -0.9789 0.1951 0.0602
vn -0.9436 0.2838 -0.1707
vn -0.9417 0.2883 -0.1733
vn -0.9989 0.0456 0.0088
vn -0.9915 0.1181 -0.0550
vn -0.9931 0.0421 -0.1091
vn -0.9931 0.0414 -0.1093
vn -0.9932 -0.0376 -0.1098
vn -0.9927 -0.0441 -0.1123
vn -0.9884 0.1418 -0.0552
vn -0.9966 0.0446 -0.0690
vn -0.9817 0.0206 -0.1892
vn -0.9825 0.0209 -0.1853
vn -0.6881 -0.7219 -0.0731
vn -0.7875 -0.6108 -0.0821
vn -0.9970 -0.0000 -0.0771
vn -0.9941 -0.0000 0.1088
vn -0.9958 -0.0000 -0.0911
vn -0.9950 -0.0048 -0.0999
vn -0.9956 0.0006 -0.0933
vn -0.9959 0.0001 -0.0908
vn -0.9944 -0.0000 -0.1057
vn 0.0049 -0.9994 0.0337
vn 0.0072 -0.9995 0.0321
vn -0.9941 -0.0094 -0.1078
vn -0.9928 -0.0386 -0.1132
vn -0.6832 -0.7231 -0.1020
vn -0.7187 -0.6863 -0.1115
vn -0.9930 -0.0340 -0.1131
vn -0.9581 -0.2541 0.1319
vn -0.9613 -0.2399 0.1352
vn -0.9635 -0.2299 0.1372
vn -0.9777 -0.1435 0.1537
vn -0.9781 0.1399 0.1543
vn -0.9833 0.0826 0.1620
vn -0.9949 -0.0337 0.0946
vn -0.9849 0.0164 -0.1723
vn -0.9868 0.0151 -0.1615
vn -0.9849 -0.0431 0.1677
vn -0.9974 -0.0134 0.0714
vn -0.9965 -0.0311 0.0772
vn -0.9970 0.0023 0.0779
vn -0.9968 -0.0000 0.0795
vn -0.9968 -0.0000 0.0802
vn -0.9974 -0.0000 0.0718
vn -0.9974 -0.0000 0.0721
vn -0.9975 -0.0011 0.0701
vn -0.9979 -0.0000 0.0648
vn 0.9981 -0.0006 -0.0618
vn -0.9944 -0.0296 0.1014
vn -0.9946 0.0071 0.1038
vn -0.9942 0.0073 0.1070
vn -0.9948 -0.0071 0.1012
vn 0.5152 0.8554 -0.0539
vn 0.5192 0.8529 -0.0545
vn -0.9980 0.0186 0.0610
vn -0.8860 -0.4611 -0.0484
vn 0.9796 0.1825 -0.0846
vn 0.9759 0.2006 -0.0855
vn -0.9484 -0.3062 -0.0821
vn -0.9473 -0.3203 -0.0041
vn -0.9521 -0.3032 -0.0405
vn -0.9903 -0.0355 -0.1345
vn -0.9903 -0.0319 -0.1350
vn -0.9930 -0.0335 -0.1135
vn -0.3930 -0.0000 -0.9195
vn -0.3937 -0.0000 -0.9192
vn -0.9899 -0.0456 -0.1339
vn -0.9886 -0.0257 -0.1482
vn -0.8964 0.4408 0.0458
vn -0.9046 0.4233 0.0495
vn -0.9888 -0.0298 -0.1464
vn -0.9888 -0.0294 -0.1465
vn -0.9847 -0.0751 -0.1570
vn -0.9619 -0.2412 -0.1287
vn -0.9650 -0.2282 -0.1294
vn -0.6186 0.7741 -0.1350
vn -0.6050 0.7856 -0.1296
vn 0.9154 0.3961 -0.0715
vn 0.9044 0.4206 -0.0719
vn -0.9976 0.0155 0.0676
vn -0.9970 0.0468 0.0624
vn -0.9940 0.0351 0.1033
vn -0.9948 0.0306 0.0967
vn -0.9928 0.0738 0.0947
vn -0.9943 0.0397 0.0993
vn -0.9942 0.0391 0.0999
vn -0.9940 0.0370 0.1028
vn 0.7187 -0.0001 0.6953
vn 0.7184 -0.0000 0.6956
vn -0.9535 -0.2959 0.0583
vn -0.9504 -0.3075 0.0471
vn -0.9497 0.3117 0.0294
vn -0.9946 0.0364 0.0971
vn -0.9943 0.0402 0.0985
vn -0.9824 0.0137 0.1863
vn -0.9847 -0.0000 0.1743
vn -0.9458 0.3041 0.1140
vn -0.9498 0.2892 0.1193
vn -0.9477 0.3070 0.0871
vn -0.9905 -0.0196 -0.1359
vn -0.9905 -0.0223 -0.1360
vn -0.9522 -0.3006 -0.0548
vn -0.9530 -0.2984 -0.0523
vn -0.9692 -0.2402 -0.0536
vn -0.9721 -0.2283 -0.0536
vn -0.3690 0.9289 -0.0302
vn -0.3590 0.9329 -0.0269
vn -0.9232 -0.0000 -0.3843
vn -0.9232 0.0001 -0.3843
vn -0.9818 0.1368 -0.1315
vn -0.9937 0.0351 -0.1063
vn -0.9821 0.1346 -0.1316
vn -0.9896 0.0547 -0.1332
vn -0.9889 0.0663 -0.1333
vn -0.9935 0.0318 -0.1097
vn -0.9937 0.0360 -0.1057
vn -0.9929 0.0346 -0.1139
vn -0.9930 0.0332 -0.1136
vn -0.9928 0.0386 -0.1132
vn -0.9941 0.0093 -0.1078
vn -0.9949 0.0044 -0.1003
vn -0.9932 -0.0083 -0.1164
vn -0.9926 -0.0087 -0.1209
vn -0.9930 0.0340 -0.1131
vn -0.8055 -0.5800 -0.1213
vn -0.8340 -0.5364 -0.1297
vn -0.9924 -0.0087 -0.1224
vn -0.9921 -0.0113 -0.1251
vn -0.8941 -0.0013 0.4478
vn -0.8985 -0.0000 0.4390
vn -0.9086 -0.0000 0.4176
vn -0.9082 -0.0000 0.4186
vn -0.9213 -0.0000 0.3889
vn -0.9212 -0.0000 0.3892
vn -0.9927 0.0441 -0.1123
vn -0.9932 0.0375 -0.1098
vn -0.9850 -0.0123 0.1723
vn -0.9848 -0.0034 0.1737
vn -0.9926 -0.0068 0.1213
vn -0.9866 -0.0113 0.1626
vn -0.9927 -0.0076 0.1208
vn -0.9937 -0.0074 0.1120
vn -0.9948 -0.0077 0.1018
vn -0.9953 -0.0037 0.0967
vn -0.9957 -0.0014 0.0924
vn -0.9961 -0.0000 0.0888
vn -0.9968 0.0002 0.0804
vn -0.9957 0.0014 0.0925
vn -0.9953 0.0037 0.0967
vn -0.9948 0.0077 0.1018
vn -0.9948 0.0071 0.1012
vn -0.9671 -0.2229 0.1222
vn -0.9658 -0.2347 0.1106
vn -0.9964 0.0285 0.0798
vn -0.9959 0.0192 0.0887
vn -0.9973 0.0150 0.0725
vn -0.9975 0.0120 0.0698
vn -0.9976 0.0011 0.0698
vn -0.9937 -0.0000 -0.1119
vn -0.9949 -0.0006 0.1013
vn -0.9945 0.0068 0.1048
vn -0.8945 -0.4356 -0.1009
vn -0.9855 -0.0000 -0.1696
vn -0.3785 0.9246 -0.0437
vn -0.3665 0.9296 -0.0396
vn -0.9960 -0.0320 -0.0831
vn -0.9951 -0.0202 -0.0972
vn -0.9896 -0.0022 -0.1438
vn -0.9900 -0.0162 -0.1400
vn -0.9888 -0.0169 -0.1486
vn -0.9889 -0.0152 -0.1479
vn -0.9888 0.0166 -0.1481
vn -0.9889 0.0161 -0.1478
vn -0.9893 -0.0206 -0.1443
vn -0.9895 -0.0104 -0.1442
vn -0.9896 -0.0111 -0.1436
vn -0.9888 -0.0188 -0.1484
vn -0.9887 -0.0179 -0.1485
vn -0.9885 -0.0260 -0.1488
vn -0.9848 -0.0000 -0.1739
vn -0.9861 -0.0529 -0.1575
vn -0.9855 -0.0245 -0.1680
vn -0.9819 -0.0658 -0.1775
vn -0.9789 -0.1022 -0.1771
vn 0.9942 0.0313 -0.1026
vn 0.9942 0.0328 -0.1023
vn 0.9562 0.2818 -0.0791
vn 0.9490 0.3051 -0.0798
vn -0.9942 -0.0073 0.1070
vn -0.9946 -0.0071 0.1038
vn -0.9337 0.2972 -0.1995
vn -0.9187 0.3451 -0.1922
vn -0.7826 -0.6175 -0.0790
vn -0.6790 -0.7341 0.0120
vn -0.9944 0.0296 0.1014
vn -0.9943 -0.0309 0.1025
vn -0.9944 -0.0330 0.1002
vn -0.9949 0.0337 0.0946
vn -0.9849 0.0431 0.1677
vn -0.4984 -0.0000 -0.8669
vn -0.4990 -0.0000 -0.8666
vn -0.8300 -0.4333 -0.3512
vn -0.8665 -0.3403 -0.3651
vn -0.8773 0.3080 -0.3680
vn -0.8148 0.4644 -0.3470
vn 0.8390 0.5405 -0.0623
vn 0.8530 0.5182 -0.0621
vn -0.9777 0.1435 0.1537
vn -0.9635 0.2299 0.1371
vn -0.9607 0.2427 0.1347
vn -0.9583 0.2534 0.1321
vn -0.9318 0.3401 0.1273
vn -0.9982 -0.0346 0.0492
vn -0.9984 -0.0316 0.0466
vn -0.9489 0.3056 -0.0790
vn -0.9444 -0.3115 -0.1055
vn -0.9494 -0.2872 -0.1271
vn -0.9458 -0.2911 -0.1437
vn -0.9476 -0.2817 -0.1509
vn 0.9890 0.1076 -0.1016
vn 0.9896 0.1023 -0.1006
vn -0.9847 0.0751 -0.1570
vn -0.9888 0.0298 -0.1464
vn -0.9888 0.0294 -0.1466
vn -0.9899 0.0456 -0.1339
vn -0.9903 0.0319 -0.1350
vn -0.9888 -0.0263 -0.1468
vn -0.9890 -0.0249 -0.1459
vn -0.9886 0.0257 -0.1482
vn -0.9903 0.0355 -0.1345
vn -0.9905 0.0221 -0.1357
vn -0.9909 0.0195 -0.1332
vn -0.9930 0.0336 -0.1135
vn -0.9720 -0.2338 0.0243
vn -0.9686 -0.2462 0.0351
vn -0.9925 0.0082 -0.1220
vn -0.9924 0.0087 -0.1225
vn -0.9922 -0.0000 -0.1249
vn -0.9918 -0.0002 -0.1282
vn -0.9922 0.0023 -0.1250
vn -0.9916 -0.0033 -0.1293
vn -0.9911 -0.0013 -0.1331
vn -0.9907 -0.0000 -0.1364
vn -0.9907 -0.0000 -0.1363
vn -0.9899 -0.0000 -0.1421
vn -0.9898 -0.0000 -0.1421
vn -0.9827 -0.0000 -0.1853
vn -0.9898 -0.0038 -0.1427
vn -0.8435 -0.5233 0.1211
vn -0.8655 -0.0023 0.5010
vn -0.8691 -0.0000 0.4946
vn -0.8824 -0.0000 0.4704
vn -0.8811 -0.0040 0.4729
vn -0.8877 -0.0000 0.4605
vn -0.8904 0.0002 0.4552
vn -0.8982 -0.0000 0.4397
vn -0.9848 0.0034 0.1737
vn -0.9866 0.0113 0.1627
vn -0.9938 -0.0005 0.1110
vn -0.9937 -0.0000 0.1119
vn -0.9952 0.0004 0.0976
vn -0.9937 0.0074 0.1120
vn -0.9926 0.0068 0.1213
vn -0.9993 -0.0206 0.0328
vn -0.9986 -0.0292 0.0432
vn -0.6598 -0.7485 -0.0661
vn -0.9170 -0.1254 -0.3786
vn -0.9129 -0.1463 -0.3812
vn -0.9703 -0.2346 0.0596
vn -0.9680 -0.2440 0.0592
vn -0.9891 -0.0059 -0.1474
vn -0.9892 -0.0075 -0.1464
vn -0.9886 -0.0019 -0.1507
vn 0.9830 0.1436 -0.1142
vn 0.9796 0.1685 -0.1100
vn -0.9880 0.0032 -0.1542
vn -0.9879 0.0036 -0.1547
vn -0.9874 -0.0090 -0.1582
vn -0.9874 -0.0087 -0.1582
vn -0.9906 0.0034 -0.1370
vn -0.9873 0.0176 -0.1580
vn -0.9873 0.0178 -0.1579
vn -0.9854 -0.0197 -0.1694
vn -0.9855 -0.0194 -0.1686
vn -0.9808 0.0001 -0.1952
vn -0.9817 -0.0001 -0.1903
vn -0.9865 -0.0160 -0.1627
vn -0.9834 -0.0339 -0.1781
vn -0.9837 -0.0283 -0.1778
vn -0.9831 -0.0437 -0.1779
vn -0.9814 -0.0188 -0.1908
vn -0.9065 0.4139 0.0829
vn -0.9165 0.3904 0.0878
vn -0.6722 0.7404 0.0039
vn -0.6754 0.7374 0.0048
vn -0.9449 -0.2432 -0.2191
vn -0.9525 0.3001 -0.0523
vn -0.9532 0.2973 -0.0549
vn -0.9506 0.1941 -0.2421
vn -0.9524 0.1650 -0.2563
vn -0.9927 0.0076 0.1208
vn -0.9998 0.0115 0.0185
vn -0.9996 0.0126 0.0259
vn -0.1232 0.9813 -0.1476
vn -0.1285 0.9805 -0.1488
vn 0.4618 0.8856 -0.0498
vn 0.4089 0.9116 -0.0425
vn 0.6564 0.7532 -0.0413
vn 0.6772 0.7347 -0.0416
vn -0.8988 0.4200 0.1256
vn -0.8644 0.4884 0.1197
vn -0.9417 -0.2883 -0.1733
vn -0.9436 -0.2838 -0.1707
vn -0.9613 -0.2139 -0.1739
vn -0.9616 -0.2125 -0.1739
vn -0.9855 0.0245 -0.1680
vn -0.9861 0.0529 -0.1575
vn -0.9789 0.1023 -0.1771
vn -0.9819 0.0657 -0.1775
vn -0.9885 0.0260 -0.1488
vn -0.9871 -0.0284 -0.1573
vn -0.9870 -0.0321 -0.1575
vn -0.9893 0.0206 -0.1443
vn -0.9887 0.0179 -0.1485
vn -0.9888 0.0188 -0.1484
vn -0.9833 -0.0826 0.1620
vn -0.9781 -0.1399 0.1543
vn -0.9903 0.0198 -0.1377
vn -0.9897 0.0077 -0.1430
vn -0.5279 0.8488 0.0296
vn -0.5368 0.8431 0.0321
vn -0.9892 -0.0003 -0.1465
vn -0.9880 -0.0071 -0.1546
vn -0.9897 0.0118 -0.1430
vn -0.9916 0.0033 -0.1293
vn -0.9922 -0.0023 -0.1249
vn -0.9916 0.0009 -0.1290
vn -0.9909 0.0003 -0.1348
vn -0.9917 -0.0000 -0.1284
vn -0.9911 0.0013 -0.1332
vn -0.9895 -0.0000 -0.1448
vn -0.9895 -0.0000 -0.1447
vn -0.9890 -0.0000 -0.1479
vn -0.9888 -0.0009 -0.1493
vn -0.8340 -0.0000 0.5518
vn -0.8547 -0.0000 0.5191
vn -0.8693 -0.0000 0.4943
vn -0.9691 -0.2295 -0.0907
vn -0.9672 -0.2412 -0.0800
vn -0.9272 0.0002 -0.3747
vn -0.9272 0.0001 -0.3745
vn -0.9168 0.3825 0.1148
vn -0.9320 0.3422 0.1191
vn 0.9936 0.0299 -0.1089
vn 0.9936 0.0313 -0.1086
vn -0.9884 -0.0000 -0.1520
vn -0.9883 -0.0003 -0.1525
vn -0.9882 -0.0016 -0.1530
vn -0.9877 -0.0000 -0.1563
vn -0.4616 -0.0000 -0.8871
vn -0.4625 -0.0000 -0.8866
vn -0.9875 -0.0000 -0.1578
vn -0.9879 -0.0004 -0.1553
vn -0.9867 -0.0033 -0.1624
vn -0.9867 -0.0030 -0.1625
vn -0.9873 -0.0088 -0.1584
vn -0.9857 -0.0103 -0.1683
vn -0.9840 -0.0087 -0.1778
vn -0.9839 0.0176 -0.1780
vn -0.9838 0.0218 -0.1779
vn -0.9824 -0.0115 -0.1862
vn -0.9820 -0.0144 -0.1885
vn -0.9819 -0.0198 -0.1886
vn -0.9615 -0.2282 -0.1530
vn -0.9650 -0.2125 -0.1539
vn -0.9760 -0.0303 -0.2159
vn -0.9562 -0.0996 -0.2752
vn -0.9554 -0.1212 -0.2694
vn -0.9721 0.2283 -0.0536
vn -0.9692 0.2402 -0.0536
vn -0.5325 -0.8428 -0.0787
vn -0.5677 -0.8185 -0.0876
vn -0.9093 -0.1681 -0.3807
vn -0.8997 0.2196 -0.3772
vn -0.8805 0.2991 -0.3678
vn -0.8888 -0.2732 -0.3680
vn 0.7541 0.6547 -0.0519
vn 0.7720 0.6334 -0.0521
vn -0.9818 -0.0000 -0.1901
vn -0.9946 0.0146 -0.1032
vn -0.9943 0.0106 -0.1065
vn -0.2436 -0.9532 -0.1788
vn -0.2695 -0.9445 -0.1881
vn -0.9897 0.0013 -0.1431
vn -0.9905 -0.0001 -0.1374
vn -0.9955 0.0158 0.0933
vn -0.9950 0.0088 0.0995
vn -0.1868 0.9800 -0.0686
vn -0.1861 0.9801 -0.0694
vn -0.9915 -0.0148 -0.1294
vn -0.9909 -0.0195 -0.1332
vn -0.9382 0.2831 -0.1990
vn -0.9453 0.2418 -0.2190
vn -0.9529 -0.2137 -0.2154
vn -0.9562 -0.1896 -0.2230
vn -0.9821 0.0229 -0.1867
vn -0.9822 0.0223 -0.1864
vn -0.9865 0.0160 -0.1627
vn -0.9868 -0.0151 -0.1615
vn -0.9849 -0.0164 -0.1723
vn -0.9855 0.0194 -0.1686
vn -0.9831 0.0437 -0.1779
vn -0.9837 0.0283 -0.1778
vn -0.9834 0.0339 -0.1781
vn -0.9854 0.0197 -0.1694
vn -0.9825 -0.0209 -0.1853
vn -0.9817 -0.0206 -0.1892
vn -0.9815 0.0188 -0.1908
vn 0.3428 0.0016 0.9394
vn 0.3064 -0.0000 0.9519
vn -0.9889 0.0152 -0.1479
vn -0.9888 0.0169 -0.1486
vn -0.9896 0.0111 -0.1436
vn -0.9874 0.0087 -0.1582
vn -0.9874 0.0090 -0.1582
vn -0.9911 0.0189 -0.1316
vn -0.9920 0.0102 -0.1258
vn -0.9891 0.0059 -0.1474
vn -0.9892 0.0075 -0.1464
vn -0.9906 -0.0034 -0.1370
vn -0.9892 0.0033 -0.1462
vn -0.9886 0.0019 -0.1507
vn -0.9883 -0.0019 -0.1528
vn -0.9886 -0.0021 -0.1506
vn -0.9889 0.0004 -0.1488
vn -0.4587 0.8546 -0.2436
vn -0.5197 0.8128 -0.2632
vn -0.7932 -0.0001 0.6089
vn -0.7940 -0.0000 0.6079
vn -0.8161 -0.0000 0.5779
vn -0.8162 -0.0000 0.5777
vn -0.4072 -0.9112 -0.0621
vn -0.3772 -0.9248 -0.0501
vn -0.4350 -0.8966 -0.0836
vn -0.4328 -0.8978 -0.0820
vn -0.4347 -0.8967 -0.0841
vn -0.3573 -0.9339 -0.0119
vn -0.9882 0.0016 -0.1530
vn -0.9881 0.0001 -0.1539
vn -0.9883 0.0017 -0.1528
vn -0.9879 0.0004 -0.1553
vn -0.9873 0.0088 -0.1584
vn -0.4977 -0.8656 -0.0555
vn -0.3758 -0.9264 0.0237
vn -0.9866 0.0001 -0.1635
vn -0.9864 -0.0000 -0.1646
vn -0.9863 -0.0000 -0.1647
vn 0.4767 0.8781 -0.0415
vn 0.5147 0.8561 -0.0470
vn -0.9846 -0.0000 -0.1750
vn -0.9847 0.0006 -0.1743
vn -0.9840 -0.0052 -0.1780
vn -0.9825 -0.0101 -0.1861
vn -0.9839 -0.0047 -0.1784
vn -0.9520 0.3035 -0.0399
vn -0.9473 0.3202 -0.0041
vn -0.9811 -0.0000 -0.1934
vn -0.9044 -0.3927 -0.1667
vn -0.9207 -0.3502 -0.1723
vn -0.9794 -0.0126 -0.2018
vn -0.9798 -0.0106 -0.1999
vn -0.9807 0.0095 -0.1952
vn -0.9548 -0.0934 -0.2823
vn -0.9548 -0.0937 -0.2820
vn 0.2693 -0.0000 0.9631
vn -0.5536 0.0012 -0.8328
vn -0.5456 0.0024 -0.8381
vn -0.5333 0.0075 -0.8459
vn -0.5564 -0.0001 -0.8309
vn -0.5543 -0.0000 -0.8323
vn -0.5403 -0.0000 -0.8415
vn -0.5398 -0.0000 -0.8418
vn -0.5124 0.0187 -0.8585
vn -0.5233 -0.0000 -0.8521
vn -0.5231 -0.0000 -0.8523
vn -0.3623 -0.9320 0.0047
vn -0.3635 -0.9316 0.0044
vn -0.0163 0.9990 0.0422
vn -0.0185 0.9989 0.0431
vn -0.9954 0.0786 -0.0556
vn -0.9960 0.0701 -0.0563
vn -0.0081 -0.9991 0.0404
vn -0.0069 -0.9992 0.0399
vn -0.9962 0.0268 0.0824
vn -0.9965 0.0310 0.0776
vn -0.5841 0.8073 0.0842
vn -0.6838 0.7288 0.0370
vn -0.6957 0.7172 0.0407
vn 0.6518 -0.7553 -0.0685
vn 0.6319 -0.7723 -0.0654
vn -0.8426 0.5279 0.1063
vn -0.8640 0.4909 0.1117
vn -0.8108 0.4717 -0.3467
vn 0.0162 -0.9948 -0.1008
vn 0.0146 -0.9947 -0.1014
vn 0.1939 -0.9800 -0.0436
vn -0.9102 0.1664 -0.3792
vn -0.9928 -0.0000 -0.1199
vn -0.7629 0.6253 -0.1641
vn -0.7527 0.6386 -0.1600
vn -0.1953 -0.9807 -0.0051
vn -0.2269 -0.9739 0.0032
vn -0.9562 0.0995 -0.2753
vn -0.9760 0.0303 -0.2159
vn -0.9824 0.0115 -0.1862
vn -0.9825 -0.0114 -0.1860
vn -0.9819 -0.0104 -0.1892
vn -0.9494 0.2874 -0.1270
vn -0.9444 0.3115 -0.1055
vn -0.9840 0.0087 -0.1778
vn -0.9856 0.0102 -0.1687
vn -0.9859 0.0121 -0.1670
vn -0.9858 0.0166 -0.1670
vn -0.9857 0.0103 -0.1684
vn -0.9824 0.0166 -0.1861
vn -0.2274 -0.9738 -0.0078
vn -0.2279 -0.9737 -0.0079
vn -0.2229 -0.9748 -0.0065
vn -0.7212 0.6866 0.0919
vn -0.7450 0.6599 0.0975
vn -0.2275 -0.9738 0.0031
vn -0.2675 -0.9634 0.0158
vn -0.2981 -0.9541 0.0285
vn -0.3193 -0.9468 0.0417
vn -0.3130 -0.9486 0.0472
vn -0.7751 -0.0000 0.6318
vn -0.4206 0.9051 0.0617
vn -0.5605 0.8240 0.0834
vn -0.5946 -0.7538 -0.2798
vn -0.6890 -0.6539 -0.3126
vn -0.2842 -0.9585 -0.0217
vn -0.3370 -0.9408 -0.0366
vn -0.1929 -0.9812 -0.0028
vn -0.2001 -0.9798 -0.0028
vn -0.2206 -0.9754 -0.0064
vn 0.9085 0.4102 -0.0796
vn 0.9039 0.4208 -0.0772
vn -0.4271 -0.8996 -0.0907
vn -0.2692 -0.9564 -0.1135
vn -0.3047 -0.9457 -0.1129
vn -0.3810 -0.8980 -0.2200
vn -0.9840 0.0052 -0.1780
vn -0.9847 -0.0006 -0.1743
vn -1.0000 -0.0000 -0.0050
vn -0.3924 0.9184 0.0509
vn -0.4062 0.9122 0.0538
vn -0.9680 0.2363 -0.0850
vn -0.9693 0.2322 -0.0814
vn -0.9806 0.0045 -0.1958
vn -0.9807 0.0036 -0.1953
vn -0.9813 -0.0003 -0.1923
vn -0.9380 -0.2829 -0.2003
vn -0.9388 -0.2781 -0.2034
vn -0.9795 -0.0002 -0.2016
vn -0.9798 -0.0000 -0.2000
vn -0.9804 -0.0000 -0.1970
vn -0.9802 -0.0000 -0.1981
vn -0.9422 -0.0512 -0.3311
vn -0.9452 -0.0631 -0.3202
vn 0.7653 0.6409 -0.0598
vn 0.7536 0.6550 -0.0561
vn -0.5554 0.0009 -0.8316
vn -0.5654 -0.0000 -0.8248
vn -0.5655 -0.0000 -0.8247
vn -0.5632 -0.0000 -0.8263
vn -0.9220 -0.0285 -0.3862
vn -0.6457 -0.0000 0.7636
vn -0.5498 -0.0022 -0.8353
vn -0.5431 -0.0037 -0.8396
vn -0.9203 -0.0511 -0.3879
vn -0.9204 -0.0630 -0.3858
vn -0.9178 -0.0949 -0.3856
vn -0.9179 -0.0936 -0.3856
vn -0.5348 -0.0070 -0.8449
vn -0.2699 0.9449 -0.1853
vn -0.2227 0.9589 -0.1760
vn -0.5694 0.7754 -0.2731
vn -0.7014 0.7098 0.0650
vn -0.7168 0.6937 0.0702
vn -0.9834 -0.0000 -0.1812
vn -0.9889 -0.0161 -0.1478
vn -0.9888 -0.0166 -0.1481
vn -0.4083 0.9109 0.0592
vn -0.9957 -0.0196 0.0907
vn -0.9963 -0.0265 0.0816
vn -0.9838 -0.0218 -0.1779
vn -0.9839 -0.0176 -0.1780
vn -0.6514 -0.7556 -0.0690
vn -0.5293 -0.8482 0.0206
vn -0.3772 0.9248 -0.0501
vn -0.4072 0.9112 -0.0621
vn -0.4349 0.8966 -0.0836
vn -0.7176 -0.6836 -0.1334
vn -0.7522 -0.6431 -0.1435
vn -0.4346 0.8967 -0.0839
vn -0.9794 0.0127 -0.2016
vn -0.9459 0.0658 -0.3178
vn -0.9549 0.0936 -0.2819
vn -0.9784 0.0038 -0.2067
vn -0.9795 -0.0004 -0.2012
vn -0.9839 0.0047 -0.1784
vn -0.2000 -0.9798 -0.0027
vn -0.9475 0.2817 -0.1510
vn -0.9458 0.2913 -0.1437
vn -0.2337 -0.9709 0.0525
vn -0.6962 -0.0000 0.7179
vn -0.6946 -0.0001 0.7194
vn -0.6971 0.0001 0.7170
vn -0.7359 -0.0000 0.6771
vn -0.7346 -0.0000 0.6785
vn -0.2188 -0.9743 0.0535
vn -0.7591 -0.0000 0.6510
vn -0.9890 0.0249 -0.1459
vn -0.9888 0.0263 -0.1468
vn -0.3699 -0.9033 -0.2174
vn -0.0074 -1.0000 -0.0005
vn -0.0069 -1.0000 -0.0003
vn -0.0126 -0.9999 -0.0003
vn -0.0000 -1.0000 -0.0000
vn -0.0001 -1.0000 -0.0000
vn -0.2028 -0.9724 -0.1150
vn -0.0042 -1.0000 0.0018
vn -0.9869 -0.0000 -0.1616
vn -0.1211 -0.9818 -0.1464
vn -0.8263 0.5582 0.0759
vn -0.8403 0.5360 0.0815
vn -0.5187 0.8549 0.0049
vn -0.5195 0.8545 0.0051
vn -0.1022 -0.9877 -0.1183
vn -0.1559 -0.9809 -0.1164
vn -0.9430 0.0543 -0.3283
vn -0.9358 0.0322 -0.3511
vn -0.9274 0.0049 -0.3740
vn -0.9986 -0.0509 0.0114
vn -0.9986 -0.0509 0.0109
vn -0.9274 -0.0035 -0.3741
vn -0.9345 -0.0286 -0.3547
vn -0.6225 -0.0000 0.7826
vn -0.1897 -0.9793 -0.0709
vn -0.1877 -0.9801 -0.0643
vn -0.9217 0.0321 -0.3865
vn -0.3717 0.9025 -0.2174
vn -0.3193 0.9468 0.0417
vn -0.2981 0.9541 0.0285
vn -0.3132 0.9485 0.0471
vn -0.2675 0.9634 0.0158
vn -0.2275 0.9738 0.0031
vn -0.2279 0.9737 -0.0079
vn -0.2274 0.9738 -0.0078
vn -0.2268 0.9739 0.0030
vn -0.2842 0.9585 -0.0217
vn -0.3370 0.9408 -0.0366
vn -0.1930 0.9812 -0.0030
vn -0.2170 0.9754 -0.0395
vn -0.4356 0.8963 -0.0831
vn -0.2205 0.9754 -0.0064
vn -0.2016 0.9795 -0.0031
vn -0.4268 0.8998 -0.0909
vn -0.4073 0.9083 -0.0954
vn -0.3625 0.9070 -0.2141
vn -0.1898 -0.9804 0.0529
vn -0.6622 -0.0000 0.7493
vn -0.6697 -0.0000 0.7427
vn -0.1398 -0.9888 0.0522
vn -0.6631 -0.0000 0.7485
vn -0.6634 -0.0000 0.7483
vn -0.1425 0.9884 0.0523
vn -0.1899 0.9804 0.0528
vn -0.2236 0.9732 0.0534
vn -0.2343 0.9707 0.0526
vn -0.1723 0.9802 -0.0980
vn -0.1774 0.9792 -0.0982
vn -0.4728 -0.8456 -0.2478
vn -0.5163 -0.8151 -0.2627
vn -0.0000 -1.0000 -0.0001
vn 0.7187 0.6915 -0.0734
vn 0.7496 0.6583 -0.0687
vn 0.1117 -0.0000 0.9937
vn -0.0136 -0.9936 -0.1119
vn 0.7645 0.6411 -0.0673
vn 0.7856 0.6154 -0.0644
vn -0.2001 0.9798 -0.0027
vn -0.1800 0.9837 -0.0025
vn -0.0074 1.0000 -0.0005
vn -0.1938 0.9797 -0.0504
vn -0.1952 0.9808 -0.0027
vn -0.0481 0.9988 -0.0007
vn -0.9508 -0.1940 -0.2415
vn -0.9536 -0.1462 -0.2633
vn -0.2921 0.9501 -0.1093
vn -0.2856 0.9520 -0.1100
vn -0.2468 0.9623 -0.1144
vn -0.0000 -1.0000 0.0001
vn -0.0700 -0.9963 0.0493
vn -0.0574 -0.9972 0.0481
vn -0.1039 -0.9933 0.0511
vn 0.6917 0.7199 -0.0572
vn 0.6702 0.7404 -0.0516
vn -0.1039 0.9933 0.0511
vn -0.0694 0.9964 0.0489
vn -0.0000 1.0000 -0.0000
vn -0.6915 0.6512 -0.3126
vn -0.7116 0.6276 -0.3159
vn -0.0093 -0.9938 -0.1108
vn 0.0162 0.9948 -0.1009
vn 0.0146 0.9947 -0.1015
vn -0.9999 0.0118 0.0047
vn -0.9999 0.0120 0.0024
vn -0.9562 0.1895 -0.2230
vn -0.9529 0.2137 -0.2153
vn -0.0294 0.9928 -0.1161
vn -0.0839 -0.0000 -0.9965
vn -0.0047 1.0000 -0.0003
vn -0.0102 0.9999 -0.0005
vn -0.2052 0.9719 -0.1150
vn -0.1559 0.9809 -0.1163
vn -0.1412 0.9831 -0.1168
vn -0.8867 -0.2797 -0.3681
vn -0.8991 -0.2229 -0.3768
vn 0.0048 0.9994 0.0337
vn 0.0072 0.9995 0.0321
vn 0.0003 -0.9993 0.0368
vn -0.0081 0.9991 0.0404
vn -0.0069 0.9992 0.0399
vn -0.9999 -0.0030 0.0168
vn -0.9997 0.0027 0.0256
vn -0.0288 -0.9986 0.0454
vn -0.0302 -0.9985 0.0458
vn 0.3607 -0.0000 -0.9327
vn -0.9232 0.0049 -0.3842
vn -0.9221 0.0112 -0.3869
vn -0.0575 0.9972 0.0482
vn -0.9555 0.2913 0.0467
vn -0.9506 0.3049 0.0581
vn -0.0302 0.9985 0.0458
vn -0.0288 0.9986 0.0454
vn -0.1001 0.9882 -0.1157
vn -0.0365 0.9927 -0.1152
vn -0.0277 0.9929 -0.1154
vn -0.3941 -0.0000 0.9191
vn 0.3997 -0.0000 -0.9166
vn 0.4040 -0.0047 -0.9148
vn 0.4133 -0.0163 -0.9104
vn 0.4320 -0.0429 -0.9008
vn 0.4532 -0.0839 -0.8875
vn 0.4580 -0.0953 -0.8838
vn 0.4730 -0.1266 -0.8719
vn 0.4950 -0.1865 -0.8486
vn 0.5034 -0.2184 -0.8360
vn 0.1354 -0.9884 -0.0683
vn 0.1064 -0.9915 -0.0749
vn -0.1939 -0.9801 0.0436
vn -0.1940 -0.9800 0.0436
vn 0.1927 -0.9802 -0.0464
vn 0.1943 -0.9804 -0.0314
vn 0.1715 -0.9849 -0.0241
vn 0.0001 -1.0000 -0.0000
vn -0.0093 0.9938 -0.1109
vn 0.0001 1.0000 -0.0000
vn -0.5674 -0.8166 -0.1057
vn -0.6035 -0.7889 -0.1159
vn 0.0257 -0.9995 0.0198
vn 0.0177 -0.9995 0.0251
vn 0.6915 0.7199 -0.0593
vn 0.7191 0.6917 -0.0664
vn -0.9615 0.2125 -0.1739
vn -0.9613 0.2138 -0.1739
vn 0.0258 -0.9995 0.0198
vn 0.0268 -0.9994 0.0196
vn 0.0286 -0.9994 0.0192
vn 0.0472 -0.9987 0.0174
vn -0.1962 -0.0000 0.9806
vn -0.5503 -0.0000 0.8350
vn -0.2453 -0.0000 -0.9694
vn -0.0185 -0.9989 0.0431
vn -0.0163 -0.9990 0.0422
vn 0.0351 -0.9953 -0.0908
vn 0.0350 -0.9953 -0.0908
vn 0.4580 0.0954 -0.8838
vn 0.4532 0.0839 -0.8875
vn 0.4320 0.0429 -0.9008
vn 0.4133 0.0163 -0.9104
vn 0.4040 0.0047 -0.9148
vn 0.0550 -0.9947 -0.0869
vn 0.0462 -0.9950 -0.0891
vn 0.9173 0.3884 -0.0884
vn 0.9081 0.4103 -0.0838
vn 0.9913 -0.0359 -0.1266
vn 0.9911 -0.0415 -0.1262
vn 0.9874 -0.0932 -0.1281
vn 0.9857 -0.1172 -0.1211
vn 0.9826 -0.1436 -0.1175
vn 0.9769 -0.1796 -0.1157
vn 0.9679 -0.2257 -0.1106
vn 0.9535 -0.2815 -0.1075
vn 0.9487 -0.2981 -0.1052
vn 0.9433 -0.3153 -0.1035
vn 0.9101 -0.4027 -0.0975
vn 0.9069 -0.4101 -0.0971
vn 0.5120 -0.2435 -0.8237
vn 0.5291 -0.3046 -0.7920
vn 0.2090 -0.9771 -0.0403
vn 0.1979 -0.9792 -0.0444
vn 0.2101 -0.9769 -0.0399
vn 0.2088 -0.9772 -0.0391
vn 0.1947 -0.9804 -0.0315
vn 0.1750 -0.9844 -0.0203
vn 0.2316 -0.9721 -0.0383
vn 0.2741 -0.9609 -0.0390
vn 0.2811 -0.9589 -0.0388
vn 0.0724 -0.9973 0.0125
vn 0.0956 -0.9954 0.0078
vn 0.0459 -0.9988 0.0177
vn 0.1717 0.9849 -0.0241
vn 0.1943 0.9804 -0.0313
vn 0.1927 0.9802 -0.0465
vn 0.1355 0.9884 -0.0684
vn 0.1065 0.9915 -0.0750
vn 0.0720 0.9973 0.0125
vn 0.0956 0.9954 0.0078
vn 0.1045 0.9945 0.0060
vn 0.1444 0.9895 -0.0026
vn 0.1542 0.9880 -0.0066
vn 0.1755 0.9843 -0.0184
vn 0.0763 0.8201 0.5671
vn -0.8893 -0.4369 -0.1350
vn -0.9074 -0.3958 -0.1411
vn 0.0257 0.9995 0.0198
vn 0.0177 0.9995 0.0251
vn -0.9561 0.1047 -0.2739
vn -0.9556 0.1207 -0.2689
vn 0.0472 0.9987 0.0174
vn 0.0286 0.9994 0.0192
vn 0.0268 0.9994 0.0196
vn 0.0258 0.9995 0.0198
vn 0.0003 0.9993 0.0368
vn -0.9967 -0.0524 0.0624
vn -0.9947 -0.0822 0.0615
vn 0.0459 0.9988 0.0177
vn 0.5034 0.2184 -0.8360
vn 0.4950 0.1865 -0.8486
vn 0.4730 0.1266 -0.8719
vn 0.9535 0.2815 -0.1075
vn 0.9679 0.2257 -0.1106
vn 0.9769 0.1796 -0.1157
vn 0.9826 0.1436 -0.1175
vn 0.9857 0.1172 -0.1211
vn 0.9911 0.0415 -0.1262
vn 0.9913 0.0359 -0.1266
vn 0.0351 0.9952 -0.0908
vn 0.0350 0.9952 -0.0908
vn 0.9702 -0.2154 -0.1107
vn 0.9694 -0.2195 -0.1104
vn 0.8862 -0.4546 -0.0895
vn 0.8798 -0.4671 -0.0882
vn 0.5262 -0.2944 -0.7978
vn -0.9865 0.0005 -0.1640
vn -0.9867 0.0030 -0.1625
vn 0.8168 -0.5714 -0.0789
vn 0.8095 -0.5820 -0.0777
vn 0.5345 -0.3338 -0.7765
vn 0.5393 -0.3619 -0.7604
vn 0.2121 -0.9764 -0.0397
vn 0.1663 -0.9860 -0.0134
vn 0.3176 -0.9474 -0.0392
vn 0.1549 -0.9879 -0.0069
vn 0.1481 -0.9890 -0.0041
vn 0.1301 -0.9915 0.0005
vn 0.1045 -0.9945 0.0060
vn 0.5388 -0.3598 -0.7617
vn 0.5454 -0.3942 -0.7397
vn 0.5474 -0.4085 -0.7304
vn 0.5466 -0.3966 -0.7376
vn 0.3572 -0.9332 -0.0401
vn 0.3516 -0.9353 -0.0399
vn 0.1980 0.9792 -0.0445
vn 0.1940 0.9805 -0.0312
vn 0.2092 0.9771 -0.0393
vn 0.2102 0.9769 -0.0400
vn 0.2921 0.9556 -0.0386
vn 0.2742 0.9609 -0.0391
vn 0.2328 0.9718 -0.0382
vn 0.5291 0.3046 -0.7920
vn 0.5120 0.2434 -0.8238
vn 0.2088 0.9771 -0.0401
vn 0.0758 -0.8211 0.5658
vn 0.7493 0.6577 -0.0769
vn 0.7671 0.6365 -0.0802
vn 0.3959 0.9174 -0.0408
vn 0.3906 0.9197 -0.0409
vn 0.3572 0.9332 -0.0401
vn 0.3532 0.9347 -0.0400
vn 0.8380 0.5387 -0.0869
vn 0.8439 0.5294 -0.0871
vn 0.8460 0.5259 -0.0873
vn 0.9029 0.4186 -0.0971
vn 0.9069 0.4101 -0.0971
vn 0.9101 0.4027 -0.0975
vn 0.9433 0.3153 -0.1035
vn 0.9487 0.2981 -0.1052
vn 0.9613 0.2549 -0.1047
vn 0.9694 0.2195 -0.1104
vn 0.9702 0.2154 -0.1107
vn 0.8465 0.5278 -0.0704
vn 0.8385 0.5408 -0.0672
vn 0.9614 0.2549 -0.1032
vn 0.9545 0.2815 -0.0984
vn 0.9894 0.1101 -0.0951
vn 0.9897 0.1076 -0.0947
vn 0.9930 -0.0247 -0.1152
vn 0.9929 -0.0275 -0.1158
vn 0.6518 0.7553 -0.0685
vn 0.6319 0.7723 -0.0654
vn 0.3903 -0.9198 -0.0409
vn 0.3926 -0.9188 -0.0408
vn 0.3671 -0.0000 0.9302
vn 0.5468 -0.4067 -0.7318
vn 0.2118 0.9765 -0.0398
vn 0.5465 0.3966 -0.7376
vn 0.5474 0.4086 -0.7304
vn 0.5454 0.3941 -0.7397
vn 0.5388 0.3598 -0.7618
vn 0.5393 0.3619 -0.7604
vn 0.5344 0.3338 -0.7765
vn 0.5262 0.2944 -0.7978
vn 0.7670 -0.6368 -0.0782
vn 0.7493 -0.6576 -0.0785
vn 0.4175 -0.0000 0.9087
vn 0.4164 -0.0002 0.9092
vn 0.7271 0.6082 0.3186
vn 0.6202 0.7818 0.0645
vn 0.5624 0.8263 -0.0312
vn 0.5521 0.8331 -0.0339
vn 0.5392 0.8414 -0.0364
vn 0.4767 0.8781 -0.0407
vn 0.4684 0.8826 -0.0410
vn 0.4239 0.9048 -0.0409
vn 0.4088 0.9117 -0.0411
vn -0.0357 -0.9930 -0.1128
vn -0.1062 -0.9873 -0.1181
vn 0.6708 0.7402 -0.0460
vn 0.6556 0.7536 -0.0475
vn 0.8095 0.5820 -0.0777
vn 0.8168 0.5714 -0.0789
vn 0.8610 0.5021 -0.0814
vn 0.8798 0.4671 -0.0882
vn 0.8862 0.4546 -0.0895
vn 0.9306 0.3529 -0.0975
vn -0.9883 0.0019 -0.1528
vn -0.9886 0.0021 -0.1506
vn 0.8612 0.5021 -0.0797
vn 0.8461 0.5279 -0.0740
vn 0.9915 0.0247 -0.1275
vn 0.9920 0.0105 -0.1261
vn 0.9776 0.1856 -0.0992
vn 0.9758 0.1959 -0.0971
vn -0.9637 0.2183 -0.1537
vn -0.9650 0.2125 -0.1538
vn 0.5939 -0.8028 -0.0530
vn 0.5860 -0.8087 -0.0518
vn 0.4088 -0.9117 -0.0410
vn 0.4204 -0.9064 -0.0409
vn 0.5521 -0.8331 -0.0339
vn 0.5627 -0.8261 -0.0311
vn 0.5676 -0.8230 -0.0234
vn 0.7271 -0.6070 0.3208
vn 0.4681 -0.8827 -0.0409
vn 0.4767 -0.8781 -0.0407
vn 0.5390 -0.8415 -0.0364
vn 0.5469 0.4066 -0.7318
vn 0.5747 0.8161 -0.0615
vn -0.8891 0.4577 -0.0009
vn -0.8918 0.4524 0.0003
vn 0.7054 0.7049 -0.0737
vn 0.4457 -0.0000 0.8952
vn 0.4449 0.0002 0.8956
vn 0.7336 0.5893 0.3384
vn 0.7702 0.2096 0.6024
vn -0.9688 -0.2461 -0.0300
vn -0.9735 -0.2259 -0.0354
vn 0.5700 0.8211 -0.0313
vn -0.9170 0.1047 -0.3849
vn -0.9177 0.0958 -0.3855
vn 0.5860 0.8087 -0.0518
vn -0.9926 0.0086 -0.1209
vn -0.9932 0.0089 -0.1163
vn -0.9231 -0.0035 -0.3844
vn -0.9219 -0.0110 -0.3872
vn 0.7850 0.6154 -0.0704
vn 0.1859 -0.0000 0.9826
vn 0.9170 0.3884 -0.0909
vn 0.9900 0.0799 -0.1159
vn 0.9892 0.0934 -0.1134
vn -0.9672 0.2183 -0.1297
vn -0.9631 0.2363 -0.1288
vn 0.9948 -0.0328 -0.0964
vn 0.9948 -0.0335 -0.0965
vn 0.9549 0.2815 -0.0949
vn 0.9503 0.2976 -0.0916
vn -0.9819 0.0105 -0.1892
vn -0.9825 0.0114 -0.1860
vn 0.7742 -0.2447 0.5837
vn 0.7336 -0.5881 0.3406
vn 0.5939 0.8028 -0.0530
vn -0.3691 0.9292 0.0213
vn -0.3737 0.9273 0.0225
vn 0.7233 -0.0002 0.6905
vn 0.7257 -0.0000 0.6880
vn -0.9683 0.2485 0.0233
vn -0.9710 0.2366 0.0339
vn -1.0000 -0.0041 0.0059
vn -0.9999 0.0026 0.0169
vn -0.9204 0.0656 -0.3854
vn -0.9202 0.0522 -0.3879
vn 0.9799 0.1685 -0.1068
vn 0.9771 0.1856 -0.1036
vn 0.9888 0.1023 -0.1086
vn 0.9899 0.0934 -0.1068
vn 0.9507 0.2976 -0.0869
vn 0.9485 0.3052 -0.0852
vn -0.3285 -0.0000 -0.9445
vn -0.3293 -0.0000 -0.9442
vn 0.9952 0.0361 -0.0905
vn 0.9956 0.0287 -0.0895
vn 0.8363 0.0002 0.5483
vn 0.8341 -0.0000 0.5516
vn 0.8248 -0.0000 0.5654
vn 0.8254 -0.0000 0.5645
vn 0.8111 -0.0000 0.5850
vn 0.8103 -0.0000 0.5860
vn 0.7980 -0.0000 0.6027
vn 0.7854 -0.0000 0.6190
vn 0.7608 -0.0000 0.6490
vn 0.7596 -0.0001 0.6504
vn -0.9980 -0.0000 0.0631
vn -0.8672 0.4619 -0.1863
vn -0.8575 0.4813 -0.1818
vn -0.9873 -0.0176 -0.1579
vn -0.9873 -0.0178 -0.1579
vn -0.9094 0.1651 -0.3817
vn -0.9184 0.1245 -0.3755
vn 0.8327 -0.0005 0.5538
s 0
f 1//1 2//1 3//1
f 4//2 5//2 6//2
f 7//3 8//3 9//3
f 9//4 8//4 10//4
f 9//5 10//5 11//5
f 11//6 10//6 12//6
f 11//7 12//7 13//7
f 13//8 12//8 14//8
f 13//9 14//9 15//9
f 15//10 14//10 16//10
f 15//11 16//11 17//11
f 17//12 16//12 18//12
f 17//13 18//13 19//13
f 19//14 18//14 20//14
f 19//15 20//15 21//15
f 21//16 20//16 4//16
f 21//17 4//17 22//17
f 22//18 4//18 6//18
f 22//19 6//19 23//19
f 24//20 25//20 26//20
f 26//21 27//21 24//21
f 24//22 27//22 28//22
f 24//23 28//23 29//23
f 29//24 28//24 30//24
f 25//25 31//25 26//25
f 32//26 33//26 34//26
f 34//27 33//27 35//27
f 34//28 35//28 36//28
f 36//29 35//29 37//29
f 36//30 37//30 38//30
f 38//31 37//31 39//31
f 38//32 39//32 40//32
f 40//33 39//33 41//33
f 40//34 41//34 42//34
f 42//35 41//35 43//35
f 44//36 43//36 45//36
f 46//37 45//37 47//37
f 46//38 47//38 48//38
f 48//39 47//39 49//39
f 50//40 51//40 52//40
f 3//41 50//41 1//41
f 53//42 24//42 54//42
f 54//43 24//43 29//43
f 48//44 29//44 55//44
f 48//45 55//45 46//45
f 46//46 55//46 56//46
f 44//47 56//47 57//47
f 42//34 58//34 40//34
f 40//48 59//48 38//48
f 38//49 60//49 36//49
f 36//50 60//50 51//50
f 36//51 51//51 34//51
f 34//52 51//52 50//52
f 61//53 4//53 62//53
f 62//54 4//54 20//54
f 62//55 20//55 63//55
f 63//56 20//56 18//56
f 63//57 18//57 64//57
f 64//58 18//58 16//58
f 64//59 16//59 65//59
f 65//60 16//60 14//60
f 65//61 14//61 66//61
f 66//62 14//62 12//62
f 66//63 12//63 67//63
f 67//64 12//64 10//64
f 67//65 10//65 68//65
f 68//66 10//66 8//66
f 68//67 8//67 69//67
f 70//68 71//68 55//68
f 56//69 72//69 73//69
f 56//70 73//70 57//70
f 57//71 73//71 74//71
f 75//72 76//72 77//72
f 69//73 54//73 68//73
f 68//74 54//74 49//74
f 68//75 49//75 67//75
f 67//76 49//76 47//76
f 67//77 47//77 66//77
f 66//78 47//78 45//78
f 66//79 45//79 65//79
f 65//80 45//80 43//80
f 65//81 43//81 64//81
f 64//82 43//82 41//82
f 64//83 41//83 63//83
f 63//84 41//84 39//84
f 63//85 39//85 62//85
f 62//86 39//86 37//86
f 62//87 37//87 61//87
f 61//88 37//88 35//88
f 61//89 35//89 78//89
f 78//90 35//90 33//90
f 79//91 80//91 81//91
f 81//92 82//92 79//92
f 83//93 84//93 85//93
f 86//94 87//94 88//94
f 89//95 88//95 90//95
f 91//96 92//96 93//96
f 6//97 5//97 94//97
f 94//98 5//98 78//98
f 94//99 78//99 95//99
f 96//100 32//100 3//100
f 96//101 3//101 97//101
f 82//102 98//102 79//102
f 86//103 99//103 97//103
f 100//104 101//104 102//104
f 15//105 17//105 103//105
f 104//106 105//106 103//106
f 106//107 107//107 108//107
f 108//108 107//108 109//108
f 110//109 111//109 112//109
f 113//110 114//110 115//110
f 115//111 114//111 116//111
f 115//112 116//112 117//112
f 117//113 116//113 118//113
f 117//114 118//114 119//114
f 119//115 118//115 120//115
f 119//116 120//116 121//116
f 121//117 120//117 122//117
f 123//118 124//118 125//118
f 123//119 125//119 126//119
f 126//120 125//120 127//120
f 126//121 127//121 128//121
f 128//122 127//122 129//122
f 128//123 129//123 130//123
f 130//124 129//124 108//124
f 130//125 108//125 131//125
f 131//126 108//126 109//126
f 132//127 133//127 134//127
f 132//128 134//128 135//128
f 135//129 134//129 136//129
f 135//130 136//130 137//130
f 137//131 136//131 138//131
f 137//132 138//132 139//132
f 139//133 138//133 110//133
f 139//134 110//134 140//134
f 140//135 110//135 112//135
f 106//136 108//136 140//136
f 140//137 108//137 129//137
f 140//138 129//138 139//138
f 139//139 129//139 127//139
f 139//140 127//140 137//140
f 137//141 127//141 125//141
f 137//142 125//142 135//142
f 135//143 125//143 124//143
f 135//144 124//144 132//144
f 111//145 110//145 141//145
f 141//146 110//146 138//146
f 141//147 138//147 142//147
f 142//148 138//148 136//148
f 142//149 136//149 143//149
f 143//150 136//150 134//150
f 143//151 134//151 144//151
f 144//152 134//152 133//152
f 144//153 133//153 145//153
f 146//154 147//154 148//154
f 146//155 148//155 149//155
f 149//156 148//156 150//156
f 149//157 151//157 146//157
f 144//158 152//158 153//158
f 144//159 153//159 143//159
f 143//160 153//160 154//160
f 143//161 154//161 142//161
f 142//162 154//162 155//162
f 142//163 155//163 141//163
f 141//164 155//164 156//164
f 141//165 156//165 111//165
f 155//166 157//166 156//166
f 147//167 158//167 148//167
f 148//168 158//168 159//168
f 148//169 159//169 150//169
f 160//170 114//170 113//170
f 160//171 113//171 161//171
f 162//172 163//172 164//172
f 165//173 166//173 167//173
f 168//174 169//174 170//174
f 170//175 169//175 171//175
f 172//176 173//176 174//176
f 172//177 174//177 175//177
f 175//178 174//178 176//178
f 177//179 178//179 179//179
f 180//180 181//180 182//180
f 182//181 181//181 183//181
f 182//182 183//182 184//182
f 184//183 183//183 185//183
f 184//184 185//184 186//184
f 186//185 185//185 187//185
f 186//186 187//186 188//186
f 188//187 187//187 189//187
f 190//188 191//188 192//188
f 163//189 193//189 164//189
f 164//190 193//190 194//190
f 164//191 194//191 195//191
f 195//192 194//192 196//192
f 195//193 196//193 197//193
f 197//194 196//194 198//194
f 197//195 198//195 199//195
f 199//196 198//196 200//196
f 193//197 169//197 194//197
f 194//198 169//198 201//198
f 194//199 201//199 196//199
f 196//200 201//200 202//200
f 196//201 202//201 198//201
f 198//202 202//202 203//202
f 198//203 203//203 200//203
f 200//204 203//204 204//204
f 199//205 189//205 197//205
f 197//206 189//206 187//206
f 197//207 187//207 195//207
f 195//208 187//208 185//208
f 195//209 185//209 164//209
f 164//210 185//210 183//210
f 164//211 183//211 162//211
f 162//212 183//212 181//212
f 205//213 181//213 180//213
f 205//214 180//214 191//214
f 191//215 180//215 206//215
f 191//216 206//216 207//216
f 208//217 209//217 210//217
f 210//218 211//218 208//218
f 178//219 212//219 179//219
f 173//220 213//220 174//220
f 174//221 214//221 176//221
f 215//222 216//222 165//222
f 217//223 218//223 219//223
f 219//224 220//224 217//224
f 221//225 218//225 222//225
f 221//226 222//226 223//226
f 224//227 225//227 157//227
f 157//228 226//228 156//228
f 156//229 226//229 227//229
f 156//230 227//230 111//230
f 111//231 228//231 112//231
f 229//232 230//232 231//232
f 231//233 232//233 229//233
f 233//234 234//234 235//234
f 236//235 233//235 235//235
f 235//236 237//236 236//236
f 238//237 239//237 240//237
f 241//238 242//238 238//238
f 243//239 244//239 245//239
f 245//240 244//240 246//240
f 245//241 246//241 247//241
f 248//242 249//242 250//242
f 250//243 251//243 252//243
f 250//244 252//244 248//244
f 253//245 254//245 255//245
f 256//246 257//246 258//246
f 259//247 260//247 261//247
f 261//248 260//248 262//248
f 263//249 264//249 265//249
f 266//250 267//250 268//250
f 269//251 270//251 271//251
f 271//251 270//251 272//251
f 273//252 274//252 275//252
f 275//253 274//253 276//253
f 277//254 278//254 279//254
f 279//255 278//255 280//255
f 281//256 282//256 283//256
f 284//257 281//257 283//257
f 285//258 286//258 287//258
f 288//259 287//259 289//259
f 287//260 290//260 289//260
f 291//261 292//261 293//261
f 293//262 294//262 291//262
f 295//263 296//263 297//263
f 296//264 298//264 297//264
f 299//265 300//265 301//265
f 302//266 303//266 304//266
f 305//267 306//267 307//267
f 308//268 309//268 310//268
f 310//269 309//269 311//269
f 311//270 312//270 310//270
f 303//271 308//271 304//271
f 304//272 308//272 310//272
f 313//273 314//273 315//273
f 316//274 317//274 318//274
f 319//275 320//275 321//275
f 265//276 264//276 322//276
f 323//277 324//277 325//277
f 326//278 327//278 328//278
f 326//278 328//278 329//278
f 330//279 331//279 332//279
f 330//280 332//280 333//280
f 334//281 335//281 94//281
f 334//282 94//282 336//282
f 337//283 338//283 339//283
f 340//284 261//284 339//284
f 261//285 341//285 339//285
f 261//286 342//286 341//286
f 342//287 343//287 341//287
f 344//288 345//288 343//288
f 345//289 346//289 343//289
f 347//290 348//290 349//290
f 347//291 349//291 350//291
f 351//292 337//292 343//292
f 342//293 352//293 343//293
f 352//294 344//294 343//294
f 351//295 353//295 337//295
f 354//296 355//296 356//296
f 354//297 356//297 357//297
f 343//298 337//298 339//298
f 343//299 339//299 341//299
f 358//300 359//300 338//300
f 359//301 313//301 338//301
f 313//302 315//302 340//302
f 315//303 360//303 340//303
f 360//304 361//304 340//304
f 361//305 261//305 340//305
f 361//306 362//306 359//306
f 361//306 359//306 261//306
f 359//307 363//307 364//307
f 359//307 364//307 261//307
f 364//308 259//308 261//308
f 262//309 352//309 261//309
f 352//310 365//310 261//310
f 365//311 342//311 261//311
f 365//312 352//312 342//312
f 352//313 366//313 344//313
f 367//314 368//314 369//314
f 367//315 369//315 370//315
f 371//316 345//316 344//316
f 371//317 372//317 345//317
f 372//318 373//318 345//318
f 299//319 374//319 375//319
f 299//320 375//320 376//320
f 300//321 299//321 376//321
f 300//322 376//322 377//322
f 265//323 353//323 346//323
f 378//324 379//324 380//324
f 265//325 322//325 353//325
f 322//326 381//326 353//326
f 381//327 378//327 353//327
f 257//328 256//328 352//328
f 256//329 382//329 352//329
f 382//330 366//330 352//330
f 262//331 260//331 352//331
f 260//332 383//332 352//332
f 384//333 385//333 386//333
f 384//334 386//334 175//334
f 380//335 387//335 388//335
f 387//336 389//336 388//336
f 353//337 351//337 343//337
f 353//338 343//338 346//338
f 377//339 376//339 389//339
f 376//340 370//340 389//340
f 370//341 390//341 389//341
f 390//342 391//342 389//342
f 391//343 358//343 389//343
f 391//344 359//344 358//344
f 392//345 298//345 359//345
f 298//346 296//346 359//346
f 296//347 363//347 359//347
f 362//348 313//348 359//348
f 391//349 393//349 359//349
f 393//350 390//350 359//350
f 390//351 392//351 359//351
f 362//352 314//352 313//352
f 314//353 362//353 315//353
f 362//354 361//354 315//354
f 361//355 360//355 315//355
f 363//356 296//356 259//356
f 363//356 259//356 364//356
f 296//357 394//357 259//357
f 394//358 395//358 259//358
f 395//359 396//359 259//359
f 396//360 397//360 259//360
f 397//361 260//361 259//361
f 397//362 383//362 260//362
f 398//363 399//363 400//363
f 398//364 400//364 401//364
f 402//365 403//365 368//365
f 402//366 368//366 404//366
f 405//367 406//367 382//367
f 406//368 371//368 382//368
f 406//369 407//369 371//369
f 408//370 367//370 409//370
f 408//371 409//371 410//371
f 411//372 373//372 372//372
f 412//373 411//373 372//373
f 411//374 264//374 263//374
f 413//375 379//375 378//375
f 381//376 413//376 378//376
f 379//377 414//377 380//377
f 414//378 415//378 380//378
f 415//379 300//379 380//379
f 300//380 377//380 380//380
f 264//381 381//381 322//381
f 264//382 301//382 414//382
f 264//382 414//382 381//382
f 414//383 413//383 381//383
f 416//384 258//384 257//384
f 417//385 418//385 419//385
f 417//386 419//386 420//386
f 397//387 254//387 383//387
f 254//388 416//388 383//388
f 254//389 253//389 416//389
f 421//390 117//390 119//390
f 421//391 119//391 422//391
f 423//392 424//392 416//392
f 424//393 425//393 416//393
f 425//394 258//394 416//394
f 426//395 427//395 428//395
f 426//396 428//396 429//396
f 375//397 409//397 376//397
f 409//398 367//398 376//398
f 367//399 370//399 376//399
f 430//400 184//400 186//400
f 430//401 186//401 431//401
f 432//402 433//402 434//402
f 432//403 434//403 295//403
f 369//404 390//404 370//404
f 393//405 391//405 390//405
f 369//406 368//406 390//406
f 368//407 279//407 390//407
f 279//408 435//408 390//408
f 416//409 257//409 352//409
f 416//410 352//410 383//410
f 292//411 298//411 390//411
f 298//412 392//412 390//412
f 292//413 297//413 298//413
f 436//414 437//414 438//414
f 436//415 438//415 385//415
f 434//416 439//416 394//416
f 439//417 395//417 394//417
f 439//418 396//418 395//418
f 439//419 440//419 396//419
f 440//420 441//420 396//420
f 441//421 442//421 396//421
f 442//422 443//422 396//422
f 444//423 124//423 123//423
f 444//424 123//424 428//424
f 255//425 254//425 397//425
f 445//426 126//426 446//426
f 447//427 430//427 431//427
f 447//428 431//428 448//428
f 130//429 131//429 449//429
f 131//430 450//430 449//430
f 451//431 402//431 404//431
f 451//432 404//432 452//432
f 128//433 130//433 449//433
f 453//434 454//434 405//434
f 454//435 455//435 405//435
f 455//436 412//436 405//436
f 412//437 406//437 405//437
f 412//438 407//438 406//438
f 456//439 325//439 411//439
f 325//440 457//440 411//440
f 457//374 264//374 411//374
f 412//441 456//441 411//441
f 455//442 458//442 412//442
f 458//443 459//443 412//443
f 459//444 460//444 412//444
f 385//445 438//445 461//445
f 385//446 461//446 386//446
f 462//447 456//447 412//447
f 463//448 464//448 465//448
f 463//449 465//449 466//449
f 457//450 301//450 264//450
f 414//451 379//451 413//451
f 301//452 415//452 414//452
f 301//453 300//453 415//453
f 118//454 467//454 468//454
f 118//455 468//455 120//455
f 469//456 470//456 471//456
f 469//457 471//457 472//457
f 473//458 460//458 459//458
f 473//459 459//459 323//459
f 255//460 442//460 253//460
f 442//461 474//461 253//461
f 474//462 475//462 253//462
f 475//463 476//463 423//463
f 476//464 477//464 423//464
f 477//465 478//465 423//465
f 478//466 479//466 423//466
f 479//467 424//467 423//467
f 480//468 481//468 482//468
f 480//469 482//469 483//469
f 336//470 484//470 485//470
f 336//471 485//471 486//471
f 374//472 409//472 375//472
f 374//473 410//473 409//473
f 295//474 434//474 394//474
f 295//475 394//475 296//475
f 408//476 487//476 367//476
f 487//477 368//477 367//477
f 301//478 374//478 299//478
f 291//479 432//479 295//479
f 291//480 295//480 297//480
f 487//481 404//481 368//481
f 488//482 489//482 200//482
f 488//483 200//483 204//483
f 280//484 435//484 279//484
f 280//485 293//485 435//485
f 490//486 491//486 293//486
f 491//487 492//487 293//487
f 475//488 423//488 416//488
f 475//489 416//489 253//489
f 280//490 490//490 293//490
f 291//491 297//491 292//491
f 281//492 493//492 285//492
f 281//493 285//493 287//493
f 427//494 158//494 444//494
f 427//495 444//495 428//495
f 494//496 439//496 434//496
f 303//497 302//497 306//497
f 303//497 306//497 495//497
f 496//498 497//498 439//498
f 497//499 441//499 439//499
f 441//500 440//500 439//500
f 494//501 496//501 439//501
f 497//502 496//502 498//502
f 497//502 498//502 441//502
f 499//503 327//503 500//503
f 499//504 500//504 501//504
f 502//505 442//505 441//505
f 255//506 443//506 442//506
f 503//507 158//507 427//507
f 503//508 427//508 467//508
f 504//509 474//509 442//509
f 109//510 450//510 131//510
f 109//511 505//511 450//511
f 505//512 453//512 450//512
f 505//513 454//513 453//513
f 506//514 507//514 508//514
f 506//515 508//515 417//515
f 509//516 510//516 455//516
f 511//517 512//517 513//517
f 511//518 513//518 514//518
f 515//519 509//519 455//519
f 462//520 325//520 456//520
f 460//521 473//521 325//521
f 473//522 323//522 325//522
f 324//523 516//523 325//523
f 516//524 517//524 325//524
f 517//525 518//525 519//525
f 517//526 519//526 325//526
f 519//527 457//527 325//527
f 519//528 518//528 520//528
f 519//529 520//529 457//529
f 510//530 521//530 459//530
f 303//531 522//531 419//531
f 303//532 419//532 308//532
f 304//533 323//533 459//533
f 523//534 524//534 92//534
f 523//535 92//535 525//535
f 526//536 374//536 301//536
f 429//537 428//537 123//537
f 527//538 334//538 336//538
f 527//539 336//539 486//539
f 528//540 429//540 529//540
f 123//541 126//541 445//541
f 123//542 445//542 530//542
f 531//543 477//543 474//543
f 477//544 475//544 474//544
f 504//545 532//545 474//545
f 533//546 534//546 399//546
f 533//547 399//547 398//547
f 477//548 476//548 475//548
f 531//549 535//549 477//549
f 448//550 431//550 536//550
f 448//551 536//551 537//551
f 538//552 479//552 477//552
f 479//553 478//553 477//553
f 538//554 539//554 479//554
f 540//555 528//555 424//555
f 540//556 424//556 479//556
f 168//557 541//557 201//557
f 168//558 201//558 169//558
f 105//559 104//559 542//559
f 105//560 542//560 543//560
f 526//561 544//561 374//561
f 544//562 410//562 374//562
f 545//563 419//563 410//563
f 419//564 418//564 410//564
f 418//565 417//565 410//565
f 417//566 404//566 410//566
f 404//567 487//567 410//567
f 487//568 408//568 410//568
f 223//569 11//569 546//569
f 223//570 546//570 547//570
f 128//571 449//571 446//571
f 128//572 446//572 126//572
f 536//573 277//573 403//573
f 417//574 508//574 404//574
f 508//575 452//575 404//575
f 420//576 305//576 515//576
f 420//577 515//577 506//577
f 451//578 548//578 402//578
f 548//579 549//579 402//579
f 549//580 537//580 402//580
f 550//581 531//581 474//581
f 550//582 474//582 551//582
f 529//583 429//583 123//583
f 529//584 123//584 530//584
f 425//585 529//585 530//585
f 425//586 530//586 258//586
f 552//587 162//587 181//587
f 552//588 181//588 205//588
f 553//589 554//589 555//589
f 553//590 555//590 556//590
f 557//591 492//591 491//591
f 558//592 559//592 492//592
f 557//593 560//593 492//593
f 560//594 561//594 492//594
f 561//595 558//595 492//595
f 562//596 432//596 294//596
f 432//597 291//597 294//597
f 559//598 563//598 294//598
f 563//599 562//599 294//599
f 562//600 433//600 432//600
f 562//601 564//601 494//601
f 564//601 498//601 494//601
f 498//602 496//602 494//602
f 565//603 504//603 442//603
f 565//604 442//604 502//604
f 563//605 566//605 562//605
f 467//606 427//606 426//606
f 467//607 426//607 468//607
f 565//608 465//608 504//608
f 465//609 532//609 504//609
f 107//610 567//610 109//610
f 567//611 178//611 109//611
f 178//612 505//612 109//612
f 178//613 507//613 505//613
f 507//614 506//614 505//614
f 506//615 515//615 505//615
f 559//616 294//616 293//616
f 559//617 293//617 492//617
f 305//618 510//618 515//618
f 510//619 509//619 515//619
f 302//620 521//620 510//620
f 305//621 307//621 510//621
f 307//622 306//622 510//622
f 306//623 302//623 510//623
f 304//624 568//624 323//624
f 568//625 569//625 323//625
f 569//626 324//626 323//626
f 569//626 312//626 324//626
f 312//627 516//627 324//627
f 570//628 517//628 516//628
f 312//629 311//629 516//629
f 311//630 309//630 516//630
f 309//631 308//631 516//631
f 308//632 419//632 516//632
f 450//633 453//633 405//633
f 450//634 405//634 449//634
f 570//635 545//635 517//635
f 545//636 571//636 517//636
f 571//637 544//637 517//637
f 544//638 526//638 517//638
f 526//639 518//639 517//639
f 518//528 526//528 520//528
f 502//640 441//640 498//640
f 502//640 498//640 564//640
f 310//641 569//641 304//641
f 569//642 568//642 304//642
f 572//643 426//643 429//643
f 573//644 249//644 574//644
f 573//644 574//644 511//644
f 575//645 163//645 162//645
f 575//646 162//646 552//646
f 255//647 397//647 396//647
f 255//648 396//648 443//648
f 465//649 576//649 551//649
f 576//650 550//650 551//650
f 577//651 483//651 550//651
f 483//652 482//652 550//652
f 578//653 579//653 580//653
f 578//654 580//654 581//654
f 535//655 531//655 550//655
f 576//656 464//656 550//656
f 464//657 577//657 550//657
f 582//658 583//658 535//658
f 583//659 584//659 535//659
f 584//660 583//660 538//660
f 585//661 586//661 587//661
f 585//661 587//661 588//661
f 589//662 539//662 538//662
f 589//663 590//663 539//663
f 590//664 243//664 539//664
f 243//665 245//665 539//665
f 78//666 33//666 591//666
f 78//667 591//667 95//667
f 104//668 527//668 486//668
f 104//669 486//669 542//669
f 302//670 304//670 459//670
f 302//671 459//671 521//671
f 592//672 593//672 204//672
f 592//673 204//673 203//673
f 147//674 132//674 124//674
f 147//675 124//675 444//675
f 522//676 420//676 419//676
f 459//677 458//677 455//677
f 459//678 455//678 510//678
f 420//679 594//679 417//679
f 594//680 506//680 417//680
f 595//681 596//681 421//681
f 595//682 421//682 597//682
f 422//683 119//683 121//683
f 422//684 121//684 598//684
f 599//685 600//685 592//685
f 599//686 592//686 601//686
f 543//687 602//687 603//687
f 543//688 603//688 105//688
f 507//689 452//689 508//689
f 507//690 451//690 452//690
f 507//691 178//691 451//691
f 178//692 548//692 451//692
f 178//693 177//693 548//693
f 411//694 263//694 345//694
f 411//695 345//695 373//695
f 189//696 604//696 605//696
f 572//697 429//697 528//697
f 572//698 528//698 540//698
f 606//699 572//699 540//699
f 606//700 540//700 607//700
f 484//701 95//701 591//701
f 484//702 591//702 608//702
f 609//703 356//703 557//703
f 356//704 561//704 557//704
f 561//705 560//705 557//705
f 561//706 559//706 558//706
f 561//707 563//707 559//707
f 584//708 538//708 477//708
f 584//709 477//709 535//709
f 580//710 610//710 561//710
f 610//711 563//711 561//711
f 610//712 611//712 563//712
f 611//713 612//713 563//713
f 612//714 566//714 563//714
f 445//715 446//715 382//715
f 445//716 382//716 256//716
f 613//717 614//717 566//717
f 614//718 615//718 566//718
f 615//719 616//719 565//719
f 616//720 617//720 565//720
f 617//721 618//721 565//721
f 618//722 465//722 565//722
f 618//723 617//723 465//723
f 617//724 619//724 465//724
f 619//725 620//725 465//725
f 620//726 621//726 465//726
f 621//727 466//727 465//727
f 242//728 241//728 283//728
f 242//728 283//728 282//728
f 464//729 576//729 465//729
f 112//730 106//730 140//730
f 112//731 622//731 106//731
f 622//732 173//732 106//732
f 173//733 107//733 106//733
f 173//734 179//734 212//734
f 173//735 212//735 567//735
f 173//736 567//736 107//736
f 212//737 178//737 567//737
f 594//738 420//738 506//738
f 420//739 623//739 305//739
f 623//740 495//740 305//740
f 495//741 306//741 305//741
f 310//742 312//742 569//742
f 495//743 420//743 303//743
f 420//744 522//744 303//744
f 265//745 346//745 345//745
f 265//746 345//746 263//746
f 158//747 147//747 444//747
f 624//748 625//748 626//748
f 624//749 626//749 627//749
f 449//750 405//750 382//750
f 449//751 382//751 446//751
f 464//752 483//752 577//752
f 464//753 628//753 483//753
f 628//754 463//754 483//754
f 629//755 99//755 630//755
f 629//756 630//756 631//756
f 632//757 633//757 578//757
f 632//758 578//758 634//758
f 481//759 252//759 482//759
f 252//760 582//760 482//760
f 463//761 628//761 464//761
f 581//762 355//762 354//762
f 581//763 354//763 635//763
f 251//764 250//764 589//764
f 250//765 590//765 589//765
f 636//766 637//766 330//766
f 636//767 330//767 333//767
f 638//768 639//768 590//768
f 639//769 239//769 590//769
f 239//770 640//770 590//770
f 640//771 243//771 590//771
f 640//772 239//772 243//772
f 641//773 448//773 537//773
f 641//774 537//774 549//774
f 642//775 182//775 184//775
f 642//776 184//776 430//776
f 643//777 626//777 644//777
f 189//778 605//778 278//778
f 189//779 278//779 188//779
f 645//780 646//780 593//780
f 645//781 593//781 647//781
f 495//782 623//782 420//782
f 380//783 377//783 389//783
f 380//784 389//784 387//784
f 648//785 649//785 533//785
f 648//786 533//786 650//786
f 524//787 523//787 85//787
f 524//788 85//788 84//788
f 651//789 98//789 652//789
f 651//790 652//790 546//790
f 179//791 173//791 177//791
f 173//792 172//792 177//792
f 644//793 122//793 606//793
f 644//794 606//794 607//794
f 245//795 644//795 607//795
f 245//796 607//796 539//796
f 513//797 357//797 609//797
f 357//798 356//798 609//798
f 286//799 285//799 609//799
f 285//800 513//800 609//800
f 355//801 653//801 356//801
f 251//802 589//802 538//802
f 251//803 538//803 583//803
f 579//804 610//804 580//804
f 653//805 355//805 580//805
f 355//806 581//806 580//806
f 515//807 455//807 454//807
f 515//808 454//808 505//808
f 579//809 611//809 610//809
f 654//810 655//810 611//810
f 438//811 206//811 642//811
f 438//812 642//812 461//812
f 620//813 614//813 611//813
f 614//814 613//814 611//814
f 579//815 654//815 611//815
f 614//816 656//816 615//816
f 656//817 619//817 615//817
f 619//818 616//818 615//818
f 620//819 656//819 614//819
f 619//820 617//820 616//820
f 656//821 620//821 619//821
f 655//822 657//822 621//822
f 657//823 463//823 466//823
f 657//822 466//822 621//822
f 657//824 320//824 463//824
f 320//825 319//825 463//825
f 228//826 214//826 174//826
f 228//826 174//826 112//826
f 174//827 213//827 622//827
f 174//827 622//827 112//827
f 213//828 173//828 622//828
f 528//829 529//829 425//829
f 528//830 425//830 424//830
f 555//831 658//831 659//831
f 555//832 659//832 556//832
f 177//833 641//833 549//833
f 177//834 549//834 548//834
f 33//835 32//835 96//835
f 33//836 96//836 591//836
f 321//837 317//837 319//837
f 317//838 660//838 319//838
f 660//839 480//839 319//839
f 316//840 632//840 480//840
f 401//841 400//841 596//841
f 401//842 596//842 595//842
f 632//843 481//843 480//843
f 660//844 316//844 480//844
f 661//845 249//845 481//845
f 249//846 248//846 481//846
f 248//847 252//847 481//847
f 249//848 573//848 250//848
f 573//849 240//849 638//849
f 493//850 284//850 514//850
f 493//851 514//851 662//851
f 332//852 331//852 244//852
f 331//853 663//853 244//853
f 663//854 246//854 244//854
f 607//855 540//855 479//855
f 607//856 479//856 539//856
f 663//857 664//857 246//857
f 664//858 627//858 246//858
f 627//859 247//859 246//859
f 490//860 280//860 278//860
f 490//861 278//861 605//861
f 665//862 159//862 158//862
f 665//863 158//863 503//863
f 625//864 666//864 626//864
f 600//865 667//865 593//865
f 600//866 593//866 592//866
f 668//867 598//867 121//867
f 602//868 651//868 546//868
f 602//869 546//869 603//869
f 669//870 332//870 242//870
f 669//870 242//870 282//870
f 562//871 494//871 434//871
f 562//872 434//872 433//872
f 534//873 471//873 161//873
f 534//874 161//874 399//874
f 621//875 620//875 611//875
f 621//876 611//876 655//876
f 419//877 545//877 570//877
f 419//878 570//878 516//878
f 268//879 670//879 671//879
f 268//880 671//880 266//880
f 532//881 465//881 551//881
f 532//882 551//882 474//882
f 593//883 488//883 204//883
f 593//884 646//884 488//884
f 643//885 644//885 245//885
f 643//886 245//886 247//886
f 645//887 290//887 286//887
f 290//888 287//888 286//888
f 662//889 514//889 513//889
f 573//890 638//890 590//890
f 573//891 590//891 250//891
f 512//892 357//892 513//892
f 285//893 672//893 513//893
f 672//894 493//894 513//894
f 493//895 662//895 513//895
f 512//896 354//896 357//896
f 238//897 244//897 243//897
f 238//898 243//898 239//898
f 493//899 672//899 285//899
f 219//900 209//900 208//900
f 219//901 208//901 673//901
f 578//902 633//902 579//902
f 633//903 674//903 579//903
f 674//904 654//904 579//904
f 635//905 578//905 581//905
f 635//906 634//906 578//906
f 611//907 613//907 566//907
f 611//908 566//908 612//908
f 674//909 633//909 654//909
f 633//910 675//910 654//910
f 675//911 657//911 654//911
f 657//912 655//912 654//912
f 675//913 633//913 657//913
f 319//914 480//914 483//914
f 319//915 483//915 463//915
f 321//916 320//916 657//916
f 168//917 170//917 401//917
f 168//918 401//918 595//918
f 227//919 215//919 111//919
f 215//920 176//920 111//920
f 176//921 214//921 111//921
f 214//922 228//922 111//922
f 665//923 232//923 159//923
f 232//924 150//924 159//924
f 114//925 229//925 665//925
f 229//926 232//926 665//926
f 160//927 229//927 114//927
f 151//928 676//928 145//928
f 632//929 317//929 321//929
f 316//930 660//930 317//930
f 632//931 318//931 317//931
f 318//932 632//932 316//932
f 635//933 677//933 634//933
f 151//934 145//934 133//934
f 151//935 133//935 146//935
f 678//936 661//936 634//936
f 678//937 574//937 661//937
f 574//938 249//938 661//938
f 524//939 679//939 81//939
f 524//940 81//940 92//940
f 511//941 587//941 586//941
f 511//941 586//941 573//941
f 586//942 585//942 573//942
f 585//943 240//943 573//943
f 241//944 238//944 240//944
f 585//945 241//945 240//945
f 188//946 278//946 277//946
f 188//947 277//947 536//947
f 669//948 333//948 332//948
f 120//949 468//949 606//949
f 120//950 606//950 122//950
f 330//951 663//951 331//951
f 330//952 664//952 663//952
f 330//953 680//953 664//953
f 680//954 681//954 664//954
f 681//955 627//955 664//955
f 682//956 683//956 673//956
f 682//956 673//956 208//956
f 624//957 684//957 625//957
f 684//958 668//958 625//958
f 668//959 666//959 625//959
f 684//960 685//960 668//960
f 685//961 600//961 668//961
f 600//962 599//962 668//962
f 599//963 422//963 668//963
f 422//964 598//964 668//964
f 599//965 597//965 422//965
f 597//966 421//966 422//966
f 676//967 152//967 144//967
f 676//968 144//968 145//968
f 686//969 687//969 688//969
f 686//970 688//970 689//970
f 293//971 292//971 390//971
f 293//972 390//972 435//972
f 326//973 690//973 691//973
f 326//974 691//974 500//974
f 571//975 545//975 410//975
f 571//976 410//976 544//976
f 176//977 384//977 175//977
f 461//978 642//978 430//978
f 461//979 430//979 447//979
f 30//980 70//980 55//980
f 30//981 55//981 29//981
f 172//982 692//982 641//982
f 172//983 641//983 177//983
f 597//984 599//984 601//984
f 693//985 694//985 695//985
f 693//986 695//986 696//986
f 697//987 698//987 699//987
f 697//987 699//987 700//987
f 667//988 701//988 593//988
f 565//989 502//989 564//989
f 565//989 564//989 615//989
f 541//990 601//990 202//990
f 541//991 202//991 201//991
f 702//992 703//992 676//992
f 702//993 676//993 704//993
f 705//994 637//994 290//994
f 637//995 289//995 290//995
f 288//996 669//996 287//996
f 242//997 332//997 244//997
f 242//998 244//998 238//998
f 199//999 706//999 604//999
f 199//1000 604//1000 189//1000
f 284//1001 511//1001 514//1001
f 574//1002 677//1002 512//1002
f 677//1003 635//1003 512//1003
f 635//1004 354//1004 512//1004
f 511//1005 574//1005 512//1005
f 281//1006 284//1006 493//1006
f 151//1007 232//1007 676//1007
f 232//1008 707//1008 676//1008
f 707//1009 704//1009 676//1009
f 175//1010 386//1010 692//1010
f 175//1011 692//1011 172//1011
f 703//1012 152//1012 676//1012
f 703//1013 153//1013 152//1013
f 703//1014 154//1014 153//1014
f 703//1015 155//1015 154//1015
f 703//1016 157//1016 155//1016
f 226//229 216//229 227//229
f 216//1017 215//1017 227//1017
f 165//1018 384//1018 215//1018
f 384//1019 176//1019 215//1019
f 596//1020 115//1020 117//1020
f 596//1021 117//1021 421//1021
f 149//1022 232//1022 151//1022
f 150//1023 232//1023 149//1023
f 231//1024 708//1024 232//1024
f 708//1025 704//1025 232//1025
f 704//1026 707//1026 232//1026
f 542//1027 709//1027 710//1027
f 542//1028 710//1028 543//1028
f 160//1029 161//1029 229//1029
f 161//1030 471//1030 229//1030
f 471//1031 237//1031 229//1031
f 400//1032 161//1032 113//1032
f 284//1033 588//1033 511//1033
f 588//1034 587//1034 511//1034
f 340//1035 339//1035 338//1035
f 340//1035 338//1035 313//1035
f 167//1036 436//1036 385//1036
f 167//1037 385//1037 384//1037
f 605//1038 604//1038 491//1038
f 605//1039 491//1039 490//1039
f 288//1040 637//1040 669//1040
f 637//1041 636//1041 669//1041
f 636//1042 333//1042 669//1042
f 121//1043 122//1043 644//1043
f 121//1044 644//1044 626//1044
f 637//1045 711//1045 330//1045
f 711//1046 680//1046 330//1046
f 711//1047 659//1047 680//1047
f 659//1048 658//1048 680//1048
f 658//1049 712//1049 680//1049
f 712//1050 681//1050 680//1050
f 602//1051 713//1051 714//1051
f 602//1052 714//1052 651//1052
f 684//1053 624//1053 715//1053
f 554//1054 553//1054 716//1054
f 554//1055 716//1055 684//1055
f 716//1056 685//1056 684//1056
f 712//1057 717//1057 684//1057
f 718//1058 719//1058 720//1058
f 718//1058 720//1058 721//1058
f 722//1059 701//1059 685//1059
f 701//1060 600//1060 685//1060
f 712//1061 684//1061 715//1061
f 712//1062 715//1062 681//1062
f 715//1063 624//1063 627//1063
f 715//1064 627//1064 681//1064
f 701//1065 667//1065 600//1065
f 650//1066 533//1066 398//1066
f 650//1067 398//1067 723//1067
f 541//1068 168//1068 595//1068
f 386//1069 461//1069 447//1069
f 386//1070 447//1070 692//1070
f 241//1071 585//1071 588//1071
f 241//1071 588//1071 283//1071
f 482//1072 582//1072 535//1072
f 482//1073 535//1073 550//1073
f 165//1074 167//1074 384//1074
f 325//1075 462//1075 412//1075
f 325//1076 412//1076 460//1076
f 239//1077 639//1077 638//1077
f 239//1078 638//1078 240//1078
f 146//1079 133//1079 132//1079
f 146//1080 132//1080 147//1080
f 575//1081 724//1081 163//1081
f 724//1082 193//1082 163//1082
f 724//1083 169//1083 193//1083
f 116//1084 503//1084 467//1084
f 116//1085 467//1085 118//1085
f 724//1086 171//1086 169//1086
f 637//1087 288//1087 289//1087
f 725//1088 726//1088 705//1088
f 726//1089 637//1089 705//1089
f 726//1090 659//1090 637//1090
f 659//1091 711//1091 637//1091
f 283//1092 588//1092 284//1092
f 708//1093 702//1093 704//1093
f 200//1094 489//1094 706//1094
f 200//1095 706//1095 199//1095
f 727//1096 157//1096 703//1096
f 225//1097 728//1097 157//1097
f 728//1098 729//1098 157//1098
f 729//1099 166//1099 157//1099
f 166//1100 165//1100 157//1100
f 165//1101 226//1101 157//1101
f 727//1102 224//1102 157//1102
f 165//1103 216//1103 226//1103
f 653//1104 580//1104 561//1104
f 653//1105 561//1105 356//1105
f 399//1106 161//1106 400//1106
f 230//1107 234//1107 231//1107
f 234//1108 730//1108 231//1108
f 730//1109 708//1109 231//1109
f 730//1110 234//1110 731//1110
f 730//1110 731//1110 732//1110
f 730//1110 732//1110 733//1110
f 730//1110 733//1110 734//1110
f 730//1110 734//1110 735//1110
f 730//1110 735//1110 736//1110
f 730//1110 736//1110 737//1110
f 730//1111 737//1111 702//1111
f 730//1110 702//1110 708//1110
f 471//1112 236//1112 237//1112
f 234//1113 230//1113 235//1113
f 634//1114 661//1114 481//1114
f 634//843 481//843 632//843
f 534//1115 472//1115 471//1115
f 692//1116 447//1116 448//1116
f 692//1117 448//1117 641//1117
f 206//1118 180//1118 182//1118
f 206//1119 182//1119 642//1119
f 234//1120 233//1120 471//1120
f 233//1121 236//1121 471//1121
f 726//1122 725//1122 659//1122
f 725//1123 738//1123 659//1123
f 738//1124 556//1124 659//1124
f 382//1125 371//1125 344//1125
f 382//1126 344//1126 366//1126
f 555//1127 717//1127 658//1127
f 717//1128 712//1128 658//1128
f 720//1129 739//1129 740//1129
f 720//1129 740//1129 721//1129
f 235//1130 230//1130 229//1130
f 235//1131 229//1131 237//1131
f 738//1132 725//1132 716//1132
f 170//1133 398//1133 401//1133
f 167//1134 276//1134 436//1134
f 276//1135 437//1135 436//1135
f 166//1136 276//1136 167//1136
f 276//1137 207//1137 437//1137
f 276//1138 191//1138 207//1138
f 190//1139 724//1139 191//1139
f 724//1140 205//1140 191//1140
f 276//1141 192//1141 191//1141
f 724//1142 552//1142 205//1142
f 724//1143 575//1143 552//1143
f 741//1144 742//1144 724//1144
f 742//1145 670//1145 724//1145
f 670//1146 171//1146 724//1146
f 190//1147 192//1147 724//1147
f 192//1148 741//1148 724//1148
f 670//1149 170//1149 171//1149
f 670//1150 723//1150 170//1150
f 723//1151 398//1151 170//1151
f 737//1152 224//1152 727//1152
f 719//1153 728//1153 224//1153
f 728//1154 225//1154 224//1154
f 737//1155 719//1155 224//1155
f 719//1156 718//1156 728//1156
f 718//1157 729//1157 728//1157
f 718//1158 273//1158 729//1158
f 273//1159 275//1159 729//1159
f 275//1160 166//1160 729//1160
f 275//1161 276//1161 166//1161
f 266//1162 743//1162 744//1162
f 266//1163 744//1163 267//1163
f 400//1164 113//1164 115//1164
f 400//1165 115//1165 596//1165
f 696//1166 695//1166 234//1166
f 695//1110 731//1110 234//1110
f 93//1167 745//1167 746//1167
f 93//1168 746//1168 91//1168
f 327//1169 499//1169 747//1169
f 327//1169 747//1169 328//1169
f 469//1170 696//1170 470//1170
f 714//1171 713//1171 748//1171
f 714//1172 748//1172 749//1172
f 750//1173 192//1173 276//1173
f 750//1173 741//1173 192//1173
f 750//1174 742//1174 741//1174
f 751//1175 671//1175 742//1175
f 671//1176 670//1176 742//1176
f 750//1177 752//1177 742//1177
f 752//1178 751//1178 742//1178
f 626//1179 643//1179 247//1179
f 626//1180 247//1180 627//1180
f 268//1181 723//1181 670//1181
f 268//1182 267//1182 723//1182
f 267//1183 650//1183 723//1183
f 736//1110 500//1110 737//1110
f 500//1184 691//1184 737//1184
f 691//1110 753//1110 737//1110
f 753//1111 754//1111 737//1111
f 754//1185 739//1185 737//1185
f 739//1186 720//1186 737//1186
f 720//1187 719//1187 737//1187
f 714//1188 749//1188 80//1188
f 714//1189 80//1189 79//1189
f 721//1190 273//1190 718//1190
f 721//1191 755//1191 273//1191
f 755//1192 756//1192 273//1192
f 756//1192 274//1192 273//1192
f 541//1193 595//1193 597//1193
f 541//1194 597//1194 601//1194
f 469//1195 693//1195 696//1195
f 757//1196 102//1196 101//1196
f 757//1197 101//1197 758//1197
f 389//1198 358//1198 338//1198
f 389//1199 338//1199 388//1199
f 646//1200 645//1200 286//1200
f 646//1201 286//1201 488//1201
f 759//1110 700//1110 731//1110
f 700//1110 699//1110 731//1110
f 699//1110 732//1110 731//1110
f 648//1202 760//1202 649//1202
f 760//1203 100//1203 469//1203
f 100//1203 693//1203 469//1203
f 756//1192 751//1192 274//1192
f 751//1192 752//1192 274//1192
f 756//1192 761//1192 762//1192
f 756//1192 762//1192 751//1192
f 762//1192 758//1192 751//1192
f 758//1192 763//1192 751//1192
f 763//1204 743//1204 751//1204
f 743//1205 266//1205 751//1205
f 266//1205 671//1205 751//1205
f 267//1206 744//1206 650//1206
f 744//1207 743//1207 650//1207
f 743//1208 648//1208 650//1208
f 668//1209 121//1209 626//1209
f 668//1210 626//1210 666//1210
f 764//1110 501//1110 736//1110
f 501//1110 500//1110 736//1110
f 735//1110 764//1110 736//1110
f 765//1211 328//1211 747//1211
f 765//1212 747//1212 766//1212
f 327//1213 326//1213 500//1213
f 687//1214 686//1214 329//1214
f 687//1215 329//1215 765//1215
f 378//1216 380//1216 388//1216
f 378//1217 388//1217 353//1217
f 767//1218 754//1218 753//1218
f 767//1219 739//1219 754//1219
f 768//1220 694//1220 102//1220
f 768//1220 102//1220 350//1220
f 553//1221 556//1221 738//1221
f 553//1222 738//1222 716//1222
f 740//1223 755//1223 721//1223
f 402//1224 537//1224 536//1224
f 402//1225 536//1225 403//1225
f 740//1226 689//1226 755//1226
f 689//1227 688//1227 755//1227
f 743//1228 763//1228 648//1228
f 763//1229 758//1229 648//1229
f 758//1230 760//1230 648//1230
f 100//104 694//104 693//104
f 100//104 102//104 694//104
f 767//1231 690//1231 686//1231
f 767//1231 686//1231 689//1231
f 350//1232 2//1232 768//1232
f 2//1233 1//1233 768//1233
f 1//1234 769//1234 768//1234
f 769//1235 77//1235 768//1235
f 77//1236 76//1236 768//1236
f 76//1237 770//1237 768//1237
f 76//1238 74//1238 770//1238
f 74//1239 73//1239 770//1239
f 73//1240 771//1240 770//1240
f 771//1241 700//1241 770//1241
f 700//1242 759//1242 770//1242
f 737//1243 727//1243 703//1243
f 737//1244 703//1244 702//1244
f 771//1245 697//1245 700//1245
f 698//1246 772//1246 699//1246
f 772//1247 773//1247 699//1247
f 773//1248 733//1248 699//1248
f 733//1110 732//1110 699//1110
f 101//1203 100//1203 760//1203
f 758//1249 101//1249 760//1249
f 270//1192 269//1192 762//1192
f 269//1192 348//1192 762//1192
f 348//1192 347//1192 762//1192
f 347//1192 757//1192 762//1192
f 757//1192 758//1192 762//1192
f 761//1192 774//1192 762//1192
f 774//1250 775//1250 762//1250
f 775//1192 270//1192 762//1192
f 114//1251 665//1251 503//1251
f 114//1252 503//1252 116//1252
f 776//1253 499//1253 764//1253
f 499//1254 501//1254 764//1254
f 735//1110 776//1110 764//1110
f 734//1110 777//1110 735//1110
f 777//1248 778//1248 735//1248
f 778//1110 776//1110 735//1110
f 93//1255 80//1255 749//1255
f 93//1256 749//1256 745//1256
f 286//1257 609//1257 489//1257
f 286//1258 489//1258 488//1258
f 776//1259 778//1259 499//1259
f 778//1260 777//1260 499//1260
f 777//1261 734//1261 499//1261
f 734//1262 683//1262 499//1262
f 690//1263 326//1263 329//1263
f 690//1263 329//1263 686//1263
f 740//1264 739//1264 767//1264
f 740//1264 767//1264 689//1264
f 469//1265 472//1265 649//1265
f 469//1265 649//1265 760//1265
f 687//1192 761//1192 688//1192
f 690//1266 767//1266 753//1266
f 690//1267 753//1267 691//1267
f 687//1192 765//1192 761//1192
f 765//1192 766//1192 761//1192
f 766//1192 779//1192 761//1192
f 779//1192 780//1192 761//1192
f 780//1192 781//1192 761//1192
f 781//1192 782//1192 761//1192
f 782//1192 783//1192 761//1192
f 783//1192 784//1192 761//1192
f 784//1192 774//1192 761//1192
f 694//1268 768//1268 731//1268
f 694//1269 731//1269 695//1269
f 349//1270 90//1270 350//1270
f 90//1271 88//1271 350//1271
f 88//1272 87//1272 350//1272
f 87//1273 785//1273 350//1273
f 785//1274 2//1274 350//1274
f 770//1275 759//1275 731//1275
f 770//1276 731//1276 768//1276
f 709//1277 786//1277 787//1277
f 709//1278 787//1278 710//1278
f 50//1279 769//1279 1//1279
f 50//1280 52//1280 769//1280
f 52//1281 77//1281 769//1281
f 52//1282 51//1282 77//1282
f 51//1283 60//1283 77//1283
f 60//1284 75//1284 77//1284
f 75//1285 59//1285 76//1285
f 59//1286 74//1286 76//1286
f 59//1287 40//1287 74//1287
f 40//1288 58//1288 74//1288
f 58//1289 42//1289 74//1289
f 42//1290 57//1290 74//1290
f 72//1291 771//1291 73//1291
f 72//1292 788//1292 771//1292
f 788//1293 698//1293 771//1293
f 698//1294 697//1294 771//1294
f 788//1295 789//1295 698//1295
f 789//1296 790//1296 698//1296
f 790//1297 772//1297 698//1297
f 791//1298 792//1298 772//1298
f 792//1247 773//1247 772//1247
f 790//1299 788//1299 772//1299
f 788//1300 793//1300 772//1300
f 793//1301 791//1301 772//1301
f 792//1248 733//1248 773//1248
f 792//1302 794//1302 733//1302
f 794//1303 683//1303 733//1303
f 683//1304 734//1304 733//1304
f 775//1305 795//1305 270//1305
f 795//1306 272//1306 270//1306
f 271//1307 796//1307 269//1307
f 796//1308 349//1308 269//1308
f 349//1309 348//1309 269//1309
f 784//1310 682//1310 774//1310
f 682//1311 797//1311 774//1311
f 797//1312 208//1312 774//1312
f 208//1313 211//1313 774//1313
f 211//1314 798//1314 774//1314
f 798//1315 795//1315 774//1315
f 795//1305 775//1305 774//1305
f 794//1316 673//1316 683//1316
f 468//1317 426//1317 572//1317
f 468//1318 572//1318 606//1318
f 780//1319 779//1319 747//1319
f 779//1320 766//1320 747//1320
f 647//1321 705//1321 290//1321
f 647//1322 290//1322 645//1322
f 682//1323 783//1323 747//1323
f 783//1324 782//1324 747//1324
f 782//1325 781//1325 747//1325
f 781//1326 780//1326 747//1326
f 765//1327 329//1327 328//1327
f 407//1328 412//1328 372//1328
f 407//1329 372//1329 371//1329
f 682//1330 784//1330 783//1330
f 796//1331 799//1331 349//1331
f 799//1332 800//1332 349//1332
f 800//1333 90//1333 349//1333
f 800//1334 801//1334 90//1334
f 801//1335 89//1335 90//1335
f 89//1336 630//1336 88//1336
f 630//1337 99//1337 88//1337
f 99//1338 86//1338 88//1338
f 86//1339 97//1339 87//1339
f 97//1340 785//1340 87//1340
f 347//1341 350//1341 102//1341
f 347//1342 102//1342 757//1342
f 38//1343 75//1343 60//1343
f 38//1344 59//1344 75//1344
f 43//1345 57//1345 42//1345
f 43//1346 44//1346 57//1346
f 71//1347 788//1347 72//1347
f 574//1348 678//1348 634//1348
f 574//1349 634//1349 677//1349
f 44//1350 45//1350 56//1350
f 45//1351 46//1351 56//1351
f 71//1352 70//1352 788//1352
f 70//1353 793//1353 788//1353
f 790//1354 789//1354 788//1354
f 802//1355 792//1355 791//1355
f 793//1356 802//1356 791//1356
f 802//1357 220//1357 792//1357
f 220//1358 219//1358 792//1358
f 219//1359 673//1359 792//1359
f 673//1360 794//1360 792//1360
f 70//1361 30//1361 793//1361
f 30//1362 28//1362 793//1362
f 28//1363 26//1363 793//1363
f 26//1364 31//1364 793//1364
f 31//1365 220//1365 793//1365
f 220//1366 802//1366 793//1366
f 796//1367 271//1367 272//1367
f 795//1368 803//1368 272//1368
f 803//1369 804//1369 272//1369
f 804//1370 796//1370 272//1370
f 798//1371 805//1371 795//1371
f 805//1372 806//1372 795//1372
f 806//1373 803//1373 795//1373
f 806//1374 807//1374 796//1374
f 807//1375 799//1375 796//1375
f 804//1376 806//1376 796//1376
f 208//1377 797//1377 682//1377
f 808//1378 91//1378 746//1378
f 808//1379 746//1379 807//1379
f 210//1380 84//1380 211//1380
f 84//1381 83//1381 211//1381
f 83//1382 805//1382 211//1382
f 805//1383 798//1383 211//1383
f 807//1384 746//1384 799//1384
f 746//1385 809//1385 799//1385
f 809//1386 810//1386 799//1386
f 810//1387 800//1387 799//1387
f 810//1388 811//1388 800//1388
f 811//1389 812//1389 800//1389
f 812//1390 813//1390 800//1390
f 813//1391 801//1391 800//1391
f 813//1392 631//1392 801//1392
f 631//1393 89//1393 801//1393
f 631//1394 630//1394 89//1394
f 543//1395 710//1395 713//1395
f 543//1396 713//1396 602//1396
f 814//1397 631//1397 813//1397
f 814//1398 813//1398 786//1398
f 336//1399 94//1399 95//1399
f 336//1400 95//1400 484//1400
f 34//1401 50//1401 3//1401
f 34//1402 3//1402 32//1402
f 91//1403 815//1403 816//1403
f 91//1404 816//1404 92//1404
f 31//1405 25//1405 220//1405
f 25//1406 217//1406 220//1406
f 218//1407 209//1407 219//1407
f 27//1408 26//1408 28//1408
f 806//1409 804//1409 803//1409
f 83//1410 85//1410 805//1410
f 85//1411 525//1411 805//1411
f 525//1412 816//1412 805//1412
f 816//1413 815//1413 805//1413
f 815//1414 806//1414 805//1414
f 815//1415 808//1415 806//1415
f 808//1416 807//1416 806//1416
f 55//1417 71//1417 72//1417
f 55//1418 72//1418 56//1418
f 218//1419 221//1419 817//1419
f 218//1419 817//1419 209//1419
f 817//1420 818//1420 209//1420
f 818//1421 652//1421 209//1421
f 652//1422 819//1422 209//1422
f 819//1423 98//1423 209//1423
f 98//1424 82//1424 209//1424
f 82//1425 81//1425 209//1425
f 81//1426 679//1426 209//1426
f 679//1427 524//1427 209//1427
f 524//1428 210//1428 209//1428
f 524//1429 84//1429 210//1429
f 470//1430 696//1430 234//1430
f 470//1431 234//1431 471//1431
f 714//1432 79//1432 98//1432
f 714//1433 98//1433 651//1433
f 745//1434 748//1434 746//1434
f 748//1435 809//1435 746//1435
f 748//1436 787//1436 809//1436
f 787//1437 810//1437 809//1437
f 787//1438 811//1438 810//1438
f 813//1439 812//1439 811//1439
f 633//1440 632//1440 321//1440
f 633//1441 321//1441 657//1441
f 710//1442 787//1442 748//1442
f 710//1443 748//1443 713//1443
f 97//1444 3//1444 2//1444
f 97//1445 2//1445 785//1445
f 484//1446 608//1446 814//1446
f 484//1447 814//1447 485//1447
f 609//1448 557//1448 706//1448
f 609//1449 706//1449 489//1449
f 49//1450 29//1450 48//1450
f 49//1451 54//1451 29//1451
f 25//1452 24//1452 217//1452
f 24//1453 218//1453 217//1453
f 69//1454 8//1454 218//1454
f 8//1455 7//1455 218//1455
f 7//1456 9//1456 218//1456
f 9//1457 222//1457 218//1457
f 24//1458 53//1458 218//1458
f 53//1459 54//1459 218//1459
f 54//1460 69//1460 218//1460
f 523//1461 525//1461 85//1461
f 761//1192 756//1192 755//1192
f 761//1192 755//1192 688//1192
f 92//1462 816//1462 525//1462
f 431//1463 186//1463 188//1463
f 431//1464 188//1464 536//1464
f 91//1465 808//1465 815//1465
f 221//1466 223//1466 547//1466
f 221//1466 547//1466 817//1466
f 547//1467 818//1467 817//1467
f 547//1468 652//1468 818//1468
f 547//1469 546//1469 652//1469
f 530//1470 445//1470 256//1470
f 530//1471 256//1471 258//1471
f 98//1472 819//1472 652//1472
f 705//1473 647//1473 722//1473
f 705//1474 722//1474 685//1474
f 80//1475 92//1475 81//1475
f 566//1476 615//1476 564//1476
f 566//1477 564//1477 562//1477
f 717//1478 555//1478 554//1478
f 717//1479 554//1479 684//1479
f 749//1480 748//1480 745//1480
f 747//1481 499//1481 683//1481
f 747//1481 683//1481 682//1481
f 786//1439 813//1439 811//1439
f 786//1482 811//1482 787//1482
f 96//1483 97//1483 99//1483
f 96//1484 99//1484 629//1484
f 706//1485 557//1485 491//1485
f 706//1486 491//1486 604//1486
f 4//1487 61//1487 78//1487
f 4//1488 78//1488 5//1488
f 485//1489 814//1489 786//1489
f 485//1490 786//1490 709//1490
f 282//1491 281//1491 287//1491
f 282//1492 287//1492 669//1492
f 11//1493 223//1493 9//1493
f 223//1494 222//1494 9//1494
f 80//1495 93//1495 92//1495
f 437//1496 207//1496 206//1496
f 437//1497 206//1497 438//1497
f 11//1498 13//1498 546//1498
f 13//1499 603//1499 546//1499
f 403//1500 277//1500 279//1500
f 403//1501 279//1501 368//1501
f 353//1502 388//1502 338//1502
f 353//1503 338//1503 337//1503
f 725//1504 705//1504 685//1504
f 725//1505 685//1505 716//1505
f 750//1177 276//1177 274//1177
f 750//1177 274//1177 752//1177
f 608//1506 629//1506 631//1506
f 608//1507 631//1507 814//1507
f 608//1508 591//1508 96//1508
f 608//1509 96//1509 629//1509
f 486//1510 485//1510 709//1510
f 486//1511 709//1511 542//1511
f 649//1512 472//1512 534//1512
f 649//1513 534//1513 533//1513
f 335//1514 6//1514 94//1514
f 335//1515 23//1515 6//1515
f 23//1516 334//1516 22//1516
f 334//1517 21//1517 22//1517
f 334//1518 19//1518 21//1518
f 334//1519 527//1519 19//1519
f 527//1520 104//1520 19//1520
f 104//1521 17//1521 19//1521
f 104//1522 103//1522 17//1522
f 103//1523 105//1523 15//1523
f 105//1524 603//1524 15//1524
f 603//1525 13//1525 15//1525
f 520//450 526//450 301//450
f 520//1526 301//1526 457//1526
f 601//1527 592//1527 203//1527
f 601//1528 203//1528 202//1528
f 583//1529 582//1529 252//1529
f 583//1530 252//1530 251//1530
f 722//1531 647//1531 593//1531
f 722//1532 593//1532 701//1532
f 23//1533 335//1533 334//1533
