# Blender 4.3.2
# www.blender.org
mtllib right_little_2_collision.mtl
o right_little_2_collision
v 0.042167 -0.006100 -0.001092
v 0.042170 -0.005421 -0.001079
v 0.042271 -0.005436 -0.000980
v 0.042456 -0.005564 -0.000791
v 0.041971 -0.005478 -0.001267
v 0.042290 -0.006758 -0.000961
v 0.042170 -0.006780 -0.001079
v 0.041711 -0.006383 -0.001496
v 0.041663 -0.006100 -0.001537
v 0.041837 -0.006607 -0.001388
v 0.042007 -0.006742 -0.001234
v 0.042198 -0.010141 -0.000640
v 0.041897 -0.010568 -0.000876
v 0.042052 -0.010081 -0.000819
v 0.041852 -0.011019 -0.000805
v 0.041730 -0.010853 -0.000988
v 0.041682 -0.010631 -0.001093
v 0.041642 -0.010771 -0.001088
v 0.041625 -0.010555 -0.001156
v 0.042188 -0.010932 -0.000423
v 0.042208 -0.011010 -0.000321
v 0.042090 -0.011122 -0.000435
v 0.042059 -0.011035 -0.000551
v 0.042008 -0.011101 -0.000581
v 0.042004 -0.011052 -0.000613
v 0.042004 -0.011160 -0.000531
v 0.043218 -0.007739 0.000237
v 0.043219 -0.007796 0.000239
v 0.043074 -0.007857 0.000038
v 0.043354 -0.008135 0.000494
v 0.043327 -0.007830 0.000407
v 0.043436 -0.007986 0.000603
v 0.043467 -0.008497 0.000750
v 0.043482 -0.008531 0.000790
v 0.043415 -0.008733 0.000723
v 0.043396 -0.008715 0.000677
v 0.043329 -0.008876 0.000613
v 0.043295 -0.008861 0.000544
v 0.043239 -0.008954 0.000485
v 0.043492 -0.008094 0.000722
v 0.043431 -0.007900 0.000589
v 0.043495 -0.008553 0.000891
v 0.043509 -0.008310 0.000791
v 0.043392 -0.003478 0.000673
v 0.043471 -0.003727 0.000751
v 0.043484 -0.003991 0.000721
v 0.043239 -0.003246 0.000485
v 0.043274 -0.003319 0.000516
v 0.043157 -0.003277 0.000339
v 0.043431 -0.004300 0.000589
v 0.043427 -0.004236 0.000584
v 0.043495 -0.003648 0.000891
v 0.043482 -0.003670 0.000790
v 0.043415 -0.003468 0.000723
v 0.043492 -0.004106 0.000722
v 0.043509 -0.003891 0.000791
v 0.042197 -0.002061 -0.000641
v 0.042052 -0.002119 -0.000819
v 0.041897 -0.001633 -0.000876
v 0.041732 -0.001344 -0.000984
v 0.041683 -0.001580 -0.001095
v 0.041709 -0.001781 -0.001113
v 0.041625 -0.001646 -0.001156
v 0.041642 -0.001430 -0.001088
v 0.041712 -0.001243 -0.000966
v 0.042064 -0.001168 -0.000546
v 0.042004 -0.001149 -0.000613
v 0.042007 -0.001119 -0.000594
v 0.042090 -0.001079 -0.000435
v 0.038983 -0.012933 -0.002253
v 0.039220 -0.013145 -0.002042
v 0.038827 -0.013219 -0.002116
v 0.040284 -0.012617 -0.001559
v 0.040273 -0.012805 -0.001466
v 0.039871 -0.012732 -0.001891
v 0.039610 -0.013051 -0.001899
v 0.039629 -0.012791 -0.002038
v 0.039468 -0.012829 -0.002113
v 0.037205 -0.013444 -0.002053
v 0.037625 -0.013551 -0.001888
v 0.037230 -0.013623 -0.001778
v 0.037646 -0.013668 -0.001562
v 0.039035 -0.013524 -0.001368
v 0.038908 -0.013545 -0.001389
v 0.038789 -0.013557 -0.001499
v 0.038389 -0.013617 -0.001441
v 0.037739 -0.013674 -0.001468
v 0.040018 -0.013262 -0.000994
v 0.040114 -0.013238 -0.000825
v 0.039967 -0.013290 -0.000923
v 0.039402 -0.013442 -0.001354
v 0.039475 -0.013433 -0.001222
v 0.040775 -0.012937 -0.000339
v 0.040674 -0.012977 -0.000524
v 0.041275 -0.012626 -0.000006
v 0.041380 -0.012567 0.000201
v 0.041653 -0.012364 0.000473
v 0.041886 -0.012073 0.000306
v 0.041761 -0.012277 0.000583
v 0.037597 -0.013315 -0.002168
v 0.038357 -0.013039 -0.002308
v 0.038196 -0.013290 -0.002161
v 0.038819 -0.013448 -0.001828
v 0.039363 -0.013459 -0.001273
v 0.040875 -0.012471 -0.000976
v 0.041391 -0.012409 -0.000254
v 0.040814 -0.012771 -0.000769
v 0.040178 -0.013086 -0.001248
v 0.039529 -0.013304 -0.001646
v 0.039181 -0.013383 -0.001765
v 0.040329 -0.008230 -0.002359
v 0.040336 -0.007802 -0.002364
v 0.040531 -0.007977 -0.002256
v 0.040467 -0.008744 -0.002267
v 0.040288 -0.008844 -0.002362
v 0.040152 -0.008853 -0.002434
v 0.040151 -0.008903 -0.002428
v 0.038416 -0.010981 -0.002930
v 0.038366 -0.010963 -0.002938
v 0.038418 -0.010928 -0.002937
v 0.038183 -0.010879 -0.002956
v 0.038427 -0.010442 -0.002945
v 0.038436 -0.009958 -0.002949
v 0.038677 -0.010010 -0.002917
v 0.038878 -0.010702 -0.002875
v 0.038955 -0.010533 -0.002862
v 0.039019 -0.010668 -0.002827
v 0.038873 -0.010861 -0.002855
v 0.038671 -0.010873 -0.002907
v 0.038659 -0.010992 -0.002888
v 0.038853 -0.012516 -0.002414
v 0.039685 -0.011984 -0.002195
v 0.039286 -0.012465 -0.002303
v 0.040362 -0.003302 -0.002309
v 0.040467 -0.003457 -0.002267
v 0.040288 -0.003357 -0.002362
v 0.038242 -0.002212 -0.002966
v 0.038108 -0.002180 -0.002972
v 0.038037 -0.002067 -0.002976
v 0.037922 -0.001658 -0.002973
v 0.037942 -0.001505 -0.002968
v 0.038028 -0.001444 -0.002965
v 0.038366 -0.001238 -0.002938
v 0.038418 -0.001273 -0.002937
v 0.038216 -0.001306 -0.002953
v 0.038198 -0.001275 -0.002951
v 0.038622 -0.001305 -0.002914
v 0.038427 -0.001759 -0.002945
v 0.038641 -0.002210 -0.002923
v 0.038436 -0.002242 -0.002949
v 0.038873 -0.001339 -0.002855
v 0.038841 -0.001457 -0.002882
v 0.038952 -0.001664 -0.002863
v 0.039019 -0.001532 -0.002827
v 0.038659 -0.001209 -0.002888
v 0.038416 -0.001203 -0.002926
v 0.039793 0.000550 -0.001943
v 0.039286 0.000264 -0.002303
v 0.039348 0.000656 -0.002158
v 0.038853 0.000316 -0.002415
v 0.038837 0.000758 -0.002274
v 0.037931 0.000404 -0.002480
v 0.038120 0.000862 -0.002312
v 0.039220 0.000944 -0.002042
v 0.038827 0.001018 -0.002116
v 0.038196 0.001090 -0.002161
v 0.040273 0.000604 -0.001466
v 0.040293 0.000413 -0.001549
v 0.039610 0.000850 -0.001899
v 0.040868 0.000685 -0.000258
v 0.041275 0.000425 -0.000006
v 0.040674 0.000776 -0.000524
v 0.040685 0.000783 -0.000408
v 0.039461 0.001236 -0.001228
v 0.040018 0.001061 -0.000994
v 0.039402 0.001242 -0.001354
v 0.039363 0.001259 -0.001273
v 0.039035 0.001323 -0.001370
v 0.038789 0.001356 -0.001499
v 0.038909 0.001344 -0.001391
v 0.037250 0.001497 -0.001481
v 0.037739 0.001473 -0.001470
v 0.037646 0.001467 -0.001562
v 0.038380 0.001417 -0.001442
v 0.038777 0.001365 -0.001408
v 0.037625 0.001350 -0.001888
v 0.038819 0.001247 -0.001828
v 0.039181 0.001182 -0.001765
v 0.037175 0.000934 -0.002279
v 0.037179 0.000973 -0.002260
v 0.037597 0.001114 -0.002168
v 0.039529 0.001104 -0.001646
v 0.043779 -0.004335 0.002239
v 0.043836 -0.005508 0.002419
v 0.043877 -0.006100 0.002268
v 0.042235 -0.000447 0.000689
v 0.041899 -0.000181 0.000253
v 0.041884 -0.000121 0.000313
v 0.043786 -0.006100 0.001719
v 0.043775 -0.005463 0.001714
v 0.043882 -0.006100 0.002081
v 0.043786 -0.004343 0.002052
v 0.043550 -0.003022 0.001942
v 0.042185 -0.000337 0.000834
v 0.041761 0.000076 0.000583
v 0.043811 -0.007165 0.002411
v 0.043779 -0.007866 0.002239
v 0.043004 -0.010422 0.001229
v 0.043171 -0.010326 0.001671
v 0.042753 -0.011115 0.001272
v 0.042739 -0.010885 0.000970
v 0.042717 -0.010918 0.000946
v 0.043786 -0.007858 0.002052
v 0.043550 -0.009178 0.001942
v 0.042235 -0.011754 0.000689
v 0.042185 -0.011864 0.000834
v 0.043663 -0.005172 0.003696
v 0.043604 -0.004146 0.003684
v 0.043484 -0.004107 0.004598
v 0.039222 -0.005827 0.008259
v 0.039225 -0.006100 0.008260
v 0.039989 -0.006100 0.008053
v 0.040070 -0.005310 0.008017
v 0.038217 -0.001887 0.008057
v 0.038364 -0.002117 0.008081
v 0.039188 -0.001712 0.007744
v 0.038434 -0.002239 0.008093
v 0.038434 0.001156 0.005658
v 0.038766 0.001292 0.005145
v 0.038451 0.001396 0.005043
v 0.039150 0.001529 0.003477
v 0.039158 0.001546 0.002676
v 0.038827 0.001613 0.002663
v 0.041791 0.000421 0.004197
v 0.042109 0.000127 0.003400
v 0.041627 0.000554 0.003277
v 0.043051 -0.001417 0.003587
v 0.042875 -0.001007 0.003556
v 0.042833 -0.000899 0.004478
v 0.042699 -0.000671 0.003524
v 0.042397 -0.000198 0.004368
v 0.042514 -0.000372 0.003488
v 0.042330 -0.000124 0.003449
v 0.043095 -0.001555 0.004546
v 0.043678 -0.006100 0.003699
v 0.043541 -0.006100 0.004516
v 0.041462 0.000060 0.005787
v 0.041064 -0.000265 0.006406
v 0.041997 -0.000532 0.005932
v 0.041537 -0.000811 0.006519
v 0.042380 -0.001187 0.006030
v 0.041884 -0.001403 0.006598
v 0.041710 0.000288 0.005045
v 0.042290 -0.000328 0.005212
v 0.042703 -0.001020 0.005323
v 0.042946 -0.001668 0.005390
v 0.042610 -0.001803 0.006089
v 0.043247 -0.002125 0.004586
v 0.043081 -0.002235 0.005428
v 0.038185 0.001726 0.002726
v 0.038316 0.001694 0.003410
v 0.039065 0.000852 0.005937
v 0.038417 0.001039 0.005889
v 0.038377 0.000809 0.006267
v 0.040537 -0.000690 0.006924
v 0.039904 -0.001184 0.007363
v 0.040938 -0.001161 0.006998
v 0.040221 -0.001563 0.007403
v 0.041243 -0.001666 0.007055
v 0.039809 0.000568 0.006079
v 0.040029 0.000918 0.005364
v 0.039179 0.001191 0.005186
v 0.040145 0.001149 0.004553
v 0.039209 0.001412 0.004353
v 0.040149 0.001270 0.003680
v 0.039501 0.001468 0.002717
v 0.039104 -0.000538 0.007264
v 0.039537 -0.000846 0.007317
v 0.040062 -0.000283 0.006830
v 0.039492 0.000071 0.006718
v 0.040497 0.000190 0.006258
v 0.040818 0.000537 0.005594
v 0.041011 0.000770 0.004822
v 0.041064 0.000896 0.003965
v 0.040200 0.001270 0.002867
v 0.042103 -0.001964 0.006649
v 0.041590 -0.002605 0.007130
v 0.042241 -0.002473 0.006681
v 0.042384 -0.003417 0.006709
v 0.042744 -0.002349 0.006121
v 0.042870 -0.003335 0.006135
v 0.040946 -0.005277 0.007719
v 0.041599 -0.006100 0.007383
v 0.041728 -0.005252 0.007297
v 0.040791 -0.006100 0.007795
v 0.040087 -0.004475 0.007967
v 0.041004 -0.004407 0.007647
v 0.039853 -0.002946 0.007846
v 0.040794 -0.002758 0.007506
v 0.040473 -0.001967 0.007439
v 0.043253 -0.004185 0.005417
v 0.043208 -0.003243 0.005446
v 0.042903 -0.004256 0.006117
v 0.042419 -0.004316 0.006721
v 0.041000 0.000940 0.003096
v 0.040019 -0.008524 0.007907
v 0.039853 -0.009255 0.007846
v 0.040794 -0.009442 0.007506
v 0.039682 -0.013624 0.002752
v 0.040121 -0.013497 0.002847
v 0.040149 -0.013471 0.003680
v 0.043674 -0.006541 0.003699
v 0.043183 -0.010404 0.003609
v 0.043247 -0.010076 0.004586
v 0.043095 -0.010646 0.004546
v 0.043051 -0.010784 0.003587
v 0.042880 -0.011184 0.003557
v 0.042833 -0.011302 0.004478
v 0.042699 -0.011530 0.003524
v 0.042513 -0.011827 0.003488
v 0.042397 -0.012002 0.004368
v 0.042329 -0.012076 0.003450
v 0.042066 -0.012369 0.003390
v 0.041791 -0.012621 0.004197
v 0.041720 -0.012683 0.003303
v 0.041546 -0.012815 0.003255
v 0.041064 -0.013097 0.003965
v 0.040886 -0.013197 0.003062
v 0.038766 -0.013493 0.005145
v 0.038452 -0.013561 0.005145
v 0.038449 -0.013661 0.004815
v 0.039065 -0.013052 0.005937
v 0.038392 -0.013100 0.006124
v 0.038416 -0.013240 0.005889
v 0.039188 -0.010489 0.007744
v 0.038433 -0.009962 0.008093
v 0.038383 -0.010051 0.008084
v 0.040473 -0.010233 0.007439
v 0.038685 -0.009428 0.008141
v 0.038825 -0.009040 0.008170
v 0.038959 -0.008564 0.008200
v 0.040070 -0.006891 0.008017
v 0.039141 -0.007571 0.008241
v 0.040087 -0.007726 0.007967
v 0.041884 -0.010798 0.006598
v 0.042380 -0.011014 0.006030
v 0.042103 -0.010237 0.006649
v 0.042610 -0.010398 0.006089
v 0.042241 -0.009728 0.006681
v 0.042744 -0.009851 0.006121
v 0.042870 -0.008866 0.006135
v 0.043208 -0.008957 0.005446
v 0.043253 -0.008016 0.005417
v 0.043484 -0.008094 0.004598
v 0.038760 -0.013709 0.004315
v 0.038395 -0.013825 0.004014
v 0.043593 -0.008182 0.003682
v 0.043408 -0.009060 0.004614
v 0.043081 -0.009966 0.005428
v 0.042946 -0.010533 0.005390
v 0.043423 -0.009431 0.003650
v 0.038633 -0.009553 0.008130
v 0.040221 -0.010638 0.007403
v 0.039904 -0.011017 0.007363
v 0.038680 -0.013841 0.002659
v 0.038276 -0.013907 0.003181
v 0.038185 -0.013926 0.002726
v 0.041004 -0.007794 0.007647
v 0.040959 -0.008635 0.007576
v 0.041728 -0.006949 0.007297
v 0.040946 -0.006924 0.007719
v 0.041785 -0.007840 0.007234
v 0.041748 -0.008714 0.007184
v 0.041590 -0.009595 0.007130
v 0.039150 -0.013730 0.003477
v 0.039387 -0.013696 0.002703
v 0.041243 -0.010535 0.007055
v 0.042384 -0.008784 0.006709
v 0.042419 -0.007885 0.006721
v 0.038373 -0.013810 0.000711
v 0.039024 -0.013700 0.000716
v 0.039573 -0.013577 0.000827
v 0.041374 -0.012802 0.001849
v 0.041824 -0.012446 0.002169
v 0.040044 0.001238 0.001043
v 0.039573 0.001376 0.000827
v 0.041374 0.000601 0.001849
v 0.040925 0.000870 0.001548
v 0.039024 0.001499 0.000716
v 0.036961 0.001863 0.002967
v 0.037437 0.001754 0.000953
v 0.037802 0.001712 0.000984
v 0.036790 0.001801 0.001041
v 0.020074 -0.014234 0.006282
v 0.021422 -0.014223 0.006104
v 0.019906 -0.014180 0.007133
v 0.020794 -0.014108 0.007582
v 0.020802 -0.014058 0.007864
v 0.022823 -0.014098 0.007262
v 0.022771 -0.013960 0.007962
v 0.021638 -0.013837 0.008619
v 0.022717 -0.013764 0.008621
v 0.022345 -0.013518 0.009289
v 0.023405 -0.012681 0.010282
v 0.025065 -0.012324 0.010235
v 0.023827 -0.012144 0.010673
v 0.025027 -0.011805 0.010629
v 0.024154 -0.011560 0.010986
v 0.024240 -0.011369 0.011070
v 0.024985 -0.011215 0.010969
v 0.024439 -0.010844 0.011264
v 0.024887 -0.009806 0.011489
v 0.024784 -0.009391 0.011607
v 0.024670 -0.009994 0.011492
v 0.024939 -0.010550 0.011255
v 0.024567 -0.010418 0.011389
v 0.024848 -0.008959 0.011671
v 0.029627 -0.008749 0.010555
v 0.024941 -0.008068 0.011763
v 0.029641 -0.007987 0.010641
v 0.024969 -0.007678 0.011790
v 0.021081 0.001797 0.008116
v 0.020794 0.001907 0.007582
v 0.020208 0.001949 0.007371
v 0.024845 -0.003197 0.011666
v 0.024887 -0.002395 0.011489
v 0.024679 -0.002246 0.011501
v 0.023829 -0.000060 0.010675
v 0.025065 0.000123 0.010235
v 0.023405 0.000483 0.010278
v 0.018948 0.002043 0.006343
v 0.018761 0.002045 0.006341
v 0.019314 0.002023 0.006700
v 0.020291 0.002031 0.006261
v 0.019126 0.002041 0.006341
v 0.022660 0.001309 0.009237
v 0.022717 0.001563 0.008621
v 0.022388 0.001297 0.009322
v 0.021800 0.001576 0.008771
v 0.022771 0.001759 0.007962
v 0.028972 0.001771 0.006448
v 0.022823 0.001898 0.007262
v 0.028911 0.001847 0.006065
v 0.024566 -0.001783 0.011389
v 0.024939 -0.001651 0.011255
v 0.024458 -0.001418 0.011282
v 0.024985 -0.000986 0.010969
v 0.024169 -0.000677 0.011000
v 0.034427 -0.006100 0.009549
v 0.029632 -0.003708 0.010587
v 0.032588 -0.004086 0.009922
v 0.032697 -0.003162 0.009777
v 0.038421 0.001585 0.004274
v 0.038378 0.001650 0.003849
v 0.037088 0.001788 0.004162
v 0.031278 0.001940 0.004110
v 0.035781 0.001831 0.004466
v 0.036197 0.001895 0.003117
v 0.037091 0.001526 0.005338
v 0.037042 0.000690 0.006854
v 0.038330 0.000559 0.006596
v 0.037066 0.001034 0.006386
v 0.036783 -0.002193 0.008531
v 0.036854 -0.001443 0.008288
v 0.038633 -0.002648 0.008130
v 0.034863 -0.003076 0.009221
v 0.038710 -0.002835 0.008145
v 0.034723 -0.004020 0.009380
v 0.039150 -0.004728 0.008243
v 0.038961 -0.003645 0.008199
v 0.038825 -0.003161 0.008170
v 0.035686 0.001556 0.005696
v 0.037082 0.001311 0.005880
v 0.035629 0.001331 0.006261
v 0.035564 0.001044 0.006787
v 0.035492 0.000690 0.007272
v 0.037009 0.000276 0.007280
v 0.035411 0.000265 0.007714
v 0.036967 -0.000214 0.007662
v 0.035321 -0.000234 0.008110
v 0.036916 -0.000785 0.007998
v 0.035221 -0.000813 0.008458
v 0.035112 -0.001476 0.008760
v 0.034992 -0.002229 0.009014
v 0.033270 0.001532 0.006303
v 0.033241 0.001292 0.006876
v 0.033203 0.000989 0.007406
v 0.033158 0.000619 0.007890
v 0.033104 0.000181 0.008327
v 0.033042 -0.000328 0.008715
v 0.032969 -0.000914 0.009054
v 0.032888 -0.001579 0.009344
v 0.032797 -0.002327 0.009585
v 0.032345 -0.006100 0.010069
v 0.038217 -0.010313 0.008058
v 0.036783 -0.010008 0.008531
v 0.039221 -0.006453 0.008259
v 0.034723 -0.008181 0.009380
v 0.034863 -0.009125 0.009221
v 0.038196 -0.012087 0.007239
v 0.036967 -0.011987 0.007662
v 0.037009 -0.012477 0.007280
v 0.038305 -0.012655 0.006708
v 0.037042 -0.012891 0.006854
v 0.037082 -0.013511 0.005880
v 0.037066 -0.013234 0.006386
v 0.038443 -0.013432 0.005490
v 0.037088 -0.013988 0.004162
v 0.036961 -0.014064 0.002967
v 0.032588 -0.008115 0.009922
v 0.032697 -0.009039 0.009777
v 0.035781 -0.014032 0.004466
v 0.037091 -0.013726 0.005338
v 0.033293 -0.013913 0.005689
v 0.035686 -0.013756 0.005696
v 0.034992 -0.009972 0.009014
v 0.037800 -0.013911 0.000980
v 0.037437 -0.013955 0.000953
v 0.036790 -0.014002 0.001041
v 0.036197 -0.014096 0.003117
v 0.035550 -0.014029 0.001216
v -0.001237 -0.012136 0.009445
v 0.001275 -0.011784 0.010038
v -0.001456 -0.011655 0.009939
v 0.001249 -0.011619 0.010192
v 0.001229 -0.011482 0.010311
v -0.001565 -0.011287 0.010234
v 0.001158 -0.010883 0.010728
v -0.001614 -0.011070 0.010381
v -0.001714 -0.010408 0.010735
v 0.001105 -0.010239 0.011039
v -0.001778 -0.009612 0.011022
v 0.001073 -0.009698 0.011225
v -0.001790 -0.009373 0.011086
v 0.001061 -0.009442 0.011295
v -0.001813 -0.008689 0.011227
v 0.001025 -0.008221 0.011510
v -0.001828 -0.007907 0.011328
v 0.001019 -0.007902 0.011542
v -0.001832 -0.007576 0.011355
v 0.001017 -0.007755 0.011554
v 0.001008 -0.006100 0.011610
v -0.001838 -0.006100 0.011403
v 0.019489 -0.006100 0.012687
v 0.019094 -0.006100 0.012719
v 0.019052 -0.007166 0.012694
v 0.019049 -0.006100 0.012721
v 0.017266 -0.006100 0.012719
v 0.017331 -0.007168 0.012694
v 0.018703 -0.012253 0.010922
v 0.016206 -0.012253 0.010728
v 0.018648 -0.012650 0.010459
v 0.018756 -0.011792 0.011334
v 0.019881 -0.011768 0.011331
v 0.018808 -0.011259 0.011695
v 0.019874 -0.011232 0.011674
v 0.018858 -0.010646 0.012004
v 0.019863 -0.010616 0.011967
v 0.018908 -0.009941 0.012261
v 0.019850 -0.009911 0.012211
v 0.018957 -0.009134 0.012463
v 0.019834 -0.009105 0.012404
v 0.019005 -0.008212 0.012608
v 0.019814 -0.008189 0.012543
v 0.020703 -0.007131 0.012487
v 0.016357 -0.011796 0.011184
v 0.016510 -0.011266 0.011585
v 0.016667 -0.010653 0.011928
v 0.016828 -0.009947 0.012212
v 0.016993 -0.009139 0.012435
v 0.017160 -0.008217 0.012596
v 0.013521 -0.011239 0.011396
v 0.013771 -0.010617 0.011754
v 0.014034 -0.009904 0.012047
v 0.019886 -0.012233 0.010937
v 0.020589 -0.006100 0.012531
v 0.019004 -0.005035 0.012697
v 0.014103 -0.003111 0.012258
v 0.014396 -0.004027 0.012423
v 0.017055 -0.003985 0.012591
v 0.018573 0.000450 0.010452
v 0.016073 0.000052 0.010720
v 0.018630 0.000053 0.010916
v 0.019824 0.000435 0.010496
v 0.019825 0.000034 0.010940
v 0.020670 -0.005069 0.012494
v 0.017231 -0.005033 0.012690
v 0.014700 -0.005059 0.012528
v 0.013820 -0.002301 0.012031
v 0.016882 -0.003063 0.012430
v 0.016713 -0.002255 0.012207
v 0.013551 -0.001587 0.011739
v 0.016547 -0.001549 0.011923
v 0.019773 -0.004010 0.012548
v 0.018954 -0.003987 0.012610
v -0.001831 -0.004512 0.011347
v 0.000965 -0.004370 0.011544
v -0.001810 -0.003406 0.011209
v 0.000960 -0.003246 0.011396
v -0.001799 -0.003068 0.011142
v 0.000961 -0.003077 0.011363
v -0.001778 -0.002597 0.011025
v 0.000977 -0.002273 0.011145
v -0.001724 -0.001889 0.010777
v 0.001010 -0.001552 0.010846
v -0.001628 -0.001203 0.010426
v 0.001031 -0.001231 0.010667
v -0.001565 -0.000915 0.010234
v 0.001061 -0.000890 0.010435
v -0.001481 -0.000621 0.010004
v 0.001123 -0.000363 0.009971
v -0.001256 -0.000099 0.009485
v 0.001207 0.000132 0.009386
v -0.000974 0.000309 0.008952
v -0.001716 -0.010600 -0.003051
v -0.007792 -0.010600 0.000789
v -0.007792 -0.001600 0.000789
v -0.001716 -0.001600 -0.003051
v 0.003840 -0.014466 0.002983
v 0.018761 -0.014246 0.006341
v 0.018935 -0.014239 0.006449
v 0.001871 -0.013936 0.005209
v 0.042867 -0.003770 -0.000164
v 0.042908 -0.003522 -0.000071
v 0.004363 0.002263 0.002404
v -0.008607 -0.001600 0.001566
v 0.003840 0.002265 0.002983
v 0.004281 -0.014466 0.002495
v 0.031278 -0.014141 0.004110
v 0.023710 -0.014204 0.005669
v 0.022919 -0.014210 0.005827
v 0.000880 -0.013653 0.006394
v 0.000835 0.001436 0.006451
v 0.001844 0.001729 0.005240
v -0.009079 -0.001600 0.002587
v -0.009141 -0.001600 0.003711
v 0.001004 -0.005997 0.011609
v -0.001838 -0.006013 0.011403
v -0.009079 -0.010600 0.002587
v -0.009141 -0.010600 0.003711
v -0.008690 -0.010600 0.004928
v -0.008690 -0.001600 0.004928
v 0.005351 -0.014391 0.001271
v 0.042589 -0.006389 -0.000649
v 0.042949 -0.008026 -0.000111
v 0.042470 -0.006621 -0.000777
v 0.028969 -0.013977 0.006430
v 0.028911 -0.014049 0.006065
v 0.043333 -0.004370 0.000416
v 0.043219 -0.004405 0.000239
v 0.043131 -0.003277 0.000298
v 0.000290 -0.013414 0.007129
v 0.041850 -0.001183 -0.000810
v 0.041822 -0.001114 -0.000808
v -0.007767 -0.010600 0.005840
v -0.007767 -0.001600 0.005840
v -0.008607 -0.010600 0.001566
v 0.006911 -0.014076 -0.000784
v 0.006345 -0.014234 0.000005
v 0.005942 -0.014305 0.000536
v 0.035866 -0.013793 -0.000871
v 0.037156 -0.013703 -0.001483
v 0.041788 -0.005660 -0.001431
v 0.040622 -0.003722 -0.002189
v 0.040662 -0.003637 -0.002151
v 0.043486 -0.008225 0.000727
v 0.043316 -0.008723 0.000546
v 0.014310 -0.009094 0.012274
v 0.014596 -0.008177 0.012438
v 0.035629 -0.013532 0.006261
v 0.033270 -0.013733 0.006303
v 0.000098 -0.013321 0.007376
v 0.018593 -0.012989 0.009951
v -0.000471 -0.012974 0.008155
v -0.000900 -0.012594 0.008824
v -0.000937 -0.012553 0.008888
v -0.001128 -0.012308 0.009232
v -0.000458 -0.010600 -0.003470
v -0.000458 -0.001600 -0.003470
v 0.043072 -0.008903 0.000206
v 0.043157 -0.008924 0.000339
v 0.042328 -0.010532 -0.000373
v 0.042295 -0.010288 -0.000485
v 0.000289 0.001213 0.007131
v 0.021848 0.002018 0.006030
v 0.024388 0.001997 0.005530
v 0.005392 0.002185 0.001222
v 0.005942 0.002104 0.000536
v 0.006377 0.002027 -0.000039
v 0.006911 0.001875 -0.000784
v 0.035550 0.001829 0.001216
v 0.006983 -0.014025 -0.000888
v 0.040542 -0.003435 -0.002213
v 0.038675 -0.013824 0.003451
v 0.018514 0.000788 0.009942
v -0.000900 0.000392 0.008826
v 0.039209 -0.013613 0.004353
v 0.040145 -0.013350 0.004553
v 0.039179 -0.013392 0.005186
v 0.040029 -0.013119 0.005364
v 0.035564 -0.013245 0.006787
v 0.033241 -0.013493 0.006876
v 0.022660 -0.013510 0.009237
v 0.029115 -0.013689 0.007358
v 0.022634 -0.013339 0.009565
v 0.022580 0.001181 0.009503
v -0.000633 0.000646 0.008397
v -0.000567 0.000701 0.008296
v -0.000012 0.001062 0.007520
v 0.036289 0.001589 -0.000901
v 0.020755 -0.004046 0.012402
v 0.007049 0.001768 -0.000985
v 0.037230 0.001423 -0.001776
v 0.007390 -0.013439 -0.001498
v 0.007202 -0.013790 -0.001212
v 0.042703 -0.011181 0.005323
v 0.037776 -0.006100 -0.002994
v 0.037837 -0.006376 -0.002992
v 0.038002 -0.010176 -0.002978
v 0.037923 -0.010350 -0.002977
v 0.037923 -0.010554 -0.002973
v 0.038022 -0.010750 -0.002966
v 0.038198 -0.010926 -0.002951
v 0.037931 -0.012605 -0.002480
v 0.037253 -0.013131 -0.002282
v 0.037181 -0.013204 -0.002244
v 0.025021 -0.006100 0.011832
v 0.043408 -0.003141 0.004614
v 0.042294 -0.001917 -0.000488
v 0.041979 -0.001036 -0.000561
v 0.041949 -0.001076 -0.000637
v 0.040875 0.000270 -0.000976
v 0.041391 0.000208 -0.000254
v 0.018849 -0.002259 0.012261
v 0.018902 -0.003066 0.012465
v 0.039808 -0.012768 0.006079
v 0.035492 -0.012891 0.007272
v 0.033203 -0.013189 0.007406
v 0.022865 -0.013172 0.009784
v 0.022838 -0.013192 0.009759
v 0.019888 -0.012635 0.010493
v 0.019823 -0.000431 0.011334
v 0.018687 -0.000408 0.011330
v 0.019811 -0.001583 0.011972
v 0.018796 -0.001554 0.012004
v 0.019802 -0.002288 0.012215
v 0.040959 -0.003566 0.007576
v 0.040019 -0.003677 0.007907
v 0.033293 0.001713 0.005689
v 0.042580 -0.005783 -0.000660
v 0.042949 -0.004175 -0.000111
v 0.043076 -0.004345 0.000041
v 0.007240 0.001531 -0.001271
v 0.038048 -0.001371 -0.002961
v 0.037925 -0.001851 -0.002977
v 0.037837 -0.005825 -0.002992
v 0.037205 0.001236 -0.002060
v 0.037996 -0.005613 -0.002984
v 0.037996 -0.006587 -0.002984
v 0.038203 -0.010006 -0.002969
v 0.038414 -0.011029 -0.002915
v 0.040044 -0.013439 0.001043
v 0.040925 -0.013070 0.001548
v 0.043381 -0.002433 0.001833
v 0.019819 -0.000967 0.011677
v 0.040497 -0.012391 0.006258
v 0.038875 -0.012555 0.006627
v 0.035411 -0.012466 0.007714
v 0.033158 -0.012820 0.007890
v 0.023217 -0.012870 0.010111
v 0.043572 -0.003803 0.003677
v 0.013284 -0.011774 0.010974
v 0.040131 -0.004444 -0.002462
v 0.039909 -0.003419 -0.002551
v 0.040152 -0.003348 -0.002434
v 0.040336 -0.004399 -0.002364
v 0.013054 -0.000429 0.010956
v 0.041011 -0.012971 0.004822
v 0.014891 -0.007144 0.012542
v 0.043171 -0.001875 0.001671
v 0.042753 -0.001085 0.001272
v 0.040814 0.000570 -0.000769
v 0.040178 0.000886 -0.001248
v 0.029115 0.001488 0.007358
v 0.043189 -0.001818 0.003610
v 0.042954 -0.008782 0.000012
v 0.019789 -0.003094 0.012408
v 0.040131 -0.007757 -0.002462
v 0.039927 -0.007790 -0.002550
v 0.039916 -0.004407 -0.002556
v 0.038373 0.001609 0.000711
v 0.038414 -0.001172 -0.002915
v 0.039719 -0.007947 -0.002632
v 0.039716 -0.004248 -0.002634
v 0.041822 -0.011086 -0.000808
v 0.041712 -0.010958 -0.000966
v 0.043004 -0.003351 0.000095
v 0.042328 -0.001688 -0.000378
v 0.018742 -0.000940 0.011693
v 0.016386 -0.000935 0.011579
v 0.039492 -0.012271 0.006718
v 0.040062 -0.011918 0.006830
v 0.033042 -0.011872 0.008715
v 0.033104 -0.012382 0.008327
v 0.035321 -0.011967 0.008110
v 0.035221 -0.011388 0.008458
v 0.024962 -0.004382 0.011780
v 0.024995 -0.004991 0.011810
v 0.013295 -0.000965 0.011380
v 0.016228 -0.000405 0.011177
v 0.022920 0.000937 0.009823
v 0.042290 -0.011873 0.005212
v 0.041710 -0.012489 0.005045
v 0.036854 -0.010758 0.008288
v 0.036916 -0.011416 0.007998
v 0.041997 -0.011669 0.005932
v 0.041537 -0.011390 0.006519
v 0.041064 -0.011936 0.006406
v 0.041462 -0.012261 0.005787
v 0.039537 -0.011355 0.007317
v 0.040537 -0.011511 0.006924
v 0.040818 -0.012738 0.005594
v 0.042209 -0.002049 -0.000624
v 0.040531 -0.004224 -0.002256
v 0.041715 -0.010393 -0.001112
v 0.041671 -0.010341 -0.001155
v 0.041341 0.000393 0.000166
v 0.041824 0.000245 0.002169
v 0.040467 -0.013126 -0.000160
v 0.032969 -0.011287 0.009054
v 0.039104 -0.011663 0.007264
v 0.041748 -0.003487 0.007184
v 0.035112 -0.010725 0.008760
v 0.042903 -0.007945 0.006117
v 0.040938 -0.011039 0.006998
v 0.042714 -0.000996 0.001434
v 0.023287 0.000606 0.010168
v 0.043329 -0.003325 0.000613
v 0.043038 -0.001850 0.001260
v 0.041785 -0.004361 0.007234
v 0.039685 -0.000217 -0.002195
v 0.038847 -0.002062 -0.002887
v 0.038954 -0.001851 -0.002864
v 0.038874 -0.010170 -0.002882
v 0.038955 -0.010347 -0.002864
v 0.042714 -0.011205 0.001434
v 0.041886 -0.006100 0.007183
v 0.042299 -0.006100 0.006829
v 0.042877 -0.008275 -0.000174
v 0.039705 -0.003599 -0.002637
v 0.040069 0.001053 -0.000856
v 0.040151 -0.003297 -0.002428
v 0.039612 -0.003806 -0.002672
v 0.039609 -0.004016 -0.002673
v 0.039617 -0.008140 -0.002670
v 0.039610 -0.008394 -0.002673
v 0.039700 -0.008599 -0.002638
v 0.039902 -0.008782 -0.002552
v 0.040362 -0.008898 -0.002309
v 0.041933 -0.010106 -0.000944
v 0.041795 -0.010232 -0.001063
v 0.041984 -0.011055 -0.000637
v 0.038295 0.000377 0.006800
v 0.032797 -0.009874 0.009585
v 0.032888 -0.010622 0.009344
v 0.014981 -0.006100 0.012574
v 0.025027 -0.000396 0.010629
v 0.038202 -0.000117 0.007241
v 0.020834 -0.003137 0.012259
v 0.040475 0.000921 -0.000155
v 0.042208 -0.001191 -0.000321
v 0.040329 -0.003971 -0.002359
v 0.041804 -0.001980 -0.001056
v 0.041920 -0.002089 -0.000956
v 0.040635 -0.003964 -0.002190
v 0.040635 -0.008237 -0.002190
v 0.040622 -0.008479 -0.002189
v 0.042877 -0.003927 -0.000174
v 0.040542 -0.008766 -0.002213
v 0.042304 -0.010845 -0.000252
v 0.043381 -0.009768 0.001833
v 0.024944 -0.004133 0.011762
v 0.041683 -0.005921 -0.001521
v 0.040662 -0.008564 -0.002151
v 0.042283 -0.010758 -0.000357
v 0.043665 -0.008462 0.002357
v 0.043618 -0.008720 0.002333
v 0.042195 -0.001279 -0.000416
v 0.042285 -0.001448 -0.000356
v 0.042742 -0.001319 0.000973
v 0.042867 -0.008430 -0.000164
v 0.042899 -0.008651 -0.000087
v 0.043333 -0.006100 0.005208
v 0.042304 -0.001355 -0.000252
v 0.042628 -0.006024 -0.000607
v 0.043409 -0.002697 0.003647
vn 0.7019 0.0097 -0.7122
vn 0.7163 0.0050 -0.6978
vn 0.6848 0.0101 -0.7286
vn 0.7029 -0.0097 -0.7112
vn 0.6585 0.0042 -0.7526
vn 0.6698 -0.0022 -0.7425
vn 0.6870 -0.0101 -0.7266
vn 0.7404 -0.1606 -0.6527
vn 0.7385 -0.1766 -0.6508
vn 0.7250 -0.1614 -0.6696
vn 0.6410 -0.2118 -0.7377
vn 0.5907 -0.1988 -0.7821
vn 0.8031 -0.3837 -0.4559
vn 0.7879 -0.3736 -0.4896
vn 0.7786 -0.3850 -0.4956
vn 0.7511 -0.3285 -0.5726
vn 0.7477 -0.4505 -0.4878
vn 0.8107 -0.0021 -0.5854
vn 0.8299 -0.0829 -0.5517
vn 0.8447 -0.0754 -0.5299
vn 0.8867 -0.1446 -0.4391
vn 0.8888 -0.1456 -0.4345
vn 0.8763 -0.1849 -0.4449
vn 0.8682 -0.1736 -0.4648
vn 0.8562 -0.2178 -0.4684
vn 0.9025 -0.0113 -0.4305
vn 0.8652 -0.0249 -0.5009
vn 0.9804 -0.1198 -0.1561
vn 0.8440 0.1017 -0.5266
vn 0.8388 0.1867 -0.5114
vn 0.9052 0.0259 -0.4243
vn 0.9507 0.2515 -0.1815
vn 0.8742 0.0559 -0.4823
vn 0.9108 0.0596 -0.4085
vn 0.8875 0.0950 -0.4509
vn 0.9068 0.1101 -0.4070
vn 0.7403 0.1605 -0.6528
vn 0.7243 0.1622 -0.6701
vn 0.6313 0.1516 -0.7605
vn 0.6467 0.2085 -0.7337
vn 0.5972 0.1969 -0.7775
vn 0.6159 0.2552 -0.7454
vn 0.7544 0.3082 -0.5796
vn 0.7671 0.3996 -0.5019
vn 0.2500 -0.5274 -0.8120
vn 0.6432 -0.3685 -0.6712
vn 0.5982 -0.4731 -0.6468
vn 0.5440 -0.4269 -0.7224
vn 0.4617 -0.4448 -0.7675
vn 0.0012 -0.8368 -0.5475
vn 0.0771 -0.9367 -0.3415
vn 0.1808 -0.9787 -0.0975
vn 0.1077 -0.9600 -0.2586
vn 0.0930 -0.9829 -0.1592
vn 0.3877 -0.9177 -0.0864
vn 0.3444 -0.9307 -0.1229
vn 0.3481 -0.9286 -0.1284
vn 0.5933 -0.7901 -0.1541
vn 0.6734 -0.7270 -0.1343
vn 0.7108 -0.6769 -0.1912
vn 0.7209 -0.6721 -0.1690
vn 0.0312 -0.5196 -0.8538
vn 0.0990 -0.8152 -0.5707
vn 0.2201 -0.9595 -0.1758
vn 0.2195 -0.9707 -0.0976
vn 0.7327 -0.4797 -0.4827
vn 0.6972 -0.4964 -0.5172
vn 0.6517 -0.5895 -0.4774
vn 0.5790 -0.6123 -0.5384
vn 0.5361 -0.6769 -0.5044
vn 0.3868 -0.7113 -0.5869
vn 0.3624 -0.7324 -0.5764
vn 0.2539 -0.7519 -0.6084
vn 0.1326 -0.7768 -0.6156
vn 0.2416 -0.7620 -0.6008
vn 0.3056 -0.9052 -0.2952
vn 0.4010 -0.8831 -0.2436
vn 0.4594 -0.8394 -0.2903
vn 0.5246 -0.8183 -0.2347
vn 0.5916 -0.7520 -0.2906
vn 0.6374 -0.7302 -0.2460
vn 0.6774 -0.6804 -0.2796
vn 0.7162 -0.6555 -0.2395
vn 0.4695 -0.0175 -0.8827
vn 0.4668 0.0008 -0.8843
vn 0.4697 -0.1019 -0.8769
vn 0.1100 -0.1192 -0.9868
vn 0.0781 -0.0194 -0.9968
vn 0.1297 -0.0095 -0.9915
vn 0.3379 -0.0823 -0.9376
vn 0.3462 -0.1294 -0.9292
vn 0.1617 -0.1690 -0.9723
vn 0.1416 -0.1197 -0.9827
vn 0.1363 -0.3202 -0.9375
vn 0.5437 -0.1955 -0.8162
vn 0.4724 -0.1989 -0.8587
vn 0.4544 -0.2212 -0.8629
vn 0.3234 -0.3040 -0.8961
vn 0.2706 -0.2727 -0.9233
vn 0.5179 0.1260 -0.8461
vn 0.0460 -0.0062 -0.9989
vn -0.0004 0.0368 -0.9993
vn 0.0691 0.0584 -0.9959
vn 0.0563 0.0863 -0.9947
vn 0.1117 0.0199 -0.9935
vn 0.0756 0.0193 -0.9970
vn 0.1252 0.0095 -0.9921
vn 0.0900 0.0088 -0.9959
vn 0.2490 0.1547 -0.9561
vn 0.3275 0.0886 -0.9407
vn 0.3400 0.1242 -0.9322
vn 0.2499 0.1643 -0.9542
vn 0.1567 0.2039 -0.9664
vn 0.4681 0.2401 -0.8504
vn 0.2713 0.2955 -0.9160
vn 0.2677 0.3003 -0.9155
vn 0.0961 0.3046 -0.9476
vn 0.0949 0.3072 -0.9469
vn 0.2490 0.5109 -0.8228
vn 0.1205 0.5200 -0.8456
vn 0.1200 0.5212 -0.8449
vn 0.6353 0.3636 -0.6813
vn 0.5990 0.4599 -0.6556
vn 0.4741 0.4024 -0.7831
vn 0.6073 0.7733 -0.1818
vn 0.5333 0.8393 -0.1053
vn 0.3421 0.9322 -0.1181
vn 0.2198 0.9706 -0.0979
vn 0.2207 0.9588 -0.1789
vn 0.1818 0.9782 -0.1001
vn 0.0503 0.9913 -0.1213
vn 0.0935 0.9820 -0.1640
vn 0.1077 0.9595 -0.2602
vn 0.1367 0.9872 -0.0824
vn 0.1632 0.9835 -0.0787
vn 0.0978 0.9346 -0.3421
vn 0.1089 0.9467 -0.3033
vn 0.2170 0.9326 -0.2885
vn 0.2361 0.9357 -0.2622
vn 0.0030 0.4481 -0.8940
vn 0.0132 0.5168 -0.8560
vn 0.0321 0.5455 -0.8375
vn 0.3056 0.9052 -0.2952
vn 0.4018 0.4885 -0.7745
vn 0.2831 0.4625 -0.8402
vn 0.9972 0.0561 0.0502
vn 0.8015 0.5168 -0.3008
vn 0.9667 0.0151 -0.2554
vn 0.9789 0.0503 -0.1979
vn 0.9837 0.1779 0.0264
vn 0.7719 0.6044 -0.1973
vn 0.7333 0.6630 -0.1507
vn 0.9974 -0.0560 0.0443
vn 0.9011 -0.3421 -0.2662
vn 0.8907 -0.3405 -0.3011
vn 0.8752 -0.3643 -0.3184
vn 0.9981 -0.0551 0.0263
vn 0.9979 -0.0558 0.0325
vn 0.9837 -0.1779 0.0264
vn 0.7711 -0.6051 -0.1981
vn 0.9901 0.0583 0.1277
vn 0.2617 0.0042 0.9652
vn 0.2655 0.0160 0.9640
vn 0.2546 0.2568 0.9323
vn 0.2629 0.2414 0.9341
vn 0.1834 0.9139 0.3620
vn 0.1965 0.9802 0.0223
vn 0.6646 0.7471 -0.0101
vn 0.9188 0.3947 -0.0043
vn 0.8872 0.4612 -0.0135
vn 0.8486 0.5291 0.0081
vn 0.8483 0.5295 0.0078
vn 0.8045 0.5939 -0.0108
vn 0.9282 0.3720 0.0111
vn 0.9862 0.0163 0.1646
vn 0.9852 0.0214 0.1702
vn 0.4922 0.5993 0.6313
vn 0.4963 0.5667 0.6577
vn 0.5897 0.4457 0.6735
vn 0.5893 0.4353 0.6806
vn 0.6051 0.6817 0.4113
vn 0.6121 0.6596 0.4362
vn 0.7358 0.5110 0.4445
vn 0.7371 0.4996 0.4552
vn 0.8167 0.3525 0.4568
vn 0.8167 0.3491 0.4594
vn 0.6786 0.7130 0.1763
vn 0.6871 0.7001 0.1943
vn 0.8207 0.5400 0.1866
vn 0.8262 0.5260 0.2015
vn 0.9042 0.3811 0.1928
vn 0.9088 0.3612 0.2087
vn 0.9424 0.2665 0.2020
vn 0.9458 0.2406 0.2180
vn 0.1745 0.9846 0.0123
vn 0.2006 0.8269 0.5254
vn 0.2984 0.3909 0.8707
vn 0.3049 0.3482 0.8864
vn 0.3348 0.3012 0.8928
vn 0.2296 0.8440 0.4846
vn 0.2349 0.9256 0.2968
vn 0.2418 0.9609 0.1347
vn 0.2277 0.9671 0.1137
vn 0.2442 0.9691 0.0348
vn 0.2185 0.9756 0.0225
vn 0.2477 0.4910 0.8352
vn 0.2554 0.6411 0.7237
vn 0.2878 0.7841 0.5499
vn 0.2598 0.8330 0.4885
vn 0.3241 0.8802 0.3466
vn 0.3023 0.9046 0.3005
vn 0.3544 0.9218 0.1570
vn 0.3403 0.9312 0.1310
vn 0.3724 0.9278 0.0234
vn 0.2691 0.9630 0.0169
vn 0.3774 0.4901 0.7857
vn 0.3813 0.4514 0.8068
vn 0.4407 0.3668 0.8193
vn 0.4402 0.3571 0.8238
vn 0.4846 0.2656 0.8335
vn 0.4814 0.2458 0.8413
vn 0.5302 0.1947 0.8252
vn 0.7232 0.1302 0.6782
vn 0.7519 0.1054 0.6509
vn 0.4745 0.0169 0.8801
vn 0.3063 0.0112 0.9519
vn 0.3212 0.0264 0.9466
vn 0.3202 0.0499 0.9461
vn 0.3252 0.0560 0.9440
vn 0.2976 0.1996 0.9336
vn 0.8928 0.0286 0.4495
vn 0.8960 0.0236 0.4434
vn 0.7794 0.0159 0.6263
vn 0.7603 0.0379 0.6484
vn 0.3828 0.2140 0.8987
vn 0.3639 0.2240 0.9041
vn 0.3350 0.2887 0.8969
vn 0.2707 0.2515 0.9292
vn 0.2573 0.3114 0.9148
vn 0.2749 0.4171 0.8663
vn 0.2520 0.4876 0.8359
vn 0.3173 0.5493 0.7731
vn 0.2990 0.6117 0.7325
vn 0.3910 0.6871 0.6124
vn 0.3747 0.7344 0.5659
vn 0.4661 0.7901 0.3981
vn 0.4497 0.8178 0.3591
vn 0.5190 0.8356 0.1802
vn 0.5053 0.8488 0.1556
vn 0.3762 0.9263 0.0199
vn 0.3095 -0.1496 0.9390
vn 0.2734 -0.9617 0.0205
vn 0.9863 -0.0077 0.1646
vn 0.9653 -0.2601 0.0235
vn 0.9446 -0.3282 0.0040
vn 0.8866 -0.4624 -0.0131
vn 0.8036 -0.5950 -0.0123
vn 0.7456 -0.6664 -0.0023
vn 0.7112 -0.7026 0.0229
vn 0.6713 -0.7412 -0.0028
vn 0.6036 -0.7972 0.0065
vn 0.5398 -0.8412 0.0321
vn 0.5019 -0.8649 -0.0030
vn 0.2034 -0.9380 0.2808
vn 0.2017 -0.8320 0.5168
vn 0.2642 -0.2402 0.9341
vn 0.2976 -0.1996 0.9336
vn 0.2647 -0.1675 0.9497
vn 0.2708 -0.1419 0.9521
vn 0.2683 -0.1353 0.9538
vn 0.2693 -0.0519 0.9617
vn 0.6508 -0.3176 0.6896
vn 0.6583 -0.3115 0.6853
vn 0.6882 -0.2288 0.6885
vn 0.7035 -0.2115 0.6785
vn 0.8847 -0.1195 0.4506
vn 0.9609 -0.0371 0.2743
vn 0.1530 -0.9701 0.1884
vn 0.9893 -0.0754 0.1247
vn 0.9678 -0.0718 0.2413
vn 0.9610 -0.1255 0.2463
vn 0.8847 -0.1195 0.4507
vn 0.8578 -0.2355 0.4568
vn 0.8575 -0.2359 0.4571
vn 0.9646 -0.1585 0.2110
vn 0.9845 -0.1578 0.0761
vn 0.2716 -0.2179 0.9374
vn 0.2685 -0.2343 0.9344
vn 0.2707 -0.2515 0.9292
vn 0.2572 -0.3115 0.9148
vn 0.1716 -0.9851 0.0071
vn 0.3214 -0.0973 0.9419
vn 0.4739 -0.0318 0.8800
vn 0.4654 -0.0418 0.8841
vn 0.4634 -0.0699 0.8834
vn 0.4344 -0.0993 0.8952
vn 0.4301 -0.1317 0.8931
vn 0.2632 -0.0874 0.9608
vn 0.2681 -0.0945 0.9587
vn 0.3209 -0.0978 0.9420
vn 0.3140 -0.1455 0.9382
vn 0.3959 -0.1594 0.9043
vn 0.2439 -0.9691 0.0366
vn 0.2338 -0.9719 0.0288
vn 0.3610 -0.9324 0.0166
vn 0.3706 -0.9283 0.0299
vn 0.4846 -0.2656 0.8335
vn 0.4814 -0.2458 0.8413
vn 0.5302 -0.1947 0.8252
vn 0.5414 -0.1478 0.8277
vn 0.5864 -0.1132 0.8021
vn 0.5918 -0.0709 0.8030
vn 0.6273 -0.0344 0.7780
vn 0.1665 -0.9851 -0.0420
vn 0.2025 -0.9787 -0.0352
vn 0.2257 -0.9734 -0.0394
vn 0.2439 -0.9691 -0.0373
vn 0.6582 -0.7468 -0.0952
vn 0.6168 -0.7828 -0.0824
vn 0.6805 -0.7273 -0.0891
vn 0.2988 0.9534 -0.0423
vn 0.5461 0.8349 -0.0692
vn 0.5372 0.8410 -0.0645
vn 0.2795 0.9595 -0.0361
vn 0.2256 0.9734 -0.0388
vn 0.2254 0.9735 -0.0388
vn 0.3928 0.9183 -0.0498
vn 0.4150 0.9077 -0.0616
vn 0.1057 0.9940 -0.0289
vn 0.1167 0.9926 -0.0335
vn 0.0682 0.9970 -0.0379
vn 0.0172 -0.9976 0.0663
vn -0.0074 -0.9848 0.1736
vn 0.0318 -0.9845 0.1725
vn 0.0391 -0.9797 0.1968
vn 0.0363 -0.9691 0.2440
vn 0.0636 -0.9554 0.2885
vn 0.0614 -0.9246 0.3759
vn 0.1633 -0.6612 0.7322
vn 0.1832 -0.5418 0.8203
vn 0.2046 -0.4063 0.8905
vn 0.2054 -0.2207 0.9535
vn 0.2129 -0.3346 0.9180
vn 0.2308 -0.1244 0.9650
vn 0.2329 -0.0830 0.9689
vn -0.0039 0.9790 0.2039
vn 0.2022 0.2009 0.9585
vn 0.1626 0.6618 0.7318
vn 0.0105 0.9990 0.0437
vn 0.0115 0.9990 0.0439
vn 0.0090 0.9989 0.0452
vn 0.0799 0.9188 0.3867
vn 0.0757 0.9198 0.3851
vn 0.0463 0.9793 0.1972
vn 0.0448 0.9815 0.1862
vn 0.2129 0.3334 0.9184
vn 0.1904 0.4127 0.8907
vn 0.2595 0.0042 0.9657
vn 0.2326 0.1238 0.9647
vn 0.1377 0.9811 0.1359
vn 0.1253 0.9888 0.0815
vn 0.0199 0.9984 0.0533
vn 0.0476 0.9970 0.0618
vn 0.0529 0.9970 0.0572
vn 0.1071 0.9929 0.0512
vn 0.1160 0.9930 0.0238
vn 0.1416 0.9626 0.2308
vn 0.2000 0.7668 0.6099
vn 0.1883 0.7871 0.5874
vn 0.1899 0.8292 0.5257
vn 0.2557 0.2376 0.9371
vn 0.2536 0.2561 0.9328
vn 0.2475 0.2776 0.9283
vn 0.2566 0.2112 0.9432
vn 0.2528 0.1910 0.9485
vn 0.2541 0.1824 0.9498
vn 0.2604 0.0838 0.9619
vn 0.2560 0.1233 0.9588
vn 0.2569 0.1314 0.9575
vn 0.2563 0.1617 0.9530
vn 0.1290 0.9680 0.2154
vn 0.1136 0.9228 0.3682
vn 0.1119 0.9194 0.3771
vn 0.1378 0.8671 0.4787
vn 0.1360 0.8625 0.4875
vn 0.1627 0.7914 0.5892
vn 0.1610 0.7858 0.5971
vn 0.1867 0.6972 0.6921
vn 0.1851 0.6913 0.6984
vn 0.2080 0.5900 0.7801
vn 0.2064 0.5845 0.7847
vn 0.2251 0.4792 0.8484
vn 0.2236 0.4745 0.8514
vn 0.2376 0.3733 0.8967
vn 0.2364 0.3696 0.8986
vn 0.2463 0.2778 0.9285
vn 0.2452 0.2750 0.9296
vn 0.2519 0.1928 0.9484
vn 0.0855 0.9228 0.3757
vn 0.1112 0.8665 0.4867
vn 0.1380 0.7903 0.5970
vn 0.1641 0.6960 0.6991
vn 0.1876 0.5890 0.7861
vn 0.1867 0.5802 0.7928
vn 0.2069 0.4785 0.8533
vn 0.2058 0.4709 0.8579
vn 0.2215 0.3731 0.9009
vn 0.2203 0.3668 0.9039
vn 0.2318 0.2780 0.9322
vn 0.2305 0.2729 0.9340
vn 0.2384 0.1956 0.9513
vn 0.2372 0.1914 0.9524
vn 0.2422 0.1259 0.9620
vn 0.2410 0.1225 0.9628
vn 0.2449 0.0439 0.9686
vn 0.2423 0.0414 0.9693
vn 0.2538 -0.2541 0.9333
vn 0.2595 -0.0050 0.9657
vn 0.2599 -0.0868 0.9617
vn 0.2536 -0.1852 0.9494
vn 0.2199 -0.5878 0.7786
vn 0.2094 -0.6930 0.6898
vn 0.1723 -0.8619 0.4769
vn 0.1872 -0.8351 0.5172
vn 0.1765 -0.8815 0.4379
vn 0.1429 -0.9714 0.1894
vn 0.1325 -0.9880 0.0789
vn 0.1097 -0.9927 0.0509
vn 0.1150 -0.9932 0.0187
vn 0.2325 -0.1238 0.9647
vn 0.0827 -0.9728 0.2166
vn 0.1296 -0.9679 0.2154
vn 0.1549 -0.9463 0.2838
vn 0.0631 -0.9728 0.2227
vn 0.0778 -0.9716 0.2236
vn 0.2519 -0.1928 0.9484
vn 0.1218 -0.9919 -0.0357
vn 0.1057 -0.9940 -0.0289
vn 0.0682 -0.9970 -0.0379
vn 0.0349 -0.9988 -0.0351
vn 0.0163 -0.9991 -0.0404
vn -0.0590 -0.7279 0.6832
vn -0.0586 -0.6887 0.7227
vn -0.0617 -0.6567 0.7516
vn -0.0655 -0.6358 0.7690
vn -0.0626 -0.5762 0.8149
vn -0.0643 -0.5701 0.8191
vn -0.0803 -0.3436 0.9357
vn -0.0770 -0.3283 0.9414
vn -0.0764 -0.2034 0.9761
vn -0.0692 -0.1752 0.9821
vn -0.0775 -0.1288 0.9886
vn -0.0745 -0.0991 0.9923
vn -0.0715 -0.0345 0.9968
vn -0.0724 -0.0327 0.9968
vn 0.0795 -0.0259 0.9965
vn -0.0014 -0.0235 0.9997
vn -0.0506 -0.7545 0.6544
vn 0.0143 -0.5620 0.8270
vn 0.0306 -0.5385 0.8421
vn 0.0294 -0.4520 0.8915
vn 0.0460 -0.4292 0.9020
vn 0.0448 -0.3445 0.9377
vn 0.0606 -0.3248 0.9438
vn 0.0594 -0.2459 0.9675
vn 0.0734 -0.2307 0.9703
vn 0.0720 -0.1590 0.9846
vn 0.0834 -0.1486 0.9854
vn 0.0822 -0.0851 0.9930
vn 0.1252 -0.0528 0.9907
vn 0.1251 -0.0446 0.9911
vn -0.0490 -0.5933 0.8035
vn -0.0380 -0.5582 0.8289
vn -0.0405 -0.4799 0.8764
vn -0.0296 -0.4481 0.8935
vn -0.0312 -0.3667 0.9298
vn -0.0212 -0.3407 0.9400
vn -0.0220 -0.2618 0.9649
vn -0.0133 -0.2422 0.9701
vn -0.0137 -0.1695 0.9854
vn -0.0064 -0.1554 0.9878
vn -0.0066 -0.0920 0.9957
vn -0.0002 -0.0817 0.9967
vn -0.0002 -0.0253 0.9997
vn 0.0588 -0.0251 0.9980
vn -0.0562 -0.5918 0.8041
vn -0.0597 -0.4801 0.8752
vn -0.0585 -0.4759 0.8775
vn -0.0603 -0.3595 0.9312
vn -0.0606 -0.3604 0.9308
vn -0.0454 -0.6630 0.7473
vn 0.0012 -0.6667 0.7454
vn 0.0159 -0.6455 0.7636
vn 0.1406 -0.0260 0.9897
vn 0.0588 0.0254 0.9979
vn -0.0650 0.1559 0.9856
vn -0.0505 0.7557 0.6530
vn -0.0134 0.7588 0.6511
vn -0.0013 0.7421 0.6703
vn 0.0795 0.0271 0.9965
vn 0.1219 0.0464 0.9915
vn 0.1406 0.0247 0.9898
vn -0.0644 0.0824 0.9945
vn -0.0646 0.0820 0.9945
vn -0.0627 0.2535 0.9653
vn -0.0623 0.3586 0.9314
vn -0.0619 0.3602 0.9308
vn 0.0780 0.0856 0.9933
vn -0.0637 0.1602 0.9850
vn -0.0641 0.2486 0.9665
vn -0.0762 0.1249 0.9892
vn -0.0745 0.1298 0.9887
vn -0.0775 0.1948 0.9778
vn -0.0773 0.1964 0.9775
vn -0.0763 0.2452 0.9665
vn -0.0730 0.2615 0.9624
vn -0.0805 0.3343 0.9390
vn -0.0707 0.3853 0.9201
vn -0.0793 0.4628 0.8829
vn -0.0735 0.4894 0.8690
vn -0.0687 0.5630 0.8236
vn -0.0680 0.5656 0.8218
vn -0.0651 0.6270 0.7763
vn -0.0624 0.7169 0.6944
vn -0.0517 0.8063 0.5893
vn -0.5342 -0.0000 -0.8454
vn 0.0107 -0.9998 0.0175
vn 0.0098 -0.9997 0.0219
vn 0.0026 -0.9985 0.0540
vn -0.0071 -0.9954 0.0959
vn -0.0349 -0.9787 0.2023
vn 0.7530 0.1145 -0.6480
vn 0.7585 0.1187 -0.6407
vn -0.2586 0.9270 -0.2716
vn -0.2628 0.9345 -0.2402
vn 0.0114 -0.9999 0.0103
vn 0.0114 -0.9999 0.0113
vn 0.0113 -0.9998 0.0145
vn 0.0085 -1.0000 0.0007
vn 0.0212 -0.9973 0.0697
vn 0.0215 -0.9971 0.0728
vn 0.0086 -1.0000 0.0015
vn 0.0143 -0.9977 0.0658
vn 0.0107 -0.9991 0.0410
vn 0.0228 -0.9931 0.1153
vn -0.0351 -0.9778 0.2065
vn -0.0350 -0.9784 0.2038
vn 0.0241 -0.9958 0.0881
vn -0.2894 0.9572 -0.0096
vn -0.2872 0.9578 -0.0159
vn -0.0723 0.0081 0.9974
vn -0.0725 0.0011 0.9974
vn -0.9985 -0.0000 -0.0551
vn -0.9376 -0.0000 0.3477
vn -0.2564 -0.9249 -0.2809
vn 0.0118 -0.9986 -0.0510
vn 0.0123 -0.9992 -0.0390
vn 0.7838 -0.0316 -0.6202
vn 0.7663 -0.0423 -0.6410
vn 0.0199 -0.9984 0.0533
vn 0.0197 -0.9983 0.0553
vn 0.0200 -0.9981 0.0581
vn 0.0472 -0.9805 0.1909
vn 0.0457 -0.9815 0.1858
vn 0.0385 -0.9872 0.1548
vn 0.8269 0.0977 -0.5538
vn 0.8235 0.0926 -0.5597
vn -0.0401 -0.9593 0.2796
vn -0.0412 -0.9455 0.3229
vn -0.3061 -0.9499 0.0627
vn 0.6752 0.2576 -0.6912
vn 0.6624 0.2881 -0.6915
vn -0.7031 -0.0000 0.7111
vn 0.7448 0.6653 0.0522
vn 0.7139 0.7002 0.0044
vn -0.2806 -0.9511 -0.1295
vn -0.2858 -0.9580 -0.0247
vn 0.4018 -0.4893 -0.7740
vn 0.3349 -0.4491 -0.8284
vn -0.6896 -0.0000 -0.7242
vn -0.2512 -0.8826 -0.3974
vn -0.2509 -0.8984 -0.3604
vn -0.2527 -0.9151 -0.3143
vn -0.2530 -0.9166 -0.3096
vn 0.0115 -0.9943 -0.1060
vn 0.0118 -0.9973 -0.0723
vn 0.0116 -0.9934 -0.1145
vn 0.0142 -0.9932 -0.1157
vn 0.6166 0.0640 -0.7847
vn 0.6244 0.0707 -0.7779
vn 0.1136 -0.9228 0.3682
vn 0.8491 -0.1037 -0.5180
vn 0.8538 -0.1011 -0.5107
vn -0.0669 -0.1557 0.9855
vn -0.0679 -0.1752 0.9822
vn 0.0855 -0.9228 0.3757
vn 0.0842 -0.9249 0.3709
vn 0.0657 -0.9552 0.2887
vn 0.0622 -0.9613 0.2685
vn 0.0528 -0.9730 0.2245
vn -0.0414 -0.9448 0.3249
vn -0.0424 -0.8838 0.4660
vn -0.0443 -0.8854 0.4628
vn -0.0440 -0.9242 0.3793
vn -0.3341 -0.9273 0.1689
vn -0.3643 -0.8905 0.2727
vn -0.3865 -0.8602 0.3326
vn -0.4009 -0.8371 0.3722
vn -0.4244 -0.7973 0.4292
vn -0.3162 -0.0000 -0.9487
vn 0.8170 -0.1787 -0.5482
vn 0.8000 -0.1603 -0.5783
vn -0.3068 0.9495 0.0649
vn -0.0357 0.9777 0.2070
vn -0.0351 0.9789 0.2014
vn -0.0162 0.9911 0.1318
vn 0.0020 0.9984 0.0567
vn 0.0108 0.9998 0.0177
vn 0.0088 0.9996 0.0266
vn 0.0099 0.9997 0.0213
vn 0.0109 0.9998 0.0167
vn 0.0112 0.9998 0.0146
vn 0.0113 0.9998 0.0143
vn 0.0114 0.9999 0.0113
vn 0.0114 0.9999 0.0071
vn -0.2560 0.9240 -0.2839
vn -0.2529 0.9164 -0.3102
vn -0.2526 0.9150 -0.3146
vn -0.2510 0.8975 -0.3627
vn -0.2512 0.8826 -0.3974
vn 0.0124 0.9992 -0.0390
vn 0.0118 0.9984 -0.0559
vn -0.9079 -0.0000 -0.4192
vn -0.1836 -0.8141 -0.5509
vn -0.1918 -0.8239 -0.5333
vn -0.0010 -0.8988 -0.4384
vn 0.1334 -0.9872 -0.0874
vn 0.1367 -0.9868 -0.0873
vn 0.0111 -0.9922 -0.1243
vn 0.0113 -0.9925 -0.1218
vn 0.0283 -0.9669 -0.2537
vn 0.0518 -0.9915 -0.1195
vn 0.1297 -0.3161 0.9398
vn 0.1283 -0.3216 0.9382
vn 0.9282 -0.3720 0.0110
vn 0.9201 -0.3917 -0.0023
vn 0.5959 0.1092 -0.7956
vn 0.5900 0.1139 -0.7994
vn 0.1918 -0.9812 0.0211
vn 0.1560 -0.9849 0.0752
vn -0.0478 0.8465 0.5303
vn -0.0487 0.8299 0.5558
vn 0.1953 -0.9711 0.1375
vn 0.1870 -0.9600 0.2086
vn 0.2121 -0.9443 0.2515
vn 0.2132 -0.9410 0.2626
vn 0.2023 -0.9379 0.2819
vn 0.2040 -0.9406 0.2713
vn 0.1942 -0.9171 0.3482
vn 0.2082 -0.8993 0.3845
vn 0.2076 -0.8752 0.4369
vn -0.0662 0.1555 0.9856
vn -0.0680 0.1299 0.9892
vn 0.1112 -0.8665 0.4867
vn 0.1044 -0.8810 0.4614
vn 0.0816 -0.9285 0.3622
vn 0.0874 -0.9176 0.3879
vn 0.0876 -0.9171 0.3890
vn 0.0855 -0.9230 0.3753
vn 0.0836 -0.9260 0.3682
vn 0.0974 -0.8789 0.4670
vn -0.0206 0.8322 0.5541
vn -0.0198 0.8309 0.5561
vn 0.1744 0.8735 0.4544
vn 0.1719 0.8620 0.4769
vn -0.0475 -0.8497 0.5251
vn -0.0451 -0.8806 0.4716
vn -0.4241 0.7976 0.4289
vn -0.4132 0.8155 0.4053
vn -0.3886 0.8570 0.3385
vn -0.3712 0.8817 0.2911
vn -0.3578 0.9003 0.2480
vn -0.3389 0.9219 0.1876
vn -0.4240 -0.7981 0.4282
vn -0.0516 -0.7900 0.6109
vn -0.6141 -0.2326 0.7542
vn -0.6283 -0.1776 0.7574
vn -0.6473 -0.1095 0.7543
vn -0.6596 -0.0703 0.7483
vn 0.0109 0.9921 -0.1252
vn 0.0116 0.9937 -0.1114
vn -0.6839 0.0009 0.7296
vn -0.4536 -0.7304 0.5106
vn -0.4948 -0.6283 0.6004
vn -0.5205 -0.5563 0.6478
vn -0.5504 -0.4571 0.6986
vn -0.5907 -0.3151 0.7428
vn -0.0443 0.9172 0.3960
vn -0.0426 0.9318 0.3605
vn -0.0422 0.9424 0.3319
vn -0.0403 0.9586 0.2819
vn -0.0371 0.9698 0.2410
vn 0.0247 0.9916 0.1273
vn 0.0230 0.9963 0.0827
vn 0.0226 0.9965 0.0807
vn 0.0166 0.9983 0.0552
vn 0.0218 0.9969 0.0750
vn 0.0202 0.9980 0.0601
vn 0.0197 0.9983 0.0553
vn 0.9911 0.0583 0.1194
vn 0.9916 0.0652 0.1119
vn -0.1835 0.8144 -0.5505
vn 0.0118 0.9973 -0.0726
vn 0.0115 0.9942 -0.1073
vn 0.4589 -0.1854 -0.8689
vn 0.4243 -0.1950 -0.8843
vn 0.0104 0.9900 -0.1406
vn 0.1485 0.0320 0.9884
vn 0.1223 0.0785 0.9894
vn -0.1800 0.8114 -0.5560
vn -0.0023 0.8816 -0.4719
vn -0.0280 -0.6215 -0.7829
vn -0.1284 -0.7596 -0.6376
vn 0.9088 -0.3613 0.2088
vn 0.9042 -0.3811 0.1928
vn 0.0130 -0.0049 -0.9999
vn 0.0128 -0.0031 -0.9999
vn 0.0129 -0.0097 -0.9999
vn 0.0130 -0.0200 -0.9997
vn 0.0130 -0.0283 -0.9995
vn 0.0128 -0.0624 -0.9980
vn 0.0125 -0.1040 -0.9945
vn 0.0106 -0.2718 -0.9623
vn 0.0054 -0.3571 -0.9340
vn -0.0035 -0.4666 -0.8845
vn -0.0153 -0.5987 -0.8008
vn -0.0192 -0.8314 0.5554
vn -0.0185 -0.8304 0.5569
vn 0.2339 -0.0338 0.9717
vn 0.2356 -0.0423 0.9709
vn -0.3220 0.9397 0.1149
vn -0.3238 0.9385 0.1201
vn 0.1663 -0.9827 -0.0812
vn 0.9646 0.1585 0.2110
vn 0.9610 0.1255 0.2463
vn 0.7500 0.1743 -0.6381
vn 0.7570 0.1835 -0.6271
vn 0.7263 0.4484 -0.5210
vn 0.7372 0.4685 -0.4869
vn -0.0631 -0.1569 0.9856
vn -0.0619 -0.1607 0.9851
vn 0.2349 -0.9256 0.2968
vn 0.1960 -0.7857 0.5868
vn 0.2143 -0.8612 0.4609
vn -0.0241 0.2615 0.9649
vn -0.0161 0.2430 0.9699
vn 0.2296 -0.8441 0.4846
vn 0.2423 -0.0414 0.9693
vn 0.2449 -0.0439 0.9686
vn 0.1380 -0.7903 0.5970
vn 0.1263 -0.8222 0.5551
vn 0.1236 -0.8300 0.5439
vn 0.1173 -0.8478 0.5173
vn 0.1111 -0.8658 0.4879
vn 0.1057 -0.8779 0.4671
vn -0.0004 -0.7974 0.6035
vn -0.0064 -0.8058 0.5921
vn -0.0047 0.6464 0.7630
vn 0.0114 0.6690 0.7432
vn -0.0526 -0.7613 0.6462
vn -0.6715 0.0311 0.7403
vn -0.6478 0.1062 0.7544
vn -0.6310 0.1695 0.7571
vn -0.6181 0.2167 0.7556
vn -0.5936 0.3056 0.7445
vn -0.5557 0.4392 0.7059
vn -0.5231 0.5480 0.6527
vn -0.4987 0.6185 0.6073
vn -0.4586 0.7181 0.5234
vn -0.0540 0.7427 0.6674
vn -0.0525 0.7628 0.6445
vn -0.0512 0.8030 0.5937
vn -0.0508 0.8088 0.5859
vn 0.2617 -0.0050 0.9651
vn 0.2663 -0.0159 0.9638
vn -0.0458 0.8716 0.4881
vn -0.0444 0.8821 0.4689
vn -0.0445 0.8918 0.4503
vn -0.0543 -0.7401 0.6703
vn 0.0397 0.3459 0.9374
vn 0.0558 0.3256 0.9439
vn -0.0039 0.0270 0.9996
vn -0.0014 0.0229 0.9997
vn 0.9979 0.0558 0.0325
vn 0.9981 0.0551 0.0263
vn 0.3209 0.0978 0.9420
vn 0.3214 0.0973 0.9419
vn 0.0605 0.9556 0.2884
vn 0.0464 0.9610 0.2727
vn -0.0376 0.8748 0.4831
vn 0.2045 -0.9720 0.1160
vn 0.1873 -0.9781 0.0908
vn 0.0411 0.9851 0.1672
vn 0.0631 0.9728 0.2227
vn 0.7638 0.0442 -0.6440
vn 0.7845 0.0311 -0.6194
vn 0.0455 0.9815 0.1861
vn 0.0466 0.9807 0.1899
vn 0.2558 -0.1233 0.9588
vn 0.2567 -0.1322 0.9574
vn 0.0261 0.9930 -0.1151
vn -0.1041 0.7302 -0.6753
vn -0.0154 0.5997 -0.8001
vn -0.0126 0.5707 -0.8211
vn -0.0019 0.4485 -0.8938
vn 0.0004 0.4202 -0.9075
vn 0.0064 0.3413 -0.9399
vn 0.0106 0.2718 -0.9623
vn 0.0127 0.0837 -0.9964
vn 0.0128 0.0589 -0.9982
vn 0.0130 0.0179 -0.9998
vn 0.0130 0.0351 -0.9993
vn 0.0130 0.0185 -0.9997
vn 0.0129 0.0050 -0.9999
vn 0.0129 0.0033 -0.9999
vn 0.7205 0.3097 -0.6205
vn 0.7152 0.3409 -0.6101
vn -0.0051 0.8302 -0.5574
vn -0.0047 0.8381 -0.5455
vn -0.0094 0.7666 -0.6420
vn -0.0152 -0.6015 -0.7987
vn -0.0147 -0.6260 -0.7797
vn -0.0141 -0.6423 -0.7663
vn 0.0347 -0.0000 -0.9994
vn 0.0502 -0.0000 -0.9987
vn 0.0503 -0.0000 -0.9987
vn 0.0486 -0.0012 -0.9988
vn 0.0434 -0.0018 -0.9991
vn 0.0558 -0.0164 -0.9983
vn 0.0479 -0.0185 -0.9987
vn 0.0314 -0.0191 -0.9993
vn 0.0356 -0.0200 -0.9992
vn 0.0736 -0.0168 -0.9971
vn 0.0697 -0.0595 -0.9958
vn 0.0554 -0.0902 -0.9944
vn 0.0128 -0.2722 -0.9622
vn 0.0471 -0.2803 -0.9588
vn 0.1337 -0.3020 -0.9439
vn 0.0877 -0.2904 -0.9529
vn 0.0083 -0.3603 -0.9328
vn 0.0201 -0.4847 -0.8744
vn 0.0231 -0.5025 -0.8643
vn 0.0375 -0.7268 -0.6858
vn 0.0506 -0.7732 -0.6321
vn 0.4165 -0.9068 -0.0649
vn 0.3758 -0.9256 -0.0457
vn 0.9521 0.2377 -0.1922
vn 0.9512 0.2408 -0.1932
vn 0.0065 0.9700 -0.2432
vn 0.0078 0.9809 -0.1944
vn 0.7801 -0.4800 -0.4012
vn 0.7431 -0.4704 -0.4759
vn 0.1160 0.3920 0.9126
vn 0.1180 0.4268 0.8966
vn 0.2008 -0.7792 0.5937
vn 0.2122 -0.7376 0.6411
vn 0.2074 -0.8146 0.5417
vn 0.1434 -0.2115 0.9668
vn 0.1398 -0.2278 0.9636
vn 0.2228 -0.7175 0.6599
vn 0.2198 -0.7217 0.6564
vn -0.0326 0.3666 0.9298
vn -0.0233 0.3418 0.9395
vn 0.1641 -0.6960 0.6991
vn 0.1468 -0.7541 0.6401
vn 0.1378 -0.7868 0.6016
vn 0.1343 -0.7964 0.5897
vn 0.9898 0.0947 0.1061
vn 0.9891 0.0754 0.1268
vn 0.0085 -0.7800 0.6257
vn -0.0542 -0.6924 0.7195
vn -0.0550 -0.6998 0.7122
vn -0.0549 -0.7028 0.7093
vn 0.4305 0.0151 -0.9025
vn 0.4307 0.0151 -0.9024
vn -0.0579 0.6566 0.7520
vn -0.0573 0.6710 0.7392
vn -0.0551 0.6968 0.7151
vn -0.0551 0.6988 0.7132
vn -0.0104 0.8131 0.5820
vn 0.3544 -0.9218 0.1570
vn 0.3403 -0.9312 0.1310
vn -0.0558 -0.6886 0.7230
vn 0.2698 -0.2542 -0.9287
vn 0.2930 -0.2428 -0.9248
vn -0.0625 -0.0828 0.9946
vn 0.8947 0.4427 -0.0601
vn 0.8873 0.4558 -0.0705
vn 0.5916 0.7520 -0.2906
vn 0.5246 0.8183 -0.2347
vn -0.0675 -0.0990 0.9928
vn 0.1821 -0.8535 0.4882
vn 0.1136 -0.7981 0.5916
vn 0.7035 0.2114 0.6785
vn 0.6882 0.2288 0.6885
vn 0.2277 0.1984 0.9533
vn 0.2286 0.1929 0.9542
vn -0.0573 -0.6565 0.7521
vn -0.0581 -0.6186 0.7835
vn -0.0585 -0.6009 0.7972
vn -0.0606 -0.5761 0.8151
vn 0.1037 0.8828 0.4582
vn 0.1036 0.8829 0.4580
vn 0.0872 0.9180 0.3870
vn 0.0833 0.9266 0.3666
vn 0.0842 0.9249 0.3709
vn 0.0657 0.9552 0.2887
vn 0.0622 0.9613 0.2685
vn 0.0518 0.9741 0.2200
vn 0.9380 0.3459 -0.0240
vn 0.9453 0.3259 -0.0110
vn 0.1865 0.9558 0.2273
vn 0.8229 -0.0925 -0.5606
vn 0.8236 -0.0926 -0.5595
vn 0.1875 0.9796 0.0717
vn 0.1917 0.9812 0.0244
vn 0.1374 0.2650 0.9544
vn 0.1391 0.2285 0.9635
vn 0.3968 -0.0001 -0.9179
vn 0.3977 -0.0000 -0.9175
vn 0.1577 0.9866 -0.0425
vn -0.0140 0.6378 -0.7701
vn 0.0376 0.7279 -0.6847
vn 0.0952 0.2924 -0.9516
vn 0.2634 0.3315 -0.9059
vn 0.0344 0.2773 -0.9602
vn 0.0128 0.2721 -0.9622
vn 0.0232 0.0675 -0.9975
vn 0.0281 0.0549 -0.9981
vn -0.2652 -0.9340 -0.2395
vn -0.2573 -0.9278 -0.2702
vn 0.0374 0.0182 -0.9991
vn 0.0396 0.0188 -0.9990
vn 0.0574 0.0010 -0.9984
vn 0.0479 0.0017 -0.9989
vn 0.0480 0.0017 -0.9988
vn 0.0990 0.8152 -0.5707
vn 0.0493 0.7720 -0.6337
vn 0.0691 -0.0000 -0.9976
vn -0.0659 0.2615 0.9630
vn -0.0652 0.2482 0.9665
vn 0.0891 -0.0088 -0.9960
vn 0.0702 0.0001 -0.9975
vn 0.1345 -0.0124 -0.9908
vn 0.1211 -0.0201 -0.9924
vn 0.1532 -0.2754 -0.9491
vn 0.0658 -0.3010 -0.9513
vn 0.1018 -0.2904 -0.9515
vn 0.3661 -0.0002 -0.9306
vn 0.3655 -0.0002 -0.9308
vn 0.2653 -0.9608 -0.0800
vn 0.2540 -0.9639 -0.0794
vn 0.6827 -0.2599 -0.6829
vn 0.6694 -0.2718 -0.6914
vn 0.5756 0.0952 -0.8122
vn 0.5717 0.0887 -0.8157
vn 0.8069 0.1694 -0.5658
vn 0.8003 0.1580 -0.5785
vn 0.0944 0.5045 0.8582
vn 0.0947 0.5368 0.8384
vn -0.0388 0.5598 0.8277
vn -0.0413 0.4802 0.8762
vn 0.2145 -0.6830 0.6982
vn 0.2233 -0.6027 0.7661
vn 0.2229 -0.5981 0.7698
vn 0.2192 -0.6971 0.6827
vn 0.1867 -0.5802 0.7928
vn 0.2069 -0.4785 0.8533
vn 0.2339 0.0611 0.9703
vn 0.2363 0.0422 0.9708
vn 0.2554 -0.6411 0.7237
vn 0.2244 -0.7052 0.6726
vn 0.8866 -0.4569 -0.0714
vn 0.8947 -0.4427 -0.0601
vn 0.1876 -0.5890 0.7861
vn 0.1645 -0.6829 0.7118
vn 0.1635 -0.6882 0.7068
vn 0.1498 -0.7416 0.6539
vn 0.0450 -0.6953 0.7173
vn 0.1935 -0.9810 0.0161
vn 0.1987 -0.9796 0.0287
vn 0.1555 -0.9870 -0.0403
vn 0.1645 -0.9853 -0.0451
vn 0.2327 -0.6795 0.6958
vn 0.1593 -0.5983 0.7853
vn -0.0662 0.1964 0.9783
vn 0.0460 -0.9793 0.1972
vn 0.0445 -0.9815 0.1860
vn 0.1216 -0.3840 0.9153
vn 0.1108 -0.4261 0.8979
vn -0.0610 0.4792 0.8756
vn -0.0610 0.4825 0.8738
vn -0.0612 0.4892 0.8700
vn -0.0601 0.5655 0.8226
vn -0.0583 0.5951 0.8016
vn -0.0579 0.6468 0.7604
vn -0.0551 0.6967 0.7153
vn 0.7232 -0.1302 0.6783
vn 0.7519 -0.1054 0.6508
vn 0.3202 -0.0499 0.9461
vn 0.3252 -0.0560 0.9440
vn 0.8696 -0.0000 -0.4937
vn 0.8718 -0.0003 -0.4899
vn 0.0026 0.7960 0.6052
vn 0.1178 0.8456 0.5206
vn 0.1111 0.8659 0.4877
vn 0.1061 0.8775 0.4676
vn -0.0491 -0.8269 0.5602
vn -0.0488 -0.8291 0.5570
vn 0.6871 -0.7001 0.1943
vn 0.6786 -0.7130 0.1763
vn 0.2669 -0.4632 0.8451
vn 0.1949 -0.3805 0.9040
vn 0.4963 -0.5667 0.6577
vn 0.4922 -0.5993 0.6313
vn 0.2675 0.0945 0.9589
vn 0.2603 0.0838 0.9619
vn 0.0875 0.9175 0.3880
vn 0.0855 0.9230 0.3751
vn 0.9903 0.0163 0.1382
vn 0.9915 0.0367 0.1251
vn 0.2125 0.8657 0.4532
vn 0.2058 0.8967 0.3918
vn 0.1878 0.9121 0.3644
vn 0.1919 0.9199 0.3421
vn 0.2134 0.9409 0.2629
vn 0.2113 0.9438 0.2543
vn 0.1987 0.9794 -0.0371
vn 0.1362 0.9868 -0.0874
vn 0.3036 -0.4451 0.8424
vn 0.2292 -0.4654 0.8549
vn 0.2074 0.9714 0.1157
vn 0.1998 0.9714 0.1282
vn 0.1791 0.9804 -0.0817
vn 0.1634 0.9832 -0.0811
vn 0.1326 0.7768 -0.6156
vn -0.0768 -0.2618 0.9621
vn -0.0765 -0.2662 0.9609
vn 0.3241 -0.8802 0.3466
vn 0.3023 -0.9046 0.3005
vn 0.1557 0.2749 -0.9488
vn -0.0374 0.3287 -0.9437
vn 0.1300 0.1481 -0.9804
vn 0.1301 0.1488 -0.9803
vn 0.0703 0.0169 -0.9974
vn 0.7762 0.1367 -0.6155
vn 0.7847 0.1432 -0.6032
vn 0.4817 -0.0000 -0.8763
vn 0.7146 0.0041 -0.6996
vn 0.7262 -0.0031 -0.6875
vn 0.2552 -0.1304 -0.9581
vn 0.2557 -0.1748 -0.9508
vn 0.2963 0.2488 -0.9221
vn 0.2695 0.2506 -0.9298
vn 0.6342 -0.1468 -0.7591
vn 0.6120 -0.1288 -0.7803
vn 0.4818 -0.8638 -0.1473
vn 0.3867 -0.9183 -0.0846
vn 0.4239 -0.9020 -0.0814
vn 0.6615 0.7426 -0.1045
vn 0.6647 0.7396 -0.1055
vn 0.4579 -0.8840 -0.0943
vn 0.4649 -0.8801 -0.0963
vn 0.5199 -0.8482 -0.1015
vn 0.6380 -0.7626 -0.1063
vn 0.6576 -0.7462 -0.1039
vn 0.5485 -0.8328 -0.0746
vn 0.5131 -0.8563 -0.0582
vn -0.0050 -0.8370 -0.5471
vn -0.0072 -0.8073 -0.5901
vn 0.7274 -0.6786 -0.1015
vn 0.2032 -0.4685 0.8598
vn 0.2026 -0.4715 0.8583
vn 0.0584 -0.9925 -0.1076
vn 0.0516 -0.9926 -0.1102
vn 0.0163 0.9991 -0.0404
vn 0.0349 0.9988 -0.0351
vn 0.2248 -0.5717 0.7890
vn 0.2319 -0.5238 0.8197
vn 0.2302 -0.4782 0.8475
vn 0.4171 -0.7064 0.5718
vn 0.3509 -0.7170 0.6023
vn 0.2477 -0.4910 0.8352
vn 0.3868 0.7113 -0.5869
vn 0.3624 0.7324 -0.5764
vn 0.4301 0.1317 0.8931
vn 0.3959 0.1594 0.9043
vn 0.2452 -0.2750 0.9296
vn 0.2463 -0.2778 0.9285
vn 0.7803 -0.0000 0.6254
vn 0.1856 -0.5804 0.7929
vn 0.1735 -0.6370 0.7511
vn 0.1658 -0.6744 0.7195
vn 0.8485 -0.5291 0.0082
vn 0.8468 -0.5318 0.0060
vn -0.0601 0.4759 0.8774
vn -0.0575 0.5921 0.8038
vn 0.1659 0.9170 0.3628
vn 0.1648 0.9158 0.3662
vn 0.3350 -0.2887 0.8969
vn 0.3348 -0.3012 0.8928
vn 0.8155 0.5715 -0.0915
vn 0.8071 0.5823 -0.0978
vn 0.0469 0.6901 0.7222
vn 0.1379 0.7850 0.6040
vn 0.1378 0.7857 0.6031
vn 0.1263 0.8220 0.5552
vn 0.3095 0.1496 0.9390
vn 0.3140 0.1455 0.9382
vn 0.6774 0.6804 -0.2796
vn 0.6374 0.7302 -0.2459
vn 0.2150 0.8605 0.4619
vn 0.2547 0.9637 -0.0794
vn 0.2639 0.9612 -0.0800
vn 0.9017 0.3101 -0.3014
vn 0.9119 0.3040 -0.2758
vn 0.6246 0.0708 0.7777
vn 0.5956 0.0335 0.8026
vn -0.2806 0.9511 -0.1295
vn -0.2858 0.9579 -0.0254
vn 0.4840 0.2107 -0.8493
vn 0.1302 0.0119 -0.9914
vn 0.1225 -0.5584 -0.8205
vn 0.1590 -0.4974 -0.8528
vn 0.7371 -0.4996 0.4551
vn 0.7358 -0.5110 0.4445
vn 0.1890 0.0107 -0.9819
vn 0.1913 0.0101 -0.9815
vn 0.2102 -0.0000 -0.9777
vn 0.2135 -0.0000 -0.9770
vn 0.1911 -0.0108 -0.9815
vn 0.1895 -0.0112 -0.9818
vn 0.4334 0.2027 -0.8781
vn 0.4558 0.1824 -0.8712
vn 0.4631 -0.8809 -0.0976
vn 0.8360 0.0971 -0.5401
vn 0.8354 0.0966 -0.5411
vn 0.7341 -0.6612 -0.1549
vn 0.8258 0.5474 -0.1354
vn 0.8220 0.5585 -0.1115
vn 0.8673 -0.4936 -0.0646
vn 0.8489 -0.5231 -0.0760
vn -0.0648 -0.2488 0.9664
vn -0.0652 -0.2659 0.9618
vn 0.6120 -0.6596 0.4362
vn 0.6051 -0.6817 0.4113
vn 0.8132 -0.4582 -0.3589
vn 0.8021 -0.4645 -0.3753
vn -0.0493 0.5940 0.8030
vn -0.0457 0.6645 0.7459
vn 0.2320 -0.4717 0.8507
vn 0.2406 -0.3834 0.8917
vn 0.2402 -0.3729 0.8963
vn 0.6285 -0.0140 0.7777
vn 0.6514 -0.0022 0.7587
vn 0.5864 0.1132 0.8021
vn 0.5414 0.1478 0.8277
vn 0.2364 -0.3696 0.8986
vn 0.0040 -0.7586 0.6515
vn -0.0093 -0.7415 0.6709
vn -0.0622 -0.2497 0.9663
vn -0.0610 -0.2539 0.9653
vn 0.1943 -0.5194 0.8321
vn 0.1879 -0.5601 0.8068
vn 0.1095 -0.4400 0.8913
vn -0.0649 -0.3279 0.9425
vn -0.0633 -0.3585 0.9314
vn 0.1664 -0.9826 -0.0820
vn 0.1780 -0.9809 -0.0781
vn 0.1278 0.3225 0.9379
vn 0.1296 0.3151 0.9402
vn 0.0118 0.0052 -0.9999
vn 0.0125 -0.0000 -0.9999
vn -0.0311 0.4496 0.8927
vn 0.6583 0.3115 0.6853
vn 0.6508 0.3176 0.6896
vn 0.0938 -0.5357 0.8392
vn 0.0938 -0.5103 0.8549
vn 0.1654 0.6762 0.7179
vn 0.1642 0.6838 0.7109
vn 0.1635 0.6879 0.7072
vn 0.1515 0.7350 0.6609
vn 0.1464 0.7554 0.6387
vn 0.8405 -0.0001 -0.5418
vn 0.8399 -0.0000 -0.5427
vn 0.7535 -0.0535 -0.6553
vn 0.7378 -0.0634 -0.6720
vn -0.0703 -0.4381 0.8962
vn -0.0772 -0.4795 0.8742
vn 0.2088 0.7647 0.6096
vn 0.2082 0.8156 0.5398
vn 0.2253 0.7202 0.6561
vn 0.3848 0.0069 -0.9230
vn 0.3987 0.0070 -0.9170
vn 0.4243 0.9018 -0.0822
vn 0.3740 0.9235 -0.0850
vn 0.8167 -0.3491 0.4594
vn 0.8167 -0.3526 0.4568
vn 0.6391 0.2979 -0.7090
vn 0.6168 0.2545 -0.7448
vn -0.6843 -0.0000 0.7292
vn -0.6731 -0.0268 0.7390
vn 0.5162 0.1445 -0.8442
vn 0.5104 0.1387 -0.8487
vn 0.4702 0.1037 -0.8764
vn 0.4679 0.1019 -0.8779
vn 0.3309 0.9398 -0.0859
vn 0.3145 0.9457 -0.0817
vn 0.5449 0.1501 -0.8249
vn 0.5510 0.1514 -0.8207
vn 0.4688 0.8747 -0.1226
vn 0.0874 -0.0000 -0.9962
vn 0.0886 -0.0000 -0.9961
vn 0.3646 0.0335 -0.9306
vn 0.3215 0.0148 -0.9468
vn 0.3111 0.0113 -0.9503
vn 0.2803 -0.0000 -0.9599
vn 0.2802 -0.0000 -0.9599
vn 0.2821 -0.0002 -0.9594
vn 0.2728 0.0028 -0.9621
vn 0.3103 -0.0109 -0.9506
vn 0.3278 -0.0168 -0.9446
vn 0.3651 -0.0328 -0.9304
vn 0.5238 0.8518 0.0053
vn 0.5414 0.8404 0.0254
vn 0.4680 -0.1020 -0.8778
vn 0.4702 -0.1037 -0.8765
vn 0.5100 -0.1384 -0.8490
vn 0.5162 -0.1445 -0.8442
vn 0.5455 -0.1502 -0.8245
vn 0.5510 -0.1514 -0.8207
vn 0.6909 -0.0785 -0.7187
vn 0.6767 -0.0770 -0.7322
vn 0.6159 -0.2502 -0.7470
vn 0.6220 -0.2604 -0.7384
vn 0.6473 -0.3081 -0.6972
vn 0.6473 -0.3082 -0.6971
vn 0.6728 -0.3582 -0.6473
vn 0.6995 -0.4045 -0.5892
vn 0.6921 -0.3881 -0.6085
vn 0.7021 -0.4131 -0.5801
vn 0.7367 -0.4697 -0.4865
vn 0.2068 0.7106 0.6726
vn 0.2035 0.6942 0.6905
vn 0.2305 -0.2729 0.9340
vn 0.2384 -0.1956 0.9513
vn 0.8569 -0.4039 -0.3201
vn 0.8704 -0.3720 -0.3226
vn 0.9204 -0.3894 -0.0355
vn -0.0673 -0.0814 0.9944
vn -0.0673 -0.0812 0.9944
vn 0.2084 -0.7752 0.5964
vn 0.1372 -0.7050 0.6958
vn 0.0501 0.9926 -0.1107
vn 0.0584 0.9925 -0.1075
vn 0.2499 -0.3206 0.9137
vn 0.2485 -0.2827 0.9265
vn 0.2472 -0.2777 0.9283
vn -0.0632 -0.0246 0.9977
vn -0.0621 -0.0271 0.9977
vn 0.4594 0.8394 -0.2903
vn 0.4010 0.8831 -0.2436
vn 0.2152 -0.3677 0.9047
vn 0.2104 -0.3993 0.8924
vn 0.2074 -0.4259 0.8807
vn -0.0671 0.0813 0.9944
vn -0.0695 0.0380 0.9969
vn 0.2539 0.7519 -0.6084
vn 0.2416 0.7620 -0.6008
vn 0.5892 -0.4353 0.6806
vn 0.5897 -0.4458 0.6735
vn 0.2410 -0.1225 0.9628
vn 0.2422 -0.1259 0.9620
vn 0.1815 0.5350 0.8251
vn 0.1879 0.5604 0.8066
vn 0.1856 0.5804 0.7929
vn 0.1739 0.6354 0.7524
vn 0.2188 0.5880 0.7787
vn 0.2233 0.6026 0.7661
vn 0.2176 0.6583 0.7206
vn 0.2263 0.7056 0.6715
vn 0.2252 0.7036 0.6739
vn 0.1378 -0.2648 0.9544
vn 0.7972 -0.1563 -0.5831
vn 0.7753 -0.1355 -0.6169
vn 0.1474 -0.1657 0.9751
vn 0.4608 0.0996 0.8819
vn 0.4379 0.0696 0.8963
vn 0.1518 -0.0784 0.9853
vn 0.1515 -0.0751 0.9856
vn 0.2203 -0.3668 0.9039
vn 0.2318 -0.2780 0.9322
vn 0.0545 0.2470 0.9675
vn 0.0689 0.2313 0.9704
vn 0.1521 -0.1179 0.9813
vn 0.1473 -0.1462 0.9782
vn 0.1507 0.1244 0.9807
vn 0.1468 0.1460 0.9783
vn 0.1462 0.1468 0.9783
vn 0.1469 0.1910 0.9705
vn 0.2703 0.1418 0.9523
vn 0.2674 0.1342 0.9542
vn 0.9108 -0.3051 -0.2780
vn 0.9016 -0.3100 -0.3017
vn 0.6728 0.7349 -0.0851
vn 0.6569 0.7484 -0.0917
vn 0.3249 -0.9420 -0.0840
vn 0.3144 -0.9458 -0.0813
vn 0.5317 0.8407 -0.1025
vn 0.4625 0.8814 -0.0958
vn 0.4491 0.8887 -0.0920
vn 0.4594 0.8827 -0.0991
vn 0.4602 0.8821 -0.1005
vn 0.8025 0.4607 -0.3792
vn 0.8190 0.4514 -0.3541
vn 0.7021 0.4144 -0.5791
vn 0.6928 0.3925 -0.6050
vn 0.3914 0.0502 -0.9188
vn 0.4179 0.0646 -0.9062
vn 0.5752 -0.8109 -0.1075
vn 0.5608 -0.8215 -0.1029
vn 0.0476 -0.9970 0.0618
vn 0.0529 -0.9970 0.0572
vn 0.5559 0.1467 -0.8182
vn 0.4668 -0.0009 -0.8844
vn 0.4697 0.1019 -0.8769
vn 0.4747 0.0289 -0.8797
vn 0.4413 0.0173 -0.8972
vn 0.4307 -0.0151 -0.9024
vn 0.4237 -0.0153 -0.9057
vn 0.6727 0.0765 -0.7360
vn 0.6937 0.0786 -0.7159
vn 0.8868 0.1427 -0.4396
vn 0.8839 0.1414 -0.4459
vn 0.4922 0.0292 -0.8700
vn 0.4900 0.0283 -0.8713
vn 0.4791 0.0273 -0.8774
vn 0.5790 0.6123 -0.5384
vn 0.5361 0.6769 -0.5044
vn 0.3674 0.0016 -0.9301
vn 0.3481 0.0013 -0.9375
vn 0.3430 -0.0001 -0.9393
vn 0.2954 -0.0002 -0.9554
vn 0.3481 -0.0003 -0.9374
vn 0.3511 -0.0021 -0.9363
vn 0.3612 -0.0000 -0.9325
vn 0.3671 -0.0026 -0.9302
vn 0.5660 0.1842 -0.8036
vn 0.5806 0.2017 -0.7888
vn -0.0743 -0.0813 0.9939
vn -0.0746 -0.0843 0.9936
vn 0.4413 -0.0173 -0.8972
vn 0.4747 -0.0289 -0.8797
vn 0.5176 -0.1253 -0.8464
vn 0.4790 -0.0273 -0.8774
vn 0.4900 -0.0283 -0.8713
vn 0.4922 -0.0292 -0.8700
vn 0.7349 0.0656 -0.6750
vn 0.7535 0.0534 -0.6553
vn 0.5559 -0.1468 -0.8182
vn 0.1753 -0.0001 -0.9845
vn 0.1692 -0.0000 -0.9856
vn 0.5822 -0.1223 -0.8038
vn 0.0077 -0.9815 -0.1914
vn 0.0059 -0.9659 -0.2590
vn 0.7195 -0.2964 -0.6281
vn 0.7324 -0.4608 -0.5013
vn 0.7350 -0.3391 -0.5871
vn 0.7558 -0.1752 -0.6309
vn 0.7504 -0.1788 -0.6363
vn 0.7586 -0.1845 -0.6249
vn 0.3063 -0.0112 0.9519
vn 0.3213 -0.0264 0.9466
vn 0.8699 -0.3732 -0.3223
vn 0.8125 -0.1489 -0.5636
vn 0.8870 -0.3276 -0.3254
vn 0.8891 -0.3182 -0.3291
vn 0.0247 -0.7412 0.6708
vn 0.0235 -0.7474 0.6640
vn 0.9304 -0.2821 -0.2342
vn 0.2418 -0.9609 0.1347
vn 0.2277 -0.9671 0.1137
vn 0.9608 -0.2773 0.0078
vn 0.9658 -0.2583 0.0229
vn 0.9778 -0.2051 0.0423
vn 0.7603 -0.0379 0.6484
vn 0.7794 -0.0159 0.6263
vn 0.2556 -0.2357 0.9376
vn 0.2564 -0.2110 0.9433
vn 0.2526 -0.1913 0.9485
vn 0.2555 -0.2551 0.9326
vn 0.1089 -0.9467 -0.3033
vn 0.0978 -0.9346 -0.3421
vn 0.1558 -0.9123 0.3787
vn 0.0901 -0.8726 0.4801
vn 0.6972 0.4964 -0.5172
vn 0.6517 0.5895 -0.4774
vn 0.2185 -0.3219 0.9212
vn 0.2168 -0.3413 0.9146
vn 0.1665 0.9852 -0.0416
vn 0.1693 0.9847 -0.0404
vn 0.2042 0.4515 0.8686
vn 0.2025 0.4715 0.8583
vn 0.1959 0.5084 0.8385
vn 0.2302 0.4782 0.8475
vn 0.2319 0.5238 0.8196
vn 0.2260 0.5639 0.7943
vn 0.2232 0.6027 0.7661
vn 0.2250 -0.2436 0.9434
vn 0.2268 -0.2145 0.9500
vn -0.0642 0.0270 0.9976
vn -0.0632 0.0250 0.9977
vn 0.2309 -0.1369 0.9633
vn 0.2317 -0.1191 0.9655
vn 0.2329 -0.0769 0.9694
vn 0.2315 -0.0996 0.9677
vn 0.3173 -0.5493 0.7731
vn 0.2990 -0.6117 0.7324
vn 0.2340 0.0250 0.9719
vn 0.1521 0.0796 0.9852
vn 0.1523 0.1174 0.9813
vn 0.7155 0.6560 -0.2403
vn 0.7076 0.6839 -0.1778
vn 0.2327 0.0843 0.9689
vn 0.1463 0.1932 0.9702
vn 0.2308 0.1240 0.9651
vn 0.2313 0.1304 0.9641
vn 0.2292 -0.1751 0.9575
vn 0.2292 -0.1928 0.9541
vn 0.2256 0.2347 0.9455
vn 0.2226 -0.2804 0.9337
vn 0.2235 -0.2742 0.9353
vn 0.7361 0.4684 -0.4886
vn 0.7759 0.4790 -0.4106
vn 0.7232 0.6831 -0.1018
vn 0.7288 -0.1552 -0.6669
vn 0.7249 -0.1555 -0.6711
vn 0.6421 0.7592 -0.1062
vn 0.7327 0.4797 -0.4827
vn 0.7236 0.6827 -0.1019
vn 0.7568 0.6468 -0.0944
vn 0.7250 0.4500 -0.5214
vn 0.7117 0.3359 -0.6170
vn 0.0827 0.9728 0.2166
vn 0.0778 0.9716 0.2236
vn 0.2139 0.9739 -0.0759
vn 0.2331 0.9691 -0.0805
vn 0.7486 0.1735 -0.6399
vn 0.7354 0.1743 -0.6548
vn 0.7243 0.1555 -0.6717
vn 0.7252 0.1535 -0.6712
vn 0.7258 0.1549 -0.6702
vn 0.6257 0.0767 -0.7763
vn 0.6297 0.0769 -0.7731
vn 0.4696 0.0175 -0.8827
vn 0.8262 -0.5260 0.2015
vn 0.8207 -0.5400 0.1866
vn 0.1624 -0.0125 -0.9866
vn 0.1663 -0.0114 -0.9860
vn 0.1253 -0.9881 -0.0894
vn 0.0913 -0.9905 -0.1033
vn 0.0621 0.0167 -0.9979
vn 0.0548 0.0184 -0.9983
vn 0.4660 -0.7901 0.3981
vn 0.4497 -0.8178 0.3591
vn 0.5837 0.0338 -0.8113
vn 0.5900 0.0403 -0.8064
vn 0.5578 0.0150 -0.8298
vn 0.5383 0.0017 -0.8428
vn 0.5363 -0.0000 -0.8440
vn 0.6745 0.7277 -0.1245
vn 0.8578 0.2355 0.4568
vn 0.8575 0.2359 0.4571
vn 0.5383 -0.0017 -0.8428
vn 0.5673 -0.0216 -0.8232
vn 0.6006 -0.0504 -0.7980
vn 0.5860 -0.0339 -0.8096
vn 0.6164 -0.0642 -0.7848
vn 0.6295 -0.0766 -0.7732
vn 0.6969 -0.0062 -0.7172
vn 0.5949 -0.1083 -0.7965
vn 0.6277 -0.0767 -0.7746
vn 0.7221 -0.1544 -0.6743
vn 0.7206 -0.1520 -0.6765
vn 0.1619 0.0105 -0.9868
vn 0.1551 0.0124 -0.9878
vn 0.7497 -0.1750 -0.6382
vn 0.7606 -0.1856 -0.6221
vn 0.7641 -0.1906 -0.6163
vn 0.7616 -0.1743 -0.6241
vn -0.0099 0.0917 0.9957
vn -0.0038 0.0819 0.9966
vn -0.3240 -0.9384 0.1201
vn -0.3197 -0.9414 0.1072
vn 0.7676 -0.1924 -0.6114
vn 0.8725 -0.2776 -0.4020
vn 0.8572 -0.2421 -0.4545
vn 0.9507 -0.2515 -0.1816
vn 0.9757 -0.1620 -0.1476
vn 0.9827 -0.1808 0.0396
vn 0.9825 -0.1815 0.0409
vn 0.9816 -0.1853 0.0455
vn 0.9822 -0.1820 0.0474
vn 0.9826 -0.1787 0.0500
vn 0.9848 -0.1562 0.0755
vn 0.9898 -0.0936 0.1077
vn -0.0688 -0.0241 0.9973
vn -0.0695 -0.0345 0.9970
vn 0.3813 -0.4514 0.8068
vn 0.3774 -0.4901 0.7857
vn 0.2561 -0.1646 0.9525
vn -0.0637 -0.4787 0.8757
vn -0.0610 -0.4377 0.8970
vn -0.0644 0.3853 0.9206
vn -0.0635 0.3582 0.9315
vn 0.2372 -0.1915 0.9524
vn 0.2717 -0.2176 0.9374
vn 0.2668 -0.1902 0.9448
vn 0.2187 0.3203 0.9217
vn 0.2167 0.3419 0.9144
vn 0.2150 0.3678 0.9047
vn 0.2113 0.3909 0.8959
vn 0.2402 0.3729 0.8963
vn 0.2406 0.3834 0.8917
vn 0.2320 0.4717 0.8507
vn 0.9448 -0.3274 -0.0119
vn 0.9380 -0.3459 -0.0240
vn 0.2318 0.1154 0.9659
vn 0.4402 -0.3571 0.8238
vn 0.4407 -0.3668 0.8193
vn 0.8062 -0.5836 -0.0977
vn 0.8153 -0.5719 -0.0909
vn 0.8504 0.5207 -0.0755
vn 0.8664 0.4950 -0.0655
vn 0.1582 -0.9169 0.3665
vn 0.1614 -0.9229 0.3496
vn 0.8944 -0.0000 0.4474
vn 0.8943 -0.0000 0.4474
vn 0.7621 0.5493 -0.3428
vn 0.0275 0.7368 0.6755
vn 0.0267 0.7418 0.6700
vn 0.7413 0.4472 -0.5005
vn 0.7615 0.1740 -0.6244
vn 0.7639 0.1885 -0.6172
vn 0.7652 0.1919 -0.6146
vn 0.7601 0.1853 -0.6228
vn 0.7079 0.2337 -0.6665
vn 0.4124 -0.0605 -0.9090
vn 0.3937 -0.0505 -0.9178
vn 0.8471 -0.3151 -0.4279
vn 0.8542 -0.3152 -0.4136
vn 0.7639 0.1243 -0.6332
vn 0.5797 0.8086 -0.1007
vn 0.5628 0.8196 -0.1077
vn 0.7257 0.1544 -0.6705
vn 0.7252 0.0868 -0.6831
vn 0.7242 0.0860 -0.6842
vn 0.3979 -0.0085 -0.9174
vn 0.3844 -0.0082 -0.9231
vn 0.6677 0.0002 -0.7445
vn 0.6657 0.0007 -0.7462
vn 0.6509 -0.0007 -0.7592
vn 0.6494 -0.0013 -0.7604
vn 0.6345 -0.0762 -0.7691
vn 0.8932 0.3376 -0.2971
vn 0.9008 0.3400 -0.2701
vn 0.7072 -0.0790 -0.7025
vn 0.7190 -0.0802 -0.6904
vn 0.7257 -0.0869 -0.6825
vn 0.7283 -0.0899 -0.6793
vn 0.7532 -0.1147 -0.6477
vn 0.7563 -0.1170 -0.6437
vn 0.7765 -0.1372 -0.6149
vn 0.8343 -0.2035 -0.5124
vn 0.8316 -0.1985 -0.5187
vn 0.8224 -0.0794 -0.5633
vn 0.8158 -0.0853 -0.5720
vn 0.8098 -0.0891 -0.5799
vn 0.8111 -0.0888 -0.5781
vn 0.8200 -0.0903 -0.5652
vn 0.0337 0.9823 0.1843
vn 0.0399 0.9796 0.1968
vn 0.8318 -0.1013 -0.5458
vn 0.8403 -0.1810 -0.5110
vn 0.8382 -0.0859 -0.5386
vn 0.8787 -0.1147 -0.4633
vn 0.7302 -0.0117 -0.6831
vn 0.8494 -0.1532 -0.5049
vn 0.7913 0.3719 -0.4853
vn 0.8029 0.3805 -0.4588
vn 0.9028 -0.1096 -0.4159
vn 0.9774 -0.1254 -0.1700
vn 0.9791 -0.0503 -0.1973
vn 0.9910 -0.0724 0.1125
vn 0.9906 -0.0589 0.1233
vn 0.9906 -0.0441 0.1296
vn 0.9909 -0.0488 0.1256
vn 0.9849 -0.0214 0.1718
vn 0.8960 -0.0236 0.4434
vn 0.8928 -0.0286 0.4495
vn 0.9342 -0.0000 0.3569
vn 0.8847 0.1195 0.4506
vn 0.1518 0.0757 0.9855
vn 0.1548 0.0577 0.9863
vn 0.6701 -0.0000 0.7423
vn 0.6514 0.0022 0.7587
vn 0.6285 0.0140 0.7777
vn 0.6314 -0.0142 0.7753
vn 0.2549 -0.0422 0.9660
vn 0.1556 -0.0242 0.9875
vn 0.1573 -0.0317 0.9870
vn 0.2484 0.2813 0.9269
vn 0.2499 0.3206 0.9137
vn 0.2573 -0.0342 0.9657
vn 0.2573 -0.0344 0.9657
vn 0.2580 0.0291 0.9657
vn 0.2575 0.0325 0.9657
vn 0.2548 0.0423 0.9661
vn 0.0084 0.5397 0.8418
vn 0.0259 0.5646 0.8250
vn 0.1664 0.9827 -0.0814
vn 0.1371 0.9867 -0.0874
vn 0.9653 0.2600 0.0222
vn 0.9673 0.2521 0.0270
vn 0.9451 0.3267 0.0038
vn 0.9458 -0.2406 0.2180
vn 0.9424 -0.2665 0.2020
vn 0.9191 0.3924 -0.0363
vn 0.6469 0.3086 -0.6974
vn 0.6705 0.3544 -0.6518
vn 0.8706 0.3714 -0.3226
vn 0.8569 0.4039 -0.3201
vn 0.1316 -0.0001 -0.9913
vn 0.1267 -0.0000 -0.9919
vn 0.4334 -0.0000 -0.9012
vn 0.2326 -0.9695 -0.0775
vn 0.2153 -0.9732 -0.0809
vn 0.8723 0.2771 -0.4028
vn 0.8572 0.2420 -0.4546
vn 0.8345 0.2029 -0.5123
vn 0.8237 0.1894 -0.5345
vn 0.8286 0.1952 -0.5247
vn 0.8373 0.0565 -0.5439
vn 0.2226 0.2806 0.9337
vn 0.2236 0.2742 0.9353
vn 0.8157 0.0875 -0.5718
vn 0.8076 0.0876 -0.5832
vn 0.8131 0.0854 -0.5759
vn 0.7187 0.0804 -0.6906
vn 0.7051 0.0791 -0.7047
vn 0.5809 -0.2016 -0.7886
vn 0.5662 -0.1847 -0.8033
vn 0.7226 -0.0021 -0.6912
vn 0.2361 -0.9357 -0.2622
vn 0.2170 -0.9326 -0.2885
vn 0.8340 -0.1026 -0.5422
vn 0.7220 -0.6853 -0.0950
vn 0.7517 -0.6513 -0.1033
vn 0.8009 -0.0159 -0.5986
vn 0.8123 -0.0077 -0.5832
vn 0.8524 -0.0906 -0.5149
vn 0.9678 0.0771 -0.2394
vn 0.9580 -0.0000 -0.2868
vn 0.9667 -0.0143 -0.2554
vn 0.8709 -0.0866 -0.4837
vn 0.9717 -0.0000 -0.2363
vn 0.9717 -0.0000 -0.2362
vn -0.0723 0.0379 0.9967
vn -0.0724 0.0379 0.9967
vn 0.0765 0.9368 -0.3415
vn 0.0232 0.9694 -0.2442
vn 0.9904 -0.0076 0.1382
vn 0.9575 -0.0085 0.2883
vn 0.9620 -0.0166 0.2726
vn 0.3049 -0.3483 0.8864
vn 0.2984 -0.3909 0.8707
vn 0.8220 -0.5585 -0.1115
vn 0.8258 -0.5474 -0.1354
vn 0.3788 -0.2294 0.8966
vn 0.3699 -0.2098 0.9051
vn 0.6314 0.0142 0.7753
vn 0.5822 -0.0000 0.8130
vn 0.5541 -0.0000 0.8325
vn 0.4745 -0.0169 0.8801
vn 0.4577 -0.0000 0.8891
vn 0.4379 -0.0000 0.8990
vn 0.2525 -0.5725 0.7801
vn 0.1788 -0.4872 0.8548
vn 0.5190 -0.8356 0.1802
vn 0.5053 -0.8488 0.1557
vn 0.2684 0.2338 0.9345
vn 0.2689 0.0519 0.9618
vn 0.3162 -0.8096 0.4945
vn 0.2343 -0.8100 0.5376
vn -0.0686 0.0258 0.9973
vn -0.0688 0.0083 0.9976
vn 0.2649 0.1645 0.9501
vn 0.2659 0.1868 0.9457
vn 0.2715 0.2178 0.9375
vn 0.2714 0.2179 0.9375
vn 0.9575 0.0085 0.2884
vn 0.9620 0.0166 0.2726
vn 0.0236 0.4305 0.9023
vn 0.0413 0.4545 0.8898
vn 0.9705 0.0387 0.2379
vn 0.9584 0.0704 0.2767
vn 0.4739 0.0318 0.8800
vn 0.4654 0.0417 0.8841
vn 0.9846 0.1578 0.0746
vn 0.9842 0.1622 0.0704
vn 0.9772 0.2080 0.0412
vn 0.9822 0.1822 0.0466
vn 0.9757 0.1620 -0.1476
vn 0.9522 -0.2379 -0.1915
vn 0.9512 -0.2399 -0.1942
vn 0.9608 0.2772 0.0075
vn 0.9304 0.2820 -0.2342
vn 0.6901 -0.7162 -0.1040
vn 0.6607 -0.7436 -0.1024
vn 0.8894 0.3191 -0.3275
vn 0.8893 0.3191 -0.3275
vn 0.8700 0.3733 -0.3222
vn 0.8766 0.1857 -0.4439
vn 0.8500 0.1513 -0.5047
vn 0.8797 0.2545 -0.4018
vn 0.8403 0.0960 -0.5336
vn 0.8411 0.1007 -0.5314
vn 0.8411 0.1006 -0.5314
vn 0.0657 -0.6439 0.7623
vn 0.0664 -0.6207 0.7812
vn 0.0662 0.6219 0.7803
vn 0.0655 0.6449 0.7615
vn 0.8197 -0.0000 -0.5728
vn 0.8115 0.0091 -0.5843
vn 0.8208 0.1108 -0.5604
vn 0.8464 0.3136 -0.4304
vn 0.8587 0.3139 -0.4051
vn 0.7299 -0.0002 -0.6835
vn 0.7369 0.0001 -0.6760
vn 0.7908 0.0251 -0.6116
vn -0.2878 -0.9575 -0.0159
vn -0.2882 -0.9575 -0.0128
vn 0.9774 0.1254 -0.1699
vn 0.9791 0.0501 -0.1973
vn 0.9672 0.0151 -0.2536
vn 0.9805 0.1198 -0.1560
vn 0.9089 -0.0000 -0.4169
vn 0.9089 -0.0000 -0.4170
vn 0.9896 0.0947 0.1079
vn -0.0165 0.1692 0.9855
vn -0.0097 0.1559 0.9877
vn 0.9899 0.0893 0.1099
vn 0.2860 -0.9573 -0.0429
vn 0.2978 -0.9538 -0.0400
vn 0.2058 -0.4709 0.8579
vn 0.2215 -0.3731 0.9009
vn 0.0915 0.9904 -0.1031
vn 0.1211 0.9884 -0.0912
vn 0.1556 0.0235 0.9875
vn 0.1556 0.0234 0.9875
vn 0.0675 0.1598 0.9848
vn 0.0792 0.1490 0.9857
vn 0.5717 -0.0886 -0.8157
vn 0.5756 -0.0952 -0.8122
vn 0.8685 0.0182 -0.4954
s 0
f 1//1 2//1 3//1
f 3//2 4//2 1//2
f 1//3 5//3 2//3
f 6//4 7//4 1//4
f 8//5 9//5 10//5
f 10//6 1//6 11//6
f 11//7 1//7 7//7
f 12//8 13//8 14//8
f 13//9 15//9 16//9
f 13//10 16//10 17//10
f 16//11 18//11 17//11
f 17//12 18//12 19//12
f 20//13 21//13 22//13
f 20//14 22//14 23//14
f 23//15 22//15 24//15
f 23//16 24//16 25//16
f 22//17 26//17 24//17
f 27//18 28//18 29//18
f 30//19 28//19 31//19
f 31//20 32//20 30//20
f 33//21 34//21 35//21
f 33//22 35//22 36//22
f 36//23 35//23 37//23
f 36//24 37//24 38//24
f 38//25 37//25 39//25
f 40//26 32//26 41//26
f 41//27 32//27 31//27
f 42//28 34//28 43//28
f 44//29 45//29 46//29
f 47//30 48//30 49//30
f 50//31 51//31 46//31
f 52//32 53//32 54//32
f 55//33 50//33 46//33
f 55//34 46//34 56//34
f 56//35 46//35 45//35
f 56//36 45//36 53//36
f 57//37 58//37 59//37
f 60//38 59//38 61//38
f 62//39 63//39 61//39
f 60//40 61//40 64//40
f 64//41 61//41 63//41
f 65//42 60//42 64//42
f 66//43 67//43 68//43
f 68//44 69//44 66//44
f 70//45 71//45 72//45
f 73//46 74//46 75//46
f 75//47 74//47 76//47
f 75//48 76//48 77//48
f 76//49 78//49 77//49
f 79//50 80//50 81//50
f 81//51 80//51 82//51
f 83//52 84//52 85//52
f 85//53 86//53 82//53
f 82//54 86//54 87//54
f 88//55 89//55 90//55
f 88//56 90//56 91//56
f 91//57 90//57 92//57
f 93//58 94//58 95//58
f 96//59 95//59 97//59
f 97//60 95//60 98//60
f 97//61 98//61 99//61
f 100//62 101//62 102//62
f 80//63 102//63 103//63
f 85//64 91//64 83//64
f 83//65 91//65 104//65
f 105//66 106//66 107//66
f 105//67 107//67 74//67
f 74//68 107//68 108//68
f 74//69 108//69 76//69
f 76//70 108//70 109//70
f 76//71 109//71 71//71
f 71//72 109//72 110//72
f 71//73 110//73 72//73
f 102//74 72//74 103//74
f 103//75 72//75 110//75
f 91//76 110//76 109//76
f 91//77 109//77 88//77
f 88//78 109//78 108//78
f 88//79 108//79 94//79
f 94//80 108//80 107//80
f 94//81 107//81 95//81
f 95//82 107//82 106//82
f 95//83 106//83 98//83
f 111//84 112//84 113//84
f 114//85 115//85 116//85
f 115//86 117//86 116//86
f 118//87 119//87 120//87
f 121//88 122//88 120//88
f 122//89 123//89 124//89
f 125//90 126//90 127//90
f 127//91 128//91 125//91
f 129//92 130//92 118//92
f 129//93 118//93 120//93
f 131//94 70//94 101//94
f 77//95 132//95 75//95
f 133//96 132//96 77//96
f 133//97 77//97 78//97
f 78//98 70//98 133//98
f 133//99 70//99 131//99
f 134//100 135//100 136//100
f 137//101 138//101 139//101
f 140//102 141//102 142//102
f 143//103 144//103 145//103
f 143//104 145//104 146//104
f 147//105 148//105 144//105
f 144//106 148//106 145//106
f 148//107 149//107 150//107
f 148//108 150//108 137//108
f 151//109 152//109 147//109
f 153//110 152//110 154//110
f 154//111 152//111 151//111
f 155//112 151//112 147//112
f 155//113 147//113 156//113
f 157//114 158//114 159//114
f 159//115 158//115 160//115
f 159//116 160//116 161//116
f 161//117 160//117 162//117
f 161//118 162//118 163//118
f 164//119 161//119 165//119
f 165//120 161//120 163//120
f 165//121 163//121 166//121
f 167//122 168//122 157//122
f 167//123 157//123 169//123
f 169//124 157//124 159//124
f 170//125 171//125 172//125
f 170//126 172//126 173//126
f 174//127 175//127 176//127
f 177//128 176//128 178//128
f 178//129 176//129 179//129
f 178//130 179//130 180//130
f 181//131 182//131 183//131
f 183//132 182//132 184//132
f 183//133 184//133 179//133
f 179//134 184//134 185//134
f 179//135 185//135 180//135
f 186//136 183//136 187//136
f 187//137 183//137 179//137
f 187//138 179//138 188//138
f 188//139 179//139 176//139
f 189//140 190//140 163//140
f 163//141 190//141 191//141
f 163//142 191//142 166//142
f 176//143 192//143 188//143
f 164//144 169//144 159//144
f 164//145 159//145 161//145
f 193//146 194//146 195//146
f 196//147 197//147 198//147
f 199//148 200//148 201//148
f 201//149 200//149 202//149
f 193//150 202//150 203//150
f 204//151 196//151 198//151
f 204//152 198//152 205//152
f 195//153 206//153 207//153
f 208//154 209//154 210//154
f 208//155 210//155 211//155
f 210//156 212//156 211//156
f 201//157 195//157 213//157
f 213//158 195//158 207//158
f 213//159 207//159 214//159
f 215//160 216//160 98//160
f 217//161 218//161 219//161
f 220//162 221//162 222//162
f 222//163 223//163 220//163
f 224//164 225//164 226//164
f 226//165 225//165 227//165
f 228//166 229//166 230//166
f 231//167 232//167 233//167
f 234//168 235//168 236//168
f 237//169 238//169 239//169
f 239//170 238//170 240//170
f 239//171 240//171 241//171
f 241//172 240//172 242//172
f 241//173 242//173 243//173
f 239//174 244//174 237//174
f 245//175 217//175 246//175
f 246//176 217//176 219//176
f 247//177 248//177 249//177
f 249//178 248//178 250//178
f 249//179 250//179 251//179
f 251//180 250//180 252//180
f 253//181 247//181 254//181
f 254//182 247//182 249//182
f 254//183 249//183 255//183
f 255//184 249//184 251//184
f 255//185 251//185 256//185
f 256//186 251//186 257//186
f 234//187 253//187 241//187
f 241//188 253//188 254//188
f 241//189 254//189 239//189
f 239//190 254//190 255//190
f 239//191 255//191 244//191
f 244//192 255//192 256//192
f 244//193 256//193 258//193
f 258//194 256//194 259//194
f 260//195 261//195 233//195
f 262//196 263//196 264//196
f 265//197 266//197 267//197
f 267//198 266//198 268//198
f 267//199 268//199 269//199
f 262//200 270//200 271//200
f 272//201 271//201 273//201
f 274//202 273//202 275//202
f 274//203 275//203 231//203
f 231//204 275//204 276//204
f 231//205 276//205 232//205
f 277//206 278//206 279//206
f 280//207 279//207 281//207
f 270//208 281//208 282//208
f 270//209 282//209 271//209
f 271//210 282//210 283//210
f 271//211 283//211 273//211
f 273//212 283//212 284//212
f 273//213 284//213 275//213
f 275//214 284//214 285//214
f 275//215 285//215 276//215
f 248//216 265//216 250//216
f 250//217 265//217 267//217
f 250//218 267//218 252//218
f 252//219 267//219 269//219
f 252//220 269//220 286//220
f 286//221 269//221 287//221
f 286//222 287//222 288//222
f 288//223 289//223 290//223
f 290//224 289//224 291//224
f 292//225 293//225 294//225
f 222//226 295//226 223//226
f 223//227 295//227 292//227
f 223//228 292//228 296//228
f 296//229 292//229 297//229
f 298//230 299//230 300//230
f 301//231 302//231 303//231
f 303//232 302//232 291//232
f 303//233 291//233 304//233
f 304//234 291//234 289//234
f 299//235 287//235 269//235
f 299//236 269//236 300//236
f 300//237 269//237 268//237
f 300//238 268//238 226//238
f 226//239 268//239 266//239
f 278//240 266//240 265//240
f 278//241 265//241 279//241
f 279//242 265//242 248//242
f 279//243 248//243 281//243
f 281//244 248//244 247//244
f 281//245 247//245 282//245
f 282//246 247//246 253//246
f 282//247 253//247 283//247
f 283//248 253//248 234//248
f 283//249 234//249 284//249
f 284//250 305//250 285//250
f 306//251 307//251 308//251
f 309//252 310//252 311//252
f 312//253 245//253 246//253
f 313//254 314//254 315//254
f 313//255 315//255 316//255
f 317//256 318//256 319//256
f 320//257 321//257 322//257
f 322//258 321//258 323//258
f 323//259 321//259 324//259
f 323//260 324//260 325//260
f 325//261 324//261 326//261
f 326//262 324//262 327//262
f 326//263 327//263 328//263
f 329//264 330//264 331//264
f 332//265 333//265 334//265
f 335//266 336//266 337//266
f 308//267 307//267 338//267
f 339//268 307//268 340//268
f 340//269 307//269 306//269
f 340//270 306//270 341//270
f 342//271 343//271 344//271
f 345//272 346//272 347//272
f 347//273 346//273 348//273
f 347//274 348//274 349//274
f 349//275 348//275 350//275
f 351//276 350//276 352//276
f 353//277 352//277 354//277
f 355//278 331//278 356//278
f 357//279 354//279 358//279
f 358//280 354//280 352//280
f 358//281 352//281 359//281
f 359//282 352//282 350//282
f 359//283 350//283 360//283
f 360//284 350//284 348//284
f 359//285 314//285 358//285
f 358//286 314//286 361//286
f 362//287 336//287 338//287
f 338//288 336//288 335//288
f 338//289 335//289 363//289
f 363//290 335//290 364//290
f 365//291 366//291 367//291
f 368//292 344//292 369//292
f 370//293 371//293 372//293
f 372//294 371//294 368//294
f 372//295 368//295 373//295
f 373//296 368//296 369//296
f 373//297 369//297 374//297
f 343//298 341//298 344//298
f 344//299 341//299 306//299
f 344//300 306//300 369//300
f 369//301 306//301 308//301
f 369//302 308//302 374//302
f 311//303 375//303 309//303
f 309//304 375//304 376//304
f 310//305 328//305 311//305
f 311//306 328//306 327//306
f 377//307 345//307 347//307
f 377//308 347//308 374//308
f 374//309 347//309 349//309
f 374//310 349//310 373//310
f 373//311 349//311 378//311
f 373//312 378//312 372//312
f 372//313 378//313 379//313
f 365//314 380//314 381//314
f 365//315 381//315 376//315
f 376//316 381//316 382//316
f 376//317 382//317 309//317
f 383//318 384//318 325//318
f 383//319 325//319 326//319
f 384//320 323//320 325//320
f 285//321 385//321 386//321
f 236//322 387//322 388//322
f 236//323 388//323 305//323
f 285//324 386//324 276//324
f 276//325 386//325 389//325
f 276//326 389//326 232//326
f 285//327 305//327 385//327
f 385//328 305//328 388//328
f 390//329 260//329 391//329
f 391//330 260//330 392//330
f 391//331 393//331 390//331
f 394//332 395//332 396//332
f 396//333 397//333 398//333
f 397//334 399//334 398//334
f 398//335 399//335 400//335
f 398//336 400//336 401//336
f 401//337 400//337 402//337
f 401//338 402//338 403//338
f 404//339 405//339 406//339
f 406//340 407//340 408//340
f 409//341 410//341 411//341
f 412//342 413//342 414//342
f 415//343 416//343 411//343
f 417//344 418//344 419//344
f 419//345 420//345 421//345
f 422//346 423//346 424//346
f 425//347 426//347 427//347
f 428//348 429//348 430//348
f 431//349 432//349 433//349
f 433//350 434//350 435//350
f 433//351 435//351 431//351
f 436//352 437//352 438//352
f 438//353 437//353 439//353
f 440//354 441//354 442//354
f 442//355 441//355 443//355
f 444//356 445//356 446//356
f 446//357 447//357 448//357
f 449//358 221//358 220//358
f 450//359 451//359 452//359
f 453//360 454//360 455//360
f 455//361 454//361 261//361
f 456//362 457//362 458//362
f 458//363 457//363 455//363
f 458//364 455//364 390//364
f 390//365 455//365 261//365
f 390//366 261//366 260//366
f 459//367 230//367 453//367
f 460//368 461//368 264//368
f 460//369 264//369 462//369
f 462//370 264//370 263//370
f 227//371 225//371 463//371
f 463//372 225//372 224//372
f 463//373 224//373 464//373
f 227//374 463//374 465//374
f 465//375 463//375 466//375
f 465//376 466//376 467//376
f 468//377 469//377 470//377
f 468//378 470//378 466//378
f 466//379 470//379 471//379
f 466//380 471//380 467//380
f 453//381 455//381 459//381
f 459//382 472//382 473//382
f 473//383 472//383 474//383
f 473//384 474//384 462//384
f 462//385 474//385 475//385
f 462//386 475//386 460//386
f 460//387 475//387 476//387
f 460//388 476//388 477//388
f 477//389 476//389 478//389
f 477//390 478//390 479//390
f 479//391 478//391 480//391
f 479//392 480//392 481//392
f 481//393 480//393 482//393
f 481//394 482//394 464//394
f 464//395 482//395 483//395
f 464//396 483//396 463//396
f 463//397 483//397 484//397
f 463//398 484//398 466//398
f 472//399 485//399 474//399
f 474//400 486//400 475//400
f 475//401 487//401 476//401
f 476//402 488//402 478//402
f 478//403 489//403 480//403
f 480//404 489//404 490//404
f 480//405 490//405 482//405
f 482//406 490//406 491//406
f 482//407 491//407 483//407
f 483//408 491//408 492//408
f 483//409 492//409 484//409
f 484//410 492//410 493//410
f 484//411 493//411 466//411
f 466//412 493//412 452//412
f 466//413 452//413 468//413
f 468//414 452//414 451//414
f 468//415 451//415 449//415
f 449//416 451//416 494//416
f 495//417 337//417 496//417
f 221//418 449//418 497//418
f 343//419 498//419 341//419
f 499//420 362//420 339//420
f 500//421 501//421 502//421
f 503//422 502//422 504//422
f 505//423 334//423 506//423
f 506//424 334//424 333//424
f 505//425 507//425 334//425
f 508//426 356//426 331//426
f 356//427 508//427 366//427
f 366//428 508//428 509//428
f 366//429 509//429 367//429
f 510//430 418//430 511//430
f 512//431 508//431 513//431
f 513//432 508//432 331//432
f 513//433 331//433 330//433
f 514//434 512//434 515//434
f 515//435 512//435 513//435
f 516//436 496//436 499//436
f 517//437 367//437 518//437
f 518//438 367//438 509//438
f 518//439 509//439 519//439
f 519//440 509//440 520//440
f 519//441 520//441 521//441
f 522//442 523//442 524//442
f 523//443 525//443 524//443
f 524//444 525//444 526//444
f 524//445 526//445 527//445
f 527//446 526//446 528//446
f 527//447 528//447 529//447
f 530//448 531//448 532//448
f 532//449 531//449 533//449
f 534//450 535//450 536//450
f 536//451 535//451 537//451
f 536//452 537//452 538//452
f 537//453 539//453 538//453
f 540//454 541//454 542//454
f 540//455 542//455 543//455
f 544//456 545//456 546//456
f 547//457 548//457 549//457
f 550//458 551//458 552//458
f 553//459 554//459 555//459
f 555//460 554//460 556//460
f 555//461 556//461 557//461
f 557//462 556//462 558//462
f 557//463 558//463 559//463
f 559//464 558//464 560//464
f 559//465 560//465 561//465
f 561//466 560//466 562//466
f 561//467 562//467 563//467
f 563//468 562//468 564//468
f 563//469 564//469 546//469
f 546//470 564//470 565//470
f 546//471 565//471 544//471
f 566//472 553//472 567//472
f 567//473 553//473 555//473
f 567//474 555//474 568//474
f 568//475 555//475 557//475
f 568//476 557//476 569//476
f 569//477 557//477 559//477
f 569//478 559//478 570//478
f 570//479 559//479 561//479
f 570//480 561//480 571//480
f 571//481 561//481 563//481
f 571//482 563//482 549//482
f 549//483 563//483 546//483
f 549//484 546//484 547//484
f 547//485 546//485 545//485
f 572//486 566//486 567//486
f 572//487 567//487 573//487
f 573//488 567//488 568//488
f 573//489 568//489 574//489
f 574//490 568//490 569//490
f 566//491 550//491 553//491
f 553//492 550//492 575//492
f 553//493 575//493 554//493
f 565//494 576//494 544//494
f 545//495 577//495 547//495
f 578//496 579//496 580//496
f 581//497 582//497 583//497
f 581//498 583//498 584//498
f 584//499 583//499 585//499
f 545//500 544//500 577//500
f 577//501 544//501 586//501
f 576//502 586//502 544//502
f 587//503 580//503 579//503
f 587//504 579//504 588//504
f 589//505 590//505 591//505
f 592//506 589//506 591//506
f 592//507 591//507 593//507
f 577//508 594//508 595//508
f 580//509 590//509 578//509
f 578//510 590//510 589//510
f 596//511 597//511 598//511
f 598//512 597//512 599//512
f 598//513 599//513 600//513
f 600//514 599//514 601//514
f 600//515 601//515 602//515
f 602//516 601//516 603//516
f 602//517 603//517 604//517
f 604//518 603//518 605//518
f 604//519 605//519 606//519
f 606//520 605//520 607//520
f 606//521 607//521 608//521
f 608//522 607//522 609//522
f 608//523 609//523 610//523
f 610//524 611//524 612//524
f 612//525 613//525 614//525
f 615//526 616//526 617//526
f 615//526 617//526 618//526
f 395//527 394//527 619//527
f 394//528 620//528 619//528
f 620//529 621//529 619//529
f 621//530 396//530 619//530
f 396//531 622//531 619//531
f 623//532 58//532 57//532
f 623//533 57//533 624//533
f 625//534 617//534 626//534
f 625//535 626//535 627//535
f 628//536 520//536 619//536
f 520//537 629//537 619//537
f 629//538 395//538 619//538
f 630//539 631//539 395//539
f 631//540 512//540 395//540
f 512//541 396//541 395//541
f 629//542 630//542 395//542
f 396//543 621//543 394//543
f 621//544 620//544 394//544
f 399//545 397//545 396//545
f 398//546 632//546 396//546
f 632//547 622//547 396//547
f 512//548 399//548 396//548
f 633//549 634//549 635//549
f 633//550 635//550 636//550
f 542//551 637//551 638//551
f 542//552 638//552 543//552
f 635//553 639//553 640//553
f 635//553 640//553 636//553
f 636//554 640//554 641//554
f 636//554 641//554 642//554
f 616//555 643//555 628//555
f 643//556 521//556 628//556
f 521//557 520//557 628//557
f 644//558 29//558 645//558
f 644//559 645//559 646//559
f 512//560 629//560 520//560
f 512//561 630//561 629//561
f 512//562 631//562 630//562
f 514//563 647//563 512//563
f 647//564 648//564 512//564
f 648//565 399//565 512//565
f 649//566 650//566 624//566
f 649//567 624//567 651//567
f 652//568 632//568 398//568
f 401//569 652//569 398//569
f 652//570 640//570 632//570
f 653//571 60//571 65//571
f 653//572 65//572 654//572
f 642//573 641//573 655//573
f 642//573 655//573 656//573
f 243//574 235//574 234//574
f 243//575 234//575 241//575
f 639//576 657//576 619//576
f 639//577 619//577 622//577
f 78//578 76//578 71//578
f 78//579 71//579 70//579
f 616//580 657//580 626//580
f 616//580 626//580 617//580
f 615//581 658//581 616//581
f 658//582 659//582 616//582
f 659//583 660//583 616//583
f 660//584 643//584 616//584
f 660//585 519//585 643//585
f 519//586 521//586 643//586
f 660//587 661//587 519//587
f 661//588 662//588 519//588
f 663//589 664//589 665//589
f 663//590 665//590 5//590
f 505//591 515//591 513//591
f 30//592 666//592 36//592
f 30//593 36//593 667//593
f 668//594 669//594 537//594
f 668//595 537//595 535//595
f 670//596 671//596 515//596
f 671//597 402//597 515//597
f 402//598 400//598 515//598
f 400//599 514//599 515//599
f 400//600 647//600 514//600
f 401//601 672//601 652//601
f 403//602 673//602 401//602
f 673//603 674//603 401//603
f 674//604 672//604 401//604
f 674//605 641//605 672//605
f 674//606 675//606 641//606
f 675//607 676//607 641//607
f 676//608 677//608 641//608
f 677//609 655//609 641//609
f 678//610 615//610 618//610
f 678//610 618//610 679//610
f 680//611 681//611 682//611
f 680//612 682//612 683//612
f 684//613 633//613 636//613
f 633//614 424//614 634//614
f 424//615 627//615 634//615
f 424//616 433//616 627//616
f 433//617 432//617 627//617
f 432//618 431//618 627//618
f 431//619 435//619 627//619
f 435//620 434//620 627//620
f 434//621 685//621 627//621
f 685//622 686//622 627//622
f 686//623 456//623 627//623
f 456//624 458//624 627//624
f 458//625 625//625 627//625
f 625//626 687//626 617//626
f 687//627 688//627 617//627
f 688//628 689//628 617//628
f 689//629 690//629 617//629
f 690//630 618//630 617//630
f 458//631 691//631 625//631
f 691//632 687//632 625//632
f 657//633 639//633 635//633
f 657//633 635//633 626//633
f 678//634 692//634 615//634
f 692//635 658//635 615//635
f 692//636 81//636 658//636
f 380//637 517//637 86//637
f 380//638 86//638 85//638
f 662//639 660//639 659//639
f 662//640 661//640 660//640
f 81//641 82//641 662//641
f 82//642 87//642 662//642
f 411//643 416//643 560//643
f 411//644 560//644 558//644
f 316//645 315//645 318//645
f 316//646 318//646 317//646
f 665//647 693//647 63//647
f 665//648 63//648 62//648
f 375//649 694//649 366//649
f 694//650 356//650 366//650
f 695//651 696//651 614//651
f 695//652 614//652 581//652
f 697//653 355//653 356//653
f 355//654 697//654 331//654
f 697//655 698//655 331//655
f 698//656 699//656 331//656
f 699//657 329//657 331//657
f 329//658 699//658 330//658
f 699//659 507//659 330//659
f 699//660 700//660 507//660
f 700//661 334//661 507//661
f 579//662 578//662 599//662
f 579//663 599//663 597//663
f 701//664 702//664 670//664
f 702//665 703//665 670//665
f 703//666 403//666 670//666
f 403//667 402//667 670//667
f 402//668 704//668 670//668
f 704//669 671//669 670//669
f 704//670 402//670 671//670
f 703//671 705//671 403//671
f 438//672 695//672 581//672
f 438//673 581//673 706//673
f 263//674 228//674 473//674
f 263//675 473//675 462//675
f 676//676 675//676 673//676
f 675//677 674//677 673//677
f 656//678 612//678 642//678
f 612//679 614//679 642//679
f 614//680 696//680 642//680
f 696//681 707//681 642//681
f 707//682 708//682 642//682
f 708//683 709//683 642//683
f 522//684 655//684 677//684
f 552//685 522//685 677//685
f 532//686 534//686 655//686
f 534//687 536//687 655//687
f 536//688 538//688 655//688
f 538//689 540//689 655//689
f 710//690 689//690 688//690
f 710//691 688//691 393//691
f 543//692 638//692 656//692
f 522//693 524//693 655//693
f 524//694 527//694 655//694
f 527//695 529//695 655//695
f 529//696 530//696 655//696
f 530//697 532//697 655//697
f 708//698 439//698 709//698
f 439//699 422//699 709//699
f 422//700 684//700 709//700
f 422//701 633//701 684//701
f 422//702 424//702 633//702
f 423//703 442//703 424//703
f 442//704 457//704 424//704
f 457//705 433//705 424//705
f 685//706 434//706 433//706
f 457//707 685//707 433//707
f 457//708 686//708 685//708
f 457//709 456//709 686//709
f 218//710 217//710 194//710
f 218//711 194//711 193//711
f 690//712 679//712 618//712
f 691//713 393//713 687//713
f 393//714 688//714 687//714
f 127//715 132//715 133//715
f 127//716 133//716 128//716
f 710//717 181//717 689//717
f 711//718 594//718 577//718
f 711//719 577//719 586//719
f 712//720 679//720 690//720
f 713//721 712//721 690//721
f 714//722 715//722 678//722
f 715//723 692//723 678//723
f 315//724 360//724 716//724
f 315//725 716//725 318//725
f 717//726 718//726 678//726
f 718//727 719//727 678//727
f 719//728 720//728 678//728
f 720//729 721//729 678//729
f 721//730 722//730 678//730
f 722//731 121//731 678//731
f 121//732 723//732 678//732
f 723//733 724//733 678//733
f 724//734 725//734 678//734
f 725//735 726//735 678//735
f 726//736 714//736 678//736
f 552//737 673//737 403//737
f 552//738 403//738 705//738
f 494//739 727//739 421//739
f 494//740 421//740 510//740
f 709//741 684//741 636//741
f 709//742 636//742 642//742
f 85//743 84//743 380//743
f 728//744 258//744 259//744
f 728//745 259//745 302//745
f 729//746 57//746 653//746
f 729//747 653//747 67//747
f 730//748 731//748 732//748
f 730//749 732//749 733//749
f 571//750 669//750 668//750
f 571//751 668//751 570//751
f 700//752 699//752 698//752
f 333//753 504//753 506//753
f 700//754 332//754 334//754
f 734//755 591//755 590//755
f 734//756 590//756 735//756
f 736//757 332//757 700//757
f 449//758 494//758 510//758
f 449//759 510//759 498//759
f 737//760 738//760 701//760
f 738//761 739//761 701//761
f 739//762 740//762 701//762
f 740//763 705//763 701//763
f 705//764 702//764 701//764
f 705//765 703//765 702//765
f 740//766 741//766 705//766
f 741//767 552//767 705//767
f 742//768 585//768 583//768
f 742//769 583//769 743//769
f 551//770 522//770 552//770
f 638//771 596//771 656//771
f 596//772 598//772 656//772
f 598//773 600//773 656//773
f 600//774 602//774 656//774
f 602//775 604//775 656//775
f 604//776 606//776 656//776
f 606//777 608//777 656//777
f 608//778 610//778 656//778
f 610//779 612//779 656//779
f 611//780 582//780 612//780
f 582//781 581//781 612//781
f 581//782 613//782 612//782
f 613//783 581//783 614//783
f 222//784 221//784 497//784
f 222//785 497//785 342//785
f 695//786 707//786 696//786
f 695//787 439//787 707//787
f 439//788 708//788 707//788
f 551//789 523//789 522//789
f 744//790 745//790 734//790
f 744//791 734//791 746//791
f 577//792 587//792 548//792
f 577//793 548//793 547//793
f 202//794 193//794 195//794
f 202//795 195//795 201//795
f 747//796 748//796 296//796
f 747//797 296//797 297//797
f 437//798 440//798 439//798
f 440//799 422//799 439//799
f 695//800 438//800 439//800
f 375//801 697//801 356//801
f 375//802 356//802 694//802
f 443//803 457//803 442//803
f 749//804 472//804 457//804
f 750//805 4//805 751//805
f 750//806 751//806 752//806
f 443//807 441//807 457//807
f 441//808 749//808 457//808
f 341//809 498//809 499//809
f 341//810 499//810 340//810
f 181//811 710//811 393//811
f 712//812 753//812 679//812
f 753//813 191//813 679//813
f 191//814 190//814 679//814
f 190//815 189//815 679//815
f 189//816 163//816 679//816
f 163//817 162//817 679//817
f 162//818 146//818 679//818
f 146//819 754//819 679//819
f 754//820 142//820 679//820
f 142//821 141//821 679//821
f 141//822 140//822 679//822
f 140//823 755//823 679//823
f 755//824 139//824 679//824
f 139//825 756//825 679//825
f 67//826 653//826 654//826
f 67//827 654//827 731//827
f 713//828 186//828 712//828
f 186//829 757//829 712//829
f 757//830 753//830 712//830
f 726//831 100//831 714//831
f 100//832 715//832 714//832
f 100//833 79//833 715//833
f 756//834 718//834 717//834
f 756//835 758//835 759//835
f 756//836 759//836 718//836
f 759//837 760//837 718//837
f 760//838 719//838 718//838
f 760//839 121//839 719//839
f 121//840 722//840 719//840
f 722//841 721//841 719//841
f 721//842 720//842 719//842
f 760//843 122//843 121//843
f 120//844 119//844 121//844
f 119//845 723//845 121//845
f 119//846 724//846 723//846
f 119//847 118//847 724//847
f 118//848 761//848 724//848
f 761//849 101//849 724//849
f 101//850 725//850 724//850
f 101//851 726//851 725//851
f 101//852 100//852 726//852
f 100//853 102//853 79//853
f 102//854 80//854 79//854
f 762//855 763//855 328//855
f 762//856 328//856 310//856
f 54//857 764//857 203//857
f 54//858 203//858 52//858
f 181//859 713//859 690//859
f 181//860 690//860 689//860
f 22//861 98//861 106//861
f 22//862 106//862 26//862
f 446//863 448//863 765//863
f 446//864 765//864 744//864
f 333//865 736//865 504//865
f 736//866 503//866 504//866
f 332//867 736//867 333//867
f 414//868 413//868 562//868
f 414//869 562//869 560//869
f 766//870 767//870 736//870
f 767//871 503//871 736//871
f 745//872 593//872 591//872
f 745//873 591//873 734//873
f 768//874 769//874 737//874
f 769//875 770//875 737//875
f 770//876 738//876 737//876
f 770//877 739//877 738//877
f 218//878 771//878 728//878
f 218//879 728//879 219//879
f 741//880 740//880 739//880
f 566//881 772//881 550//881
f 772//882 523//882 550//882
f 523//883 551//883 550//883
f 773//884 774//884 775//884
f 773//885 775//885 776//885
f 609//886 777//886 610//886
f 777//887 611//887 610//887
f 777//888 583//888 611//888
f 583//889 582//889 611//889
f 584//890 706//890 581//890
f 327//891 778//891 698//891
f 327//892 698//892 311//892
f 772//893 525//893 523//893
f 133//894 131//894 130//894
f 133//895 130//895 128//895
f 549//896 779//896 669//896
f 549//896 669//896 571//896
f 780//897 781//897 240//897
f 780//898 240//898 238//898
f 172//899 782//899 783//899
f 172//900 783//900 175//900
f 669//901 539//901 537//901
f 504//902 701//902 670//902
f 504//903 670//903 506//903
f 288//904 290//904 257//904
f 288//905 257//905 286//905
f 493//906 426//906 425//906
f 493//907 425//907 452//907
f 772//908 526//908 525//908
f 772//909 566//909 526//909
f 566//910 572//910 526//910
f 572//911 528//911 526//911
f 706//912 474//912 438//912
f 474//913 436//913 438//913
f 436//914 784//914 437//914
f 784//915 485//915 437//915
f 485//916 472//916 437//916
f 472//917 440//917 437//917
f 472//918 749//918 440//918
f 749//919 441//919 440//919
f 764//920 780//920 237//920
f 764//921 237//921 785//921
f 230//922 274//922 453//922
f 28//923 30//923 680//923
f 28//924 680//924 786//924
f 231//925 261//925 454//925
f 231//926 233//926 261//926
f 427//927 444//927 746//927
f 427//928 746//928 787//928
f 788//929 789//929 790//929
f 788//930 790//930 773//930
f 791//931 392//931 260//931
f 757//932 191//932 753//932
f 757//933 166//933 191//933
f 160//934 792//934 162//934
f 792//935 156//935 162//935
f 156//936 143//936 162//936
f 143//937 146//937 162//937
f 145//938 754//938 146//938
f 145//939 142//939 754//939
f 616//940 628//940 619//940
f 616//941 619//941 657//941
f 139//942 140//942 142//942
f 139//943 755//943 140//943
f 138//944 756//944 139//944
f 138//945 137//945 756//945
f 137//946 758//946 756//946
f 187//947 166//947 186//947
f 166//948 757//948 186//948
f 758//949 760//949 759//949
f 589//950 603//950 601//950
f 589//951 601//951 578//951
f 123//952 122//952 760//952
f 758//953 137//953 760//953
f 124//954 129//954 122//954
f 129//955 120//955 122//955
f 130//956 131//956 118//956
f 131//957 761//957 118//957
f 131//958 101//958 761//958
f 793//959 794//959 790//959
f 793//960 790//960 789//960
f 92//961 382//961 91//961
f 382//962 104//962 91//962
f 795//963 796//963 16//963
f 795//964 16//964 15//964
f 665//965 664//965 135//965
f 665//966 135//966 693//966
f 651//967 797//967 729//967
f 651//968 729//968 798//968
f 448//969 428//969 742//969
f 448//970 742//970 765//970
f 799//971 743//971 800//971
f 799//972 800//972 593//972
f 503//973 801//973 502//973
f 801//974 802//974 502//974
f 802//975 500//975 502//975
f 767//976 801//976 503//976
f 803//977 804//977 805//977
f 803//978 805//978 806//978
f 451//979 807//979 808//979
f 451//980 808//980 494//980
f 802//981 801//981 766//981
f 801//982 767//982 766//982
f 209//983 317//983 319//983
f 209//984 319//984 210//984
f 805//985 804//985 768//985
f 804//986 404//986 768//986
f 404//987 769//987 768//987
f 404//988 770//988 769//988
f 404//989 575//989 770//989
f 376//990 375//990 366//990
f 376//991 366//991 365//991
f 517//992 380//992 365//992
f 517//993 365//993 367//993
f 501//994 768//994 737//994
f 501//995 737//995 502//995
f 578//996 601//996 599//996
f 647//997 400//997 399//997
f 647//998 399//998 648//998
f 409//999 411//999 558//999
f 409//1000 558//1000 556//1000
f 592//1001 800//1001 605//1001
f 800//1002 809//1002 605//1002
f 809//1003 607//1003 605//1003
f 809//1004 609//1004 607//1004
f 809//1005 810//1005 609//1005
f 810//1006 777//1006 609//1006
f 810//1007 583//1007 777//1007
f 378//1008 349//1008 350//1008
f 378//1009 350//1009 351//1009
f 371//1010 342//1010 344//1010
f 371//1011 344//1011 368//1011
f 50//1012 41//1012 31//1012
f 50//1013 31//1013 649//1013
f 811//1014 706//1014 584//1014
f 811//1015 475//1015 706//1015
f 475//1016 486//1016 706//1016
f 486//1017 474//1017 706//1017
f 552//1018 677//1018 676//1018
f 552//1019 676//1019 673//1019
f 321//1020 812//1020 813//1020
f 321//1021 813//1021 324//1021
f 814//1022 806//1022 805//1022
f 814//1023 805//1023 815//1023
f 816//1024 817//1024 818//1024
f 816//1025 818//1025 819//1025
f 296//1026 748//1026 470//1026
f 296//1027 470//1027 469//1027
f 474//1028 784//1028 436//1028
f 485//1029 784//1029 474//1029
f 217//1030 245//1030 195//1030
f 217//1031 195//1031 194//1031
f 263//1032 271//1032 228//1032
f 271//1033 272//1033 228//1033
f 272//1034 229//1034 228//1034
f 229//1035 272//1035 230//1035
f 272//1036 273//1036 230//1036
f 273//1037 274//1037 230//1037
f 232//1038 389//1038 233//1038
f 791//1039 184//1039 392//1039
f 364//1040 820//1040 802//1040
f 364//1041 802//1041 821//1041
f 274//1042 231//1042 454//1042
f 274//1043 454//1043 453//1043
f 178//1044 180//1044 389//1044
f 180//1045 185//1045 389//1045
f 187//1046 165//1046 166//1046
f 535//1047 534//1047 532//1047
f 535//1048 532//1048 533//1048
f 778//1049 822//1049 700//1049
f 778//1050 700//1050 698//1050
f 155//1051 156//1051 160//1051
f 156//1052 792//1052 160//1052
f 147//1053 143//1053 156//1053
f 147//1054 144//1054 143//1054
f 148//1055 137//1055 145//1055
f 624//1056 823//1056 729//1056
f 624//1057 729//1057 797//1057
f 112//1058 776//1058 824//1058
f 112//1058 824//1058 113//1058
f 750//1059 646//1059 6//1059
f 750//1060 6//1060 4//1060
f 125//1061 128//1061 129//1061
f 128//1062 130//1062 129//1062
f 151//1063 155//1063 160//1063
f 151//1064 160//1064 158//1064
f 825//1065 17//1065 19//1065
f 825//1066 19//1066 826//1066
f 94//1067 89//1067 88//1067
f 89//1068 762//1068 90//1068
f 89//1069 763//1069 762//1069
f 827//1070 387//1070 828//1070
f 827//1071 828//1071 205//1071
f 89//1072 829//1072 763//1072
f 829//1073 94//1073 763//1073
f 94//1074 93//1074 763//1074
f 95//1075 96//1075 383//1075
f 96//1076 97//1076 383//1076
f 763//1077 383//1077 326//1077
f 763//1078 326//1078 328//1078
f 79//1079 81//1079 692//1079
f 79//1080 692//1080 715//1080
f 384//1081 99//1081 323//1081
f 409//1082 408//1082 803//1082
f 409//1083 803//1083 830//1083
f 87//1084 518//1084 519//1084
f 87//1085 519//1085 662//1085
f 393//1086 691//1086 458//1086
f 393//1087 458//1087 390//1087
f 500//1088 802//1088 501//1088
f 802//1089 831//1089 501//1089
f 831//1090 815//1090 501//1090
f 818//1091 766//1091 822//1091
f 818//1092 822//1092 819//1092
f 820//1093 831//1093 802//1093
f 192//1094 169//1094 164//1094
f 192//1095 164//1095 188//1095
f 747//1096 832//1096 287//1096
f 747//1097 287//1097 299//1097
f 496//1098 516//1098 833//1098
f 496//1099 833//1099 814//1099
f 379//1100 834//1100 303//1100
f 379//1100 303//1100 304//1100
f 803//1101 406//1101 804//1101
f 406//1102 405//1102 804//1102
f 405//1103 404//1103 804//1103
f 319//1104 318//1104 321//1104
f 319//1105 321//1105 320//1105
f 593//1106 800//1106 592//1106
f 810//1107 809//1107 800//1107
f 228//1108 230//1108 459//1108
f 228//1109 459//1109 473//1109
f 377//1110 338//1110 363//1110
f 377//1111 363//1111 835//1111
f 836//1112 204//1112 243//1112
f 836//1113 243//1113 242//1113
f 430//1114 837//1114 585//1114
f 837//1115 476//1115 811//1115
f 476//1116 487//1116 811//1116
f 487//1117 475//1117 811//1117
f 299//1118 298//1118 748//1118
f 299//1119 748//1119 747//1119
f 171//1120 733//1120 782//1120
f 171//1121 782//1121 172//1121
f 262//1122 271//1122 263//1122
f 386//1123 176//1123 177//1123
f 174//1124 176//1124 386//1124
f 54//1125 838//1125 839//1125
f 54//1126 839//1126 780//1126
f 832//1127 840//1127 304//1127
f 832//1128 304//1128 289//1128
f 627//1129 626//1129 635//1129
f 627//1130 635//1130 634//1130
f 157//1131 841//1131 158//1131
f 149//1132 148//1132 147//1132
f 72//1133 102//1133 101//1133
f 72//1134 101//1134 70//1134
f 716//1135 346//1135 816//1135
f 716//1136 816//1136 812//1136
f 152//1137 153//1137 842//1137
f 153//1138 843//1138 842//1138
f 843//1139 844//1139 842//1139
f 843//1140 845//1140 844//1140
f 845//1141 126//1141 844//1141
f 126//1142 125//1142 844//1142
f 841//1143 154//1143 151//1143
f 841//1144 151//1144 158//1144
f 829//1145 89//1145 94//1145
f 51//1146 649//1146 651//1146
f 51//1147 651//1147 49//1147
f 99//1148 98//1148 216//1148
f 781//1149 196//1149 204//1149
f 781//1150 204//1150 836//1150
f 846//1151 210//1151 320//1151
f 210//1152 319//1152 320//1152
f 574//1153 668//1153 535//1153
f 574//1154 535//1154 533//1154
f 812//1155 816//1155 819//1155
f 812//1156 819//1156 813//1156
f 21//1157 215//1157 98//1157
f 21//1158 98//1158 22//1158
f 810//1159 800//1159 743//1159
f 810//1160 743//1160 583//1160
f 831//1161 820//1161 815//1161
f 820//1162 364//1162 815//1162
f 364//1163 814//1163 815//1163
f 847//1164 372//1164 379//1164
f 847//1165 379//1165 848//1165
f 832//1166 289//1166 288//1166
f 832//1167 288//1167 287//1167
f 814//1168 833//1168 806//1168
f 575//1169 550//1169 552//1169
f 575//1170 552//1170 741//1170
f 570//1171 668//1171 574//1171
f 570//1172 574//1172 569//1172
f 408//1173 407//1173 803//1173
f 407//1174 406//1174 803//1174
f 408//1175 409//1175 556//1175
f 574//1176 533//1176 531//1176
f 574//1177 531//1177 573//1177
f 83//1178 381//1178 380//1178
f 83//1179 380//1179 84//1179
f 446//1180 744//1180 746//1180
f 446//1181 746//1181 444//1181
f 756//1182 717//1182 678//1182
f 756//1183 678//1183 679//1183
f 745//1184 799//1184 593//1184
f 286//1185 257//1185 251//1185
f 286//1186 251//1186 252//1186
f 408//1187 556//1187 554//1187
f 408//1188 554//1188 406//1188
f 429//1189 489//1189 430//1189
f 489//1190 478//1190 430//1190
f 478//1191 488//1191 430//1191
f 488//1192 837//1192 430//1192
f 488//1193 476//1193 837//1193
f 649//1194 31//1194 27//1194
f 649//1195 27//1195 650//1195
f 646//1196 645//1196 849//1196
f 646//1197 849//1197 6//1197
f 528//1198 531//1198 530//1198
f 528//1199 530//1199 529//1199
f 461//1200 270//1200 264//1200
f 270//1201 262//1201 264//1201
f 461//1202 281//1202 270//1202
f 790//1203 850//1203 774//1203
f 790//1204 774//1204 773//1204
f 388//1205 851//1205 385//1205
f 851//1206 175//1206 385//1206
f 360//1207 348//1207 346//1207
f 360//1208 346//1208 716//1208
f 168//1209 65//1209 157//1209
f 65//1210 64//1210 157//1210
f 543//1211 656//1211 655//1211
f 543//1212 655//1212 540//1212
f 841//1213 134//1213 154//1213
f 134//1214 136//1214 154//1214
f 136//1215 852//1215 154//1215
f 852//1216 775//1216 154//1216
f 385//1217 175//1217 174//1217
f 385//1218 174//1218 386//1218
f 135//1219 134//1219 841//1219
f 63//1220 135//1220 841//1220
f 851//1221 172//1221 175//1221
f 150//1222 123//1222 760//1222
f 150//1223 760//1223 137//1223
f 774//1224 850//1224 153//1224
f 850//1225 853//1225 153//1225
f 853//1226 843//1226 153//1226
f 853//1227 854//1227 843//1227
f 854//1228 845//1228 843//1228
f 854//1229 855//1229 845//1229
f 855//1230 856//1230 845//1230
f 856//1231 126//1231 845//1231
f 856//1232 857//1232 126//1232
f 857//1233 858//1233 126//1233
f 236//1234 305//1234 284//1234
f 236//1235 284//1235 234//1235
f 116//1236 117//1236 127//1236
f 117//1237 115//1237 127//1237
f 115//1238 859//1238 127//1238
f 859//1239 132//1239 127//1239
f 859//1240 114//1240 132//1240
f 114//1241 19//1241 132//1241
f 7//1242 860//1242 861//1242
f 7//1243 861//1243 11//1243
f 18//1244 16//1244 75//1244
f 16//1245 796//1245 75//1245
f 796//1246 795//1246 75//1246
f 795//1247 73//1247 75//1247
f 73//1248 795//1248 74//1248
f 795//1249 862//1249 74//1249
f 862//1250 24//1250 74//1250
f 24//1251 105//1251 74//1251
f 105//1252 26//1252 106//1252
f 863//1253 461//1253 460//1253
f 863//1254 460//1254 477//1254
f 864//1255 865//1255 516//1255
f 864//1256 516//1256 499//1256
f 21//1257 210//1257 215//1257
f 21//1258 212//1258 210//1258
f 209//1259 316//1259 317//1259
f 669//1260 779//1260 541//1260
f 669//1261 541//1261 539//1261
f 502//1262 737//1262 701//1262
f 502//1263 701//1263 504//1263
f 182//1264 181//1264 393//1264
f 182//1265 393//1265 391//1265
f 364//1266 335//1266 814//1266
f 335//1267 495//1267 814//1267
f 495//1268 496//1268 814//1268
f 548//1269 866//1269 779//1269
f 548//1270 779//1270 549//1270
f 175//1271 783//1271 192//1271
f 175//1272 192//1272 176//1272
f 865//1273 411//1273 830//1273
f 411//1274 410//1274 830//1274
f 410//1275 409//1275 830//1275
f 588//1276 579//1276 597//1276
f 588//1277 597//1277 637//1277
f 188//1278 164//1278 165//1278
f 188//1279 165//1279 187//1279
f 346//1280 345//1280 817//1280
f 346//1281 817//1281 816//1281
f 498//1282 510//1282 511//1282
f 498//1283 511//1283 499//1283
f 448//1284 867//1284 428//1284
f 867//1285 490//1285 428//1285
f 490//1286 489//1286 428//1286
f 489//1287 429//1287 428//1287
f 479//1288 868//1288 477//1288
f 868//1289 280//1289 477//1289
f 280//1290 863//1290 477//1290
f 280//1291 461//1291 863//1291
f 280//1292 281//1292 461//1292
f 416//1293 414//1293 560//1293
f 786//1294 680//1294 683//1294
f 786//1295 683//1295 12//1295
f 413//1296 417//1296 562//1296
f 747//1297 297//1297 840//1297
f 747//1298 840//1298 832//1298
f 419//1299 421//1299 564//1299
f 421//1300 565//1300 564//1300
f 865//1301 830//1301 833//1301
f 865//1302 833//1302 516//1302
f 746//1303 734//1303 735//1303
f 746//1304 735//1304 787//1304
f 417//1305 419//1305 564//1305
f 417//1306 564//1306 562//1306
f 711//1307 425//1307 594//1307
f 425//1308 869//1308 594//1308
f 869//1309 787//1309 594//1309
f 869//1310 427//1310 787//1310
f 748//1311 298//1311 471//1311
f 748//1312 471//1312 470//1312
f 35//1313 209//1313 208//1313
f 35//1314 208//1314 37//1314
f 235//1315 828//1315 236//1315
f 828//1316 387//1316 236//1316
f 92//1317 90//1317 762//1317
f 92//1318 762//1318 382//1318
f 170//1319 173//1319 388//1319
f 173//1320 870//1320 388//1320
f 870//1321 851//1321 388//1321
f 870//1322 173//1322 851//1322
f 173//1323 172//1323 851//1323
f 871//1324 69//1324 197//1324
f 871//1325 197//1325 196//1325
f 732//1326 731//1326 167//1326
f 731//1327 654//1327 167//1327
f 774//1328 153//1328 154//1328
f 774//1329 154//1329 775//1329
f 93//1330 95//1330 383//1330
f 93//1331 383//1331 763//1331
f 508//1332 512//1332 520//1332
f 508//1333 520//1333 509//1333
f 693//1334 135//1334 63//1334
f 135//1335 775//1335 136//1335
f 775//1336 852//1336 136//1336
f 135//1337 872//1337 775//1337
f 872//1338 776//1338 775//1338
f 788//1339 112//1339 116//1339
f 788//1340 116//1340 858//1340
f 2//1341 5//1341 873//1341
f 2//1342 873//1342 874//1342
f 45//1343 44//1343 54//1343
f 45//1344 54//1344 53//1344
f 664//1345 875//1345 135//1345
f 875//1346 824//1346 135//1346
f 824//1347 872//1347 135//1347
f 783//1348 167//1348 169//1348
f 783//1349 169//1349 192//1349
f 790//1350 794//1350 850//1350
f 794//1351 853//1351 850//1351
f 794//1352 855//1352 853//1352
f 855//1353 854//1353 853//1353
f 794//1354 793//1354 855//1354
f 793//1355 857//1355 855//1355
f 857//1356 856//1356 855//1356
f 793//1357 789//1357 857//1357
f 63//1358 841//1358 157//1358
f 63//1359 157//1359 64//1359
f 539//1360 541//1360 540//1360
f 539//1361 540//1361 538//1361
f 112//1362 111//1362 116//1362
f 111//1363 114//1363 116//1363
f 114//1364 859//1364 115//1364
f 111//1365 113//1365 114//1365
f 113//1366 876//1366 114//1366
f 876//1367 877//1367 114//1367
f 4//1368 3//1368 878//1368
f 4//1369 878//1369 751//1369
f 879//1370 19//1370 114//1370
f 842//1371 844//1371 124//1371
f 842//1372 124//1372 149//1372
f 879//1373 826//1373 19//1373
f 662//1374 659//1374 658//1374
f 662//1375 658//1375 81//1375
f 15//1376 862//1376 795//1376
f 24//1377 26//1377 105//1377
f 25//1378 24//1378 862//1378
f 15//1379 13//1379 862//1379
f 13//1380 683//1380 862//1380
f 683//1381 25//1381 862//1381
f 295//1382 222//1382 342//1382
f 295//1383 342//1383 371//1383
f 880//1384 212//1384 21//1384
f 208//1385 211//1385 212//1385
f 880//1386 208//1386 212//1386
f 880//1387 37//1387 208//1387
f 770//1388 575//1388 741//1388
f 770//1389 741//1389 739//1389
f 35//1390 881//1390 209//1390
f 311//1391 698//1391 697//1391
f 311//1392 697//1392 375//1392
f 214//1393 313//1393 881//1393
f 214//1394 314//1394 313//1394
f 214//1395 361//1395 314//1395
f 379//1396 378//1396 351//1396
f 379//1397 351//1397 834//1397
f 337//1398 336//1398 496//1398
f 336//1399 362//1399 496//1399
f 362//1400 499//1400 496//1400
f 337//1401 495//1401 335//1401
f 103//1402 85//1402 82//1402
f 103//1403 82//1403 80//1403
f 506//1404 670//1404 515//1404
f 506//1405 515//1405 505//1405
f 782//1406 732//1406 167//1406
f 782//1407 167//1407 783//1407
f 416//1408 415//1408 865//1408
f 415//1409 411//1409 865//1409
f 389//1410 791//1410 260//1410
f 389//1411 260//1411 233//1411
f 447//1412 491//1412 448//1412
f 491//1413 490//1413 448//1413
f 490//1414 867//1414 448//1414
f 481//1415 277//1415 479//1415
f 277//1416 279//1416 479//1416
f 279//1417 868//1417 479//1417
f 279//1418 280//1418 868//1418
f 864//1419 412//1419 414//1419
f 412//1420 864//1420 413//1420
f 587//1421 588//1421 866//1421
f 587//1422 866//1422 548//1422
f 511//1423 418//1423 417//1423
f 418//1424 510//1424 419//1424
f 510//1425 420//1425 419//1425
f 420//1426 510//1426 421//1426
f 818//1427 821//1427 802//1427
f 818//1428 802//1428 766//1428
f 494//1429 808//1429 727//1429
f 807//1430 882//1430 711//1430
f 882//1431 425//1431 711//1431
f 198//1432 733//1432 171//1432
f 198//1433 171//1433 205//1433
f 451//1434 882//1434 807//1434
f 427//1435 869//1435 425//1435
f 882//1436 450//1436 425//1436
f 450//1437 452//1437 425//1437
f 511//1438 417//1438 413//1438
f 511//1439 413//1439 864//1439
f 426//1440 493//1440 427//1440
f 414//1441 416//1441 865//1441
f 414//1442 865//1442 864//1442
f 69//1443 730//1443 733//1443
f 69//1444 733//1444 197//1444
f 205//1445 828//1445 235//1445
f 860//1446 14//1446 13//1446
f 860//1447 13//1447 17//1447
f 827//1448 171//1448 387//1448
f 733//1449 732//1449 782//1449
f 204//1450 205//1450 235//1450
f 204//1451 235//1451 243//1451
f 730//1452 68//1452 731//1452
f 68//1453 67//1453 731//1453
f 459//1454 455//1454 457//1454
f 459//1455 457//1455 472//1455
f 386//1456 177//1456 178//1456
f 386//1457 178//1457 389//1457
f 57//1458 59//1458 653//1458
f 59//1459 60//1459 653//1459
f 59//1460 62//1460 61//1460
f 59//1461 58//1461 62//1461
f 58//1462 873//1462 62//1462
f 873//1463 5//1463 62//1463
f 5//1464 665//1464 62//1464
f 824//1465 776//1465 872//1465
f 318//1466 716//1466 812//1466
f 318//1467 812//1467 321//1467
f 125//1468 129//1468 124//1468
f 125//1469 124//1469 844//1469
f 86//1470 517//1470 518//1470
f 86//1471 518//1471 87//1471
f 145//1472 137//1472 139//1472
f 145//1473 139//1473 142//1473
f 813//1474 819//1474 822//1474
f 813//1475 822//1475 778//1475
f 663//1476 875//1476 664//1476
f 663//1477 883//1477 875//1477
f 883//1478 9//1478 875//1478
f 9//1479 824//1479 875//1479
f 9//1480 113//1480 824//1480
f 827//1481 205//1481 171//1481
f 290//1482 259//1482 256//1482
f 290//1483 256//1483 257//1483
f 9//1484 876//1484 113//1484
f 9//1485 8//1485 876//1485
f 8//1486 10//1486 876//1486
f 10//1487 877//1487 876//1487
f 10//1488 884//1488 877//1488
f 10//1489 825//1489 884//1489
f 825//1490 826//1490 884//1490
f 826//1491 879//1491 884//1491
f 10//1492 861//1492 825//1492
f 861//1493 860//1493 825//1493
f 860//1494 17//1494 825//1494
f 152//1495 842//1495 149//1495
f 152//1496 149//1496 147//1496
f 12//1497 683//1497 13//1497
f 683//1498 682//1498 25//1498
f 682//1499 20//1499 25//1499
f 20//1500 23//1500 25//1500
f 595//1501 580//1501 587//1501
f 595//1502 587//1502 577//1502
f 672//1503 641//1503 640//1503
f 672//1504 640//1504 652//1504
f 682//1505 885//1505 20//1505
f 885//1506 37//1506 880//1506
f 885//1507 39//1507 37//1507
f 34//1508 42//1508 35//1508
f 42//1509 213//1509 214//1509
f 207//1510 886//1510 214//1510
f 886//1511 887//1511 214//1511
f 887//1512 361//1512 214//1512
f 887//1513 886//1513 361//1513
f 886//1514 207//1514 361//1514
f 207//1515 358//1515 361//1515
f 207//1516 357//1516 358//1516
f 779//1517 866//1517 542//1517
f 779//1518 542//1518 541//1518
f 817//1519 835//1519 821//1519
f 817//1520 821//1520 818//1520
f 339//1521 340//1521 499//1521
f 572//1522 573//1522 531//1522
f 572//1523 531//1523 528//1523
f 592//1524 605//1524 603//1524
f 592//1525 603//1525 589//1525
f 511//1526 864//1526 499//1526
f 338//1527 307//1527 362//1527
f 307//1528 339//1528 362//1528
f 492//1529 445//1529 444//1529
f 445//1530 492//1530 446//1530
f 492//1531 491//1531 446//1531
f 491//1532 447//1532 446//1532
f 464//1533 266//1533 481//1533
f 266//1534 278//1534 481//1534
f 278//1535 277//1535 481//1535
f 881//1536 313//1536 316//1536
f 881//1537 316//1537 209//1537
f 451//1538 450//1538 882//1538
f 345//1539 377//1539 835//1539
f 345//1540 835//1540 817//1540
f 846//1541 320//1541 322//1541
f 846//1542 322//1542 216//1542
f 240//1543 781//1543 242//1543
f 781//1544 836//1544 242//1544
f 507//1545 505//1545 513//1545
f 507//1546 513//1546 330//1546
f 834//1547 353//1547 301//1547
f 834//1548 301//1548 303//1548
f 198//1549 197//1549 733//1549
f 837//1550 811//1550 584//1550
f 837//1551 584//1551 585//1551
f 69//1552 68//1552 730//1552
f 66//1553 888//1553 67//1553
f 888//1554 889//1554 67//1554
f 889//1555 798//1555 67//1555
f 798//1556 729//1556 67//1556
f 823//1557 57//1557 729//1557
f 858//1558 116//1558 127//1558
f 858//1559 127//1559 126//1559
f 885//1560 880//1560 21//1560
f 885//1561 21//1561 20//1561
f 823//1562 624//1562 57//1562
f 171//1563 170//1563 388//1563
f 171//1564 388//1564 387//1564
f 874//1565 873//1565 58//1565
f 623//1566 878//1566 58//1566
f 878//1567 874//1567 58//1567
f 789//1568 788//1568 858//1568
f 789//1569 858//1569 857//1569
f 1//1570 10//1570 5//1570
f 10//1571 663//1571 5//1571
f 10//1572 883//1572 663//1572
f 10//1573 9//1573 883//1573
f 11//1574 861//1574 10//1574
f 839//1575 890//1575 781//1575
f 839//1576 781//1576 780//1576
f 7//1577 6//1577 860//1577
f 6//1578 849//1578 860//1578
f 849//1579 891//1579 860//1579
f 891//1580 14//1580 860//1580
f 891//1581 12//1581 14//1581
f 891//1582 892//1582 12//1582
f 892//1583 786//1583 12//1583
f 681//1584 39//1584 682//1584
f 39//1585 885//1585 682//1585
f 892//1586 891//1586 786//1586
f 891//1587 849//1587 786//1587
f 849//1588 645//1588 786//1588
f 645//1589 29//1589 786//1589
f 29//1590 28//1590 786//1590
f 442//1591 423//1591 422//1591
f 442//1592 422//1592 440//1592
f 30//1593 681//1593 680//1593
f 681//1594 38//1594 39//1594
f 681//1595 36//1595 38//1595
f 666//1596 43//1596 36//1596
f 43//1597 33//1597 36//1597
f 681//1598 667//1598 36//1598
f 888//1599 66//1599 69//1599
f 888//1600 69//1600 871//1600
f 43//1601 34//1601 33//1601
f 43//1602 213//1602 42//1602
f 43//1603 201//1603 213//1603
f 206//1604 357//1604 207//1604
f 206//1605 354//1605 357//1605
f 206//1606 195//1606 354//1606
f 195//1607 312//1607 354//1607
f 312//1608 246//1608 354//1608
f 834//1609 351//1609 352//1609
f 834//1610 352//1610 353//1610
f 893//1611 301//1611 353//1611
f 302//1612 259//1612 290//1612
f 302//1612 290//1612 291//1612
f 807//1613 711//1613 586//1613
f 807//1614 586//1614 808//1614
f 304//1615 848//1615 379//1615
f 847//1616 848//1616 304//1616
f 847//1617 304//1617 840//1617
f 847//1618 370//1618 372//1618
f 343//1619 449//1619 498//1619
f 727//1620 576//1620 565//1620
f 727//1621 565//1621 421//1621
f 224//1622 226//1622 464//1622
f 226//1623 266//1623 464//1623
f 343//1624 342//1624 449//1624
f 342//1625 497//1625 449//1625
f 220//1626 223//1626 449//1626
f 223//1627 469//1627 449//1627
f 469//1628 468//1628 449//1628
f 765//1629 742//1629 743//1629
f 765//1630 743//1630 799//1630
f 791//1631 389//1631 185//1631
f 791//1632 185//1632 184//1632
f 258//1633 203//1633 244//1633
f 203//1634 785//1634 244//1634
f 785//1635 237//1635 244//1635
f 314//1636 359//1636 360//1636
f 314//1637 360//1637 315//1637
f 780//1638 238//1638 237//1638
f 654//1639 65//1639 168//1639
f 654//1640 168//1640 167//1640
f 890//1641 871//1641 781//1641
f 871//1642 196//1642 781//1642
f 149//1643 124//1643 123//1643
f 149//1644 123//1644 150//1644
f 773//1645 776//1645 112//1645
f 773//1645 112//1645 788//1645
f 104//1646 382//1646 381//1646
f 104//1647 381//1647 83//1647
f 894//1648 838//1648 889//1648
f 838//1649 47//1649 889//1649
f 47//1650 49//1650 889//1650
f 49//1651 651//1651 889//1651
f 651//1652 798//1652 889//1652
f 651//1653 624//1653 797//1653
f 492//1654 444//1654 427//1654
f 492//1655 427//1655 493//1655
f 650//1656 751//1656 624//1656
f 751//1657 878//1657 624//1657
f 878//1658 623//1658 624//1658
f 878//1659 3//1659 874//1659
f 3//1660 2//1660 874//1660
f 19//1661 18//1661 75//1661
f 19//1662 75//1662 132//1662
f 4//1663 6//1663 1//1663
f 110//1664 91//1664 85//1664
f 110//1665 85//1665 103//1665
f 30//1666 667//1666 681//1666
f 99//1667 216//1667 322//1667
f 99//1668 322//1668 323//1668
f 644//1669 895//1669 29//1669
f 895//1670 27//1670 29//1670
f 27//1194 31//1194 28//1194
f 32//1671 666//1671 30//1671
f 32//1672 43//1672 666//1672
f 56//1673 199//1673 43//1673
f 199//1674 201//1674 43//1674
f 32//1675 40//1675 43//1675
f 40//1676 55//1676 56//1676
f 40//1677 56//1677 43//1677
f 637//1678 597//1678 596//1678
f 637//1679 596//1679 638//1679
f 183//1680 186//1680 713//1680
f 183//1681 713//1681 181//1681
f 245//1682 312//1682 195//1682
f 246//1683 893//1683 353//1683
f 246//1684 353//1684 354//1684
f 835//1685 363//1685 364//1685
f 835//1686 364//1686 821//1686
f 210//1687 846//1687 216//1687
f 210//1688 216//1688 215//1688
f 374//1689 308//1689 338//1689
f 374//1690 338//1690 377//1690
f 840//1691 294//1691 847//1691
f 294//1692 370//1692 847//1692
f 294//1693 293//1693 370//1693
f 293//1694 371//1694 370//1694
f 293//1695 292//1695 371//1695
f 292//1696 295//1696 371//1696
f 815//1697 805//1697 768//1697
f 815//1698 768//1698 501//1698
f 324//1699 813//1699 778//1699
f 324//1700 778//1700 327//1700
f 227//1701 300//1701 226//1701
f 296//1702 469//1702 223//1702
f 766//1703 736//1703 700//1703
f 766//1704 700//1704 822//1704
f 866//1705 588//1705 637//1705
f 866//1706 637//1706 542//1706
f 298//1707 467//1707 471//1707
f 298//1708 465//1708 467//1708
f 298//1709 300//1709 465//1709
f 300//1710 227//1710 465//1710
f 301//1711 893//1711 246//1711
f 301//1712 246//1712 219//1712
f 744//1713 765//1713 799//1713
f 744//1714 799//1714 745//1714
f 728//1715 302//1715 301//1715
f 728//1716 301//1716 219//1716
f 292//1717 294//1717 840//1717
f 292//1718 840//1718 297//1718
f 728//1719 193//1719 258//1719
f 193//1720 896//1720 258//1720
f 896//1721 203//1721 258//1721
f 896//1722 193//1722 203//1722
f 202//1723 52//1723 203//1723
f 42//1724 214//1724 881//1724
f 42//1725 881//1725 35//1725
f 764//1726 785//1726 203//1726
f 54//1727 780//1727 764//1727
f 97//1728 99//1728 384//1728
f 97//1729 384//1729 383//1729
f 838//1730 890//1730 839//1730
f 838//1731 894//1731 890//1731
f 894//1732 871//1732 890//1732
f 54//1733 44//1733 838//1733
f 44//1734 47//1734 838//1734
f 44//1735 48//1735 47//1735
f 48//1736 44//1736 49//1736
f 44//1737 46//1737 49//1737
f 46//1738 51//1738 49//1738
f 406//1739 554//1739 575//1739
f 406//1740 575//1740 404//1740
f 428//1741 430//1741 585//1741
f 428//1742 585//1742 742//1742
f 27//1743 895//1743 650//1743
f 895//1744 752//1744 650//1744
f 752//1745 751//1745 650//1745
f 871//1746 894//1746 889//1746
f 871//1747 889//1747 888//1747
f 750//1748 644//1748 646//1748
f 750//1749 895//1749 644//1749
f 750//1750 752//1750 895//1750
f 640//1751 639//1751 622//1751
f 640//1752 622//1752 632//1752
f 52//1753 202//1753 56//1753
f 202//1754 200//1754 56//1754
f 200//1755 199//1755 56//1755
f 53//1756 52//1756 56//1756
f 41//1757 50//1757 55//1757
f 41//1758 55//1758 40//1758
f 771//1759 218//1759 193//1759
f 735//1760 590//1760 580//1760
f 735//1761 580//1761 595//1761
f 728//1762 771//1762 193//1762
f 762//1763 310//1763 309//1763
f 762//1764 309//1764 382//1764
f 830//1765 803//1765 806//1765
f 830//1766 806//1766 833//1766
f 184//1767 182//1767 391//1767
f 184//1768 391//1768 392//1768
f 727//1769 808//1769 586//1769
f 727//1770 586//1770 576//1770
f 787//1771 735//1771 595//1771
f 787//1772 595//1772 594//1772
f 884//1773 879//1773 114//1773
f 884//1774 114//1774 877//1774
f 50//1775 649//1775 51//1775
