# Blender 4.3.2
# www.blender.org
mtllib right_middle_2_collision.mtl
o right_middle_2_collision
v 0.007284 -0.004068 -0.034870
v 0.007374 -0.006100 -0.034977
v 0.007060 -0.004091 -0.035644
v 0.007124 -0.006100 -0.035781
v 0.007182 -0.001077 -0.029284
v 0.008099 -0.001203 -0.021230
v 0.007483 -0.001702 -0.029608
v 0.008415 -0.001866 -0.021590
v 0.007717 -0.002411 -0.029930
v 0.008643 -0.002604 -0.021955
v 0.007885 -0.003208 -0.030248
v 0.008789 -0.003407 -0.022324
v 0.007989 -0.004101 -0.030562
v 0.008865 -0.004272 -0.022695
v 0.007693 -0.000624 -0.020878
v 0.008793 -0.001069 -0.012509
v 0.008882 -0.001196 -0.012513
v 0.009438 -0.002317 -0.012538
v 0.009509 -0.002529 -0.012541
v 0.009795 -0.003832 -0.012554
v 0.009835 -0.004151 -0.012556
v 0.006727 -0.002406 -0.035614
v 0.007151 -0.003171 -0.034794
v 0.005997 -0.000044 -0.031776
v 0.005692 -0.000044 -0.034241
v 0.004763 0.000716 -0.033941
v 0.006963 -0.002376 -0.034707
v 0.006428 -0.001057 -0.034497
v 0.006196 -0.001085 -0.035530
v 0.006085 -0.000516 -0.034375
v 0.005472 -0.000064 -0.035396
v 0.004554 0.000705 -0.035211
v 0.007209 -0.000127 -0.020537
v 0.007902 -0.000131 -0.012468
v 0.008430 -0.000627 -0.012492
v 0.008489 -0.000692 -0.012495
v 0.007637 -0.004063 -0.033077
v 0.007512 -0.003165 -0.032881
v 0.007326 -0.002369 -0.032677
v 0.007080 -0.001667 -0.032464
v 0.006388 -0.000063 -0.028631
v 0.005904 0.000344 -0.028303
v 0.005372 0.000692 -0.027977
v 0.008865 -0.007929 -0.022695
v 0.008518 -0.006100 -0.026787
v 0.009926 -0.006100 -0.012560
v 0.007284 -0.008133 -0.034870
v 0.007688 -0.006100 -0.033493
v 0.007693 -0.011577 -0.020878
v 0.008099 -0.010998 -0.021230
v 0.008793 -0.011132 -0.012509
v 0.009869 -0.007691 -0.012557
v 0.009835 -0.008050 -0.012556
v 0.008882 -0.011005 -0.012513
v 0.008024 -0.006100 -0.031146
v 0.007989 -0.008100 -0.030562
v 0.007182 -0.011124 -0.029284
v 0.006816 -0.011668 -0.028958
v 0.006388 -0.012138 -0.028631
v 0.007209 -0.012074 -0.020537
v 0.005904 -0.012544 -0.028303
v 0.006662 -0.012499 -0.020209
v 0.004763 -0.012917 -0.033941
v 0.005692 -0.012157 -0.034241
v 0.005997 -0.012157 -0.031776
v 0.006413 -0.011689 -0.032014
v 0.006085 -0.011685 -0.034375
v 0.006775 -0.011151 -0.032243
v 0.006428 -0.011144 -0.034497
v 0.007080 -0.010534 -0.032464
v 0.006721 -0.010526 -0.034607
v 0.007326 -0.009831 -0.032677
v 0.006963 -0.009825 -0.034707
v 0.007512 -0.009036 -0.032881
v 0.007151 -0.009030 -0.034794
v 0.007637 -0.008138 -0.033077
v 0.006727 -0.009795 -0.035614
v 0.006486 -0.010497 -0.035578
v 0.006196 -0.011116 -0.035530
v 0.005472 -0.012137 -0.035396
v 0.007902 -0.012070 -0.012468
v 0.008430 -0.011574 -0.012492
v 0.008489 -0.011509 -0.012495
v 0.007483 -0.010499 -0.029608
v 0.005372 -0.012893 -0.027977
v 0.009563 -0.011093 -0.003437
v 0.009379 -0.011649 0.000075
v 0.009091 -0.011668 -0.003434
v 0.008754 -0.012196 -0.000213
v 0.008522 -0.012180 -0.003430
v 0.008258 -0.012531 -0.000478
v 0.007857 -0.012632 -0.003426
v 0.008006 -0.012678 -0.000621
v 0.010245 -0.009739 -0.003442
v 0.010605 -0.009547 0.000433
v 0.010265 -0.010387 0.000367
v 0.009945 -0.010452 -0.003440
v 0.009891 -0.011023 0.000264
v 0.009864 -0.011062 0.000255
v 0.010824 -0.008697 0.000458
v 0.010192 -0.008914 -0.006902
v 0.010333 -0.008059 -0.006903
v 0.010980 -0.007628 0.000468
v 0.010439 -0.006100 -0.006883
v 0.011047 -0.006100 0.000471
v 0.009331 -0.011033 -0.006894
v 0.008874 -0.011605 -0.006890
v 0.009982 -0.009692 -0.006900
v 0.009697 -0.010397 -0.006897
v 0.008319 -0.012117 -0.006884
v 0.011026 -0.005223 0.000470
v 0.010333 -0.004142 -0.006903
v 0.010918 -0.004056 0.000465
v 0.010884 -0.003831 0.000462
v 0.010192 -0.003287 -0.006902
v 0.010654 -0.002814 0.000440
v 0.010245 -0.002462 -0.003442
v 0.010321 -0.001930 0.000380
v 0.009945 -0.001749 -0.003440
v 0.009951 -0.001266 0.000282
v 0.009563 -0.001108 -0.003437
v 0.009894 -0.001182 0.000264
v 0.007857 0.000431 -0.003426
v 0.007297 0.000825 -0.001046
v 0.008169 0.000383 -0.000528
v 0.008522 -0.000021 -0.003430
v 0.008255 0.000332 -0.000480
v 0.008862 -0.000088 -0.000160
v 0.008874 -0.000596 -0.006890
v 0.008319 -0.000084 -0.006884
v 0.009331 -0.001168 -0.006894
v 0.009697 -0.001804 -0.006897
v 0.009982 -0.002509 -0.006900
v -0.010208 -0.001168 -0.054758
v -0.010251 -0.001265 -0.054766
v -0.010253 -0.001164 -0.054702
v -0.010079 -0.001901 -0.055159
v -0.010136 -0.001941 -0.055110
v -0.010064 -0.001708 -0.055127
v -0.009948 -0.004247 -0.055792
v -0.009995 -0.004014 -0.055710
v -0.009965 -0.004050 -0.055749
v -0.009984 -0.003855 -0.055701
v -0.009205 -0.003848 -0.056482
v -0.009251 -0.004107 -0.056476
v -0.009435 -0.004169 -0.056314
v -0.009366 -0.004311 -0.056395
v -0.009251 -0.003607 -0.056404
v -0.009373 -0.003438 -0.056264
v -0.009253 -0.003501 -0.056378
v -0.009383 -0.003369 -0.056236
v -0.009178 -0.003697 -0.056477
v -0.009548 -0.003374 -0.056085
v -0.009498 -0.004479 -0.056281
v -0.009343 -0.004352 -0.056415
v -0.009227 -0.004158 -0.056498
v -0.009168 -0.003928 -0.056520
v -0.009827 -0.004410 -0.055944
v -0.009659 -0.004469 -0.056127
v -0.009842 -0.004454 -0.055926
v -0.009754 -0.004502 -0.056025
v -0.009950 -0.003643 -0.055702
v -0.009896 -0.003610 -0.055764
v 0.000458 0.002298 -0.008980
v -0.000620 0.002267 -0.006192
v 0.000937 0.002324 -0.005287
v -0.001358 -0.006100 -0.054517
v -0.001411 -0.005308 -0.054591
v -0.001003 -0.006100 -0.053809
v -0.001464 -0.004509 -0.054596
v -0.001005 -0.004808 -0.053736
v -0.002969 0.000859 -0.052566
v -0.003247 0.000784 -0.053189
v -0.003055 0.000912 -0.052558
v -0.005673 0.001491 -0.052782
v -0.006461 0.001509 -0.052626
v -0.006410 0.001577 -0.052308
v -0.003637 0.001210 -0.052481
v -0.004005 0.001138 -0.053151
v -0.004079 0.001374 -0.052396
v -0.004828 0.001369 -0.053014
v -0.004393 0.001464 -0.052323
v -0.006387 0.000687 -0.054859
v -0.006418 0.000886 -0.054501
v -0.005580 0.000836 -0.054743
v -0.006455 0.001077 -0.054074
v -0.005414 -0.001648 -0.056854
v -0.006350 -0.001952 -0.056774
v -0.006339 -0.001125 -0.056452
v -0.005405 -0.002216 -0.057014
v -0.004557 -0.001762 -0.056877
v -0.004546 -0.002325 -0.057020
v -0.003161 -0.001501 -0.056075
v -0.003805 -0.001897 -0.056688
v -0.003817 -0.001282 -0.056447
v -0.004575 -0.001112 -0.056623
v -0.005428 -0.000990 -0.056580
v -0.006334 -0.000357 -0.055995
v -0.002578 -0.001264 -0.055227
v -0.003170 -0.000907 -0.055717
v -0.003837 -0.000622 -0.056049
v -0.004601 -0.000413 -0.056192
v -0.005450 -0.000280 -0.056127
v -0.006347 0.000225 -0.055471
v -0.003811 -0.003405 -0.056956
v -0.003800 -0.002439 -0.056827
v -0.003151 -0.003485 -0.056594
v -0.003151 -0.002563 -0.056445
v -0.002582 -0.002696 -0.055896
v -0.002585 -0.001768 -0.055538
v -0.002041 -0.001670 -0.054607
v -0.005676 0.001222 -0.053795
v -0.004820 0.001095 -0.053965
v -0.004002 0.000855 -0.054014
v -0.003256 0.000491 -0.053941
v -0.002562 -0.000020 -0.053760
v -0.002528 0.000271 -0.053142
v -0.002359 0.000394 -0.052602
v -0.002133 0.000174 -0.052605
v -0.001955 -0.000644 -0.053489
v -0.001989 -0.000954 -0.053921
v -0.002566 -0.000380 -0.054338
v -0.003219 0.000105 -0.054648
v -0.003933 0.000464 -0.054829
v -0.004729 0.000706 -0.054862
v -0.006495 0.001388 -0.053124
v -0.005497 0.000348 -0.055501
v -0.004650 0.000211 -0.055591
v -0.003873 -0.000023 -0.055497
v -0.003186 -0.000358 -0.055232
v -0.002569 -0.000792 -0.054821
v -0.002017 -0.001293 -0.054290
v -0.002337 -0.006100 -0.055964
v -0.002453 -0.005251 -0.056077
v -0.001880 -0.005274 -0.055392
v -0.001712 -0.006100 -0.055158
v -0.001960 -0.004442 -0.055431
v -0.001534 -0.003035 -0.054338
v -0.002055 -0.002848 -0.055191
v -0.002056 -0.002071 -0.054862
v -0.003835 -0.004294 -0.056987
v -0.003148 -0.004353 -0.056633
v -0.001500 -0.001824 -0.053666
v -0.003663 -0.013421 -0.052476
v -0.004079 -0.013575 -0.052396
v -0.004005 -0.013337 -0.053156
v -0.006336 -0.011459 -0.056249
v -0.006340 -0.011073 -0.056452
v -0.005427 -0.011186 -0.056593
v -0.006350 -0.010207 -0.056787
v -0.006334 -0.011809 -0.056021
v -0.005449 -0.011900 -0.056144
v -0.006344 -0.012342 -0.055560
v -0.005496 -0.012536 -0.055517
v -0.006349 -0.012447 -0.055449
v -0.006379 -0.012820 -0.054963
v -0.005578 -0.013029 -0.054758
v -0.006408 -0.013024 -0.054622
v -0.006435 -0.013178 -0.054310
v -0.005675 -0.013419 -0.053807
v -0.006494 -0.013517 -0.053383
v -0.006461 -0.013710 -0.052626
v -0.005674 -0.013691 -0.052788
v -0.006447 -0.013733 -0.052520
v -0.006282 -0.013866 -0.051852
v -0.002056 -0.010116 -0.054870
v -0.001009 -0.009846 -0.053001
v -0.001501 -0.010370 -0.053671
v -0.002041 -0.010519 -0.054616
v -0.002018 -0.010900 -0.054298
v -0.001409 -0.006859 -0.054590
v -0.001005 -0.007449 -0.053730
v -0.001462 -0.007664 -0.054597
v -0.001010 -0.008492 -0.053533
v -0.001507 -0.008437 -0.054518
v -0.001012 -0.008940 -0.053400
v -0.001534 -0.009150 -0.054343
v -0.001012 -0.009359 -0.053240
v -0.003835 -0.007876 -0.056987
v -0.003811 -0.008769 -0.056958
v -0.004591 -0.007944 -0.057191
v -0.004554 -0.008859 -0.057153
v -0.005440 -0.008020 -0.057254
v -0.005409 -0.008959 -0.057183
v -0.006360 -0.007812 -0.057204
v -0.004546 -0.009851 -0.057025
v -0.005405 -0.009959 -0.057020
v -0.006358 -0.009142 -0.057039
v -0.004394 -0.013666 -0.052323
v -0.005245 -0.013826 -0.052071
v -0.004828 -0.013568 -0.053020
v -0.001004 -0.010100 -0.052847
v -0.003151 -0.009615 -0.056451
v -0.003161 -0.010679 -0.056085
v -0.003817 -0.010896 -0.056458
v -0.003800 -0.009737 -0.056832
v -0.004574 -0.011065 -0.056634
v -0.002449 -0.006914 -0.056074
v -0.001876 -0.006891 -0.055389
v -0.002523 -0.007773 -0.056117
v -0.001958 -0.007729 -0.055431
v -0.002563 -0.008620 -0.056069
v -0.002019 -0.008544 -0.055373
v -0.002582 -0.009484 -0.055902
v -0.002054 -0.009334 -0.055197
v -0.003147 -0.007817 -0.056633
v -0.003152 -0.008690 -0.056597
v -0.008354 -0.013661 -0.052104
v -0.008356 -0.013533 -0.052662
v -0.008240 -0.013391 -0.053163
v -0.007925 -0.013012 -0.054122
v -0.007500 -0.012377 -0.055120
v -0.007925 0.000811 -0.054122
v -0.008240 0.001190 -0.053163
v -0.006219 0.001696 -0.051689
v -0.007810 0.001725 -0.050602
v -0.005739 0.001840 -0.050537
v -0.007595 0.001775 -0.049986
v 0.003109 -0.003218 -0.044843
v 0.001936 -0.004082 -0.047643
v 0.001559 -0.002388 -0.047778
v 0.002645 -0.001393 -0.044669
v 0.001003 -0.000994 -0.047839
v -0.004596 0.001758 -0.050900
v -0.005350 0.001879 -0.049602
v -0.005237 0.001623 -0.052073
v -0.003454 0.001490 -0.051134
v -0.002427 0.000984 -0.051318
v -0.000030 -0.000892 -0.049928
v 0.000562 -0.002290 -0.049817
v -0.000983 -0.001693 -0.052538
v -0.001011 -0.003248 -0.053395
v 0.000978 -0.004015 -0.049629
v -0.001009 -0.003755 -0.053545
v -0.001009 -0.002350 -0.052999
v -0.001006 -0.002188 -0.052902
v 0.001216 -0.006100 -0.049364
v -0.004039 0.001803 -0.049681
v -0.001541 0.000208 -0.051442
v -0.000798 0.000198 -0.049964
v -0.001796 -0.000218 -0.052599
v -0.002823 0.001522 -0.049830
v -0.001748 0.001498 -0.047583
v -0.001736 0.000995 -0.049928
v 0.000263 0.000112 -0.047824
v 0.002140 -0.006100 -0.047428
v 0.000978 -0.008186 -0.049629
v 0.000562 -0.009911 -0.049817
v -0.000983 -0.010508 -0.052538
v -0.002134 -0.012375 -0.052606
v -0.001541 -0.012409 -0.051442
v -0.002343 -0.012579 -0.052604
v -0.002427 -0.013185 -0.051318
v -0.002997 -0.013076 -0.052564
v -0.003454 -0.013691 -0.051134
v -0.004596 -0.013959 -0.050900
v 0.002644 -0.010811 -0.044668
v 0.001003 -0.011207 -0.047839
v 0.001559 -0.009813 -0.047778
v 0.003109 -0.008981 -0.044843
v 0.001936 -0.008119 -0.047643
v -0.006219 -0.013897 -0.051689
v -0.005739 -0.014041 -0.050537
v -0.004039 -0.014004 -0.049681
v -0.002823 -0.013723 -0.049830
v -0.001736 -0.013196 -0.049928
v -0.000798 -0.012399 -0.049964
v -0.007595 -0.013976 -0.049986
v -0.005496 -0.014071 -0.049951
v -0.007176 -0.014004 -0.048804
v 0.000925 -0.014479 -0.012154
v 0.000630 -0.014458 -0.015302
v 0.000886 -0.014452 -0.015450
v 0.001191 -0.014231 -0.033374
v 0.001104 -0.014238 -0.033133
v 0.000970 -0.014222 -0.034327
v -0.010753 -0.006100 -0.054830
v -0.010787 -0.006748 -0.054765
v -0.010812 -0.006740 -0.054724
v -0.010879 -0.006702 -0.054615
v -0.010569 -0.005523 -0.055097
v -0.010435 -0.005728 -0.055288
v -0.010879 -0.005499 -0.054615
v -0.010812 -0.005461 -0.054724
v -0.010787 -0.005453 -0.054765
v -0.009984 -0.008346 -0.055701
v -0.009995 -0.008191 -0.055709
v -0.009965 -0.008151 -0.055749
v -0.009948 -0.007954 -0.055792
v -0.009435 -0.008032 -0.056314
v -0.009659 -0.007732 -0.056127
v -0.009549 -0.007752 -0.056234
v -0.009895 -0.008592 -0.055765
v -0.009251 -0.008094 -0.056476
v -0.009227 -0.008043 -0.056498
v -0.009168 -0.008273 -0.056520
v -0.009205 -0.008353 -0.056482
v -0.009178 -0.008504 -0.056477
v -0.009251 -0.008594 -0.056404
v -0.009253 -0.008700 -0.056378
v -0.009085 -0.008535 -0.056507
v -0.010010 -0.008042 -0.055704
v -0.010056 -0.010829 -0.055024
v -0.010062 -0.011013 -0.054904
v -0.010132 -0.010937 -0.054901
v -0.010063 -0.010496 -0.055127
v -0.010026 -0.010492 -0.055164
v -0.010019 -0.010675 -0.055116
v -0.010066 -0.010708 -0.055059
v -0.010133 -0.010863 -0.054932
v -0.010303 -0.010036 -0.054965
v -0.010272 -0.010064 -0.054997
v -0.010488 -0.010450 -0.054609
v -0.010251 -0.010936 -0.054766
v -0.010456 -0.009966 -0.054783
v -0.010366 -0.010921 -0.054628
v -0.010528 -0.010789 -0.054457
v -0.010637 -0.010584 -0.054366
v -0.010718 -0.010430 -0.054257
v -0.010683 -0.010350 -0.054364
v -0.010272 -0.010994 -0.054713
v -0.010328 -0.011024 -0.054613
v -0.010482 -0.012552 -0.053364
v -0.010728 -0.012787 -0.052868
v -0.010758 -0.012492 -0.053029
v -0.011250 -0.012884 -0.051368
v -0.011060 -0.013187 -0.051430
v -0.010981 -0.013269 -0.050770
v -0.011140 -0.012998 -0.050609
v -0.010866 -0.013300 -0.050147
v -0.010378 -0.013607 -0.049875
v -0.010509 -0.013544 -0.049839
v -0.010584 -0.013531 -0.050234
v -0.010682 -0.013416 -0.049788
v -0.010385 -0.013376 -0.052169
v -0.010359 -0.013395 -0.052109
v -0.010433 -0.013507 -0.051502
v -0.010386 -0.013524 -0.051416
v -0.010351 -0.013565 -0.051105
v -0.009756 -0.012881 -0.053581
v -0.009536 -0.012633 -0.054043
v -0.009503 -0.012651 -0.054029
v -0.009208 -0.012363 -0.054504
v -0.009331 -0.011969 -0.054833
v -0.009032 -0.012182 -0.054765
v -0.010155 -0.013661 -0.049935
v -0.010266 -0.013633 -0.050320
v -0.010764 -0.013335 -0.051871
v -0.010691 -0.013242 -0.052260
v -0.010211 -0.013280 -0.052552
v -0.009974 -0.013036 -0.053217
v -0.009944 -0.013054 -0.053192
v -0.010481 -0.013067 -0.052807
v -0.010249 -0.012848 -0.053322
v -0.009806 -0.012425 -0.054123
v -0.010960 -0.012985 -0.052312
v -0.011054 -0.013098 -0.051870
v -0.010763 -0.013412 -0.051474
v -0.011830 -0.009844 -0.050804
v -0.011838 -0.009851 -0.050899
v -0.011829 -0.010328 -0.050843
v -0.011799 -0.009908 -0.050546
v -0.011814 -0.010811 -0.050789
v -0.011787 -0.010760 -0.050559
v -0.011838 -0.010743 -0.051063
v -0.011851 -0.010178 -0.051314
v -0.011849 -0.010376 -0.051336
v -0.011851 -0.009998 -0.051197
v -0.011814 -0.010872 -0.051030
v -0.011824 -0.010745 -0.051252
v -0.011517 -0.008321 -0.053114
v -0.011539 -0.008547 -0.053026
v -0.011533 -0.008078 -0.053091
v -0.011502 -0.008469 -0.053126
v -0.011539 -0.008656 -0.053000
v -0.011390 -0.012430 -0.051315
v -0.011367 -0.012376 -0.051762
v -0.011269 -0.012521 -0.050398
v -0.011231 -0.012775 -0.051896
v -0.008509 -0.010913 -0.055941
v -0.008396 -0.011400 -0.055638
v -0.009014 -0.011638 -0.055262
v -0.008817 -0.011952 -0.055064
v -0.007997 -0.007915 -0.057027
v -0.007683 -0.008603 -0.056940
v -0.008080 -0.009303 -0.056723
v -0.009397 -0.000034 -0.054630
v -0.009978 0.000529 -0.053677
v -0.009269 0.000223 -0.054410
v -0.011088 0.000952 -0.050920
v -0.011192 0.000763 -0.050883
v -0.011169 0.000780 -0.050753
v -0.010882 0.000549 -0.052684
v -0.010837 0.000331 -0.052891
v -0.011001 0.000410 -0.052587
v -0.009982 0.000888 -0.053106
v -0.009766 0.000689 -0.053562
v -0.010670 0.001185 -0.051842
v -0.010398 0.001256 -0.051807
v -0.010379 0.001218 -0.051997
v -0.010480 0.000993 -0.052580
v -0.010314 0.001155 -0.052272
v -0.010240 0.001100 -0.052480
v -0.010398 0.001297 -0.051576
v -0.010155 0.001460 -0.049935
v -0.010160 0.001459 -0.049965
v -0.010362 0.001412 -0.049879
v -0.010194 0.001448 -0.050149
v -0.010619 0.001313 -0.051033
v -0.010294 0.001403 -0.050724
v -0.010386 0.001322 -0.051417
v -0.010211 0.001078 -0.052553
v -0.010707 0.000802 -0.052653
v -0.010852 0.000924 -0.052268
v -0.010931 0.001028 -0.051847
v -0.010881 0.001170 -0.050976
v -0.010683 0.001214 -0.049787
v -0.011797 -0.001347 -0.050685
v -0.011814 -0.001390 -0.050789
v -0.011787 -0.001441 -0.050559
v -0.011783 -0.001377 -0.050577
v -0.011829 -0.001873 -0.050843
v -0.011838 -0.001458 -0.051063
v -0.011799 -0.002293 -0.050546
v -0.011830 -0.002357 -0.050804
v -0.011838 -0.002350 -0.050899
v -0.011827 -0.001875 -0.051458
v -0.011849 -0.001825 -0.051336
v -0.011826 -0.001648 -0.051404
v -0.011846 -0.001630 -0.051261
v -0.011824 -0.001456 -0.051252
v -0.011814 -0.001329 -0.051030
v -0.011748 -0.003549 -0.052263
v -0.011721 -0.003449 -0.052362
v -0.011677 -0.003446 -0.052554
v -0.011691 -0.004507 -0.052562
v -0.011749 -0.004445 -0.052285
v -0.011732 -0.004068 -0.052359
v -0.011592 -0.003498 -0.052847
v -0.011597 -0.003425 -0.052808
v -0.011539 -0.003545 -0.053000
v -0.011539 -0.003654 -0.053026
v -0.011517 -0.003880 -0.053114
v -0.011502 -0.003732 -0.053126
v -0.011255 0.000662 -0.051480
v -0.011387 0.000239 -0.051319
v -0.011267 0.000331 -0.050402
v -0.007643 -0.005583 -0.057166
v -0.007987 -0.005796 -0.057139
v -0.007659 -0.004211 -0.057049
v -0.008006 -0.003922 -0.056971
v 0.000886 0.002251 -0.015450
v 0.000630 0.002257 -0.015302
v 0.000925 0.002278 -0.012154
v 0.001728 0.001963 -0.034598
v 0.000970 0.002021 -0.034327
v 0.001191 0.002030 -0.033374
v 0.005179 -0.003132 -0.040369
v 0.005206 -0.003382 -0.040411
v 0.001522 0.000469 -0.044246
v 0.003839 0.000798 -0.038255
v 0.004222 0.000243 -0.038869
v 0.002623 0.001532 -0.037703
v 0.002394 0.001796 -0.035850
v 0.002959 0.001544 -0.036819
v 0.003060 0.001484 -0.036986
v 0.000502 0.002008 -0.035740
v 0.000921 0.002020 -0.034497
v 0.001987 0.001886 -0.035612
v 0.001269 0.001874 -0.037537
v -0.001105 0.001820 -0.043264
v -0.000338 0.001626 -0.043550
v 0.003059 -0.013685 -0.036987
v 0.002771 -0.013843 -0.036502
v 0.002623 -0.013733 -0.037703
v 0.001603 -0.014184 -0.034341
v -0.002915 -0.001600 0.001937
v -0.003453 -0.001600 0.000570
v -0.003453 -0.010600 0.000570
v -0.002915 -0.010600 0.001937
v -0.011851 -0.002203 -0.051197
v -0.011851 -0.002023 -0.051314
v -0.011846 -0.010571 -0.051261
v -0.011850 -0.009945 -0.051132
v -0.002062 -0.014322 -0.006929
v -0.009497 -0.013746 -0.049422
v -0.000706 -0.014462 -0.006239
v -0.011850 -0.002256 -0.051132
v -0.011798 -0.003993 -0.051949
v -0.011798 -0.008208 -0.051949
v -0.011827 -0.010326 -0.051458
v -0.011826 -0.010553 -0.051404
v -0.011791 -0.008357 -0.052024
v -0.011770 -0.008563 -0.052153
v -0.011748 -0.008652 -0.052263
v -0.011770 -0.003638 -0.052153
v -0.011791 -0.003844 -0.052024
v -0.011721 -0.008752 -0.052362
v -0.011677 -0.008755 -0.052554
v -0.011597 -0.008776 -0.052808
v -0.011341 -0.011882 -0.052175
v -0.003786 0.001267 -0.007690
v -0.004011 0.000933 -0.007781
v -0.011749 -0.007756 -0.052285
v -0.011732 -0.008133 -0.052359
v -0.011691 -0.007694 -0.052562
v -0.011639 -0.004464 -0.052767
v -0.007810 -0.013926 -0.050602
v -0.008229 -0.013775 -0.051468
v -0.011778 -0.010944 -0.050790
v -0.011797 -0.010854 -0.050685
v -0.011788 -0.005577 -0.050447
v -0.011783 -0.005600 -0.050414
v -0.011788 -0.006623 -0.050447
v -0.011778 -0.001257 -0.050790
v -0.011783 -0.006601 -0.050414
v -0.011256 0.000130 -0.052210
v -0.011339 -0.000311 -0.052178
v -0.002578 -0.010922 -0.055238
v -0.002585 -0.010415 -0.055547
v -0.011592 -0.008703 -0.052847
v 0.007885 -0.008993 -0.030248
v 0.008789 -0.008794 -0.022324
v -0.009738 -0.003435 -0.055905
v -0.011079 -0.012651 -0.052423
v -0.004600 -0.011767 -0.056208
v -0.008056 0.001668 -0.050873
v -0.008229 0.001574 -0.051468
v -0.004716 -0.011404 -0.008051
v -0.004897 -0.010491 -0.008115
v -0.011783 -0.010824 -0.050577
v -0.011762 -0.010616 -0.050382
v -0.011770 -0.010070 -0.050366
v -0.004931 -0.001932 -0.008126
v -0.005090 -0.003572 -0.008181
v -0.005075 -0.008763 -0.008176
v -0.005159 -0.006100 -0.008205
v -0.011754 -0.006372 -0.050214
v -0.009754 -0.007699 -0.056025
v -0.009842 -0.007747 -0.055926
v -0.010435 -0.006473 -0.055288
v -0.010374 -0.006223 -0.055373
v 0.002419 -0.001600 0.007955
v 0.003701 -0.001600 0.008522
v -0.011754 -0.005829 -0.050214
v -0.011770 -0.002131 -0.050366
v -0.011762 -0.001585 -0.050382
v -0.003836 -0.011559 -0.056064
v -0.003872 -0.012165 -0.055511
v -0.004649 -0.012399 -0.055606
v -0.004675 -0.000627 -0.008036
v -0.011364 0.000185 -0.051765
v -0.011205 0.000542 -0.052037
v -0.001012 -0.002880 -0.053256
v 0.006775 -0.001050 -0.032243
v -0.010718 -0.001771 -0.054257
v -0.011583 -0.007857 -0.052952
v -0.011639 -0.007737 -0.052767
v 0.007153 -0.013088 -0.001135
v 0.006247 -0.010600 0.007763
v 0.005101 -0.010600 0.008445
v 0.006095 -0.013471 -0.001805
v -0.011583 -0.004344 -0.052952
v -0.011533 -0.004123 -0.053091
v -0.010683 -0.001851 -0.054364
v -0.002908 0.001949 -0.007318
v -0.002188 0.002104 -0.006989
v -0.006359 -0.006100 -0.057265
v -0.005084 -0.006100 -0.057264
v -0.004432 -0.012300 -0.007945
v -0.004685 -0.011522 -0.008040
v -0.004927 -0.010288 -0.008125
v -0.003787 -0.013467 -0.007691
v -0.004066 -0.013047 -0.007803
v -0.004332 -0.012536 -0.007906
v 0.002419 -0.010600 0.007955
v -0.003373 0.001693 -0.007519
v -0.003589 0.001499 -0.007610
v -0.004387 0.000211 -0.007928
v -0.008356 0.001332 -0.052662
v -0.011136 0.000799 -0.051833
v -0.011042 0.000682 -0.052290
v -0.010366 -0.001280 -0.054628
v -0.010528 -0.001412 -0.054457
v -0.010637 -0.001617 -0.054366
v -0.010488 -0.001751 -0.054609
v -0.010587 -0.002186 -0.054589
v -0.010663 -0.002050 -0.054445
v -0.011089 -0.006100 -0.054248
v -0.011054 -0.006390 -0.054313
v -0.010949 -0.006629 -0.054498
v -0.010663 -0.010151 -0.054445
v -0.010587 -0.010015 -0.054589
v -0.010231 -0.010991 -0.054765
v -0.003678 -0.013602 -0.007647
v -0.003347 -0.013913 -0.007508
v 0.003701 -0.010600 0.008522
v -0.003187 0.001816 -0.007440
v 0.006662 0.000298 -0.020209
v -0.010186 0.000306 -0.053720
v -0.010533 0.000171 -0.053399
v -0.010328 -0.001177 -0.054613
v -0.007638 -0.006100 -0.057176
v -0.007986 -0.006101 -0.057143
v -0.010135 -0.010262 -0.055111
v -0.010274 -0.002139 -0.054995
v -0.010456 -0.002235 -0.054782
v -0.010742 -0.005448 -0.054836
v -0.010949 -0.005572 -0.054498
v -0.011054 -0.005811 -0.054313
v -0.010742 -0.006753 -0.054836
v -0.010569 -0.006678 -0.055097
v -0.010172 -0.011045 -0.054784
v -0.002908 -0.014150 -0.007318
v -0.008354 0.001460 -0.052104
v 0.005101 -0.001600 0.008445
v -0.001779 0.002157 -0.006792
v -0.009608 -0.000258 -0.054640
v -0.010132 -0.001264 -0.054901
v -0.010056 -0.001372 -0.055024
v -0.010065 -0.001495 -0.055061
v -0.010010 -0.004159 -0.055704
v -0.009738 -0.008766 -0.055905
v -0.010079 -0.010299 -0.055159
v 0.004813 -0.001202 -0.039800
v 0.004767 -0.001044 -0.039727
v 0.006486 -0.001704 -0.035578
v -0.008805 -0.001514 -0.055863
v -0.010019 -0.001526 -0.055116
v -0.008730 -0.000918 -0.055634
v -0.008056 -0.013869 -0.050873
v -0.008620 -0.000486 -0.055333
v 0.000937 -0.014525 -0.005287
v 0.006247 -0.001600 0.007763
v 0.005403 -0.013666 -0.002259
v 0.004779 -0.013813 -0.002678
v 0.004657 0.001638 -0.002761
v 0.000943 0.002298 -0.008986
v -0.000685 0.002246 -0.012082
v -0.007176 0.001803 -0.048804
v -0.009547 0.001540 -0.049589
v -0.009032 -0.000019 -0.054765
v -0.009336 -0.000236 -0.054834
v -0.010062 -0.001188 -0.054904
v -0.008199 -0.010011 -0.056456
v -0.010368 -0.006100 -0.055382
v -0.009549 -0.004449 -0.056234
v -0.001508 -0.003742 -0.054514
v -0.002020 -0.003633 -0.055370
v -0.010374 -0.005978 -0.055373
v 0.003562 -0.013296 -0.037812
v 0.003321 -0.013503 -0.037420
v -0.009827 -0.007791 -0.055944
v -0.009548 -0.008827 -0.056085
v -0.009498 -0.007722 -0.056281
v -0.009373 -0.008763 -0.056264
v -0.009366 -0.007890 -0.056395
v -0.008806 -0.010690 -0.055861
v -0.009383 -0.008832 -0.056236
v -0.000817 -0.014439 -0.012075
v 0.000458 -0.014499 -0.008980
v 0.000943 -0.014500 -0.008986
v 0.008643 -0.009597 -0.021955
v 0.007717 -0.009790 -0.029930
v -0.009343 -0.007849 -0.056415
v 0.006985 -0.001600 0.006653
v 0.006985 -0.010600 0.006653
v -0.001955 -0.011554 -0.053494
v -0.002566 -0.011814 -0.054347
v -0.002570 -0.011398 -0.054831
v -0.001990 -0.011241 -0.053929
v 0.006087 0.001272 -0.001810
v 0.005402 0.001466 -0.002259
v 0.000763 0.002183 -0.021533
v 0.000600 0.002215 -0.018945
v 0.009509 -0.009672 -0.012541
v 0.009795 -0.008369 -0.012554
v -0.007500 0.000176 -0.055120
v -0.008324 -0.001731 -0.056227
v -0.008640 -0.001910 -0.056121
v -0.004728 -0.012899 -0.054877
v -0.008615 -0.010213 -0.056164
v -0.001012 -0.009443 -0.053204
v -0.004819 -0.013292 -0.053976
v -0.001874 -0.014119 -0.042978
v -0.004306 -0.014103 -0.047127
v 0.002197 -0.014059 -0.035497
v 0.007152 0.000888 -0.001136
v 0.000789 -0.014397 -0.020472
v -0.001857 0.001917 -0.042985
v 0.001137 0.002034 -0.033226
v 0.000974 0.002045 -0.032735
v -0.004312 0.001902 -0.047143
v -0.000391 0.001988 -0.037946
v -0.002525 -0.004398 -0.056117
v -0.008103 -0.002717 -0.056664
v -0.005408 -0.003214 -0.057180
v -0.008321 -0.006100 -0.056977
v -0.004001 -0.013052 -0.054024
v -0.003932 -0.012657 -0.054842
v 0.006721 -0.001675 -0.034607
v -0.003256 -0.012688 -0.053950
v -0.003218 -0.012298 -0.054659
v -0.001105 -0.014022 -0.043264
v 0.001269 -0.014075 -0.037537
v 0.000502 -0.014209 -0.035740
v -0.000391 -0.014189 -0.037946
v 0.000974 -0.014246 -0.032732
v 0.000921 -0.014221 -0.034497
v 0.001987 -0.014087 -0.035612
v 0.007103 -0.013025 -0.003421
v 0.009456 -0.000635 0.000107
v 0.009091 -0.000533 -0.003434
v 0.007666 0.000371 -0.006878
v 0.000114 0.001453 -0.043718
v -0.000312 -0.013819 -0.043559
v -0.009085 -0.003666 -0.056507
v -0.007650 -0.007553 -0.057102
v -0.002564 -0.003555 -0.056066
v 0.005084 -0.002445 -0.040221
v -0.003247 -0.012984 -0.053193
v -0.001748 -0.013699 -0.047583
v 0.007666 -0.012572 -0.006878
v 0.003459 0.001189 -0.037641
v -0.004589 -0.004225 -0.057190
v -0.004553 -0.003314 -0.057151
v 0.005084 -0.009755 -0.040221
v 0.005197 -0.008904 -0.040398
v 0.007060 -0.008110 -0.035644
v -0.002563 -0.012177 -0.053768
v -0.002529 -0.012470 -0.053145
v 0.001521 -0.012669 -0.044246
v -0.000659 -0.013139 -0.047736
v 0.003746 -0.013107 -0.038109
v 0.003710 -0.013145 -0.038052
v 0.003687 -0.013170 -0.038014
v 0.000114 -0.013654 -0.043718
v 0.003563 0.001095 -0.037809
v -0.000659 0.000938 -0.047736
v 0.003688 0.000969 -0.038011
v 0.003710 0.000946 -0.038046
v 0.008415 -0.010335 -0.021590
v -0.005439 -0.004147 -0.057252
v -0.006360 -0.004195 -0.057187
v 0.005325 -0.005728 -0.040599
v 0.005285 -0.004400 -0.040533
v -0.001840 -0.012039 -0.052601
v -0.000030 -0.011309 -0.049928
v 0.000263 -0.012313 -0.047824
v 0.004326 -0.012255 -0.039033
v 0.004116 -0.012617 -0.038702
v 0.004554 -0.012906 -0.035211
v 0.006816 -0.000533 -0.028958
v 0.006413 -0.000511 -0.032014
v 0.004310 0.000086 -0.039007
v -0.003169 -0.011276 -0.055730
v 0.005268 -0.008074 -0.040508
v 0.005289 -0.007716 -0.040540
v -0.003186 -0.011831 -0.055244
v -0.004658 -0.006100 -0.057200
v -0.001437 -0.010873 -0.053153
v 0.004614 -0.011609 -0.039485
v 0.004496 -0.011901 -0.039299
v 0.004550 -0.000431 -0.039386
v 0.009438 -0.009884 -0.012538
v 0.004766 -0.011158 -0.039726
v 0.004850 -0.010863 -0.039858
v -0.001436 -0.001325 -0.053150
v -0.002572 -0.006100 -0.056191
v -0.003018 -0.006100 -0.056537
v -0.003109 -0.006940 -0.056605
v 0.005327 -0.006100 -0.040602
v -0.001012 -0.002750 -0.053200
v 0.005042 -0.010002 -0.040155
v 0.005023 -0.002098 -0.040126
v 0.005268 -0.004127 -0.040508
v 0.006883 -0.006100 -0.036424
vn 0.9587 0.0573 -0.2786
vn 0.9538 0.0507 -0.2961
vn 0.8775 0.4706 -0.0925
vn 0.8783 0.4691 -0.0925
vn 0.9303 0.3526 -0.1009
vn 0.9356 0.3383 -0.1005
vn 0.9637 0.2449 -0.1060
vn 0.9689 0.2240 -0.1049
vn 0.9823 0.1531 -0.1082
vn 0.9853 0.1332 -0.1068
vn 0.7949 0.6024 -0.0725
vn 0.8164 0.5728 -0.0737
vn 0.8823 0.4639 -0.0796
vn 0.9384 0.3337 -0.0894
vn 0.9437 0.3185 -0.0893
vn 0.9717 0.2181 -0.0911
vn 0.9726 0.2142 -0.0908
vn 0.9870 0.1288 -0.0960
vn 0.9878 0.1229 -0.0959
vn 0.9331 0.1899 -0.3054
vn 0.9465 0.1634 -0.2782
vn 0.6166 0.7835 -0.0764
vn 0.9353 0.2492 -0.2513
vn 0.8073 0.5566 -0.1964
vn 0.7837 0.5838 -0.2120
vn 0.7380 0.6575 -0.1520
vn 0.6088 0.7861 -0.1072
vn 0.6819 0.7292 -0.0581
vn 0.6944 0.7170 -0.0608
vn 0.7372 0.6726 -0.0646
vn 0.7755 0.6276 -0.0686
vn 0.9776 0.1619 -0.1347
vn 0.9769 0.1650 -0.1356
vn 0.9582 0.2540 -0.1315
vn 0.9572 0.2573 -0.1323
vn 0.9237 0.3618 -0.1259
vn 0.9238 0.3616 -0.1259
vn 0.6128 0.7870 -0.0714
vn 0.6111 0.7883 -0.0716
vn 0.5251 0.8496 -0.0501
vn 0.9947 -0.0311 -0.0985
vn 0.9769 -0.0543 -0.2068
vn 0.7949 -0.6024 -0.0725
vn 0.9946 -0.0359 -0.0976
vn 0.9909 -0.0948 -0.0958
vn 0.8164 -0.5728 -0.0737
vn 0.9924 -0.0499 -0.1124
vn 0.9924 -0.0558 -0.1093
vn 0.8027 -0.5907 -0.0822
vn 0.7925 -0.6047 -0.0792
vn 0.7134 -0.6973 -0.0696
vn 0.6929 -0.7181 -0.0646
vn 0.6194 -0.7830 -0.0567
vn 0.5937 -0.8030 -0.0511
vn 0.6166 -0.7835 -0.0764
vn 0.8017 -0.5871 -0.1127
vn 0.8240 -0.5519 -0.1287
vn 0.8682 -0.4775 -0.1352
vn 0.8827 -0.4456 -0.1495
vn 0.9169 -0.3679 -0.1549
vn 0.9249 -0.3417 -0.1669
vn 0.9489 -0.2653 -0.1709
vn 0.9524 -0.2454 -0.1806
vn 0.9675 -0.1740 -0.1832
vn 0.9791 -0.0641 -0.1929
vn 0.9685 -0.1594 -0.1911
vn 0.9353 -0.2492 -0.2513
vn 0.9123 -0.3261 -0.2478
vn 0.9095 -0.3455 -0.2313
vn 0.8756 -0.4271 -0.2256
vn 0.8689 -0.4495 -0.2074
vn 0.7380 -0.6575 -0.1520
vn 0.7493 -0.6538 -0.1055
vn 0.6818 -0.7292 -0.0581
vn 0.6944 -0.7170 -0.0608
vn 0.7372 -0.6726 -0.0646
vn 0.7755 -0.6276 -0.0686
vn 0.9885 -0.0539 -0.1414
vn 0.9888 -0.0573 -0.1379
vn 0.8730 -0.4735 -0.1174
vn 0.8703 -0.4789 -0.1153
vn 0.8039 -0.5854 -0.1052
vn 0.7959 -0.5971 -0.1005
vn 0.7075 -0.7017 -0.0837
vn 0.5251 -0.8496 -0.0501
vn 0.5276 -0.8483 -0.0447
vn 0.7712 -0.6338 -0.0597
vn 0.6717 -0.7390 -0.0510
vn 0.6676 -0.7427 -0.0520
vn 0.5753 -0.8166 -0.0457
vn 0.5195 -0.8534 -0.0416
vn 0.9268 -0.3695 -0.0678
vn 0.9196 -0.3866 -0.0707
vn 0.8648 -0.4981 -0.0642
vn 0.8253 -0.5612 -0.0625
vn 0.7778 -0.6258 -0.0581
vn 0.9835 -0.1621 -0.0798
vn 0.9867 -0.1425 -0.0783
vn 0.9950 -0.0530 -0.0843
vn 0.9956 -0.0437 -0.0824
vn 0.9953 -0.0359 -0.0899
vn 0.9950 -0.0530 -0.0851
vn 0.9916 -0.0948 -0.0875
vn 0.8168 -0.5729 -0.0681
vn 0.7374 -0.6726 -0.0621
vn 0.9627 -0.2594 -0.0766
vn 0.9245 -0.3738 -0.0752
vn 0.9195 -0.3865 -0.0720
vn 0.8641 -0.4985 -0.0698
vn 0.7796 -0.6231 -0.0633
vn 0.7712 -0.6338 -0.0600
vn 0.6767 -0.7341 -0.0559
vn 0.6675 -0.7427 -0.0527
vn 0.9963 0.0234 -0.0824
vn 0.9949 0.0530 -0.0859
vn 0.9926 0.0914 -0.0800
vn 0.9854 0.1499 -0.0801
vn 0.9835 0.1621 -0.0805
vn 0.9730 0.2181 -0.0754
vn 0.9351 0.3479 -0.0672
vn 0.8754 0.4793 -0.0635
vn 0.8339 0.5482 -0.0635
vn 0.4690 0.8825 -0.0361
vn 0.5835 0.8109 -0.0443
vn 0.7374 0.6726 -0.0621
vn 0.6819 0.7292 -0.0580
vn 0.6767 0.7341 -0.0567
vn 0.7759 0.6277 -0.0640
vn 0.7795 0.6231 -0.0637
vn 0.8168 0.5729 -0.0681
vn 0.8640 0.4984 -0.0715
vn 0.9244 0.3737 -0.0765
vn 0.9445 0.3187 -0.0803
vn 0.9623 0.2593 -0.0816
vn 0.9727 0.2142 -0.0889
vn 0.9831 0.1621 -0.0846
vn 0.9886 0.1229 -0.0873
vn 0.9947 0.0529 -0.0877
vn 0.9949 0.0468 -0.0899
vn -0.7124 0.3699 -0.5964
vn -0.7065 0.1689 -0.6872
vn -0.7568 0.0762 -0.6491
vn -0.7503 0.0882 -0.6552
vn -0.6772 0.1043 -0.7284
vn -0.6755 0.0903 -0.7318
vn -0.6309 0.1713 -0.7568
vn -0.6113 0.2170 -0.7611
vn -0.6139 0.1357 -0.7776
vn -0.5758 0.1825 -0.7970
vn -0.6635 0.1940 -0.7226
vn -0.6528 -0.0013 -0.7575
vn -0.6156 0.0345 -0.7873
vn -0.6262 0.0407 -0.7786
vn -0.5650 0.1279 -0.8151
vn -0.7391 -0.0226 -0.6732
vn -0.7359 0.0452 -0.6755
vn -0.7810 0.1239 -0.6121
vn -0.0352 0.9994 -0.0025
vn 0.8937 0.0180 -0.4484
vn 0.8886 0.0555 -0.4554
vn 0.4797 0.8197 -0.3129
vn -0.0185 0.9784 -0.2060
vn 0.2913 0.9207 -0.2596
vn 0.2104 0.9417 -0.2625
vn -0.0899 0.8679 -0.4886
vn -0.0659 0.9081 -0.4135
vn -0.1945 0.3578 -0.9133
vn -0.1675 0.2650 -0.9496
vn 0.0102 0.2714 -0.9624
vn 0.0249 0.2461 -0.9689
vn 0.5462 0.3139 -0.7766
vn 0.2878 0.3532 -0.8902
vn 0.2857 0.3561 -0.8897
vn 0.0235 0.3650 -0.9307
vn 0.0093 0.3839 -0.9233
vn -0.1835 0.3740 -0.9091
vn -0.1933 0.5028 -0.8425
vn 0.7145 0.3682 -0.5949
vn 0.5504 0.4364 -0.7118
vn 0.5440 0.4457 -0.7109
vn 0.3001 0.5000 -0.8124
vn 0.2908 0.5103 -0.8093
vn 0.0332 0.5256 -0.8501
vn 0.0205 0.5386 -0.8423
vn -0.1704 0.5266 -0.8329
vn -0.1671 0.6574 -0.7348
vn 0.4889 0.1105 -0.8653
vn 0.5214 0.1357 -0.8425
vn 0.7030 0.2404 -0.6693
vn 0.7194 0.2517 -0.6474
vn 0.7197 0.3572 -0.5953
vn 0.8094 0.3001 -0.5048
vn 0.0689 0.9642 -0.2562
vn 0.0870 0.9576 -0.2746
vn 0.2521 0.9200 -0.3001
vn 0.4400 0.8350 -0.3305
vn 0.6397 0.6815 -0.3556
vn 0.6503 0.6721 -0.3541
vn 0.7747 0.4831 -0.4080
vn 0.6614 0.6343 -0.4002
vn 0.4903 0.7754 -0.3979
vn 0.4376 0.8243 -0.3592
vn 0.2823 0.8738 -0.3960
vn 0.2419 0.8987 -0.3658
vn 0.0860 0.9170 -0.3895
vn 0.0633 0.9266 -0.3706
vn -0.0356 0.9244 -0.3797
vn -0.0638 0.9477 -0.3128
vn -0.1253 0.6958 -0.7072
vn 0.0391 0.7070 -0.7061
vn 0.0544 0.6945 -0.7174
vn 0.2862 0.6759 -0.6792
vn 0.3080 0.6548 -0.6902
vn 0.5247 0.5939 -0.6099
vn 0.5481 0.5630 -0.6185
vn 0.6952 0.4877 -0.5281
vn 0.7147 0.4490 -0.5362
vn 0.7967 0.3861 -0.4649
vn 0.8093 0.3476 -0.4736
vn 0.7672 0.0197 -0.6411
vn 0.8755 0.0135 -0.4831
vn 0.8634 0.0327 -0.5035
vn 0.8630 0.0536 -0.5024
vn 0.8601 0.0595 -0.5066
vn 0.8551 0.2032 -0.4770
vn 0.4591 0.0182 -0.8882
vn 0.4850 0.0413 -0.8735
vn 0.8034 0.2162 -0.5548
vn 0.8137 0.2276 -0.5349
vn 0.8123 0.2908 -0.5055
vn 0.8563 0.2538 -0.4499
vn 0.8452 0.3120 -0.4340
vn 0.7973 0.4129 -0.4402
vn 0.7744 0.4788 -0.4136
vn 0.6956 0.5443 -0.4690
vn 0.6607 0.6059 -0.4432
vn 0.5277 0.6798 -0.5093
vn 0.4875 0.7258 -0.4853
vn 0.3022 0.7830 -0.5437
vn 0.2683 0.8103 -0.5209
vn 0.0748 0.8288 -0.5545
vn 0.0539 0.8420 -0.5367
vn 0.2916 -0.9206 -0.2599
vn -0.1908 -0.4597 -0.8673
vn -0.1854 -0.3561 -0.9158
vn -0.1695 -0.6427 -0.7471
vn -0.1217 -0.6922 -0.7114
vn -0.1297 -0.7204 -0.6814
vn -0.1303 -0.7820 -0.6096
vn -0.0766 -0.8319 -0.5496
vn -0.0904 -0.8519 -0.5158
vn -0.0796 -0.8904 -0.4481
vn -0.0394 -0.9232 -0.3822
vn -0.0672 -0.9358 -0.3462
vn -0.0196 -0.9771 -0.2119
vn -0.0127 -0.9812 -0.1927
vn 0.8621 -0.2347 -0.4491
vn 0.8566 -0.2521 -0.4503
vn 0.8454 -0.3105 -0.4347
vn 0.8937 -0.0173 -0.4484
vn 0.8889 -0.0540 -0.4548
vn 0.8902 -0.0882 -0.4470
vn 0.8864 -0.0975 -0.4526
vn 0.8811 -0.1386 -0.4523
vn 0.8790 -0.1451 -0.4543
vn 0.8776 -0.1717 -0.4476
vn 0.2623 -0.0241 -0.9647
vn 0.2567 -0.0297 -0.9660
vn 0.0774 -0.0381 -0.9963
vn 0.0437 -0.0737 -0.9963
vn -0.0718 -0.0774 -0.9944
vn 0.0498 -0.1276 -0.9906
vn 0.0148 -0.1608 -0.9869
vn -0.1176 -0.1602 -0.9801
vn 0.1195 -0.9702 -0.2108
vn 0.0773 -0.9703 -0.2293
vn 0.8633 -0.2484 -0.4393
vn 0.5433 -0.2776 -0.7923
vn 0.5250 -0.2680 -0.8078
vn 0.2786 -0.2983 -0.9129
vn 0.2810 -0.2996 -0.9117
vn -0.1460 -0.3228 -0.9351
vn 0.7673 -0.0340 -0.6404
vn 0.7723 -0.0430 -0.6338
vn 0.7719 -0.0724 -0.6316
vn 0.7890 -0.1024 -0.6059
vn 0.7877 -0.1339 -0.6014
vn 0.8060 -0.1631 -0.5690
vn 0.8565 -0.1487 -0.4943
vn 0.8582 -0.1531 -0.4899
vn 0.8551 -0.2019 -0.4775
vn 0.6379 -0.0164 -0.7700
vn 0.6383 -0.0354 -0.7689
vn 0.6706 -0.0736 -0.7382
vn 0.6706 -0.1151 -0.7328
vn 0.7042 -0.1499 -0.6940
vn -0.0814 -0.9757 -0.2033
vn -0.0863 -0.9713 -0.2216
vn -0.0854 -0.9664 -0.2425
vn -0.1058 -0.9497 -0.2947
vn -0.1111 -0.9312 -0.3473
vn -0.1522 -0.9009 -0.4064
vn -0.1553 -0.8797 -0.4495
vn -0.1766 -0.8387 -0.5151
vn -0.2345 -0.7039 -0.6704
vn -0.2192 -0.7667 -0.6034
vn -0.1493 0.8971 -0.4158
vn -0.1656 0.8565 -0.4888
vn -0.1504 0.9014 -0.4060
vn -0.0520 0.9933 -0.1028
vn -0.0534 0.9966 -0.0621
vn 0.8908 0.1644 -0.4236
vn 0.8561 0.3243 -0.4025
vn 0.0519 0.9967 -0.0631
vn 0.0213 0.9909 -0.1330
vn 0.0301 0.9910 -0.1301
vn 0.1294 0.9747 -0.1824
vn 0.1909 0.9664 -0.1719
vn 0.3947 0.8874 -0.2384
vn 0.2981 0.9256 -0.2332
vn 0.2279 0.9527 -0.2009
vn 0.5626 0.7620 -0.3208
vn 0.4844 0.8243 -0.2931
vn 0.4122 0.8734 -0.2593
vn 0.8507 0.3276 -0.4111
vn 0.8873 0.1343 -0.4413
vn 0.8684 0.2407 -0.4334
vn 0.8908 0.0849 -0.4464
vn 0.8961 0.0461 -0.4414
vn 0.0537 0.9966 -0.0620
vn 0.7430 0.5581 -0.3695
vn 0.4142 0.8904 -0.1887
vn 0.7683 0.5295 -0.3598
vn 0.8528 0.3290 -0.4056
vn 0.8558 0.3242 -0.4031
vn 0.8887 0.1676 -0.4267
vn 0.8905 0.1643 -0.4243
vn 0.9002 0.0477 -0.4329
vn 0.9015 0.0452 -0.4304
vn 0.8960 -0.0461 -0.4416
vn 0.8854 -0.1665 -0.4339
vn 0.8872 -0.1353 -0.4411
vn 0.8905 -0.0881 -0.4464
vn 0.8600 -0.2795 -0.4270
vn 0.8675 -0.2445 -0.4331
vn 0.6515 -0.6722 -0.3516
vn 0.6020 -0.7367 -0.3080
vn 0.4151 -0.8699 -0.2662
vn 0.3942 -0.8871 -0.2404
vn 0.2985 -0.9255 -0.2332
vn 0.2294 -0.9523 -0.2014
vn 0.1910 -0.9665 -0.1714
vn 0.1289 -0.9748 -0.1819
vn 0.8561 -0.3243 -0.4025
vn 0.8908 -0.1644 -0.4236
vn 0.0201 -0.9910 -0.1324
vn 0.0303 -0.9912 -0.1291
vn 0.2009 -0.9712 -0.1283
vn 0.2091 -0.9699 -0.1247
vn 0.4004 -0.8907 -0.2152
vn 0.4106 -0.8870 -0.2112
vn 0.6028 -0.7371 -0.3055
vn 0.6109 -0.7320 -0.3018
vn -0.0449 -0.9990 -0.0082
vn -0.0445 -0.9985 -0.0321
vn 0.0154 -0.9998 -0.0084
vn 0.0304 -0.9994 -0.0163
vn -0.8482 -0.0095 -0.5296
vn -0.8534 -0.0076 -0.5213
vn -0.8207 -0.0015 -0.5714
vn -0.8534 0.0076 -0.5213
vn -0.8481 0.0095 -0.5297
vn -0.7501 -0.0883 -0.6554
vn -0.7574 -0.0760 -0.6485
vn -0.7071 -0.0887 -0.7016
vn -0.7366 -0.0932 -0.6698
vn -0.5847 -0.0733 -0.8079
vn -0.6125 -0.0917 -0.7851
vn -0.5651 -0.1278 -0.8151
vn -0.6139 -0.1356 -0.7776
vn -0.5757 -0.1826 -0.7970
vn -0.3507 -0.1563 -0.9234
vn -0.7890 -0.0568 -0.6118
vn -0.5209 -0.4559 -0.7216
vn -0.6770 -0.2106 -0.7052
vn -0.6893 -0.2130 -0.6924
vn -0.6699 -0.2515 -0.6985
vn -0.7012 -0.2455 -0.6693
vn -0.6871 -0.2803 -0.6703
vn -0.7786 -0.1715 -0.6036
vn -0.7594 -0.1833 -0.6243
vn -0.7862 -0.1619 -0.5964
vn -0.7800 -0.1772 -0.6002
vn -0.7976 -0.1660 -0.5798
vn -0.8910 -0.1723 -0.4201
vn -0.7646 -0.3645 -0.5315
vn -0.7461 -0.3766 -0.5492
vn -0.8432 -0.5364 0.0342
vn -0.8496 -0.5255 0.0441
vn -0.8215 -0.5565 0.1242
vn -0.4181 -0.9071 0.0496
vn -0.5771 -0.8124 0.0832
vn -0.2190 -0.9544 -0.2031
vn -0.1428 -0.9832 -0.1137
vn -0.2162 -0.8139 -0.5392
vn -0.3193 -0.6654 -0.6747
vn -0.2368 -0.9716 -0.0024
vn -0.3099 -0.9505 -0.0219
vn -0.3150 -0.9081 -0.2758
vn -0.2183 -0.8884 -0.4038
vn -0.3516 -0.7945 -0.4952
vn -0.3783 -0.7152 -0.5876
vn -0.5808 -0.5415 -0.6078
vn -0.6079 -0.5569 -0.5659
vn -0.5782 -0.6242 -0.5254
vn -0.6038 -0.6368 -0.4795
vn -0.5731 -0.6908 -0.4408
vn -0.6223 -0.7168 -0.3145
vn -0.6059 -0.7407 -0.2903
vn -0.6243 -0.7640 -0.1631
vn -0.6112 -0.7771 -0.1499
vn -0.6061 -0.7949 -0.0263
vn -0.5503 -0.8350 -0.0009
vn -0.9964 -0.0085 0.0847
vn -0.9933 -0.0109 0.1147
vn -0.9922 -0.0165 0.1235
vn -0.9966 -0.0216 0.0795
vn -0.9998 -0.0117 0.0135
vn -0.9841 -0.1726 0.0412
vn -0.9776 -0.1994 -0.0680
vn -0.9477 -0.0322 -0.3174
vn -0.9073 -0.0990 -0.4087
vn -0.9215 -0.0604 -0.3836
vn -0.9553 -0.2839 -0.0824
vn -0.9495 -0.2988 0.0953
vn -0.9488 -0.3021 0.0924
vn -0.9515 -0.2927 -0.0949
vn -0.2668 -0.5532 -0.7892
vn -0.2982 -0.6353 -0.7124
vn -0.2956 -0.6423 -0.7071
vn -0.1727 -0.2007 -0.9643
vn -0.3414 0.7031 -0.6238
vn -0.8650 0.4937 0.0900
vn -0.7953 0.3231 -0.5129
vn -0.3296 0.7979 -0.5047
vn -0.2674 0.7696 -0.5799
vn -0.2221 0.9515 -0.2127
vn -0.2601 0.9053 -0.3358
vn -0.2293 0.9582 -0.1710
vn -0.2268 0.9739 -0.0023
vn -0.2310 0.9729 -0.0129
vn -0.2518 0.9674 -0.0266
vn -0.2363 0.9711 -0.0346
vn -0.1862 0.9784 -0.0894
vn -0.2476 0.8997 -0.3596
vn -0.4983 0.7546 -0.4269
vn -0.4319 0.8398 -0.3290
vn -0.4901 0.8210 -0.2927
vn -0.4746 0.8797 0.0305
vn -0.5124 0.8571 0.0533
vn -0.7101 0.6981 0.0919
vn -0.9872 0.0811 0.1371
vn -0.9830 0.1025 0.1526
vn -0.9966 0.0216 0.0795
vn -0.9922 0.0165 0.1235
vn -0.9933 0.0109 0.1147
vn -0.9964 0.0085 0.0847
vn -0.9792 0.0510 -0.1966
vn -0.9863 0.0699 -0.1496
vn -0.9787 0.1330 -0.1565
vn -0.9891 0.1300 -0.0695
vn -0.9776 0.1994 -0.0680
vn -0.9734 0.0315 -0.2268
vn -0.9788 0.0038 -0.2050
vn -0.9236 0.1287 -0.3612
vn -0.9324 0.0852 -0.3511
vn -0.9215 0.0603 -0.3836
vn -0.9073 0.0990 -0.4087
vn -0.9479 0.3153 0.0460
vn -0.9428 0.3074 0.1292
vn -0.1292 0.0832 -0.9881
vn -0.1491 0.0872 -0.9850
vn 0.0152 0.9998 -0.0084
vn 0.0672 0.9974 -0.0248
vn 0.8934 0.1682 -0.4166
vn 0.6175 0.7354 -0.2792
vn 0.2462 0.9633 -0.1070
vn 0.3264 0.9352 -0.1371
vn 0.0656 0.9974 -0.0313
vn 0.0661 0.9974 -0.0281
vn 0.2028 0.9790 -0.0231
vn 0.1752 0.9820 -0.0711
vn 0.2103 0.9729 -0.0964
vn 0.3067 -0.9436 -0.1248
vn 0.0591 -0.9980 -0.0229
vn -0.9305 -0.0000 0.3663
vn -1.0000 -0.0000 -0.0043
vn -0.9999 -0.0093 0.0070
vn -0.9994 -0.0122 0.0335
vn -0.9995 -0.0128 0.0305
vn -0.9984 -0.0106 0.0557
vn -0.1176 -0.9930 0.0071
vn -0.1059 -0.9944 0.0056
vn -0.9995 0.0128 0.0305
vn -0.9994 0.0122 0.0335
vn -0.9999 0.0093 0.0070
vn -0.9998 0.0117 0.0135
vn -0.9966 -0.0000 -0.0827
vn -0.9964 -0.0008 -0.0851
vn -0.9792 -0.0510 -0.1966
vn -0.9863 -0.0699 -0.1496
vn -0.9961 -0.0016 -0.0880
vn -0.9904 -0.0184 -0.1367
vn -0.9850 -0.0333 -0.1693
vn -0.9796 -0.0476 -0.1953
vn -0.9787 -0.1330 -0.1565
vn -0.9891 -0.1300 -0.0695
vn -0.9981 -0.0114 0.0601
vn -0.9984 0.0106 0.0557
vn 0.4888 -0.1355 -0.8618
vn 0.5184 -0.1046 -0.8487
vn -0.9981 0.0114 0.0601
vn -0.9841 0.1726 0.0412
vn -0.9796 0.0476 -0.1953
vn -0.9850 0.0333 -0.1693
vn -0.9904 0.0184 -0.1367
vn -0.9961 0.0016 -0.0880
vn -0.9964 0.0008 -0.0851
vn -0.9958 -0.0000 -0.0912
vn -0.9771 -0.0530 -0.2062
vn -0.9720 -0.0646 -0.2259
vn -0.9757 -0.0547 -0.2122
vn -0.9515 -0.1058 -0.2889
vn -0.9308 -0.1452 -0.3353
vn -0.8383 0.5275 0.1378
vn -0.8384 0.5273 0.1378
vn -0.9869 -0.0000 -0.1613
vn -0.9865 -0.0011 -0.1637
vn -0.9810 -0.0061 -0.1937
vn -0.9815 -0.0050 -0.1914
vn -0.9760 -0.0100 -0.2178
vn -0.9699 0.0182 -0.2429
vn -0.9723 0.0126 -0.2333
vn -0.9734 -0.0315 -0.2268
vn -0.0747 -0.9879 -0.1359
vn -0.0764 -0.9854 -0.1524
vn -0.9601 -0.2727 0.0626
vn -0.9654 -0.2533 0.0618
vn -0.9600 -0.2728 0.0625
vn -0.9872 -0.0811 0.1371
vn -0.9923 -0.0168 0.1230
vn -0.9915 0.0003 0.1299
vn -0.9931 -0.0000 0.1174
vn -0.9930 -0.0000 0.1178
vn -0.9923 0.0168 0.1230
vn -0.9654 0.2533 0.0618
vn -0.9601 0.2727 0.0626
vn -0.9601 0.2726 0.0626
vn -0.9655 -0.2484 -0.0787
vn -0.9659 -0.2417 -0.0927
vn -0.9915 -0.0014 0.1304
vn -0.9931 0.0002 0.1175
vn -0.9336 0.1524 -0.3243
vn -0.9309 0.1451 -0.3352
vn -0.9515 0.1058 -0.2889
vn -0.9757 0.0547 -0.2122
vn -0.9720 0.0646 -0.2259
vn -0.9771 0.0530 -0.2062
vn 0.8095 -0.2913 -0.5098
vn 0.8119 -0.2959 -0.5032
vn -0.9760 0.0100 -0.2177
vn -0.9815 0.0050 -0.1914
vn -0.9810 0.0061 -0.1937
vn -0.9865 0.0011 -0.1637
vn 0.6678 0.6890 -0.2816
vn 0.5967 0.7334 -0.3257
vn -0.9527 -0.0890 -0.2906
vn -0.9236 -0.1287 -0.3612
vn -0.9154 -0.1515 -0.3728
vn 0.9826 -0.1524 -0.1061
vn 0.9849 -0.1341 -0.1090
vn -0.9123 -0.1531 -0.3798
vn -0.7149 0.1005 -0.6919
vn -0.7193 0.0875 -0.6891
vn -0.8959 -0.1870 -0.4029
vn -0.9010 -0.1797 -0.3950
vn -0.9788 -0.0038 -0.2050
vn 0.0172 -0.5197 -0.8542
vn 0.0350 -0.5331 -0.8453
vn -0.9600 -0.2729 0.0627
vn -0.9536 -0.2850 0.0972
vn -0.1178 0.9856 -0.1214
vn -0.1233 0.9874 -0.0988
vn -0.9704 -0.1820 0.1588
vn -0.9785 -0.1306 0.1597
vn -0.9830 -0.1025 0.1526
vn -0.9884 -0.0184 0.1508
vn -0.9891 -0.0172 0.1466
vn -0.9816 0.1044 0.1598
vn -0.9830 0.0898 0.1599
vn -0.9870 -0.0295 0.1577
vn -0.9872 -0.0267 0.1574
vn -0.9878 -0.0070 0.1555
vn -0.9879 -0.0017 0.1551
vn -0.9890 -0.0011 0.1482
vn -0.7446 -0.0126 -0.6674
vn -0.7612 -0.0338 -0.6476
vn -0.2080 0.9312 0.2992
vn -0.1305 0.9465 0.2951
vn -0.9890 0.0011 0.1482
vn -0.9879 0.0017 0.1551
vn -0.9878 0.0070 0.1555
vn -0.9891 0.0172 0.1466
vn -0.9884 0.0184 0.1508
vn -0.9872 0.0267 0.1574
vn -0.9872 0.0258 0.1573
vn 0.2835 -0.6553 -0.7001
vn 0.3094 -0.6678 -0.6770
vn -0.9552 0.2820 0.0893
vn -0.9601 0.2726 0.0624
vn -0.9785 0.1304 0.1596
vn -0.9740 0.1613 0.1593
vn -0.9694 0.1871 0.1587
vn -0.9659 0.2416 -0.0927
vn -0.9655 0.2479 -0.0795
vn -0.9533 0.2830 0.1057
vn -0.9594 0.2701 -0.0818
vn -0.1467 -0.9420 -0.3019
vn -0.1720 -0.9045 -0.3903
vn -0.9398 0.2247 -0.2576
vn 0.8856 0.1657 -0.4338
vn 0.8855 0.1661 -0.4339
vn 0.8682 0.4775 -0.1352
vn 0.8239 0.5519 -0.1287
vn -0.9120 0.1522 -0.3810
vn -0.9222 0.1479 -0.3573
vn -0.9155 0.1514 -0.3728
vn -0.9527 0.0890 -0.2906
vn -0.9594 -0.0249 -0.2810
vn -0.9615 -0.0215 -0.2738
vn 0.1671 -0.9450 0.2812
vn 0.1641 -0.9457 0.2807
vn -0.9405 -0.0000 -0.3399
vn -0.9533 -0.0274 -0.3008
vn -0.9504 -0.0310 -0.3094
vn -0.9324 -0.0852 -0.3511
vn -0.8983 0.1117 -0.4250
vn -0.9066 0.1369 -0.3990
vn -0.2195 0.9753 0.0261
vn -0.2224 0.9746 0.0266
vn -0.8531 -0.2487 -0.4587
vn -0.7995 -0.3192 -0.5088
vn -0.8019 -0.3160 -0.5070
vn -0.7833 -0.3579 -0.5082
vn -0.7682 -0.4298 -0.4744
vn -0.0625 -0.0357 -0.9974
vn 0.0010 -0.0053 -1.0000
vn 0.0774 0.9704 -0.2286
vn 0.1204 0.9703 -0.2098
vn -0.9435 -0.2868 0.1657
vn -0.9593 -0.2314 0.1620
vn -0.9704 -0.1819 0.1590
vn -0.9777 -0.1354 0.1608
vn -0.9778 -0.1355 0.1596
vn -0.8278 -0.5443 0.1359
vn -0.8408 -0.5234 0.1383
vn -0.8898 -0.4323 0.1465
vn -0.9186 -0.3655 0.1504
vn -0.9875 -0.0185 0.1566
vn -0.9825 -0.0901 0.1633
vn 0.0570 -0.9964 -0.0635
vn 0.0492 -0.9963 -0.0709
vn -0.9837 0.0255 0.1782
vn -0.9875 0.0185 0.1566
vn -0.9879 -0.0000 0.1551
vn -0.9891 -0.0000 0.1470
vn -0.9825 0.0896 0.1635
vn -0.8752 0.4837 0.0099
vn -0.7484 -0.0000 0.6633
vn -0.6840 0.6780 0.2692
vn -0.7030 0.6611 0.2622
vn -0.7810 0.5796 0.2326
vn -0.8364 0.5065 0.2095
vn -0.8860 0.4240 0.1878
vn -0.9391 0.3003 0.1672
vn -0.1465 0.9411 -0.3048
vn -0.1452 0.9423 -0.3017
vn -0.8181 0.5726 -0.0530
vn -0.8415 0.4564 -0.2892
vn -0.7965 0.3204 -0.5128
vn -0.7994 0.3167 -0.5106
vn -0.8532 0.2490 -0.4583
vn -0.8080 0.3743 -0.4550
vn -0.7976 0.1660 -0.5798
vn -0.8018 0.1561 -0.5769
vn -0.8064 0.1534 -0.5711
vn -0.8046 0.1537 -0.5735
vn -0.8910 0.1723 -0.4201
vn -0.9692 -0.0000 -0.2464
vn -0.9504 0.0310 -0.3094
vn -0.9533 0.0274 -0.3008
vn -0.9337 -0.0000 -0.3582
vn -0.9196 -0.0231 -0.3922
vn -0.8991 -0.0539 -0.4343
vn -0.8976 -0.0560 -0.4373
vn -0.8834 -0.0787 -0.4620
vn -0.8896 -0.0935 -0.4470
vn -0.8046 -0.1537 -0.5735
vn -0.8064 -0.1534 -0.5711
vn -0.8018 -0.1561 -0.5769
vn -0.7756 -0.1758 -0.6063
vn -0.7196 -0.2876 -0.6320
vn -0.7241 -0.2665 -0.6361
vn -0.7540 -0.2759 -0.5962
vn -0.7572 -0.3634 -0.5427
vn -0.7736 -0.3459 -0.5309
vn -0.7463 -0.3757 -0.5495
vn -0.6130 -0.7871 0.0688
vn -0.6408 -0.7634 0.0808
vn -0.9160 -0.3600 0.1771
vn -0.8867 -0.4222 0.1883
vn -0.8386 -0.5033 0.2085
vn -0.7945 -0.5630 0.2274
vn -0.7175 -0.6477 0.2562
vn -0.6838 -0.6782 0.2692
vn -0.6738 -0.7309 0.1083
vn -0.7062 -0.6987 0.1145
vn -0.7937 -0.5943 0.1300
vn -0.1997 0.8598 -0.4700
vn -0.1687 0.8963 -0.4100
vn 0.4840 -0.0390 -0.8742
vn 0.4584 -0.0163 -0.8886
vn -0.7787 0.6143 0.1271
vn -0.7597 0.6385 0.1235
vn -0.4043 -0.0000 0.9146
vn -0.3744 0.8659 0.3318
vn -0.5170 0.7994 0.3062
vn -0.6084 0.7399 0.2872
vn 0.5937 0.8030 -0.0511
vn 0.5276 0.8483 -0.0447
vn -0.6891 0.7161 0.1111
vn 0.7194 -0.2492 -0.6484
vn 0.7024 -0.2374 -0.6711
vn 0.2894 -0.4961 -0.8186
vn 0.3003 -0.5035 -0.8101
vn -0.8950 0.1842 -0.4063
vn -0.8759 0.2197 -0.4296
vn -0.6959 0.4370 -0.5699
vn -0.7256 0.3960 -0.5627
vn -0.7573 0.3634 -0.5426
vn -0.7835 0.3353 -0.5232
vn -0.0953 0.0181 -0.9953
vn -0.0855 0.0116 -0.9963
vn -0.7661 -0.1826 -0.6163
vn -0.7688 -0.1798 -0.6137
vn -0.7756 0.1758 -0.6062
vn -0.7800 0.1772 -0.6002
vn -0.7848 0.1625 -0.5980
vn -0.7993 0.1553 -0.5806
vn -0.8143 0.0881 -0.5738
vn -0.8195 0.0818 -0.5672
vn -0.8197 0.0818 -0.5669
vn -0.8438 0.0802 -0.5306
vn -0.8514 0.0800 -0.5184
vn -0.8483 0.0800 -0.5235
vn -0.8896 0.0935 -0.4470
vn -0.8616 0.0788 -0.5015
vn -0.8777 0.0784 -0.4728
vn -0.8834 0.0787 -0.4620
vn -0.8992 0.0539 -0.4343
vn -0.8976 0.0560 -0.4373
vn -0.9477 0.0322 -0.3174
vn -0.9196 0.0231 -0.3922
vn -0.9190 -0.0238 -0.3935
vn -0.8785 -0.0000 -0.4778
vn -0.9190 0.0238 -0.3935
vn -0.9527 -0.1938 -0.2339
vn -0.9429 -0.1826 -0.2785
vn -0.8697 -0.0000 -0.4936
vn -0.8601 -0.0022 -0.5100
vn -0.8777 -0.0784 -0.4727
vn -0.8616 -0.0788 -0.5015
vn -0.8483 -0.0800 -0.5235
vn 0.7970 -0.5579 -0.2314
vn 0.7882 -0.5844 -0.1928
vn -0.2851 -0.8625 -0.4181
vn -0.8514 -0.0800 -0.5183
vn -0.8438 -0.0802 -0.5306
vn -0.8197 -0.0818 -0.5669
vn -0.8201 -0.0817 -0.5663
vn -0.8136 -0.0889 -0.5746
vn -0.8143 -0.0881 -0.5738
vn -0.7993 -0.1553 -0.5805
vn -0.7670 -0.1311 -0.6281
vn -0.7480 -0.1461 -0.6474
vn -0.9484 0.1884 -0.2552
vn -0.9528 0.1938 -0.2338
vn -0.7371 -0.2936 -0.6087
vn -0.7555 -0.1899 -0.6270
vn -0.6986 -0.4124 -0.5846
vn -0.6289 -0.4609 -0.6261
vn -0.6202 -0.4668 -0.6304
vn -0.3463 -0.7482 -0.5659
vn -0.3296 -0.7815 -0.5297
vn -0.9987 -0.0000 0.0515
vn -0.2822 -0.9560 -0.0809
vn -0.3083 -0.9500 -0.0492
vn -0.3155 -0.9478 -0.0457
vn -0.2099 -0.9774 0.0245
vn -0.2291 -0.9730 0.0278
vn -0.5496 -0.7801 0.2988
vn -0.3744 -0.8659 0.3318
vn -0.1175 0.9812 -0.1530
vn -0.1180 0.9821 -0.1467
vn 0.0554 -0.0000 0.9985
vn -0.9998 -0.0000 0.0200
vn -0.2449 0.9206 0.3042
vn -0.2654 0.9135 0.3083
vn -0.3386 0.8836 0.3234
vn -0.9263 -0.2114 -0.3120
vn -0.9243 -0.2127 -0.3169
vn -0.4555 0.8876 0.0686
vn -0.4492 0.7300 -0.5151
vn -0.0863 0.9713 -0.2216
vn -0.0793 0.9774 -0.1959
vn -0.5839 0.4754 -0.6581
vn -0.6233 0.4566 -0.6349
vn -0.6934 0.4219 -0.5841
vn -0.8271 -0.4772 -0.2968
vn -0.8447 -0.4127 -0.3409
vn -0.6995 0.3657 -0.6140
vn -0.7330 0.2184 -0.6442
vn -0.7242 0.2401 -0.6465
vn -0.7544 0.1916 -0.6278
vn -0.7568 0.1890 -0.6257
vn 0.2009 0.9712 -0.1283
vn 0.2091 0.9699 -0.1247
vn -0.7762 0.1232 -0.6183
vn -0.7806 0.1204 -0.6134
vn -0.7079 0.0743 -0.7024
vn 0.8892 -0.1638 -0.4271
vn 0.8900 -0.1682 -0.4239
vn -0.7147 0.1007 -0.6921
vn -0.8266 0.0884 -0.5559
vn -0.8345 0.0124 -0.5508
vn -0.8401 -0.0615 -0.5389
vn -0.7952 0.0571 -0.6036
vn -0.9789 -0.0000 -0.2042
vn -0.8601 0.0022 -0.5101
vn -0.8213 -0.0000 -0.5706
vn -0.8207 0.0015 -0.5714
vn -0.8345 -0.0124 -0.5509
vn -0.0010 -0.9828 -0.1848
vn 0.0030 -0.9831 -0.1829
vn -0.1467 -0.9415 -0.3033
vn -0.7163 -0.0903 -0.6920
vn -0.7124 -0.0966 -0.6951
vn -0.2036 -0.8512 -0.4837
vn -0.1835 -0.8796 -0.4390
vn -0.8401 0.0612 -0.5390
vn -0.7911 0.0529 -0.6094
vn -0.7912 0.0530 -0.6092
vn -0.7958 -0.0578 -0.6028
vn -0.8617 -0.0000 -0.5075
vn -0.7062 -0.1692 -0.6875
vn -0.7591 -0.1900 -0.6226
vn 0.8720 0.3919 -0.2932
vn 0.8582 0.4239 -0.2896
vn -0.7162 -0.0891 -0.6922
vn -0.7231 -0.0894 -0.6850
vn -0.4930 0.3526 -0.7954
vn -0.4892 0.3657 -0.7918
vn -0.6264 -0.4559 -0.6322
vn -0.5450 -0.4795 -0.6878
vn -0.6111 -0.4681 -0.6383
vn -0.5585 -0.4769 -0.6787
vn -0.3516 -0.6635 -0.6604
vn -0.3389 -0.6858 -0.6441
vn -0.2176 -0.8149 -0.5372
vn -0.2253 -0.7616 -0.6077
vn -0.2205 -0.7688 -0.6003
vn -0.2138 -0.7913 -0.5729
vn -0.2174 -0.8133 -0.5396
vn -0.1180 -0.9856 -0.1213
vn -0.1160 -0.9849 -0.1287
vn -0.2674 0.4942 -0.8272
vn -0.2135 0.5949 -0.7749
vn -0.1211 -0.9879 -0.0973
vn -0.1263 -0.9894 -0.0722
vn -0.1189 -0.9860 -0.1168
vn -0.8787 0.2850 -0.3829
vn -0.8703 0.2783 -0.4063
vn -0.9816 -0.0000 0.1909
vn -0.9839 -0.0292 0.1763
vn -0.4151 -0.9077 0.0613
vn -0.3282 -0.8884 0.3209
vn -0.2504 -0.9188 0.3051
vn -0.2088 -0.9311 0.2993
vn -0.1305 -0.9465 0.2951
vn -0.2567 0.9574 -0.1326
vn -0.2631 0.9553 -0.1351
vn -0.2502 0.9296 -0.2706
vn -0.3016 0.9012 -0.3113
vn 0.5109 -0.0000 0.8596
vn 0.0153 -0.9611 0.2757
vn 0.0380 -0.9596 0.2789
vn -0.0094 0.9614 0.2751
vn 0.0967 0.9953 -0.0068
vn -0.0035 1.0000 -0.0066
vn -0.0034 1.0000 -0.0066
vn 0.1858 0.9826 -0.0065
vn -0.0369 0.9993 -0.0032
vn -0.0510 0.9987 -0.0030
vn -0.0663 0.9978 -0.0007
vn -0.0969 0.9953 0.0043
vn -0.5065 0.8587 0.0775
vn -0.5731 0.8145 0.0899
vn -0.1368 0.9905 0.0105
vn -0.1224 0.9924 -0.0152
vn -0.1225 0.9922 -0.0218
vn -0.3599 0.7883 -0.4990
vn -0.2382 0.8838 -0.4028
vn -0.2928 0.6354 -0.7145
vn -0.5220 0.5245 -0.6726
vn -0.2749 0.7001 -0.6590
vn -0.5392 0.4631 -0.7035
vn -0.5249 0.4598 -0.7163
vn -0.5209 0.4559 -0.7216
vn -0.6702 0.2514 -0.6983
vn -0.5259 0.4541 -0.7192
vn -0.4950 0.4397 -0.7494
vn 0.9888 0.0573 -0.1379
vn 0.9885 0.0539 -0.1414
vn -0.6891 0.2126 -0.6928
vn -0.6635 0.2078 -0.7188
vn -0.6616 0.2094 -0.7200
vn -0.7080 0.1746 -0.6843
vn -0.7196 0.1677 -0.6739
vn -0.2393 -0.3525 -0.9047
vn -0.2030 -0.4323 -0.8786
vn -0.7033 0.1021 -0.7036
vn -0.7242 -0.0000 -0.6896
vn -0.7303 0.0056 -0.6831
vn -0.7115 0.1165 -0.6930
vn -0.7242 0.0867 -0.6841
vn -0.7071 0.0887 -0.7016
vn -0.6940 -0.0625 -0.7172
vn 0.8564 0.1500 -0.4940
vn 0.8582 0.1544 -0.4895
vn -0.7893 0.0562 -0.6114
vn -0.8122 -0.0004 -0.5834
vn -0.8114 -0.0000 -0.5844
vn -0.7606 0.0296 -0.6485
vn 0.4331 -0.8792 -0.1989
vn 0.4143 -0.8904 -0.1885
vn -0.8122 0.0004 -0.5834
vn -0.7434 0.0171 -0.6686
vn -0.7633 0.0325 -0.6452
vn -0.7606 -0.0296 -0.6485
vn -0.1700 -0.8960 -0.4103
vn -0.7769 -0.0091 -0.6296
vn -0.7115 -0.1166 -0.6930
vn -0.6847 -0.1710 -0.7085
vn -0.7081 -0.1752 -0.6841
vn -0.7056 -0.1773 -0.6861
vn -0.7033 -0.1021 -0.7035
vn -0.7391 0.0226 -0.6732
vn -0.7359 -0.0452 -0.6755
vn -0.7303 -0.0056 -0.6831
vn -0.6940 0.0626 -0.7172
vn -0.6891 -0.1079 -0.7166
vn -0.6686 0.0208 -0.7433
vn -0.6899 0.0765 -0.7199
vn -0.6755 -0.0903 -0.7318
vn -0.6772 -0.1043 -0.7284
vn -0.6791 -0.1068 -0.7262
vn -0.6810 -0.1077 -0.7243
vn -0.5152 -0.4498 -0.7295
vn -0.5251 -0.4544 -0.7196
vn -0.4930 -0.3526 -0.7954
vn -0.4883 -0.3685 -0.7910
vn -0.4839 -0.3943 -0.7812
vn -0.6518 -0.2155 -0.7272
vn -0.6616 -0.2092 -0.7200
vn -0.5684 -0.2750 -0.7754
vn -0.4987 -0.3210 -0.8051
vn -0.2425 -0.7142 -0.6566
vn -0.2461 -0.6721 -0.6984
vn -0.2466 -0.6740 -0.6963
vn 0.7795 -0.6231 -0.0637
vn 0.7758 -0.6277 -0.0640
vn -0.7911 -0.0529 -0.6094
vn -0.7912 -0.0530 -0.6092
vn -0.0831 -0.9878 -0.1318
vn -0.9600 -0.2321 0.1565
vn -0.9494 -0.2739 0.1540
vn -0.0662 -0.9978 -0.0007
vn -0.7688 0.1797 -0.6137
vn -0.7661 0.1826 -0.6163
vn -0.1223 -0.9925 -0.0087
vn -0.1371 -0.9905 0.0106
vn 0.6194 0.7830 -0.0567
vn 0.6929 0.7181 -0.0646
vn -0.0085 -0.9614 0.2749
vn -0.0391 -0.9992 -0.0033
vn -0.0367 -0.9993 -0.0023
vn -0.0502 -0.9987 -0.0031
vn -0.0034 -1.0000 -0.0066
vn -0.0035 -1.0000 -0.0066
vn 0.0772 -0.9970 -0.0067
vn 0.1865 -0.9824 -0.0065
vn -0.5670 0.6314 -0.5289
vn -0.6327 0.5061 -0.5861
vn 0.9689 -0.2240 -0.1049
vn 0.9637 -0.2449 -0.1060
vn -0.9067 -0.1369 -0.3990
vn -0.8983 -0.1117 -0.4250
vn 0.8602 -0.0581 -0.5066
vn 0.8632 -0.0519 -0.5022
vn -0.1227 0.9770 -0.1744
vn -0.1268 0.9701 -0.2069
vn -0.1270 -0.9613 -0.2443
vn -0.1286 -0.9669 -0.2204
vn -0.6534 -0.0000 -0.7570
vn 0.8329 -0.0000 0.5534
vn 0.7778 -0.4742 -0.4126
vn 0.7713 -0.4861 -0.4109
vn 0.0888 0.9569 0.2766
vn 0.2321 0.9726 -0.0112
vn 0.2248 0.9743 -0.0107
vn 0.1867 0.9824 -0.0071
vn 0.1843 0.9829 -0.0072
vn 0.1221 0.9925 -0.0096
vn 0.0134 0.9998 -0.0116
vn 0.0150 0.9998 -0.0115
vn 0.0024 0.9999 -0.0114
vn -0.0222 0.9997 -0.0071
vn -0.0288 0.9996 -0.0062
vn -0.0432 0.9991 -0.0044
vn 0.9727 -0.2142 -0.0889
vn 0.9623 -0.2593 -0.0816
vn -0.1699 0.9081 -0.3828
vn 0.8224 -0.0375 0.5677
vn 0.8400 -0.0000 0.5425
vn -0.1555 0.9302 -0.3325
vn -0.2249 0.7921 -0.5674
vn -0.2171 0.7823 -0.5838
vn -0.2174 0.7751 -0.5933
vn -0.2419 0.7199 -0.6505
vn -0.2485 0.6516 -0.7167
vn -0.2854 0.6280 -0.7240
vn -0.3086 0.5960 -0.7413
vn -0.4987 0.3210 -0.8051
vn -0.5684 0.2750 -0.7754
vn -0.0638 -0.9932 -0.0977
vn -0.0298 -0.9971 -0.0704
vn -0.2443 0.4884 -0.8377
vn -0.4485 0.3691 -0.8140
vn -0.4652 0.3387 -0.8178
vn -0.4937 0.3207 -0.8083
vn -0.6891 0.1079 -0.7166
vn 0.0535 -0.8396 -0.5405
vn 0.0745 -0.8264 -0.5582
vn -0.6810 0.1077 -0.7243
vn -0.6792 0.1068 -0.7262
vn -0.7359 0.0102 -0.6771
vn -0.7359 -0.0102 -0.6770
vn -0.7769 0.0091 -0.6296
vn -0.9580 -0.0000 -0.2868
vn -0.7323 0.3906 -0.5578
vn -0.6984 0.4193 -0.5800
vn -0.6635 -0.1940 -0.7226
vn -0.6528 0.0013 -0.7575
vn -0.6309 -0.1713 -0.7568
vn -0.6113 -0.2170 -0.7611
vn -0.1232 0.9878 -0.0954
vn -0.1255 0.9905 -0.0554
vn -0.2579 -0.5663 -0.7828
vn -0.7804 0.1201 -0.6136
vn -0.7482 0.1459 -0.6472
vn -0.4878 -0.3204 -0.8121
vn -0.4685 -0.3323 -0.8186
vn -0.4282 -0.3330 -0.8401
vn -0.2571 -0.5530 -0.7925
vn -0.2478 -0.5289 -0.8117
vn -0.2360 -0.4555 -0.8584
vn 0.9726 -0.2142 -0.0908
vn 0.9717 -0.2181 -0.0911
vn -0.4132 -0.2804 -0.8664
vn -0.4431 -0.3059 -0.8427
vn -0.1227 -0.9918 -0.0368
vn -0.1226 -0.9917 -0.0376
vn 0.8854 -0.1660 -0.4341
vn 0.8803 -0.1887 -0.4353
vn -0.1315 0.9913 0.0096
vn -0.1179 0.9930 0.0071
vn 0.0631 -0.9258 -0.3728
vn 0.0860 -0.9161 -0.3917
vn -0.6262 -0.0407 -0.7786
vn -0.6156 -0.0345 -0.7873
vn 0.0516 -0.9981 -0.0338
vn 0.0463 -0.9984 -0.0310
vn -0.0015 -0.9999 -0.0109
vn -0.0227 -0.9997 -0.0071
vn -0.0338 -0.9994 -0.0055
vn -0.0424 -0.9991 -0.0045
vn 0.1878 -0.9822 -0.0073
vn 0.1879 -0.9822 -0.0073
vn 0.1925 -0.9813 -0.0078
vn 0.2359 -0.9717 -0.0113
vn 0.0892 -0.9568 0.2766
vn 0.1637 0.9457 0.2807
vn 0.1671 0.9450 0.2812
vn 0.0137 -0.9998 -0.0113
vn 0.0031 -0.9999 -0.0116
vn 0.1195 -0.9928 -0.0095
vn -0.0747 0.9879 -0.1359
vn -0.0831 0.9878 -0.1318
vn 0.8854 0.0991 -0.4542
vn -0.5119 0.8520 -0.1099
vn -0.4949 0.8625 -0.1056
vn -0.0025 -0.3061 -0.9520
vn 0.0364 -0.3290 -0.9436
vn -0.1004 0.9444 -0.3132
vn 0.6819 -0.7292 -0.0580
vn 0.6767 -0.7341 -0.0567
vn 0.4710 0.8247 0.3129
vn 0.4280 0.8512 0.3038
vn 0.3630 0.8837 0.2956
vn 0.2926 0.9124 0.2861
vn 0.2245 0.9323 0.2835
vn 0.4100 0.9115 -0.0314
vn 0.3691 0.9290 -0.0263
vn 0.3529 0.9354 -0.0239
vn 0.2813 0.9595 -0.0158
vn 0.2430 0.9641 -0.1075
vn 0.2137 0.9720 -0.0973
vn 0.0994 0.9950 -0.0106
vn 0.1116 0.9926 -0.0475
vn 0.0907 0.9949 -0.0443
vn 0.0691 0.9970 -0.0351
vn 0.0463 0.9989 -0.0116
vn 0.0268 0.9996 -0.0118
vn 0.0273 0.9996 -0.0118
vn 0.0064 0.9999 -0.0122
vn 0.0059 0.9999 -0.0121
vn -0.0001 1.0000 -0.0093
vn 0.0351 0.9991 -0.0242
vn 0.0554 0.9979 -0.0350
vn 0.0104 0.9999 -0.0137
vn 0.7672 0.0349 -0.6405
vn 0.7728 0.0452 -0.6331
vn -0.2153 0.7725 -0.5974
vn -0.2470 0.6498 -0.7188
vn -0.2459 0.6453 -0.7233
vn -0.4125 0.2903 -0.8635
vn -0.4086 0.2829 -0.8678
vn -0.4546 0.3099 -0.8350
vn -0.1412 0.2337 -0.9620
vn -0.1567 0.1624 -0.9742
vn -0.6125 0.0916 -0.7851
vn -0.5847 0.0733 -0.8079
vn -0.5826 -0.0000 -0.8128
vn -0.7377 0.3551 -0.5741
vn -0.7396 0.3608 -0.5682
vn -0.4674 -0.0000 -0.8840
vn -0.4431 -0.0144 -0.8963
vn -0.4296 -0.0251 -0.9027
vn -0.3821 -0.0567 -0.9224
vn -0.3517 -0.1565 -0.9229
vn -0.3734 -0.2550 -0.8919
vn 0.2422 -0.8978 -0.3679
vn 0.2828 -0.8727 -0.3979
vn -0.3926 -0.2660 -0.8804
vn -0.1994 -0.3162 -0.9275
vn -0.2124 0.3557 -0.9101
vn -0.2123 0.3566 -0.9098
vn -0.7443 0.1480 -0.6512
vn -0.7081 0.1752 -0.6840
vn 0.9169 0.3679 -0.1549
vn 0.9249 0.3417 -0.1669
vn 0.9771 -0.1648 -0.1346
vn 0.9774 -0.1622 -0.1357
vn 0.2525 -0.9197 -0.3006
vn 0.2223 -0.9364 -0.2715
vn 0.2155 -0.9388 -0.2688
vn 0.4381 -0.8233 -0.3609
vn 0.4911 -0.7742 -0.3993
vn 0.1550 -0.9852 -0.0735
vn 0.0985 -0.9939 -0.0489
vn 0.0887 -0.9951 -0.0432
vn 0.0655 -0.9973 -0.0339
vn 0.0407 -0.9988 -0.0258
vn 0.0339 -0.9991 -0.0238
vn 0.0096 -0.9999 -0.0134
vn 0.0065 -0.9999 -0.0123
vn 0.2817 -0.9594 -0.0158
vn 0.0874 -0.9961 -0.0108
vn 0.0590 -0.9979 -0.0261
vn 0.0597 -0.9978 -0.0294
vn 0.1044 -0.9935 -0.0448
vn 0.1491 -0.9883 -0.0309
vn 0.1692 -0.9832 -0.0689
vn 0.2111 -0.9735 -0.0881
vn 0.3199 -0.9472 -0.0205
vn 0.3532 -0.9353 -0.0238
vn 0.4503 -0.8922 -0.0342
vn 0.2713 -0.9194 0.2847
vn 0.4303 -0.9020 -0.0341
vn 0.3500 -0.8895 0.2938
vn 0.4171 -0.8570 0.3025
vn 0.4712 -0.8246 0.3130
vn 0.0239 -0.9996 -0.0120
vn 0.0355 -0.9993 -0.0117
vn 0.0433 -0.9990 -0.0116
vn 0.9489 0.2653 -0.1709
vn 0.9524 0.2454 -0.1806
vn -0.0241 0.9720 -0.2338
vn -0.0140 0.9664 -0.2566
vn -0.8890 0.4339 0.1465
vn -0.9339 0.3234 0.1522
vn 0.8423 0.0204 0.5387
vn 0.8555 0.0816 0.5114
vn 0.8597 0.1364 0.4923
vn 0.8598 0.2044 0.4679
vn 0.8363 0.3441 0.4267
vn 0.7791 0.4921 0.3885
vn 0.7322 0.5713 0.3708
vn 0.6792 0.6443 0.3515
vn 0.5583 0.7640 0.3235
vn 0.6885 0.7235 -0.0503
vn 0.6706 0.7398 -0.0538
vn 0.6463 0.7613 -0.0518
vn 0.5671 0.8223 -0.0471
vn 0.5352 0.8436 -0.0440
vn 0.5309 0.8463 -0.0434
vn 0.4644 0.8849 -0.0376
vn 0.4492 0.8927 -0.0365
vn 0.4595 0.8873 -0.0399
vn 0.3753 0.9114 -0.1685
vn 0.3537 0.9216 -0.1596
vn 0.3581 0.9196 -0.1616
vn 0.2807 0.9514 -0.1268
vn 0.2115 -0.9723 -0.0993
vn 0.2126 -0.9720 -0.1000
vn 0.1594 0.9843 -0.0755
vn 0.0992 0.9939 -0.0492
vn 0.0187 0.9997 -0.0147
vn 0.0199 0.9997 -0.0149
vn 0.0158 0.9998 -0.0146
vn 0.0323 0.9993 -0.0167
vn 0.0417 0.9988 -0.0262
vn 0.0113 0.9998 -0.0139
vn 0.0096 0.9999 -0.0134
vn -0.2847 -0.8912 -0.3533
vn -0.3084 -0.8651 -0.3956
vn 0.0628 -0.9591 -0.2761
vn 0.0915 -0.9622 -0.2565
vn -0.1709 0.2546 -0.9518
vn -0.7076 -0.1755 -0.6844
vn -0.7442 -0.1481 -0.6513
vn -0.3446 0.2055 -0.9160
vn -0.3687 0.2330 -0.8999
vn -0.3507 0.1563 -0.9234
vn -0.3577 0.1584 -0.9203
vn -0.3608 0.0800 -0.9292
vn -0.4526 0.0095 -0.8917
vn -0.4296 0.0251 -0.9027
vn -0.4431 0.0144 -0.8963
vn 0.2116 -0.9410 -0.2641
vn 0.9237 -0.3618 -0.1260
vn 0.9238 -0.3616 -0.1259
vn -0.0952 -0.0497 -0.9942
vn -0.1501 -0.0622 -0.9867
vn -0.3375 -0.1819 -0.9236
vn -0.1031 -0.1077 -0.9888
vn -0.1198 -0.1501 -0.9814
vn -0.1505 -0.1912 -0.9699
vn -0.1584 -0.2090 -0.9650
vn -0.1681 -0.2545 -0.9524
vn -0.1170 -0.9813 -0.1531
vn -0.1286 -0.9723 -0.1953
vn -0.1347 0.7865 -0.6027
vn -0.0755 0.8344 -0.5459
vn 0.6392 0.0373 -0.7681
vn 0.6716 0.0758 -0.7370
vn 0.9226 0.1987 -0.3307
vn 0.9249 0.1888 -0.3300
vn -0.9830 -0.0903 0.1599
vn -0.9816 -0.1044 0.1599
vn 0.4406 -0.8345 -0.3308
vn 0.4033 -0.8664 -0.2943
vn 0.3585 -0.8875 -0.2895
vn -0.7830 -0.1170 -0.6109
vn -0.7784 -0.1223 -0.6157
vn 0.3845 -0.9065 -0.1743
vn 0.3582 -0.9196 -0.1616
vn 0.2833 -0.9504 -0.1280
vn 0.2702 -0.9551 -0.1213
vn 0.2180 -0.9710 -0.0986
vn 0.2123 -0.9724 -0.0972
vn 0.0158 -0.9998 -0.0146
vn 0.0112 -0.9998 -0.0138
vn 0.0192 -0.9997 -0.0147
vn 0.0157 -0.9998 -0.0146
vn 0.4344 -0.9001 -0.0346
vn 0.4577 -0.8884 -0.0371
vn 0.4481 -0.8932 -0.0364
vn 0.4890 -0.8713 -0.0402
vn 0.5353 -0.8435 -0.0440
vn 0.5672 -0.8222 -0.0471
vn 0.5369 -0.7807 0.3198
vn 0.8294 -0.3681 0.4203
vn 0.8569 -0.2348 0.4589
vn 0.8602 -0.1295 0.4933
vn 0.6672 -0.6587 0.3478
vn 0.7224 -0.5859 0.3673
vn 0.7676 -0.5138 0.3831
vn 0.9627 0.2594 -0.0774
vn 0.9590 0.2728 -0.0765
vn 0.9197 0.3860 -0.0722
vn 0.9184 0.3891 -0.0720
vn 0.8586 0.5082 -0.0672
vn 0.8496 0.5233 -0.0662
vn 0.7879 0.6131 -0.0581
vn 0.7736 0.6308 -0.0609
vn 0.7566 0.6512 -0.0594
vn 0.6767 0.7341 -0.0559
vn 0.6261 0.7779 -0.0533
vn 0.5939 0.8030 -0.0508
vn 0.5805 0.8128 -0.0488
vn 0.5675 0.8220 -0.0472
vn 0.5249 0.8500 -0.0442
vn 0.5168 0.8550 -0.0432
vn -0.0292 -0.9659 -0.2573
vn -0.0116 -0.9691 -0.2464
vn 0.4764 0.8781 -0.0450
vn 0.3858 0.9062 -0.1731
vn 0.5139 0.8548 -0.0719
vn 0.4114 0.8919 -0.1877
vn 0.4133 0.8908 -0.1888
vn -0.6997 -0.0669 -0.7113
vn -0.6569 -0.0540 -0.7520
vn 0.2151 0.9390 -0.2682
vn 0.2225 0.9364 -0.2713
vn -0.8517 -0.5114 -0.1146
vn -0.8649 -0.4846 -0.1312
vn -0.1145 0.1288 -0.9850
vn -0.0880 -0.0498 -0.9949
vn -0.0691 -0.0356 -0.9970
vn -0.0691 0.0184 -0.9974
vn -0.5308 0.5322 -0.6595
vn -0.4922 0.5840 -0.6454
vn -0.0974 -0.0985 -0.9904
vn -0.1554 -0.2039 -0.9666
vn 0.2625 0.0313 -0.9644
vn 0.2563 0.0264 -0.9662
vn 0.9240 -0.1914 -0.3311
vn 0.9246 -0.1887 -0.3308
vn 0.2603 0.0001 -0.9655
vn 0.2600 -0.0000 -0.9656
vn 0.6622 -0.6330 -0.4010
vn 0.6203 -0.6960 -0.3617
vn 0.6076 -0.7092 -0.3574
vn 0.6023 -0.7172 -0.3504
vn 0.5648 -0.7600 -0.3215
vn 0.5487 -0.7729 -0.3188
vn 0.5055 -0.8018 -0.3188
vn 0.4095 -0.8650 -0.2899
vn 0.6148 -0.7357 -0.2841
vn 0.6072 -0.7439 -0.2790
vn 0.5385 -0.8066 -0.2436
vn 0.5211 -0.8204 -0.2355
vn 0.5121 -0.8272 -0.2313
vn 0.4897 -0.8434 -0.2211
vn 0.5587 -0.8242 -0.0927
vn 0.4993 -0.8642 -0.0613
vn 0.3656 -0.9162 -0.1643
vn 0.3997 -0.8984 -0.1821
vn 0.3533 -0.9218 -0.1594
vn 0.3743 -0.9119 -0.1681
vn 0.4764 -0.8781 -0.0450
vn 0.5249 -0.8500 -0.0442
vn 0.5168 -0.8550 -0.0432
vn 0.5675 -0.8220 -0.0472
vn 0.5805 -0.8128 -0.0488
vn 0.9627 -0.2596 -0.0766
vn 0.9660 -0.2472 -0.0758
vn 0.8599 -0.5061 -0.0666
vn 0.8568 -0.5114 -0.0664
vn 0.9245 0.3738 -0.0752
vn 0.9002 0.4281 -0.0803
vn 0.8860 0.4569 -0.0792
vn 0.8641 0.4985 -0.0698
vn 0.7796 0.6231 -0.0633
vn -0.4983 -0.8636 0.0768
vn -0.5754 -0.8129 0.0903
vn 0.5878 0.8023 -0.1039
vn 0.5767 0.8109 -0.0996
vn 0.4550 0.8663 -0.2060
vn 0.6058 0.7453 -0.2783
vn 0.6147 0.7357 -0.2843
vn 0.4004 0.8907 -0.2152
vn 0.4106 0.8870 -0.2112
vn 0.4899 0.8433 -0.2211
vn 0.5119 0.8273 -0.2312
vn 0.5347 0.8097 -0.2417
vn 0.9356 -0.3383 -0.1005
vn 0.9303 -0.3526 -0.1009
vn 0.4033 0.8657 -0.2963
vn 0.3525 0.8898 -0.2898
vn 0.4091 0.8618 -0.2999
vn 0.0793 0.0744 -0.9941
vn 0.0388 0.0416 -0.9984
vn -0.0743 0.0794 -0.9941
vn -0.1066 0.1106 -0.9881
vn 0.9044 0.0461 -0.4243
vn 0.9045 0.0484 -0.4238
vn -0.1066 0.0837 -0.9908
vn -0.9615 0.0215 -0.2738
vn -0.9594 0.0249 -0.2810
vn -0.0731 0.0527 -0.9959
vn -0.0621 0.0358 -0.9974
vn 0.0010 0.0060 -1.0000
vn -0.0057 0.9824 -0.1869
vn 0.0008 0.9830 -0.1838
vn -0.1015 0.9504 -0.2939
vn -0.0860 0.9696 -0.2291
vn 0.2655 0.1248 -0.9560
vn 0.2659 0.1251 -0.9559
vn -0.7450 0.6632 -0.0720
vn -0.7322 0.6776 -0.0686
vn 0.6717 0.1177 -0.7314
vn 0.7049 0.1522 -0.6928
vn -0.7361 0.6042 -0.3052
vn -0.7218 0.6289 -0.2889
vn 0.7977 -0.4114 -0.4409
vn -0.9916 -0.0000 0.1295
vn -0.9916 -0.0000 0.1297
vn 0.7593 -0.5257 -0.3836
vn 0.7141 -0.5922 -0.3734
vn 0.7167 -0.5888 -0.3736
vn 0.6627 -0.6584 -0.3568
vn 0.6507 -0.6714 -0.3546
vn 0.6392 -0.6817 -0.3560
vn 0.7436 -0.5570 -0.3698
vn 0.7683 -0.5295 -0.3598
vn 0.6704 -0.6763 -0.3054
vn 0.6737 -0.6722 -0.3070
vn 0.6422 -0.7080 -0.2939
vn 0.7640 -0.5260 -0.3736
vn 0.6010 -0.7507 -0.2743
vn 0.5863 -0.7653 -0.2657
vn 0.6740 -0.7184 -0.1721
vn 0.6377 -0.7585 -0.1346
vn 0.6308 -0.7650 -0.1296
vn 0.6243 -0.7712 -0.1245
vn 0.6131 -0.7815 -0.1159
vn 0.6068 -0.7867 -0.1134
vn 0.5880 -0.8022 -0.1039
vn 0.6111 -0.7883 -0.0716
vn 0.6088 -0.7861 -0.1072
vn 0.6128 -0.7870 -0.0714
vn 0.5939 -0.8030 -0.0508
vn 0.6261 -0.7779 -0.0533
vn -0.0808 -0.9811 -0.1759
vn -0.0728 -0.9840 -0.1623
vn -0.6934 -0.0000 -0.7205
vn 0.9381 0.0455 -0.3435
vn 0.9368 0.0536 -0.3457
vn -0.0422 0.9988 -0.0240
vn -0.0449 0.9990 -0.0083
vn 0.8640 -0.4984 -0.0715
vn 0.9947 0.0311 -0.0985
vn 0.9943 0.0468 -0.0956
vn 0.5253 0.2166 -0.8229
vn 0.5681 0.2761 -0.7753
vn 0.7075 0.7017 -0.0837
vn 0.7187 0.6896 -0.0890
vn 0.7226 0.6853 -0.0903
vn 0.9791 0.0641 -0.1929
vn 0.9769 0.0543 -0.2068
vn 0.6372 0.7589 -0.1345
vn 0.6241 0.7714 -0.1245
vn 0.6132 0.7814 -0.1159
vn 0.6067 0.7868 -0.1134
vn 0.5354 0.8092 -0.2420
vn 0.5988 0.7529 -0.2729
vn 0.6495 0.7001 -0.2967
vn 0.6860 0.6568 -0.3131
vn 0.6735 0.6724 -0.3071
vn 0.7643 0.5263 -0.3725
vn 0.7212 0.5832 -0.3739
vn 0.7153 0.5907 -0.3733
vn 0.6602 0.6614 -0.3560
vn 0.6408 0.7552 -0.1383
vn 0.6030 0.7160 -0.3519
vn 0.5625 0.7618 -0.3214
vn 0.4989 0.8055 -0.3198
vn 0.6064 0.7108 -0.3564
vn 0.6206 0.6959 -0.3613
vn 0.7145 -0.3572 -0.6015
vn 0.7193 -0.3623 -0.5928
vn 0.9347 -0.0859 -0.3450
vn 0.9377 -0.0534 -0.3434
vn 0.9886 -0.1229 -0.0873
vn 0.9831 -0.1621 -0.0846
vn 0.6942 -0.4602 -0.5534
vn 0.7135 -0.4733 -0.5167
vn 0.1461 0.0001 -0.9893
vn 0.2655 -0.1216 -0.9564
vn 0.2653 -0.1214 -0.9565
vn 0.5234 -0.5698 -0.6335
vn 0.5478 -0.5813 -0.6017
vn 0.8137 -0.2261 -0.5355
vn 0.8031 -0.2142 -0.5560
vn 0.7724 0.0740 -0.6309
vn 0.7895 0.1044 -0.6048
vn 0.8458 -0.3215 -0.4257
vn 0.8420 -0.3392 -0.4195
vn 0.8301 -0.3749 -0.4127
vn 0.8288 -0.3781 -0.4124
vn 0.7928 -0.4632 -0.3962
vn 0.7682 -0.5157 -0.3793
vn 0.8412 -0.3479 -0.4139
vn 0.8507 -0.3276 -0.4111
vn -0.2470 -0.6311 -0.7353
vn -0.2498 -0.6232 -0.7411
vn 0.7840 -0.5036 -0.3631
vn 0.7718 -0.5253 -0.3583
vn 0.7663 -0.5358 -0.3545
vn 0.7287 -0.5985 -0.3328
vn 0.7965 0.5522 -0.2463
vn 0.7800 0.5831 -0.2269
vn 0.7465 -0.6298 -0.2147
vn 0.7801 -0.5831 -0.2268
vn 0.7926 -0.5601 -0.2410
vn 0.7226 -0.6853 -0.0903
vn 0.7187 -0.6896 -0.0890
vn 0.8860 -0.4569 -0.0792
vn 0.9002 -0.4281 -0.0803
vn -0.9965 -0.0000 0.0841
vn -0.1365 0.9585 -0.2503
vn -0.1271 0.9671 -0.2204
vn -0.9494 0.2735 0.1545
vn -0.9408 0.3029 0.1520
vn 0.8730 -0.3841 -0.3006
vn 0.8586 -0.4239 -0.2883
vn 0.8823 -0.4639 -0.0796
vn 0.0342 0.9599 0.2784
vn 0.0153 0.9611 0.2757
vn 0.9924 0.0499 -0.1124
vn 0.9924 0.0558 -0.1093
vn 0.8729 0.4735 -0.1174
vn 0.9700 0.1590 -0.1836
vn 0.9659 0.1754 -0.1906
vn 0.8027 0.5907 -0.0822
vn 0.7958 0.5971 -0.1005
vn 0.1465 0.0001 -0.9892
vn 0.0745 0.0194 -0.9970
vn -0.9450 -0.2888 0.1537
vn -0.9350 -0.3202 0.1523
vn 0.7583 0.6142 -0.2186
vn 0.6971 0.6914 -0.1898
vn 0.7351 0.5890 -0.3356
vn 0.7718 0.5254 -0.3583
vn 0.7823 0.5069 -0.3621
vn 0.8412 0.3479 -0.4139
vn 0.8307 0.3735 -0.4128
vn 0.8281 0.3799 -0.4122
vn 0.7923 0.4643 -0.3959
vn 0.7713 0.5095 -0.3814
vn 0.7605 0.5224 -0.3856
vn 0.5437 -0.4344 -0.7181
vn 0.5501 -0.4391 -0.7103
vn 0.4580 0.0001 -0.8890
vn 0.4574 -0.0001 -0.8893
vn 0.6388 0.0182 -0.7692
vn 0.6353 0.0137 -0.7721
vn 0.6144 0.0026 -0.7890
vn 0.5930 0.0001 -0.8052
vn 0.5933 0.0001 -0.8050
vn 0.9445 -0.3187 -0.0803
vn 0.9244 -0.3737 -0.0765
vn 0.0527 0.1635 -0.9851
vn 0.0101 0.1313 -0.9913
vn 0.5928 0.0001 -0.8054
vn 0.6144 -0.0024 -0.7890
vn 0.6362 -0.0143 -0.7714
vn 0.9045 -0.0373 -0.4248
vn 0.9052 -0.0464 -0.4225
vn 0.8599 -0.2795 -0.4271
vn 0.9384 -0.3337 -0.0894
vn 0.9437 -0.3185 -0.0893
vn 0.8746 -0.2122 -0.4359
vn -0.9354 0.3368 -0.1075
vn -0.9272 0.3251 -0.1862
vn 0.8446 -0.3653 -0.3914
vn 0.8291 -0.4081 -0.3822
vn 0.8022 -0.4690 -0.3693
vn 0.8510 -0.4407 -0.2856
vn 0.8225 -0.5024 -0.2665
vn 0.2687 -0.8079 -0.5245
vn 0.3026 -0.7805 -0.5470
vn -0.2861 -0.9408 -0.1817
vn -0.2623 -0.9432 -0.2040
vn 0.8783 -0.4691 -0.0925
vn 0.8775 -0.4706 -0.0925
vn 0.7134 0.6973 -0.0696
vn 0.7925 0.6047 -0.0792
vn 0.0352 -0.6902 -0.7227
vn 0.0567 -0.7029 -0.7090
vn -0.1696 -0.5212 -0.8364
vn -0.1521 -0.5392 -0.8283
vn -0.7008 0.5389 -0.4674
vn -0.6865 0.5777 -0.4414
vn -0.0765 0.9833 -0.1653
vn -0.0773 0.9839 -0.1614
vn 0.9003 -0.0448 -0.4330
vn 0.9014 -0.0481 -0.4304
vn 0.8827 0.4456 -0.1495
vn 0.7882 0.1357 -0.6003
vn 0.8063 0.1646 -0.5681
vn 0.9878 -0.1229 -0.0959
vn 0.9870 -0.1288 -0.0960
vn 0.8443 0.4551 -0.2831
vn 0.7951 0.4837 -0.3659
vn 0.8250 0.4181 -0.3802
vn 0.8431 0.3701 -0.3900
vn 0.9582 -0.2539 -0.1315
vn 0.9572 -0.2573 -0.1323
vn 0.8805 0.1877 -0.4353
vn 0.8744 0.2131 -0.4359
vn 0.8617 0.2708 -0.4290
vn 0.8600 0.2792 -0.4271
vn 0.8456 0.3224 -0.4255
vn 0.8419 0.3396 -0.4194
vn 0.8619 0.2358 -0.4488
vn 0.8640 0.2215 -0.4521
vn 0.8587 0.1018 -0.5023
vn 0.8590 0.1026 -0.5016
vn 0.8590 -0.1003 -0.5020
vn 0.8587 -0.1010 -0.5024
vn 0.6881 0.0002 -0.7256
vn 0.6978 0.0002 -0.7163
vn 0.8138 0.0006 -0.5811
vn 0.7811 0.0004 -0.6244
vn 0.7674 -0.0196 -0.6409
vn 0.8544 -0.3234 -0.4066
vn 0.8542 -0.3299 -0.4020
vn 0.4883 -0.7233 -0.4882
vn 0.5284 -0.6775 -0.5117
vn 0.9095 0.3455 -0.2313
vn 0.9123 0.3260 -0.2478
vn 0.8641 -0.2205 -0.4523
vn 0.8642 -0.2205 -0.4523
vn -0.1223 0.9918 -0.0377
vn -0.1226 0.9919 -0.0336
vn 0.8892 -0.1941 -0.4143
vn 0.8879 -0.2035 -0.4125
vn 0.8761 -0.2589 -0.4066
vn 0.8605 -0.3143 -0.4009
vn 0.8719 -0.1948 -0.4493
vn 0.8575 -0.3272 -0.3970
vn 0.2096 0.9728 -0.0984
vn 0.2126 0.9720 -0.1002
vn 0.6028 0.7371 -0.3055
vn 0.6109 0.7320 -0.3018
vn 0.8636 -0.0099 -0.5041
vn 0.8748 -0.0408 -0.4827
vn 0.8039 0.5854 -0.1052
vn 0.8703 0.4789 -0.1153
vn 0.8756 0.4271 -0.2256
vn 0.8689 0.4495 -0.2074
vn 0.8930 -0.3227 -0.3136
vn 0.8962 -0.3087 -0.3185
vn 0.8530 0.3430 -0.3934
vn 0.8598 0.3159 -0.4011
vn 0.8747 0.2647 -0.4059
vn 0.8865 0.2111 -0.4118
vn 0.8894 0.1912 -0.4152
vn 0.7545 0.6512 -0.0813
vn 0.7952 0.5915 -0.1334
vn 0.8774 0.1711 -0.4482
vn 0.8723 0.1936 -0.4490
vn 0.8641 0.2214 -0.4521
vn 0.8629 0.2457 -0.4417
vn 0.8922 0.3236 -0.3150
vn 0.8926 0.3226 -0.3150
vn 0.8950 0.0324 -0.4449
vn 0.8945 0.0203 -0.4465
vn 0.8946 -0.0197 -0.4465
vn 0.8951 -0.0348 -0.4446
vn 0.6614 -0.6035 -0.4453
vn 0.6962 -0.5422 -0.4705
vn 0.9026 -0.0909 -0.4209
vn 0.8984 -0.1326 -0.4187
vn 0.8970 -0.1407 -0.4189
vn 0.9306 -0.1254 -0.3438
vn 0.2770 0.2409 -0.9302
vn 0.2776 0.2416 -0.9298
vn 0.9128 -0.2440 -0.3276
vn 0.9331 -0.1899 -0.3054
vn 0.9465 -0.1634 -0.2782
vn -0.9698 -0.0148 -0.2435
vn -0.9725 -0.0148 -0.2325
vn 0.9538 -0.0507 -0.2961
vn 0.9587 -0.0573 -0.2786
vn 0.9345 0.0885 -0.3449
vn 0.9310 0.1222 -0.3439
vn 0.9280 0.1585 -0.3373
vn 0.8786 0.1465 -0.4545
vn 0.8815 0.1373 -0.4517
vn 0.9114 0.2495 -0.3272
vn 0.8967 0.1421 -0.4192
vn 0.8988 0.1292 -0.4189
vn 0.9023 0.0937 -0.4207
vn 0.7956 -0.3585 -0.4883
vn 0.8081 -0.3741 -0.4550
vn 0.9061 0.0077 -0.4230
vn 0.9365 -0.0351 -0.3490
vn 0.9361 -0.0308 -0.3505
vn 0.0742 -0.0025 -0.9972
vn 0.1464 -0.0322 -0.9887
vn 0.9364 -0.0116 -0.3506
vn 0.9370 0.0072 -0.3492
s 0
f 1//1 2//1 3//1
f 3//2 2//2 4//2
f 5//3 6//3 7//3
f 7//4 6//4 8//4
f 7//5 8//5 9//5
f 9//6 8//6 10//6
f 9//7 10//7 11//7
f 11//8 10//8 12//8
f 11//9 12//9 13//9
f 13//10 12//10 14//10
f 15//11 16//11 6//11
f 6//12 16//12 17//12
f 6//13 17//13 8//13
f 8//14 18//14 10//14
f 10//15 18//15 19//15
f 10//16 19//16 12//16
f 12//17 19//17 20//17
f 12//18 20//18 14//18
f 14//19 20//19 21//19
f 3//20 22//20 23//20
f 3//21 23//21 1//21
f 24//22 25//22 26//22
f 27//23 23//23 22//23
f 28//24 29//24 30//24
f 30//25 29//25 31//25
f 30//26 31//26 25//26
f 25//27 32//27 26//27
f 33//28 34//28 35//28
f 33//29 35//29 15//29
f 15//30 35//30 36//30
f 15//31 36//31 16//31
f 13//32 37//32 11//32
f 11//33 37//33 38//33
f 11//34 38//34 9//34
f 9//35 38//35 39//35
f 9//36 39//36 7//36
f 7//37 39//37 40//37
f 41//38 24//38 42//38
f 42//39 24//39 26//39
f 42//40 26//40 43//40
f 44//41 45//41 46//41
f 47//42 2//42 48//42
f 49//43 50//43 51//43
f 46//44 52//44 44//44
f 44//45 52//45 53//45
f 50//46 54//46 51//46
f 55//47 45//47 56//47
f 56//48 45//48 44//48
f 57//49 50//49 58//49
f 58//50 50//50 49//50
f 58//51 49//51 59//51
f 59//52 49//52 60//52
f 59//53 60//53 61//53
f 61//54 60//54 62//54
f 63//55 64//55 65//55
f 66//56 67//56 68//56
f 68//57 67//57 69//57
f 68//58 69//58 70//58
f 70//59 69//59 71//59
f 70//60 71//60 72//60
f 72//61 71//61 73//61
f 72//62 73//62 74//62
f 74//63 73//63 75//63
f 74//64 75//64 76//64
f 48//65 76//65 47//65
f 47//66 76//66 75//66
f 77//67 75//67 73//67
f 77//68 73//68 78//68
f 78//69 73//69 71//69
f 78//70 71//70 79//70
f 79//71 71//71 69//71
f 80//72 67//72 64//72
f 64//73 67//73 66//73
f 81//74 60//74 82//74
f 82//75 60//75 49//75
f 82//76 49//76 83//76
f 83//77 49//77 51//77
f 48//78 55//78 76//78
f 76//79 55//79 56//79
f 70//80 84//80 68//80
f 68//81 84//81 57//81
f 68//82 57//82 66//82
f 66//83 57//83 58//83
f 65//84 58//84 59//84
f 63//85 61//85 85//85
f 85//86 61//86 62//86
f 86//87 87//87 88//87
f 88//88 87//88 89//88
f 88//89 89//89 90//89
f 90//90 89//90 91//90
f 92//91 91//91 93//91
f 94//92 95//92 96//92
f 94//93 96//93 97//93
f 97//94 96//94 98//94
f 86//95 98//95 99//95
f 86//96 99//96 87//96
f 100//97 101//97 102//97
f 100//98 102//98 103//98
f 103//99 102//99 104//99
f 103//100 104//100 105//100
f 46//101 104//101 52//101
f 52//102 104//102 102//102
f 52//103 102//103 53//103
f 51//104 54//104 106//104
f 83//105 107//105 82//105
f 108//106 101//106 94//106
f 108//107 94//107 109//107
f 109//108 94//108 97//108
f 109//109 97//109 106//109
f 106//110 86//110 107//110
f 107//111 86//111 88//111
f 107//112 88//112 110//112
f 110//113 88//113 90//113
f 105//114 104//114 111//114
f 111//115 104//115 112//115
f 111//116 112//116 113//116
f 113//117 112//117 114//117
f 114//118 112//118 115//118
f 114//119 115//119 116//119
f 116//120 117//120 118//120
f 118//121 119//121 120//121
f 120//122 121//122 122//122
f 123//123 124//123 125//123
f 126//124 127//124 128//124
f 36//125 35//125 129//125
f 129//126 35//126 34//126
f 129//127 34//127 130//127
f 36//128 129//128 16//128
f 16//129 129//129 131//129
f 16//130 131//130 17//130
f 17//131 131//131 132//131
f 18//132 132//132 133//132
f 18//133 133//133 19//133
f 19//134 133//134 115//134
f 19//135 115//135 20//135
f 20//136 115//136 112//136
f 20//137 112//137 21//137
f 21//138 112//138 104//138
f 21//139 104//139 46//139
f 134//140 135//140 136//140
f 137//141 138//141 139//141
f 140//142 141//142 142//142
f 142//143 141//143 143//143
f 144//144 145//144 146//144
f 146//145 145//145 147//145
f 148//146 149//146 150//146
f 150//147 149//147 151//147
f 144//148 148//148 152//148
f 152//149 148//149 150//149
f 149//150 153//150 151//150
f 154//151 147//151 155//151
f 155//152 147//152 145//152
f 155//153 145//153 156//153
f 157//154 144//154 152//154
f 158//155 159//155 160//155
f 160//156 159//156 161//156
f 143//157 162//157 163//157
f 164//158 165//158 166//158
f 167//159 168//159 169//159
f 168//160 170//160 171//160
f 172//161 173//161 174//161
f 175//162 176//162 177//162
f 178//163 179//163 180//163
f 180//164 181//164 182//164
f 183//165 184//165 185//165
f 185//166 184//166 186//166
f 187//167 188//167 189//167
f 188//168 187//168 190//168
f 190//169 187//169 191//169
f 190//170 191//170 192//170
f 193//171 194//171 195//171
f 195//172 194//172 191//172
f 195//173 191//173 196//173
f 196//174 191//174 187//174
f 196//175 187//175 197//175
f 197//176 187//176 189//176
f 197//177 189//177 198//177
f 199//178 193//178 200//178
f 200//179 193//179 195//179
f 200//180 195//180 201//180
f 201//181 195//181 196//181
f 201//182 196//182 202//182
f 202//183 196//183 197//183
f 202//184 197//184 203//184
f 203//185 197//185 198//185
f 203//186 198//186 204//186
f 205//187 206//187 207//187
f 207//188 206//188 208//188
f 209//189 208//189 193//189
f 209//190 193//190 210//190
f 210//191 193//191 199//191
f 210//192 199//192 211//192
f 212//193 175//193 181//193
f 212//194 181//194 213//194
f 213//195 179//195 214//195
f 214//196 173//196 215//196
f 216//197 217//197 218//197
f 216//198 218//198 219//198
f 220//199 221//199 222//199
f 216//200 222//200 223//200
f 215//201 223//201 224//201
f 215//202 224//202 214//202
f 214//203 224//203 225//203
f 214//204 225//204 213//204
f 213//205 225//205 185//205
f 213//206 185//206 212//206
f 212//207 185//207 186//207
f 212//208 186//208 226//208
f 204//209 227//209 203//209
f 203//210 227//210 228//210
f 203//211 228//211 202//211
f 202//212 228//212 229//212
f 202//213 229//213 201//213
f 201//214 229//214 230//214
f 201//215 230//215 200//215
f 200//216 230//216 231//216
f 200//217 231//217 199//217
f 199//218 231//218 232//218
f 199//219 232//219 211//219
f 233//220 234//220 235//220
f 167//221 236//221 168//221
f 168//222 236//222 235//222
f 168//223 235//223 170//223
f 170//224 235//224 237//224
f 238//225 239//225 240//225
f 241//226 205//226 242//226
f 242//227 205//227 207//227
f 239//228 209//228 210//228
f 239//229 210//229 240//229
f 240//230 210//230 211//230
f 240//231 211//231 243//231
f 243//232 211//232 232//232
f 221//233 232//233 231//233
f 221//234 231//234 222//234
f 222//235 231//235 230//235
f 222//236 230//236 223//236
f 223//237 230//237 229//237
f 223//238 229//238 224//238
f 224//239 229//239 228//239
f 224//240 228//240 225//240
f 225//241 228//241 227//241
f 225//242 227//242 185//242
f 244//243 245//243 246//243
f 247//244 248//244 249//244
f 249//245 248//245 250//245
f 251//246 252//246 253//246
f 253//247 252//247 254//247
f 253//248 254//248 255//248
f 255//249 254//249 256//249
f 256//250 254//250 257//250
f 256//251 257//251 258//251
f 258//252 257//252 259//252
f 259//253 257//253 260//253
f 259//254 260//254 261//254
f 262//255 263//255 264//255
f 264//256 263//256 265//256
f 266//257 267//257 268//257
f 266//258 268//258 269//258
f 269//259 268//259 270//259
f 167//260 169//260 271//260
f 271//261 272//261 273//261
f 273//262 272//262 274//262
f 273//263 274//263 275//263
f 275//264 274//264 276//264
f 275//265 276//265 277//265
f 277//266 276//266 278//266
f 279//267 280//267 281//267
f 281//268 280//268 282//268
f 281//269 282//269 283//269
f 283//270 282//270 284//270
f 283//271 284//271 285//271
f 282//272 286//272 284//272
f 284//273 286//273 287//273
f 284//274 287//274 288//274
f 289//275 290//275 291//275
f 291//276 290//276 263//276
f 292//277 268//277 267//277
f 293//278 294//278 295//278
f 293//279 295//279 296//279
f 296//280 295//280 297//280
f 296//281 297//281 286//281
f 287//282 249//282 250//282
f 298//283 299//283 300//283
f 300//284 299//284 301//284
f 300//285 301//285 302//285
f 302//286 301//286 303//286
f 302//287 303//287 304//287
f 304//288 303//288 305//288
f 303//289 275//289 305//289
f 305//290 275//290 277//290
f 305//291 277//291 266//291
f 306//292 298//292 300//292
f 306//293 300//293 307//293
f 307//294 300//294 302//294
f 307//295 302//295 293//295
f 293//296 302//296 304//296
f 264//297 308//297 262//297
f 262//298 308//298 309//298
f 262//299 309//299 261//299
f 261//300 309//300 310//300
f 261//301 310//301 259//301
f 259//302 310//302 311//302
f 259//303 311//303 258//303
f 311//304 256//304 258//304
f 312//305 253//305 255//305
f 312//306 255//306 256//306
f 186//307 184//307 313//307
f 313//308 184//308 183//308
f 314//309 186//309 313//309
f 315//310 316//310 317//310
f 316//311 318//311 317//311
f 319//312 320//312 321//312
f 322//313 321//313 323//313
f 324//314 317//314 325//314
f 315//315 317//315 326//315
f 326//316 317//316 324//316
f 326//317 324//317 182//317
f 182//318 324//318 327//318
f 328//319 178//319 327//319
f 327//320 178//320 180//320
f 327//321 180//321 182//321
f 218//322 172//322 328//322
f 328//323 172//323 174//323
f 328//324 174//324 178//324
f 329//325 330//325 331//325
f 332//326 333//326 334//326
f 330//327 335//327 336//327
f 334//328 333//328 171//328
f 171//329 333//329 337//329
f 325//330 338//330 324//330
f 339//331 340//331 341//331
f 342//332 343//332 344//332
f 340//333 345//333 329//333
f 329//334 323//334 330//334
f 330//335 323//335 321//335
f 330//336 321//336 333//336
f 333//337 321//337 320//337
f 333//338 320//338 337//338
f 337//339 320//339 346//339
f 272//340 337//340 347//340
f 278//341 276//341 347//341
f 347//342 276//342 274//342
f 347//343 274//343 272//343
f 348//344 349//344 292//344
f 348//345 292//345 267//345
f 350//346 351//346 352//346
f 352//347 351//347 353//347
f 354//348 353//348 244//348
f 244//349 353//349 355//349
f 244//350 355//350 245//350
f 245//351 355//351 289//351
f 289//352 355//352 356//352
f 289//353 356//353 290//353
f 357//354 358//354 359//354
f 360//355 359//355 361//355
f 362//356 290//356 363//356
f 363//357 290//357 356//357
f 364//358 356//358 355//358
f 364//359 355//359 365//359
f 365//360 355//360 353//360
f 365//361 353//361 366//361
f 366//362 353//362 351//362
f 366//363 351//363 367//363
f 368//364 369//364 370//364
f 368//365 363//365 369//365
f 371//366 372//366 373//366
f 374//367 375//367 376//367
f 377//368 378//368 379//368
f 377//369 379//369 380//369
f 377//370 381//370 382//370
f 377//371 383//371 384//371
f 377//372 384//372 385//372
f 386//373 387//373 388//373
f 388//374 387//374 389//374
f 390//375 391//375 392//375
f 388//376 393//376 386//376
f 394//377 395//377 396//377
f 394//378 396//378 397//378
f 397//379 396//379 398//379
f 397//380 398//380 399//380
f 399//381 398//381 400//381
f 396//382 401//382 398//382
f 402//383 389//383 387//383
f 403//384 404//384 405//384
f 406//385 407//385 408//385
f 406//386 408//386 409//386
f 409//387 408//387 403//387
f 409//388 403//388 410//388
f 410//389 403//389 405//389
f 411//390 412//390 413//390
f 410//391 414//391 409//391
f 413//392 415//392 411//392
f 416//393 417//393 413//393
f 413//394 417//394 418//394
f 418//395 419//395 420//395
f 416//396 421//396 422//396
f 423//397 424//397 425//397
f 426//398 427//398 428//398
f 426//399 428//399 429//399
f 429//400 428//400 430//400
f 431//401 432//401 433//401
f 433//402 432//402 434//402
f 435//403 436//403 437//403
f 437//404 438//404 439//404
f 440//405 441//405 442//405
f 443//406 444//406 445//406
f 446//407 431//407 447//407
f 447//408 431//408 433//408
f 448//409 449//409 435//409
f 450//410 451//410 452//410
f 451//411 453//411 454//411
f 441//412 454//412 455//412
f 423//413 455//413 454//413
f 423//414 454//414 424//414
f 424//415 454//415 453//415
f 424//416 453//416 456//416
f 456//417 453//417 449//417
f 456//418 449//418 457//418
f 457//419 449//419 448//419
f 457//420 448//420 427//420
f 427//421 448//421 458//421
f 427//422 458//422 428//422
f 428//423 458//423 433//423
f 459//424 460//424 461//424
f 461//425 462//425 459//425
f 461//426 463//426 464//426
f 461//427 465//427 463//427
f 466//428 467//428 468//428
f 463//429 465//429 469//429
f 470//430 469//430 465//430
f 471//431 472//431 473//431
f 474//432 475//432 472//432
f 474//433 472//433 471//433
f 426//434 476//434 477//434
f 478//435 476//435 429//435
f 429//436 476//436 426//436
f 477//437 479//437 426//437
f 480//438 481//438 482//438
f 482//439 483//439 444//439
f 444//440 483//440 445//440
f 484//441 485//441 486//441
f 487//442 488//442 489//442
f 490//443 491//443 492//443
f 493//444 494//444 495//444
f 488//445 496//445 497//445
f 488//446 497//446 489//446
f 498//447 499//447 500//447
f 501//448 502//448 503//448
f 498//449 504//449 499//449
f 505//450 506//450 507//450
f 507//451 506//451 508//451
f 507//452 508//452 509//452
f 509//453 508//453 510//453
f 509//454 510//454 511//454
f 503//455 512//455 501//455
f 501//456 513//456 514//456
f 501//457 514//457 498//457
f 498//458 514//458 515//458
f 509//459 516//459 507//459
f 507//460 516//460 517//460
f 490//461 517//461 516//461
f 518//462 519//462 520//462
f 518//463 520//463 521//463
f 522//464 519//464 523//464
f 522//465 520//465 519//465
f 524//466 522//466 525//466
f 525//467 522//467 526//467
f 527//468 528//468 529//468
f 529//469 528//469 530//469
f 529//470 530//470 531//470
f 531//471 530//471 523//471
f 531//472 523//472 532//472
f 533//473 534//473 535//473
f 536//474 537//474 538//474
f 539//475 540//475 541//475
f 539//476 541//476 542//476
f 543//477 542//477 544//477
f 544//478 542//478 541//478
f 491//479 545//479 546//479
f 491//480 547//480 492//480
f 548//481 549//481 550//481
f 550//482 549//482 551//482
f 552//483 553//483 554//483
f 555//484 556//484 557//484
f 319//485 558//485 559//485
f 560//486 561//486 562//486
f 563//487 564//487 565//487
f 563//488 565//488 566//488
f 555//489 567//489 568//489
f 555//490 568//490 556//490
f 555//491 564//491 569//491
f 569//492 564//492 570//492
f 571//493 570//493 572//493
f 573//494 574//494 575//494
f 376//495 576//495 374//495
f 577//496 578//496 579//496
f 577//496 579//496 580//496
f 581//497 582//497 466//497
f 581//497 466//497 468//497
f 467//498 583//498 468//498
f 583//499 465//499 468//499
f 465//500 584//500 468//500
f 465//501 460//501 584//501
f 585//502 586//502 368//502
f 585//503 368//503 587//503
f 588//504 523//504 581//504
f 523//505 530//505 581//505
f 530//506 528//506 581//506
f 528//507 582//507 581//507
f 582//508 589//508 590//508
f 582//508 590//508 466//508
f 590//509 467//509 466//509
f 591//510 592//510 467//510
f 592//511 583//511 467//511
f 590//512 593//512 467//512
f 593//513 594//513 467//513
f 594//514 595//514 467//514
f 595//515 591//515 467//515
f 592//516 470//516 583//516
f 470//517 465//517 583//517
f 461//518 460//518 465//518
f 526//519 523//519 588//519
f 280//520 307//520 293//520
f 280//521 293//521 296//521
f 526//522 522//522 523//522
f 519//523 532//523 523//523
f 527//524 533//524 528//524
f 533//525 596//525 528//525
f 596//526 597//526 528//526
f 597//527 589//527 528//527
f 589//528 582//528 528//528
f 589//529 597//529 593//529
f 589//529 593//529 590//529
f 595//530 598//530 591//530
f 598//531 599//531 591//531
f 599//532 592//532 591//532
f 599//533 600//533 592//533
f 600//534 601//534 592//534
f 602//535 490//535 492//535
f 602//536 492//536 603//536
f 597//537 537//537 604//537
f 597//537 604//537 593//537
f 604//538 594//538 593//538
f 604//539 605//539 594//539
f 605//540 595//540 594//540
f 605//541 606//541 595//541
f 607//542 536//542 533//542
f 607//543 533//543 535//543
f 599//544 598//544 595//544
f 362//545 608//545 609//545
f 362//546 609//546 265//546
f 610//547 611//547 469//547
f 611//548 463//548 469//548
f 476//549 610//549 469//549
f 611//550 464//550 463//550
f 464//551 462//551 461//551
f 612//552 613//552 524//552
f 612//553 524//553 525//553
f 614//554 612//554 525//554
f 614//554 525//554 459//554
f 524//555 520//555 522//555
f 518//556 532//556 519//556
f 518//557 615//557 532//557
f 615//558 546//558 532//558
f 477//559 476//559 469//559
f 477//560 469//560 470//560
f 616//561 614//561 459//561
f 616//562 459//562 462//562
f 617//563 618//563 529//563
f 618//564 540//564 529//564
f 540//565 535//565 529//565
f 535//566 527//566 529//566
f 535//567 534//567 527//567
f 534//568 533//568 527//568
f 266//569 269//569 619//569
f 266//570 619//570 620//570
f 536//571 538//571 533//571
f 538//572 596//572 533//572
f 538//573 537//573 596//573
f 537//574 597//574 596//574
f 219//575 218//575 328//575
f 219//576 328//576 339//576
f 621//577 600//577 599//577
f 621//578 475//578 600//578
f 475//579 601//579 600//579
f 622//580 56//580 44//580
f 622//581 44//581 623//581
f 475//582 419//582 601//582
f 146//583 159//583 143//583
f 146//584 143//584 624//584
f 419//585 418//585 625//585
f 419//586 625//586 601//586
f 606//587 605//587 604//587
f 297//588 626//588 252//588
f 297//589 252//589 249//589
f 476//590 611//590 610//590
f 476//591 478//591 611//591
f 627//592 628//592 511//592
f 627//593 511//593 510//593
f 629//594 630//594 611//594
f 630//595 631//595 611//595
f 631//596 464//596 611//596
f 632//597 633//597 464//597
f 633//598 462//598 464//598
f 634//599 521//599 520//599
f 634//600 520//600 635//600
f 636//601 637//601 464//601
f 637//602 632//602 464//602
f 633//603 637//603 462//603
f 637//604 638//604 462//604
f 638//605 616//605 462//605
f 639//606 640//606 641//606
f 639//607 641//607 642//607
f 166//608 165//608 643//608
f 166//609 643//609 644//609
f 613//610 645//610 524//610
f 645//611 637//611 524//611
f 637//612 646//612 524//612
f 646//613 520//613 524//613
f 646//614 647//614 520//614
f 647//615 637//615 520//615
f 637//616 635//616 520//616
f 648//617 649//617 650//617
f 648//618 650//618 626//618
f 491//619 546//619 518//619
f 546//620 615//620 518//620
f 521//621 634//621 518//621
f 634//622 578//622 518//622
f 578//623 651//623 518//623
f 652//624 531//624 532//624
f 652//625 532//625 546//625
f 547//626 491//626 518//626
f 545//627 652//627 546//627
f 310//628 309//628 450//628
f 310//629 450//629 452//629
f 653//630 617//630 652//630
f 332//631 654//631 330//631
f 332//632 330//632 333//632
f 655//633 40//633 28//633
f 655//634 28//634 30//634
f 656//635 541//635 617//635
f 541//636 618//636 617//636
f 541//637 540//637 618//637
f 539//638 535//638 540//638
f 657//639 621//639 599//639
f 657//640 599//640 658//640
f 659//641 660//641 661//641
f 659//642 661//642 662//642
f 663//643 664//643 473//643
f 663//643 473//643 657//643
f 473//644 621//644 657//644
f 473//645 472//645 621//645
f 472//646 475//646 621//646
f 665//647 544//647 541//647
f 665//648 541//648 656//648
f 505//649 507//649 666//649
f 505//650 666//650 667//650
f 418//651 417//651 625//651
f 417//652 416//652 625//652
f 416//653 425//653 625//653
f 425//654 424//654 625//654
f 424//655 456//655 625//655
f 283//656 285//656 668//656
f 283//657 668//657 669//657
f 181//658 175//658 326//658
f 181//659 326//659 182//659
f 670//660 579//660 671//660
f 579//661 629//661 671//661
f 579//662 630//662 629//662
f 579//663 672//663 630//663
f 672//664 631//664 630//664
f 430//665 673//665 429//665
f 673//666 674//666 429//666
f 674//667 675//667 429//667
f 675//668 670//668 429//668
f 637//669 633//669 632//669
f 579//670 636//670 672//670
f 356//671 364//671 369//671
f 356//672 369//672 363//672
f 578//673 635//673 637//673
f 647//674 646//674 637//674
f 645//675 638//675 637//675
f 645//676 613//676 616//676
f 645//676 616//676 638//676
f 578//677 634//677 635//677
f 490//678 545//678 491//678
f 643//679 577//679 580//679
f 643//679 580//679 676//679
f 577//680 677//680 578//680
f 677//681 678//681 578//681
f 678//682 602//682 578//682
f 602//683 603//683 578//683
f 603//684 679//684 578//684
f 679//685 651//685 578//685
f 314//686 503//686 502//686
f 314//687 502//687 680//687
f 490//688 681//688 545//688
f 681//689 682//689 653//689
f 494//690 683//690 495//690
f 683//691 684//691 495//691
f 684//692 685//692 495//692
f 682//693 493//693 495//693
f 684//694 686//694 685//694
f 686//695 687//695 685//695
f 687//696 688//696 685//696
f 688//697 665//697 685//697
f 665//698 656//698 685//698
f 658//699 606//699 536//699
f 658//699 536//699 607//699
f 542//700 664//700 539//700
f 664//701 663//701 539//701
f 664//702 689//702 473//702
f 689//703 471//703 473//703
f 471//704 690//704 474//704
f 690//705 691//705 474//705
f 691//706 692//706 474//706
f 692//707 420//707 474//707
f 692//708 418//708 420//708
f 692//709 693//709 418//709
f 693//710 413//710 418//710
f 413//711 412//711 416//711
f 405//712 694//712 414//712
f 405//713 414//713 410//713
f 414//714 421//714 416//714
f 422//715 425//715 416//715
f 422//716 421//716 425//716
f 421//717 423//717 425//717
f 433//718 434//718 428//718
f 434//719 430//719 428//719
f 675//720 579//720 670//720
f 675//721 674//721 579//721
f 674//722 673//722 579//722
f 673//723 695//723 579//723
f 695//724 696//724 579//724
f 696//725 580//725 579//725
f 434//726 696//726 430//726
f 696//727 695//727 430//727
f 695//728 673//728 430//728
f 313//729 497//729 496//729
f 313//730 496//730 314//730
f 306//731 307//731 280//731
f 306//732 280//732 279//732
f 602//733 678//733 490//733
f 678//734 517//734 490//734
f 644//735 643//735 676//735
f 644//735 676//735 697//735
f 643//736 666//736 577//736
f 666//737 698//737 577//737
f 698//738 677//738 577//738
f 699//739 33//739 42//739
f 699//740 42//740 43//740
f 517//741 678//741 677//741
f 304//742 620//742 294//742
f 304//743 294//743 293//743
f 295//744 648//744 626//744
f 295//745 626//745 297//745
f 685//746 656//746 617//746
f 685//747 617//747 495//747
f 700//748 701//748 493//748
f 701//749 702//749 493//749
f 702//750 683//750 493//750
f 683//751 494//751 493//751
f 548//752 703//752 704//752
f 548//753 704//753 549//753
f 705//754 414//754 416//754
f 705//755 416//755 412//755
f 706//756 686//756 683//756
f 686//757 684//757 683//757
f 706//758 707//758 686//758
f 707//759 687//759 686//759
f 707//760 143//760 687//760
f 143//761 381//761 687//761
f 381//762 708//762 687//762
f 708//763 385//763 687//763
f 385//764 384//764 687//764
f 384//765 688//765 687//765
f 544//766 665//766 688//766
f 384//767 383//767 688//767
f 383//768 709//768 688//768
f 709//769 544//769 688//769
f 710//770 543//770 544//770
f 709//771 710//771 544//771
f 543//772 664//772 542//772
f 543//773 689//773 664//773
f 689//774 690//774 471//774
f 710//775 690//775 689//775
f 543//776 710//776 689//776
f 477//777 470//777 592//777
f 477//778 592//778 601//778
f 710//779 691//779 690//779
f 377//780 380//780 691//780
f 380//781 692//781 691//781
f 380//782 379//782 692//782
f 379//783 693//783 692//783
f 69//784 67//784 80//784
f 69//785 80//785 79//785
f 451//786 450//786 453//786
f 379//787 378//787 693//787
f 378//788 711//788 693//788
f 711//789 712//789 693//789
f 712//790 387//790 693//790
f 387//791 386//791 693//791
f 386//792 415//792 693//792
f 415//793 413//793 693//793
f 411//794 393//794 412//794
f 393//795 705//795 412//795
f 652//796 617//796 529//796
f 652//797 529//797 531//797
f 694//798 421//798 414//798
f 705//799 409//799 414//799
f 694//800 423//800 421//800
f 694//801 713//801 423//801
f 713//802 455//802 423//802
f 441//803 440//803 454//803
f 440//804 451//804 454//804
f 588//805 584//805 460//805
f 588//805 460//805 526//805
f 437//806 439//806 458//806
f 439//807 447//807 458//807
f 447//808 433//808 458//808
f 446//809 585//809 714//809
f 446//810 714//810 431//810
f 696//811 714//811 580//811
f 714//812 676//812 580//812
f 628//813 715//813 504//813
f 628//814 504//814 511//814
f 716//815 644//815 697//815
f 716//815 697//815 661//815
f 581//816 468//816 584//816
f 581//816 584//816 588//816
f 165//817 717//817 643//817
f 717//818 667//818 643//818
f 667//819 666//819 643//819
f 479//820 477//820 601//820
f 479//821 601//821 625//821
f 507//822 698//822 666//822
f 501//823 488//823 513//823
f 176//824 680//824 715//824
f 176//825 715//825 177//825
f 718//826 719//826 700//826
f 719//827 134//827 700//827
f 134//828 136//828 700//828
f 456//829 457//829 479//829
f 456//830 479//830 625//830
f 134//831 719//831 135//831
f 719//832 720//832 135//832
f 720//833 721//833 135//833
f 721//834 139//834 135//834
f 139//835 138//835 135//835
f 327//836 324//836 338//836
f 327//837 338//837 342//837
f 162//838 143//838 706//838
f 143//839 707//839 706//839
f 163//840 624//840 143//840
f 361//841 359//841 348//841
f 361//842 348//842 347//842
f 159//843 142//843 143//843
f 141//844 381//844 143//844
f 377//845 385//845 381//845
f 385//846 708//846 381//846
f 141//847 722//847 381//847
f 606//848 604//848 537//848
f 606//848 537//848 536//848
f 377//849 709//849 383//849
f 382//850 641//850 377//850
f 641//851 712//851 377//851
f 712//852 378//852 377//852
f 263//853 290//853 362//853
f 263//854 362//854 265//854
f 309//855 435//855 450//855
f 390//856 723//856 393//856
f 390//857 393//857 391//857
f 440//858 311//858 451//858
f 311//859 452//859 451//859
f 712//860 711//860 378//860
f 722//861 140//861 382//861
f 722//862 382//862 381//862
f 402//863 387//863 712//863
f 709//864 377//864 691//864
f 709//779 691//779 710//779
f 724//865 406//865 705//865
f 406//866 409//866 705//866
f 725//867 726//867 29//867
f 725//868 29//868 727//868
f 388//869 389//869 393//869
f 389//870 391//870 393//870
f 728//871 729//871 720//871
f 728//872 720//872 730//872
f 713//873 694//873 405//873
f 404//874 455//874 405//874
f 455//875 713//875 405//875
f 404//876 444//876 455//876
f 444//877 443//877 455//877
f 443//878 441//878 455//878
f 311//879 442//879 441//879
f 443//880 312//880 441//880
f 312//881 256//881 441//881
f 256//882 311//882 441//882
f 442//883 311//883 440//883
f 609//884 731//884 437//884
f 731//885 438//885 437//885
f 732//886 198//886 189//886
f 732//887 189//887 730//887
f 731//888 608//888 439//888
f 608//889 447//889 439//889
f 438//890 731//890 439//890
f 682//891 495//891 617//891
f 682//892 617//892 653//892
f 579//893 578//893 637//893
f 579//894 637//894 636//894
f 714//895 432//895 431//895
f 714//896 585//896 676//896
f 585//897 587//897 676//897
f 587//898 733//898 676//898
f 733//899 697//899 676//899
f 511//900 504//900 509//900
f 504//901 498//901 509//901
f 500//902 502//902 498//902
f 502//903 501//903 498//903
f 734//904 716//904 661//904
f 734//904 661//904 660//904
f 735//905 661//905 697//905
f 735//906 697//906 736//906
f 737//907 166//907 644//907
f 738//908 554//908 166//908
f 554//909 553//909 166//909
f 553//910 164//910 166//910
f 737//911 738//911 166//911
f 164//912 739//912 165//912
f 739//913 740//913 165//913
f 740//914 318//914 165//914
f 318//915 717//915 165//915
f 698//916 507//916 517//916
f 698//917 517//917 677//917
f 741//918 505//918 667//918
f 741//919 318//919 505//919
f 318//920 506//920 505//920
f 496//921 488//921 501//921
f 512//922 496//922 501//922
f 742//923 743//923 487//923
f 743//924 718//924 487//924
f 489//925 742//925 487//925
f 743//926 744//926 718//926
f 744//927 719//927 718//927
f 744//928 720//928 719//928
f 729//929 721//929 720//929
f 744//930 743//930 720//930
f 743//931 730//931 720//931
f 37//932 13//932 55//932
f 37//933 55//933 48//933
f 729//934 139//934 721//934
f 729//935 151//935 139//935
f 151//936 153//936 139//936
f 153//937 624//937 139//937
f 624//938 137//938 139//938
f 250//939 248//939 480//939
f 250//940 480//940 745//940
f 153//941 146//941 624//941
f 391//942 746//942 159//942
f 746//943 161//943 159//943
f 158//944 140//944 159//944
f 140//945 142//945 159//945
f 146//946 747//946 159//946
f 747//947 154//947 159//947
f 748//948 749//948 239//948
f 748//949 239//949 238//949
f 140//950 722//950 141//950
f 750//951 746//951 382//951
f 746//952 641//952 382//952
f 140//953 160//953 382//953
f 751//954 752//954 365//954
f 751//955 365//955 366//955
f 746//956 642//956 641//956
f 160//957 161//957 750//957
f 160//958 750//958 382//958
f 640//959 389//959 641//959
f 311//960 310//960 452//960
f 640//961 753//961 389//961
f 753//962 391//962 389//962
f 407//963 406//963 724//963
f 723//964 754//964 724//964
f 754//965 407//965 724//965
f 390//966 754//966 723//966
f 753//967 640//967 391//967
f 640//968 639//968 391//968
f 639//969 746//969 391//969
f 755//970 392//970 391//970
f 756//971 754//971 390//971
f 147//972 154//972 747//972
f 147//973 747//973 146//973
f 757//974 394//974 390//974
f 394//975 397//975 390//975
f 397//976 399//976 390//976
f 399//977 756//977 390//977
f 482//978 444//978 403//978
f 444//979 404//979 403//979
f 408//980 758//980 403//980
f 758//981 480//981 403//981
f 480//982 482//982 403//982
f 407//983 754//983 408//983
f 754//984 759//984 408//984
f 759//985 400//985 408//985
f 400//986 758//986 408//986
f 445//987 312//987 443//987
f 483//988 253//988 312//988
f 445//989 483//989 312//989
f 51//990 106//990 107//990
f 51//991 107//991 83//991
f 389//992 402//992 712//992
f 389//993 712//993 641//993
f 608//994 731//994 609//994
f 671//995 629//995 611//995
f 671//996 611//996 478//996
f 370//997 587//997 368//997
f 138//998 706//998 683//998
f 138//999 683//999 135//999
f 586//1000 446//1000 368//1000
f 586//1001 585//1001 446//1001
f 41//1002 42//1002 33//1002
f 41//1003 33//1003 15//1003
f 733//1004 736//1004 697//1004
f 760//1005 761//1005 587//1005
f 761//1006 733//1006 587//1006
f 370//1007 760//1007 587//1007
f 761//1008 372//1008 733//1008
f 372//1009 371//1009 733//1009
f 371//1010 762//1010 733//1010
f 762//1011 736//1011 733//1011
f 488//1012 700//1012 493//1012
f 488//1013 493//1013 513//1013
f 622//1014 623//1014 763//1014
f 622//1015 763//1015 764//1015
f 420//1016 419//1016 475//1016
f 420//1017 475//1017 474//1017
f 273//1018 301//1018 299//1018
f 273//1019 299//1019 271//1019
f 715//1020 499//1020 504//1020
f 715//1021 500//1021 499//1021
f 308//1022 436//1022 435//1022
f 308//1023 435//1023 309//1023
f 755//1024 154//1024 155//1024
f 755//1024 155//1024 765//1024
f 766//1025 734//1025 660//1025
f 766//1025 660//1025 767//1025
f 768//1026 769//1026 770//1026
f 768//1027 770//1027 771//1027
f 772//1028 773//1028 716//1028
f 773//1029 564//1029 737//1029
f 564//1030 555//1030 737//1030
f 555//1031 738//1031 737//1031
f 555//1032 554//1032 738//1032
f 555//1033 552//1033 554//1033
f 552//1034 774//1034 553//1034
f 774//1035 775//1035 553//1035
f 775//1036 325//1036 553//1036
f 325//1037 164//1037 553//1037
f 325//1038 739//1038 164//1038
f 325//1039 740//1039 739//1039
f 776//1040 777//1040 101//1040
f 776//1041 101//1041 108//1041
f 512//1042 314//1042 496//1042
f 103//1043 105//1043 766//1043
f 103//1044 766//1044 767//1044
f 314//1045 512//1045 503//1045
f 313//1046 489//1046 497//1046
f 313//1047 183//1047 489//1047
f 183//1048 778//1048 489//1048
f 778//1049 742//1049 489//1049
f 778//1050 732//1050 742//1050
f 732//1051 743//1051 742//1051
f 732//1052 730//1052 743//1052
f 728//1053 150//1053 729//1053
f 150//1054 151//1054 729//1054
f 362//1055 363//1055 368//1055
f 362//1056 368//1056 608//1056
f 189//1057 779//1057 730//1057
f 779//1058 728//1058 730//1058
f 779//1059 780//1059 728//1059
f 780//1060 150//1060 728//1060
f 149//1061 146//1061 153//1061
f 781//1062 257//1062 254//1062
f 781//1063 254//1063 650//1063
f 149//1064 148//1064 146//1064
f 148//1065 144//1065 146//1065
f 750//1066 161//1066 746//1066
f 639//1067 642//1067 746//1067
f 140//1068 158//1068 160//1068
f 657//1069 658//1069 607//1069
f 657//1069 607//1069 663//1069
f 136//1070 702//1070 701//1070
f 136//1071 701//1071 700//1071
f 756//1072 759//1072 754//1072
f 765//1073 757//1073 755//1073
f 399//1074 400//1074 756//1074
f 400//1075 759//1075 756//1075
f 316//1076 627//1076 510//1076
f 316//1077 510//1077 508//1077
f 481//1078 251//1078 482//1078
f 163//1079 162//1079 706//1079
f 163//1080 706//1080 138//1080
f 400//1081 782//1081 758//1081
f 782//1082 480//1082 758//1082
f 782//1083 745//1083 480//1083
f 251//1084 481//1084 480//1084
f 251//1085 480//1085 247//1085
f 248//1086 247//1086 480//1086
f 623//1087 777//1087 776//1087
f 623//1088 776//1088 763//1088
f 398//1089 745//1089 400//1089
f 745//1090 782//1090 400//1090
f 368//1091 446//1091 447//1091
f 368//1092 447//1092 608//1092
f 278//1093 347//1093 348//1093
f 278//1094 348//1094 783//1094
f 741//1095 667//1095 717//1095
f 741//1096 717//1096 318//1096
f 784//1097 260//1097 257//1097
f 784//1098 257//1098 781//1098
f 765//1099 395//1099 394//1099
f 765//1100 394//1100 757//1100
f 364//1101 785//1101 369//1101
f 785//1102 786//1102 369//1102
f 786//1103 372//1103 369//1103
f 372//1104 761//1104 369//1104
f 761//1105 760//1105 369//1105
f 760//1106 370//1106 369//1106
f 762//1107 371//1107 736//1107
f 371//1108 576//1108 736//1108
f 576//1109 787//1109 736//1109
f 787//1110 735//1110 736//1110
f 735//1111 662//1111 661//1111
f 788//1112 772//1112 716//1112
f 788//1113 716//1113 734//1113
f 789//1114 373//1114 372//1114
f 786//1115 789//1115 372//1115
f 373//1116 576//1116 371//1116
f 315//1117 628//1117 316//1117
f 628//1118 627//1118 316//1118
f 334//328 171//328 170//328
f 334//1119 170//1119 748//1119
f 498//1120 515//1120 516//1120
f 498//1121 516//1121 509//1121
f 286//1122 297//1122 249//1122
f 286//1123 249//1123 287//1123
f 226//1124 186//1124 314//1124
f 81//1125 82//1125 107//1125
f 81//1126 107//1126 110//1126
f 766//1127 128//1127 734//1127
f 128//1128 127//1128 734//1128
f 127//1129 125//1129 734//1129
f 125//1130 124//1130 734//1130
f 124//1131 788//1131 734//1131
f 124//1132 565//1132 788//1132
f 565//1133 564//1133 788//1133
f 564//1134 772//1134 788//1134
f 564//1135 773//1135 772//1135
f 563//1136 572//1136 564//1136
f 572//1137 570//1137 564//1137
f 557//1138 552//1138 555//1138
f 569//1139 570//1139 555//1139
f 570//1140 790//1140 555//1140
f 790//1141 567//1141 555//1141
f 557//1142 791//1142 552//1142
f 791//1143 774//1143 552//1143
f 791//1144 792//1144 774//1144
f 792//1145 325//1145 774//1145
f 325//1146 775//1146 774//1146
f 793//1147 794//1147 325//1147
f 794//1148 790//1148 325//1148
f 790//1149 338//1149 325//1149
f 792//1150 793//1150 325//1150
f 235//1151 234//1151 795//1151
f 235//1152 795//1152 237//1152
f 204//1153 778//1153 183//1153
f 204//1154 732//1154 778//1154
f 204//1155 198//1155 732//1155
f 779//1156 796//1156 150//1156
f 796//1157 152//1157 150//1157
f 780//1158 779//1158 150//1158
f 797//1159 551//1159 796//1159
f 797//1160 796//1160 190//1160
f 157//1161 145//1161 144//1161
f 157//1162 156//1162 145//1162
f 156//1163 395//1163 765//1163
f 156//1163 765//1163 155//1163
f 136//1164 135//1164 683//1164
f 136//1165 683//1165 702//1165
f 156//1166 798//1166 395//1166
f 798//1167 704//1167 395//1167
f 704//1168 396//1168 395//1168
f 704//1169 484//1169 396//1169
f 484//1170 401//1170 396//1170
f 401//1171 745//1171 398//1171
f 799//1172 784//1172 781//1172
f 799//1173 781//1173 800//1173
f 401//1174 486//1174 745//1174
f 486//1175 250//1175 745//1175
f 188//1176 796//1176 779//1176
f 188//1177 779//1177 189//1177
f 624//1178 163//1178 138//1178
f 624//1179 138//1179 137//1179
f 801//1180 40//1180 39//1180
f 801//1181 39//1181 27//1181
f 74//1182 76//1182 56//1182
f 74//1183 56//1183 622//1183
f 799//1184 246//1184 784//1184
f 246//1185 245//1185 784//1185
f 245//1186 291//1186 784//1186
f 802//1187 799//1187 800//1187
f 802//1188 800//1188 803//1188
f 804//1189 805//1189 364//1189
f 805//1190 785//1190 364//1190
f 805//1191 576//1191 785//1191
f 576//1192 806//1192 785//1192
f 806//1193 807//1193 785//1193
f 807//1194 786//1194 785//1194
f 807//1195 808//1195 786//1195
f 808//1196 789//1196 786//1196
f 787//1197 662//1197 735//1197
f 373//1198 374//1198 576//1198
f 376//1199 809//1199 576//1199
f 809//1200 806//1200 576//1200
f 805//1201 810//1201 576//1201
f 810//1202 787//1202 576//1202
f 810//1203 805//1203 787//1203
f 805//1204 574//1204 787//1204
f 574//1205 662//1205 787//1205
f 574//1206 659//1206 662//1206
f 811//1207 93//1207 659//1207
f 93//1208 660//1208 659//1208
f 574//1209 811//1209 659//1209
f 93//1210 91//1210 660//1210
f 91//1211 89//1211 660//1211
f 89//1212 767//1212 660//1212
f 808//1213 375//1213 789//1213
f 375//1214 373//1214 789//1214
f 375//1215 374//1215 373//1215
f 27//1216 39//1216 38//1216
f 27//1217 38//1217 23//1217
f 175//1218 226//1218 176//1218
f 175//1219 212//1219 226//1219
f 679//1220 603//1220 492//1220
f 679//1221 492//1221 547//1221
f 105//1222 111//1222 766//1222
f 111//1223 113//1223 766//1223
f 113//1224 114//1224 766//1224
f 114//1225 116//1225 766//1225
f 116//1226 118//1226 766//1226
f 118//1227 120//1227 766//1227
f 120//1228 122//1228 766//1228
f 122//1229 812//1229 766//1229
f 812//1230 128//1230 766//1230
f 812//1231 813//1231 128//1231
f 813//1232 130//1232 128//1232
f 130//1233 126//1233 128//1233
f 126//1234 814//1234 127//1234
f 814//1235 123//1235 127//1235
f 123//1236 125//1236 127//1236
f 123//1237 43//1237 124//1237
f 43//1238 565//1238 124//1238
f 43//1239 566//1239 565//1239
f 566//1240 815//1240 563//1240
f 815//1241 343//1241 563//1241
f 343//1242 342//1242 563//1242
f 342//1243 572//1243 563//1243
f 816//1244 804//1244 364//1244
f 816//1245 364//1245 365//1245
f 571//1246 338//1246 570//1246
f 338//1247 790//1247 570//1247
f 792//1248 791//1248 568//1248
f 791//1249 556//1249 568//1249
f 567//1250 792//1250 568//1250
f 791//1251 557//1251 556//1251
f 794//1252 567//1252 790//1252
f 794//1253 792//1253 567//1253
f 794//1254 793//1254 792//1254
f 450//1255 435//1255 449//1255
f 450//1256 449//1256 453//1256
f 784//1257 291//1257 263//1257
f 784//1258 263//1258 260//1258
f 188//1259 190//1259 796//1259
f 723//1260 724//1260 705//1260
f 723//1261 705//1261 393//1261
f 551//1262 817//1262 796//1262
f 817//1263 152//1263 796//1263
f 817//1264 157//1264 152//1264
f 817//1265 551//1265 157//1265
f 551//1266 549//1266 157//1266
f 549//1267 704//1267 157//1267
f 704//1268 156//1268 157//1268
f 704//1269 798//1269 156//1269
f 245//1270 289//1270 291//1270
f 72//1271 764//1271 84//1271
f 72//1272 84//1272 70//1272
f 703//1273 818//1273 704//1273
f 818//1274 484//1274 704//1274
f 484//1275 486//1275 401//1275
f 818//1276 284//1276 484//1276
f 284//1277 288//1277 484//1277
f 288//1278 485//1278 484//1278
f 485//1279 287//1279 486//1279
f 287//1280 250//1280 486//1280
f 308//1281 609//1281 437//1281
f 308//1282 437//1282 436//1282
f 227//1283 204//1283 183//1283
f 227//1284 183//1284 185//1284
f 795//1285 242//1285 207//1285
f 795//1286 207//1286 819//1286
f 558//1287 820//1287 22//1287
f 558//1288 22//1288 3//1288
f 672//1289 636//1289 464//1289
f 672//1290 464//1290 631//1290
f 802//1291 821//1291 799//1291
f 821//1292 244//1292 799//1292
f 244//1293 246//1293 799//1293
f 393//1294 411//1294 415//1294
f 393//1295 415//1295 386//1295
f 752//1296 822//1296 365//1296
f 822//1297 575//1297 365//1297
f 575//1298 816//1298 365//1298
f 575//1299 574//1299 816//1299
f 574//1300 805//1300 816//1300
f 805//1301 804//1301 816//1301
f 809//1302 808//1302 806//1302
f 808//1303 807//1303 806//1303
f 809//1304 376//1304 808//1304
f 376//1305 375//1305 808//1305
f 573//1306 811//1306 574//1306
f 85//1307 93//1307 811//1307
f 573//1308 85//1308 811//1308
f 85//1309 92//1309 93//1309
f 92//1310 823//1310 91//1310
f 823//1311 90//1311 91//1311
f 87//1312 767//1312 89//1312
f 96//1313 95//1313 767//1313
f 95//1314 100//1314 767//1314
f 100//1315 103//1315 767//1315
f 87//1316 99//1316 767//1316
f 99//1317 98//1317 767//1317
f 98//1318 96//1318 767//1318
f 115//1319 133//1319 116//1319
f 133//1320 117//1320 116//1320
f 117//1321 132//1321 118//1321
f 132//1322 119//1322 118//1322
f 119//1323 131//1323 120//1323
f 131//1324 121//1324 120//1324
f 121//1325 812//1325 122//1325
f 121//1326 129//1326 812//1326
f 129//1327 813//1327 812//1327
f 129//1328 130//1328 813//1328
f 34//1329 33//1329 130//1329
f 33//1330 699//1330 130//1330
f 699//1331 126//1331 130//1331
f 699//1332 814//1332 126//1332
f 699//1333 43//1333 814//1333
f 43//1334 123//1334 814//1334
f 260//1335 263//1335 262//1335
f 260//1336 262//1336 261//1336
f 26//1337 566//1337 43//1337
f 824//1338 815//1338 566//1338
f 26//1339 824//1339 566//1339
f 824//1340 343//1340 815//1340
f 824//1341 344//1341 343//1341
f 755//1342 757//1342 390//1342
f 755//1343 390//1343 392//1343
f 180//1344 213//1344 181//1344
f 180//1345 179//1345 213//1345
f 457//1346 427//1346 426//1346
f 457//1347 426//1347 479//1347
f 797//1348 550//1348 551//1348
f 285//1349 818//1349 703//1349
f 285//1350 703//1350 668//1350
f 548//1351 668//1351 703//1351
f 487//1352 718//1352 700//1352
f 487//1353 700//1353 488//1353
f 285//1354 284//1354 818//1354
f 287//1355 485//1355 288//1355
f 241//1356 825//1356 826//1356
f 241//1357 826//1357 205//1357
f 77//1358 827//1358 828//1358
f 77//1359 828//1359 829//1359
f 279//1360 281//1360 825//1360
f 279//1361 825//1361 241//1361
f 769//1362 830//1362 803//1362
f 830//1363 831//1363 803//1363
f 831//1364 802//1364 803//1364
f 831//1365 352//1365 802//1365
f 352//1366 353//1366 802//1366
f 353//1367 354//1367 802//1367
f 354//1368 821//1368 802//1368
f 354//1369 244//1369 821//1369
f 367//1370 832//1370 366//1370
f 832//1371 833//1371 366//1371
f 833//1372 834//1372 366//1372
f 834//1373 835//1373 366//1373
f 835//1374 836//1374 366//1374
f 836//1375 751//1375 366//1375
f 751//1376 63//1376 752//1376
f 63//1377 573//1377 752//1377
f 573//1378 837//1378 752//1378
f 837//1379 822//1379 752//1379
f 837//1380 575//1380 822//1380
f 837//1381 573//1381 575//1381
f 63//1382 85//1382 573//1382
f 62//1383 823//1383 85//1383
f 823//1384 92//1384 85//1384
f 62//1385 90//1385 823//1385
f 62//1386 110//1386 90//1386
f 94//1387 101//1387 95//1387
f 101//1388 100//1388 95//1388
f 86//1389 106//1389 98//1389
f 106//1390 97//1390 98//1390
f 132//1391 117//1391 133//1391
f 18//1392 8//1392 132//1392
f 8//1393 17//1393 132//1393
f 131//1394 119//1394 132//1394
f 129//1395 121//1395 131//1395
f 432//1396 714//1396 696//1396
f 432//1397 696//1397 434//1397
f 32//1398 838//1398 26//1398
f 838//1399 824//1399 26//1399
f 838//1400 344//1400 824//1400
f 839//1401 560//1401 344//1401
f 560//1402 340//1402 344//1402
f 328//1403 327//1403 342//1403
f 328//1404 342//1404 344//1404
f 838//1405 840//1405 344//1405
f 840//1406 841//1406 344//1406
f 841//1407 839//1407 344//1407
f 764//1408 763//1408 842//1408
f 764//1409 842//1409 84//1409
f 174//1410 214//1410 178//1410
f 214//1411 179//1411 178//1411
f 174//1412 173//1412 214//1412
f 825//1413 843//1413 797//1413
f 825//1414 797//1414 826//1414
f 843//1415 844//1415 797//1415
f 844//1416 550//1416 797//1416
f 845//1417 346//1417 320//1417
f 845//1418 320//1418 846//1418
f 844//1419 548//1419 550//1419
f 663//1420 607//1420 535//1420
f 663//1421 535//1421 539//1421
f 844//1422 843//1422 548//1422
f 843//1423 668//1423 548//1423
f 843//1424 669//1424 668//1424
f 175//1425 177//1425 315//1425
f 175//1426 315//1426 326//1426
f 226//1427 314//1427 680//1427
f 226//1428 680//1428 176//1428
f 205//1429 826//1429 192//1429
f 205//1430 192//1430 206//1430
f 515//1431 681//1431 490//1431
f 515//1432 490//1432 516//1432
f 819//1433 207//1433 208//1433
f 819//1434 208//1434 209//1434
f 514//1435 682//1435 681//1435
f 514//1436 681//1436 515//1436
f 270//1437 771//1437 770//1437
f 612//1438 614//1438 616//1438
f 612//1439 616//1439 613//1439
f 768//1440 847//1440 769//1440
f 847//1441 351//1441 769//1441
f 351//1442 830//1442 769//1442
f 351//1443 350//1443 830//1443
f 350//1444 352//1444 830//1444
f 352//1445 831//1445 830//1445
f 847//1446 367//1446 351//1446
f 848//1447 849//1447 367//1447
f 849//1448 850//1448 367//1448
f 850//1449 851//1449 367//1449
f 851//1450 832//1450 367//1450
f 847//1451 848//1451 367//1451
f 851//1452 833//1452 832//1452
f 851//1453 834//1453 833//1453
f 851//1454 80//1454 834//1454
f 80//1455 64//1455 834//1455
f 64//1456 835//1456 834//1456
f 64//1457 836//1457 835//1457
f 64//1458 852//1458 836//1458
f 852//1459 751//1459 836//1459
f 852//1460 63//1460 751//1460
f 65//1461 61//1461 63//1461
f 852//1462 64//1462 63//1462
f 65//1463 59//1463 61//1463
f 60//1464 110//1464 62//1464
f 60//1465 81//1465 110//1465
f 264//1466 265//1466 609//1466
f 264//1467 609//1467 308//1467
f 391//1468 159//1468 154//1468
f 391//1468 154//1468 755//1468
f 845//1469 846//1469 3//1469
f 845//1470 3//1470 4//1470
f 325//1471 317//1471 318//1471
f 325//1472 318//1472 740//1472
f 54//1473 109//1473 106//1473
f 45//1474 14//1474 46//1474
f 14//1475 21//1475 46//1475
f 208//1476 206//1476 194//1476
f 208//1477 194//1477 193//1477
f 853//1478 24//1478 41//1478
f 853//1479 25//1479 24//1479
f 853//1480 854//1480 25//1480
f 1//1481 37//1481 48//1481
f 1//1482 48//1482 2//1482
f 31//1483 841//1483 25//1483
f 841//1484 840//1484 25//1484
f 840//1485 32//1485 25//1485
f 840//1486 838//1486 32//1486
f 841//1487 561//1487 839//1487
f 561//1488 560//1488 839//1488
f 562//1489 340//1489 560//1489
f 562//1490 855//1490 340//1490
f 855//1491 345//1491 340//1491
f 329//1492 341//1492 340//1492
f 341//1493 222//1493 339//1493
f 222//1494 216//1494 339//1494
f 216//1495 219//1495 339//1495
f 31//1496 561//1496 841//1496
f 217//1497 215//1497 218//1497
f 215//1498 172//1498 218//1498
f 215//1499 173//1499 172//1499
f 217//1500 223//1500 215//1500
f 217//1501 216//1501 223//1501
f 620//1502 619//1502 856//1502
f 620//1503 856//1503 294//1503
f 829//1504 857//1504 858//1504
f 829//1505 858//1505 4//1505
f 777//1506 53//1506 102//1506
f 777//1507 102//1507 101//1507
f 619//1508 770//1508 859//1508
f 619//1509 859//1509 856//1509
f 860//1510 825//1510 281//1510
f 280//1511 296//1511 286//1511
f 280//1512 286//1512 282//1512
f 856//1513 859//1513 649//1513
f 856//1514 649//1514 648//1514
f 305//1515 266//1515 620//1515
f 305//1516 620//1516 304//1516
f 237//1517 795//1517 819//1517
f 237//1518 819//1518 749//1518
f 268//1519 349//1519 270//1519
f 349//1520 861//1520 270//1520
f 861//1521 848//1521 270//1521
f 848//1522 771//1522 270//1522
f 848//1523 768//1523 771//1523
f 848//1524 847//1524 768//1524
f 861//1525 349//1525 848//1525
f 349//1526 348//1526 848//1526
f 251//1527 253//1527 483//1527
f 251//1528 483//1528 482//1528
f 358//1529 862//1529 848//1529
f 862//1530 849//1530 848//1530
f 862//1531 863//1531 849//1531
f 863//1532 850//1532 849//1532
f 29//1533 864//1533 855//1533
f 29//1534 855//1534 31//1534
f 80//1535 851//1535 850//1535
f 79//1536 80//1536 850//1536
f 79//1537 850//1537 863//1537
f 66//1538 58//1538 64//1538
f 58//1539 65//1539 64//1539
f 54//1540 842//1540 109//1540
f 842//1541 865//1541 109//1541
f 526//1542 460//1542 459//1542
f 526//1542 459//1542 525//1542
f 680//1543 502//1543 500//1543
f 680//1544 500//1544 715//1544
f 679//1545 547//1545 518//1545
f 679//1546 518//1546 651//1546
f 866//1547 867//1547 78//1547
f 866//1548 78//1548 79//1548
f 50//1549 842//1549 54//1549
f 773//1550 737//1550 644//1550
f 773//1551 644//1551 716//1551
f 55//1552 13//1552 45//1552
f 13//1553 14//1553 45//1553
f 40//1554 655//1554 7//1554
f 1//1555 23//1555 38//1555
f 1//1556 38//1556 37//1556
f 5//1557 853//1557 6//1557
f 5//1558 854//1558 853//1558
f 825//1559 860//1559 669//1559
f 825//1560 669//1560 843//1560
f 670//1561 671//1561 478//1561
f 670//1562 478//1562 429//1562
f 855//1563 562//1563 31//1563
f 562//1564 561//1564 31//1564
f 864//1565 345//1565 855//1565
f 864//1566 329//1566 345//1566
f 864//1567 323//1567 329//1567
f 331//1568 868//1568 329//1568
f 868//1569 232//1569 329//1569
f 232//1570 221//1570 329//1570
f 221//1571 220//1571 329//1571
f 220//1572 341//1572 329//1572
f 220//1573 222//1573 341//1573
f 294//1574 856//1574 648//1574
f 294//1575 648//1575 295//1575
f 241//1576 242//1576 306//1576
f 241//1577 306//1577 279//1577
f 795//1578 234//1578 242//1578
f 234//1579 869//1579 242//1579
f 869//1580 870//1580 242//1580
f 870//1581 871//1581 242//1581
f 871//1582 306//1582 242//1582
f 865//1583 776//1583 108//1583
f 865//1584 108//1584 109//1584
f 826//1585 797//1585 190//1585
f 826//1586 190//1586 192//1586
f 871//1587 870//1587 306//1587
f 870//1588 869//1588 306//1588
f 869//1589 298//1589 306//1589
f 872//1590 858//1590 361//1590
f 872//1591 361//1591 346//1591
f 292//1592 349//1592 268//1592
f 865//1593 842//1593 763//1593
f 865//1594 763//1594 776//1594
f 267//1595 783//1595 348//1595
f 681//1596 653//1596 652//1596
f 681//1597 652//1597 545//1597
f 357//1598 867//1598 358//1598
f 867//1599 866//1599 358//1599
f 866//1600 862//1600 358//1600
f 866//1601 79//1601 862//1601
f 79//1602 863//1602 862//1602
f 800//1603 781//1603 650//1603
f 800//1604 650//1604 649//1604
f 437//1605 458//1605 448//1605
f 437//1606 448//1606 435//1606
f 84//1607 842//1607 50//1607
f 84//1608 50//1608 57//1608
f 853//1609 41//1609 15//1609
f 853//1610 15//1610 6//1610
f 626//1611 650//1611 254//1611
f 626//1612 254//1612 252//1612
f 249//1613 252//1613 251//1613
f 249//1614 251//1614 247//1614
f 513//1615 493//1615 682//1615
f 513//1616 682//1616 514//1616
f 315//1617 177//1617 715//1617
f 315//1618 715//1618 628//1618
f 346//1619 361//1619 347//1619
f 346//1620 347//1620 337//1620
f 801//1621 28//1621 40//1621
f 749//1622 819//1622 209//1622
f 749//1623 209//1623 239//1623
f 44//1624 53//1624 777//1624
f 44//1625 777//1625 623//1625
f 726//1626 864//1626 29//1626
f 726//1627 323//1627 864//1627
f 726//1628 725//1628 323//1628
f 725//1629 322//1629 323//1629
f 74//1630 622//1630 764//1630
f 74//1631 764//1631 72//1631
f 654//1632 873//1632 330//1632
f 873//1633 335//1633 330//1633
f 336//1634 243//1634 330//1634
f 243//1635 331//1635 330//1635
f 243//1636 232//1636 331//1636
f 232//1637 868//1637 331//1637
f 243//1638 335//1638 240//1638
f 335//1639 238//1639 240//1639
f 170//1640 237//1640 749//1640
f 170//1641 749//1641 748//1641
f 275//1642 303//1642 301//1642
f 275//1643 301//1643 273//1643
f 298//1644 869//1644 234//1644
f 233//1645 298//1645 234//1645
f 236//1646 299//1646 235//1646
f 299//1647 233//1647 235//1647
f 233//1648 299//1648 298//1648
f 359//1649 358//1649 848//1649
f 359//1650 848//1650 348//1650
f 803//1651 800//1651 649//1651
f 803//1652 649//1652 859//1652
f 727//1653 801//1653 27//1653
f 727//1654 27//1654 22//1654
f 277//1655 267//1655 266//1655
f 277//1656 783//1656 267//1656
f 318//1657 316//1657 508//1657
f 318//1658 508//1658 506//1658
f 360//1659 828//1659 359//1659
f 828//1660 827//1660 359//1660
f 827//1661 874//1661 359//1661
f 874//1662 357//1662 359//1662
f 277//1663 278//1663 783//1663
f 874//1664 867//1664 357//1664
f 338//1665 571//1665 572//1665
f 338//1666 572//1666 342//1666
f 339//1667 328//1667 344//1667
f 339//1668 344//1668 340//1668
f 167//1669 271//1669 299//1669
f 167//1670 299//1670 236//1670
f 655//1671 854//1671 5//1671
f 655//1672 5//1672 7//1672
f 801//1673 727//1673 29//1673
f 801//1674 29//1674 28//1674
f 77//1675 78//1675 867//1675
f 77//1676 867//1676 874//1676
f 725//1677 875//1677 322//1677
f 875//1678 321//1678 322//1678
f 875//1679 820//1679 321//1679
f 820//1680 558//1680 321//1680
f 558//1681 319//1681 321//1681
f 655//1682 30//1682 25//1682
f 655//1683 25//1683 854//1683
f 238//1684 654//1684 332//1684
f 238//1685 873//1685 654//1685
f 238//1686 335//1686 873//1686
f 243//1687 336//1687 335//1687
f 875//1688 725//1688 727//1688
f 875//1689 727//1689 22//1689
f 171//1690 337//1690 168//1690
f 337//1691 169//1691 168//1691
f 169//1692 337//1692 271//1692
f 337//1693 272//1693 271//1693
f 769//1694 803//1694 859//1694
f 769//1695 859//1695 770//1695
f 858//1696 857//1696 361//1696
f 857//1697 828//1697 361//1697
f 828//1698 360//1698 361//1698
f 857//1699 829//1699 828//1699
f 206//1700 192//1700 191//1700
f 206//1701 191//1701 194//1701
f 77//1702 874//1702 827//1702
f 829//1703 75//1703 77//1703
f 829//1704 47//1704 75//1704
f 606//1705 658//1705 599//1705
f 606//1706 599//1706 595//1706
f 829//1707 4//1707 2//1707
f 829//1708 2//1708 47//1708
f 846//1709 876//1709 3//1709
f 876//1710 559//1710 3//1710
f 559//1711 558//1711 3//1711
f 748//1712 238//1712 332//1712
f 748//1713 332//1713 334//1713
f 820//1714 875//1714 22//1714
f 559//1715 320//1715 319//1715
f 559//1716 876//1716 320//1716
f 876//1717 846//1717 320//1717
f 269//1718 270//1718 770//1718
f 269//1719 770//1719 619//1719
f 845//1720 872//1720 346//1720
f 872//1721 877//1721 858//1721
f 877//1722 4//1722 858//1722
f 860//1723 281//1723 283//1723
f 860//1724 283//1724 669//1724
f 877//1725 845//1725 4//1725
f 877//1726 872//1726 845//1726
