# Blender 4.3.2
# www.blender.org
mtllib right_middle_1_collision.mtl
o right_middle_1_collision
v 0.008709 -0.007465 -0.030872
v 0.008718 -0.006650 -0.030871
v 0.009279 -0.006650 -0.020863
v 0.009957 -0.007769 0.000014
v 0.009994 -0.006650 0.000017
v 0.010017 -0.006650 0.001057
v 0.006957 -0.013409 0.010623
v 0.007480 -0.013171 0.000280
v 0.007638 -0.012949 0.010145
v 0.008060 -0.012665 0.000211
v 0.008255 -0.012399 0.009649
v 0.008574 -0.012071 0.000152
v 0.008797 -0.011751 0.009157
v 0.009014 -0.011387 0.000103
v 0.009249 -0.011014 0.008701
v 0.009373 -0.010612 0.000064
v 0.009604 -0.010196 0.008308
v 0.009649 -0.009750 0.000037
v 0.009851 -0.009358 0.008013
v 0.009843 -0.008802 0.000021
v 0.010012 -0.008502 0.007811
v 0.010107 -0.007554 0.007688
v 0.010134 -0.006650 0.007652
v 0.006278 -0.013840 -0.021248
v 0.005628 -0.014131 -0.021397
v 0.005638 -0.013976 -0.031919
v 0.006165 -0.013705 -0.031622
v 0.006395 -0.013567 -0.031504
v 0.006885 -0.013474 -0.021122
v 0.006786 -0.013295 -0.031324
v 0.005331 -0.014109 -0.032107
v 0.009519 -0.006650 -0.015432
v 0.009697 -0.006650 -0.010664
v 0.009471 -0.007787 -0.015819
v 0.009660 -0.007829 -0.010663
v 0.009374 -0.008821 -0.015821
v 0.009550 -0.008894 -0.010662
v 0.009213 -0.009756 -0.015824
v 0.009370 -0.009850 -0.010659
v 0.008991 -0.010598 -0.015828
v 0.009120 -0.010702 -0.010655
v 0.008707 -0.011351 -0.015835
v 0.008802 -0.011456 -0.010650
v 0.008357 -0.012022 -0.015844
v 0.008419 -0.012115 -0.010644
v 0.007941 -0.012611 -0.015860
v 0.007973 -0.012687 -0.010636
v 0.007454 -0.013118 -0.015884
v 0.007466 -0.013175 -0.010626
v 0.009252 -0.007701 -0.020867
v 0.009174 -0.008673 -0.020873
v 0.008946 -0.008475 -0.025873
v 0.006276 -0.013928 -0.010600
v 0.006900 -0.013587 -0.010614
v 0.007437 -0.013023 -0.021028
v 0.007912 -0.012481 -0.020966
v 0.008302 -0.011857 -0.020929
v 0.008613 -0.011162 -0.020907
v 0.008858 -0.010400 -0.020892
v 0.009043 -0.009572 -0.020881
v 0.009861 -0.006650 -0.005372
v 0.009822 -0.007821 -0.005373
v 0.009707 -0.008884 -0.005370
v 0.009516 -0.009844 -0.005363
v 0.009248 -0.010703 -0.005349
v 0.008906 -0.011463 -0.005330
v 0.008493 -0.012128 -0.005305
v 0.008014 -0.012702 -0.005274
v 0.007476 -0.013191 -0.005234
v 0.006840 -0.013595 0.000355
v 0.007152 -0.012981 -0.031179
v 0.007258 -0.012876 -0.031142
v 0.007623 -0.012437 -0.031032
v 0.007820 -0.012132 -0.030984
v 0.008157 -0.011407 -0.030920
v 0.008709 -0.010140 -0.025893
v 0.008384 -0.010638 -0.030891
v 0.008529 -0.009871 -0.030879
v 0.007476 -0.000110 -0.005234
v 0.007466 -0.000125 -0.010626
v 0.006900 0.000287 -0.010614
v 0.006840 0.000294 0.000355
v 0.005331 0.000808 -0.032107
v 0.005628 0.000830 -0.021397
v 0.005638 0.000675 -0.031919
v 0.008946 -0.004826 -0.025873
v 0.008681 -0.005047 -0.030872
v 0.008529 -0.003430 -0.030879
v 0.008709 -0.003161 -0.025893
v 0.008384 -0.002662 -0.030891
v 0.007437 -0.000277 -0.021028
v 0.006885 0.000174 -0.021122
v 0.007454 -0.000183 -0.015884
v 0.009957 -0.005532 0.000014
v 0.007480 -0.000130 0.000280
v 0.009174 -0.004628 -0.020873
v 0.009252 -0.005600 -0.020867
v -0.001803 -0.012151 -0.035866
v -0.001803 -0.014751 -0.035866
v -0.003366 -0.014751 -0.035847
v -0.001803 -0.001150 -0.035866
v -0.001803 0.001450 -0.035866
v -0.000299 0.001450 -0.035511
v 0.009613 -0.003131 0.008297
v 0.009262 -0.002312 0.008687
v 0.009504 -0.004112 0.008422
v -0.012204 -0.013891 0.005530
v -0.012286 -0.013741 0.005345
v -0.012544 -0.013825 0.000912
v -0.012459 -0.013348 0.004929
v -0.011881 -0.014725 0.001325
v -0.011446 -0.014749 0.006964
v -0.011866 -0.014361 0.006223
v -0.007423 -0.015050 -0.030258
v -0.008449 -0.014998 -0.027056
v -0.007589 -0.014936 -0.030333
v -0.008880 -0.014691 -0.026970
v -0.007961 -0.014583 -0.030500
v -0.009237 -0.014308 -0.026881
v -0.008266 -0.014129 -0.030635
v -0.009509 -0.013876 -0.026794
v -0.008464 -0.013681 -0.030721
v -0.009707 -0.013419 -0.026712
v -0.012761 -0.013745 -0.011916
v -0.012554 -0.014166 -0.011780
v -0.012727 -0.014122 -0.009726
v -0.012936 -0.013689 -0.009875
v -0.012805 -0.014058 -0.007495
v -0.013012 -0.013609 -0.007649
v -0.012791 -0.013983 -0.005022
v -0.012993 -0.013515 -0.005176
v -0.012738 -0.013314 0.000768
v -0.012283 -0.014542 -0.011618
v -0.011948 -0.014856 -0.011429
v -0.012104 -0.014841 -0.009341
v -0.012449 -0.014512 -0.009549
v -0.012170 -0.014816 -0.007091
v -0.012525 -0.014468 -0.007309
v -0.012149 -0.014786 -0.004608
v -0.012512 -0.014416 -0.004832
v -0.012260 -0.014309 0.001098
v -0.011431 -0.015040 0.001581
v -0.011725 -0.015067 -0.004358
v -0.011758 -0.015081 -0.006848
v -0.011705 -0.015091 -0.009111
v -0.011339 -0.015097 -0.013253
v -0.011713 -0.014860 -0.013434
v -0.011037 -0.015092 -0.015297
v -0.010629 -0.015262 -0.015142
v -0.010248 -0.015256 -0.017322
v -0.010928 -0.015265 -0.013061
v -0.011272 -0.015265 -0.008867
v -0.011312 -0.015262 -0.006589
v -0.011267 -0.015258 -0.004091
v -0.010949 -0.015249 0.001853
v -0.010904 -0.015074 0.007786
v -0.010307 -0.015288 0.008560
v -0.011028 -0.014837 -0.017538
v -0.010658 -0.015081 -0.017435
v -0.007969 -0.015217 -0.027137
v -0.011037 0.001792 -0.015297
v -0.010658 0.001781 -0.017435
v -0.011028 0.001537 -0.017538
v -0.010634 0.001886 0.008150
v -0.010333 0.001982 0.008529
v -0.010949 0.001949 0.001853
v -0.007527 0.001682 -0.030305
v -0.008449 0.001698 -0.027056
v -0.007423 0.001750 -0.030258
v -0.007969 0.001917 -0.027137
v -0.012260 0.001009 0.001098
v -0.012208 0.000583 0.005520
v -0.011866 0.001061 0.006223
v -0.011881 0.001425 0.001325
v -0.011445 0.001450 0.006967
v -0.012544 0.000525 0.000912
v -0.012452 0.000066 0.004946
v -0.012286 0.000441 0.005345
v -0.011564 0.001797 -0.011220
v -0.011339 0.001797 -0.013253
v -0.011948 0.001556 -0.011429
v -0.011713 0.001560 -0.013434
v -0.012283 0.001242 -0.011618
v -0.012036 0.001253 -0.013596
v -0.012554 0.000866 -0.011780
v -0.012299 0.000886 -0.013736
v -0.012761 0.000445 -0.011916
v -0.012501 0.000473 -0.013852
v -0.011705 0.001791 -0.009111
v -0.012104 0.001541 -0.009341
v -0.010485 0.002073 -0.012860
v -0.011143 0.001966 -0.010998
v -0.010693 0.002074 -0.010767
v -0.009682 0.001747 -0.022073
v -0.010075 0.001478 -0.022081
v -0.011343 0.001224 -0.017628
v -0.010404 0.001138 -0.022079
v -0.011595 0.000856 -0.017702
v -0.010661 0.000747 -0.022070
v -0.011786 0.000446 -0.017760
v -0.010852 0.000322 -0.022055
v -0.008880 0.001391 -0.026970
v -0.009237 0.001008 -0.026881
v -0.009509 0.000576 -0.026794
v -0.009707 0.000119 -0.026712
v -0.010928 0.001965 -0.013061
v -0.011272 0.001965 -0.008867
v 0.002506 0.002066 0.013162
v 0.002836 -0.001150 0.013095
v 0.002606 0.002056 0.013143
v 0.002837 0.002033 0.013095
v 0.004495 0.001765 0.012622
v 0.004309 0.001826 0.010318
v 0.003935 0.001929 0.005885
v -0.012400 -0.001116 0.005076
v -0.011974 -0.001123 0.006013
v -0.011477 -0.001129 0.006914
v -0.010934 0.001759 0.007743
v -0.010913 -0.001136 0.007773
v -0.009667 -0.001150 0.009277
v -0.009664 0.002109 0.009280
v 0.004243 -0.015147 0.009514
v 0.004495 -0.015065 0.012622
v 0.003519 -0.015245 0.012928
v 0.003934 -0.015229 0.005885
v 0.002606 -0.015356 0.013143
v 0.002837 -0.015333 0.013095
v 0.002836 -0.012150 0.013095
v 0.004914 -0.012150 0.012465
v 0.004887 -0.014701 0.012475
v 0.005274 -0.014343 0.012317
v 0.002506 -0.015366 0.013162
v -0.009638 -0.015412 0.009307
v -0.009667 -0.012150 0.009277
v -0.010633 -0.012161 0.008153
v -0.010913 -0.012164 0.007773
v -0.011477 -0.012171 0.006914
v -0.009257 -0.015850 0.000220
v -0.009283 -0.015850 0.000048
v -0.009185 -0.015865 0.000194
v -0.009207 -0.015865 0.000052
v -0.007053 -0.015849 -0.025617
v -0.006987 -0.015864 -0.025586
v -0.007013 -0.015864 -0.025510
v -0.007093 -0.015849 -0.025463
v -0.006892 -0.015865 -0.025739
v -0.006787 -0.015865 -0.025813
v -0.006961 -0.015864 -0.025640
v -0.006942 -0.015850 -0.025791
v -0.007026 -0.015850 -0.025670
v -0.012434 -0.011057 -0.018580
v -0.012417 -0.011133 -0.018576
v -0.012433 -0.011127 -0.018503
v -0.010556 -0.010608 -0.026292
v -0.010615 -0.010798 -0.026055
v -0.010624 -0.010607 -0.026032
v -0.010512 -0.011056 -0.026419
v -0.010431 -0.010884 -0.026740
v -0.010465 -0.011011 -0.026599
v -0.009994 -0.009199 -0.028374
v -0.009870 -0.008958 -0.028818
v -0.009924 -0.009135 -0.028625
v -0.011427 -0.010700 -0.022895
v -0.011440 -0.010883 -0.022826
v -0.011435 -0.010509 -0.022872
v -0.011556 -0.010610 -0.022378
v -0.011611 -0.010798 -0.022140
v -0.011620 -0.010607 -0.022116
v -0.011605 -0.010424 -0.022184
v -0.011515 -0.011056 -0.022505
v -0.011472 -0.011011 -0.022684
v -0.012365 -0.010510 -0.018948
v -0.012367 -0.010885 -0.018902
v -0.012414 -0.010710 -0.018710
v -0.013295 -0.010616 -0.014514
v -0.013331 -0.010803 -0.014272
v -0.013343 -0.010612 -0.014249
v -0.013811 -0.010430 -0.010321
v -0.013808 -0.010302 -0.010467
v -0.013793 -0.010617 -0.010520
v -0.013783 -0.010964 -0.010386
v -0.013797 -0.010805 -0.010275
v -0.013799 -0.010257 -0.010653
v -0.013574 -0.008966 -0.013112
v -0.013599 -0.009141 -0.012915
v -0.013632 -0.009204 -0.012661
v -0.013637 -0.008976 -0.012665
v -0.013823 -0.010656 -0.006555
v -0.013830 -0.010300 -0.006425
v -0.013836 -0.010255 -0.006612
v -0.013808 -0.010803 -0.006233
v -0.013814 -0.010613 -0.006208
v -0.013805 -0.010961 -0.006345
v -0.007051 0.002549 -0.025616
v -0.006987 0.002564 -0.025586
v -0.006961 0.002564 -0.025640
v -0.000978 0.002565 -0.023113
v -0.000957 0.002565 -0.022970
v -0.000906 0.002550 -0.023139
v -0.000880 0.002550 -0.022967
v -0.013808 -0.002240 -0.006609
v -0.013790 -0.002167 -0.006610
v -0.013794 -0.002195 -0.006784
v -0.013743 -0.002164 -0.010647
v -0.013734 -0.002196 -0.010819
v -0.013762 -0.002238 -0.010649
v -0.013752 -0.002283 -0.010833
v -0.013272 -0.002254 -0.014538
v -0.013249 -0.002172 -0.014560
v -0.013236 -0.002167 -0.014637
v -0.013253 -0.002240 -0.014640
v -0.010624 -0.002693 -0.026032
v -0.010556 -0.002692 -0.026292
v -0.010572 -0.003004 -0.026240
v -0.010486 -0.002593 -0.026548
v -0.010431 -0.002416 -0.026740
v -0.010416 -0.002600 -0.026809
v -0.012414 -0.002590 -0.018710
v -0.012395 -0.002288 -0.018760
v -0.012367 -0.002415 -0.018902
v -0.013343 -0.002688 -0.014249
v -0.013295 -0.002684 -0.014514
v -0.013315 -0.002999 -0.014462
v -0.013244 -0.002586 -0.014773
v -0.013222 -0.002285 -0.014821
v -0.013200 -0.002412 -0.014965
v -0.013194 -0.002596 -0.015035
v -0.013793 -0.002683 -0.010520
v -0.013799 -0.003043 -0.010653
v -0.013808 -0.002998 -0.010467
v -0.013771 -0.002584 -0.010783
v -0.013637 -0.004324 -0.012665
v -0.013667 -0.004159 -0.012405
v -0.013632 -0.004096 -0.012661
v -0.013826 -0.002587 -0.006744
v -0.013824 -0.002414 -0.006943
v -0.013833 -0.002599 -0.007013
v -0.013821 -0.002872 -0.006278
v -0.013814 -0.002687 -0.006208
v -0.013830 -0.003000 -0.006425
v -0.013823 -0.002644 -0.006555
v -0.013836 -0.003045 -0.006612
v -0.013893 -0.004335 -0.008431
v -0.013889 -0.004099 -0.008583
v -0.013889 -0.004096 -0.008638
v -0.013890 -0.004169 -0.008362
v -0.013830 -0.006650 -0.005904
v -0.013841 -0.007207 -0.006184
v -0.013833 -0.006948 -0.005972
v -0.013857 -0.005950 -0.006614
v -0.013866 -0.006013 -0.006908
v -0.013868 -0.006300 -0.006971
v -0.013857 -0.007350 -0.006614
v -0.013866 -0.007287 -0.006908
v -0.013857 -0.007208 -0.010230
v -0.013856 -0.006993 -0.010236
v -0.013842 -0.007336 -0.010517
v -0.013842 -0.005964 -0.010517
v -0.013809 -0.006300 -0.011012
v -0.013814 -0.006013 -0.010949
v -0.013794 -0.006223 -0.011214
v -0.013781 -0.006650 -0.011360
v -0.013814 -0.007287 -0.010949
v -0.013794 -0.007077 -0.011214
v -0.013309 -0.005950 -0.014648
v -0.013253 -0.006013 -0.014935
v -0.013241 -0.006300 -0.014995
v -0.013200 -0.006223 -0.015196
v -0.013309 -0.007350 -0.014648
v -0.013253 -0.007287 -0.014935
v -0.013200 -0.007077 -0.015196
v -0.013571 -0.004363 -0.013129
v -0.013574 -0.004334 -0.013112
v -0.002208 0.002150 0.013215
v -0.002208 -0.015450 0.013215
v 0.000508 -0.015450 0.013389
v 0.000508 0.002150 0.013389
v -0.013891 -0.008967 -0.008177
v -0.013891 -0.008846 -0.008118
v -0.013891 -0.004497 -0.008104
v -0.013891 -0.004333 -0.008177
v -0.013889 -0.004145 -0.008867
v -0.013891 -0.004335 -0.008976
v -0.013891 -0.005062 -0.009006
v -0.013891 -0.008238 -0.009006
v -0.013891 -0.008965 -0.008976
v -0.013889 -0.009204 -0.008638
v -0.013889 -0.009204 -0.008634
v -0.013890 -0.009138 -0.008376
v -0.010075 -0.014778 -0.022081
v -0.011343 -0.014524 -0.017628
v -0.010404 -0.014438 -0.022079
v -0.013841 -0.010352 -0.006875
v -0.013839 -0.010269 -0.006718
v -0.013877 -0.006762 -0.007313
v -0.013877 -0.006538 -0.007313
v -0.013839 -0.003031 -0.006718
v -0.013841 -0.002948 -0.006875
v -0.008869 -0.009071 -0.030898
v -0.009815 -0.008789 -0.028962
v -0.009846 -0.004562 -0.028904
v -0.008868 -0.004344 -0.030898
v -0.013839 -0.002789 -0.006989
v -0.013807 -0.002686 -0.010251
v -0.013889 -0.004289 -0.009061
v -0.012449 0.001212 -0.009549
v -0.012727 0.000822 -0.009726
v -0.013889 -0.004340 -0.009098
v -0.013888 -0.004566 -0.009187
v -0.013888 -0.008734 -0.009187
v -0.013889 -0.008960 -0.009098
v -0.013889 -0.009011 -0.009061
v -0.013889 -0.009155 -0.008867
v -0.013807 -0.010614 -0.010251
v -0.013833 -0.010701 -0.007013
v -0.004885 0.002150 0.012476
v -0.006407 0.002565 0.001622
v -0.008995 0.002565 0.000404
v -0.007352 0.002150 0.011201
v -0.013826 -0.010713 -0.006744
v -0.013839 -0.010511 -0.006989
v -0.013841 -0.006093 -0.006184
v -0.013852 -0.005964 -0.006474
v -0.013852 -0.007336 -0.006474
v -0.012741 -0.012191 0.004147
v -0.012741 -0.001109 0.004147
v -0.013797 -0.002495 -0.010275
v -0.013811 -0.002870 -0.010321
v -0.013824 -0.010886 -0.006943
v -0.012301 -0.006763 -0.019262
v -0.012457 -0.007350 -0.018583
v -0.012550 -0.006993 -0.018172
v -0.012379 -0.006300 -0.018925
v -0.013857 -0.006092 -0.010230
v -0.013866 -0.006352 -0.010018
v -0.013868 -0.006650 -0.009951
v -0.013866 -0.006948 -0.010018
v -0.010629 0.001962 -0.015142
v -0.013815 -0.011015 -0.006796
v -0.013821 -0.010428 -0.006278
v 0.009471 -0.005513 -0.015819
v -0.013833 -0.006352 -0.005972
v -0.013815 -0.002285 -0.006796
v -0.013805 -0.002339 -0.006345
v -0.013783 -0.002336 -0.010386
v 0.009843 -0.004499 0.000021
v 0.009707 -0.004416 -0.005370
v 0.009516 -0.003457 -0.005363
v 0.009649 -0.003551 0.000037
v -0.013778 -0.010355 -0.010916
v -0.013771 -0.010716 -0.010783
v -0.013834 -0.007350 -0.010656
v -0.013834 -0.005950 -0.010656
v -0.006466 0.002565 -0.025816
v -0.001169 0.002565 -0.023323
v 0.001414 0.001450 -0.034703
v -0.013808 -0.011060 -0.006609
v -0.013769 -0.011048 -0.010543
v -0.013806 -0.011043 -0.006495
v -0.012627 -0.012794 0.004482
v -0.012626 -0.000502 0.004485
v -0.013808 -0.002497 -0.006233
v 0.002269 0.001450 -0.034179
v -0.001053 0.002565 -0.023237
v -0.013769 -0.002252 -0.010543
v -0.013806 -0.002257 -0.006495
v -0.006099 -0.014027 -0.034931
v -0.006105 0.000720 -0.034928
v -0.005700 0.001026 -0.035124
v -0.005694 -0.014331 -0.035127
v -0.013753 -0.002595 -0.011050
v -0.013778 -0.002945 -0.010916
v -0.013792 -0.003030 -0.010755
v -0.013763 -0.002786 -0.011026
v -0.006696 -0.000198 -0.034615
v -0.006777 -0.000428 -0.034570
v -0.008645 -0.000263 -0.030800
v -0.008444 0.000434 -0.030713
v -0.013693 -0.009001 -0.012197
v -0.013792 -0.010270 -0.010755
v -0.013698 -0.008906 -0.012175
v -0.013698 -0.004394 -0.012175
v -0.013705 -0.004627 -0.012112
v -0.011050 -0.009195 -0.024402
v -0.011050 -0.004105 -0.024402
v -0.010970 -0.004162 -0.024709
v -0.010970 -0.009138 -0.024709
v -0.013705 -0.008673 -0.012112
v 0.009550 -0.004407 -0.010662
v 0.009370 -0.003451 -0.010659
v -0.013762 -0.011062 -0.010649
v -0.013794 -0.011105 -0.006784
v -0.013790 -0.011133 -0.006610
v -0.013789 -0.002173 -0.006537
v -0.004933 -0.014632 -0.035444
v -0.005187 -0.014559 -0.035346
v -0.005200 0.001254 -0.035340
v -0.004933 0.001331 -0.035444
v -0.013749 -0.011128 -0.010568
v -0.013789 -0.011127 -0.006537
v -0.011109 -0.004191 -0.024170
v -0.011109 -0.009109 -0.024170
v -0.012791 0.000683 -0.005022
v -0.012805 0.000758 -0.007495
v -0.013012 0.000309 -0.007649
v -0.012993 0.000215 -0.005176
v -0.013749 -0.002172 -0.010568
v -0.013272 -0.011046 -0.014538
v -0.013249 -0.011128 -0.014560
v -0.013734 -0.011104 -0.010819
v -0.013752 -0.011017 -0.010833
v -0.013304 -0.002336 -0.014384
v -0.013749 -0.002411 -0.010980
v -0.011431 0.001740 0.001581
v -0.011725 0.001767 -0.004358
v -0.012149 0.001486 -0.004608
v -0.013331 -0.002497 -0.014272
v -0.013753 -0.010705 -0.011050
v -0.013763 -0.010514 -0.011026
v -0.013666 -0.009146 -0.012415
v -0.013693 -0.004299 -0.012197
v -0.013670 -0.005140 -0.012411
v -0.013670 -0.008160 -0.012411
v 0.008308 -0.000957 0.009604
v 0.005274 0.001043 0.012317
v -0.000906 -0.015850 -0.023139
v -0.000880 -0.015850 -0.022967
v -0.000957 -0.015865 -0.022970
v -0.000978 -0.015865 -0.023113
v -0.012842 -0.009143 -0.016861
v -0.012778 -0.008721 -0.017155
v -0.012428 -0.010266 -0.018682
v -0.012521 -0.010425 -0.018259
v -0.012525 0.001168 -0.007309
v -0.013743 -0.011135 -0.010647
v -0.012400 -0.012184 0.005076
v -0.012738 0.000014 0.000768
v -0.012936 0.000389 -0.009875
v -0.012501 -0.013773 -0.013852
v -0.010457 -0.002954 -0.026672
v -0.013601 -0.004150 -0.012899
v -0.013613 -0.008129 -0.012837
v -0.010572 -0.010296 -0.026240
v -0.013749 -0.010889 -0.010980
v -0.013304 -0.010964 -0.014384
v -0.006597 -0.013330 -0.034669
v -0.008672 -0.012901 -0.030812
v -0.006683 -0.013134 -0.034622
v 0.006395 0.000266 -0.031504
v 0.006165 0.000405 -0.031622
v 0.006278 0.000539 -0.021248
v -0.006180 -0.015433 -0.029684
v -0.006678 -0.015355 -0.029917
v -0.003857 -0.014751 -0.035760
v -0.006439 0.000313 -0.034754
v -0.008190 0.000962 -0.030601
v -0.006432 -0.013626 -0.034758
v 0.009014 -0.001914 0.000103
v 0.008574 -0.001230 0.000152
v 0.008815 -0.001574 0.009141
v -0.009994 -0.004101 -0.028374
v -0.010060 -0.004160 -0.028133
v -0.010425 -0.002791 -0.026786
v -0.012433 -0.002173 -0.018503
v -0.012434 -0.002243 -0.018580
v -0.012457 -0.002257 -0.018478
v -0.012494 -0.002340 -0.018325
v -0.013232 -0.002950 -0.014899
v -0.013232 -0.010350 -0.014899
v -0.013244 -0.010714 -0.014773
v -0.013315 -0.010301 -0.014462
v -0.010497 -0.011128 -0.026415
v -0.013283 -0.003044 -0.014644
v -0.013387 -0.006092 -0.014230
v -0.013425 -0.006351 -0.014021
v -0.013437 -0.006650 -0.013955
v -0.013562 -0.008499 -0.013189
v -0.013425 -0.006949 -0.014021
v -0.013387 -0.007208 -0.014230
v -0.013222 -0.011015 -0.014821
v -0.013253 -0.011060 -0.014640
v -0.013235 -0.011135 -0.014637
v -0.012299 -0.014186 -0.013736
v 0.009861 -0.003987 0.008001
v 0.010020 -0.004861 0.007800
v -0.011974 -0.012177 0.006013
v -0.006431 0.002103 -0.029802
v -0.003857 0.001450 -0.035760
v -0.004595 0.001397 -0.035560
v -0.006666 0.002057 -0.029912
v 0.008060 -0.000636 0.000211
v 0.007698 -0.000399 0.010099
v -0.011758 0.001781 -0.006848
v -0.012170 0.001516 -0.007091
v -0.010852 -0.013622 -0.022055
v -0.011786 -0.013746 -0.017760
v -0.011500 -0.011128 -0.022501
v -0.012418 -0.002171 -0.018576
v 0.009822 -0.005480 -0.005373
v 0.009660 -0.005472 -0.010663
v -0.011515 -0.002244 -0.022505
v -0.012521 -0.002875 -0.018259
v -0.012523 -0.002501 -0.018214
v -0.013205 -0.002788 -0.015012
v -0.013264 -0.010269 -0.014745
v -0.013335 -0.007336 -0.014512
v -0.013264 -0.003031 -0.014745
v -0.012532 -0.002692 -0.018191
v -0.012995 -0.004345 -0.016169
v 0.000563 -0.015450 0.013387
v -0.006267 -0.015865 0.001657
v -0.006124 -0.015865 0.001635
v -0.013335 -0.005964 -0.014512
v -0.013283 -0.010256 -0.014644
v -0.013194 -0.010704 -0.015035
v -0.013200 -0.010888 -0.014965
v -0.012494 -0.010960 -0.018325
v -0.012457 -0.011043 -0.018478
v -0.007910 0.001341 -0.030477
v -0.011595 -0.014156 -0.017702
v 0.006276 0.000627 -0.010600
v -0.010248 0.001956 -0.017322
v -0.010457 -0.010346 -0.026672
v -0.004582 -0.014700 -0.035565
v -0.007146 -0.015197 -0.030132
v -0.010582 -0.010960 -0.026166
v -0.011472 -0.002289 -0.022684
v -0.011440 -0.002417 -0.022826
v -0.011611 -0.002502 -0.022140
v -0.011580 -0.002341 -0.022250
v -0.010512 -0.002244 -0.026419
v -0.010582 -0.002340 -0.026166
v -0.012365 -0.002790 -0.018948
v -0.012393 -0.002953 -0.018836
v -0.012428 -0.003034 -0.018682
v -0.012842 -0.004157 -0.016861
v -0.010661 -0.014047 -0.022070
v -0.012778 -0.004579 -0.017155
v -0.012780 -0.004778 -0.017145
v -0.012896 -0.005200 -0.016619
v -0.012952 -0.008165 -0.016364
v -0.013013 -0.008583 -0.016082
v -0.013172 -0.006538 -0.015331
v -0.001169 -0.015865 -0.023323
v -0.000356 -0.015865 -0.012961
v -0.007839 -0.015865 -0.015884
v -0.012995 -0.008955 -0.016169
v -0.012953 -0.009132 -0.016356
v -0.012523 -0.010799 -0.018214
v -0.013205 -0.010512 -0.015012
v -0.012395 -0.011012 -0.018760
v 0.009373 -0.002689 0.000064
v -0.012036 -0.014553 -0.013596
v -0.006950 -0.012151 -0.034471
v -0.006891 -0.012445 -0.034505
v -0.008797 -0.011983 -0.030866
v -0.011942 -0.009136 -0.020797
v -0.011873 -0.008706 -0.021082
v -0.011572 -0.010296 -0.022326
v -0.011564 -0.015097 -0.011220
v -0.011572 -0.003004 -0.022326
v -0.011528 -0.003049 -0.022506
v -0.011528 -0.010251 -0.022506
v -0.011556 -0.002690 -0.022378
v -0.011464 -0.002950 -0.022763
v -0.011605 -0.002876 -0.022184
v -0.011435 -0.002791 -0.022872
v -0.010455 -0.011099 -0.026573
v -0.010497 -0.002172 -0.026415
v -0.010455 -0.002201 -0.026573
v -0.009682 -0.015047 -0.022073
v -0.004885 -0.015450 0.012476
v -0.006407 -0.015865 0.001622
v -0.011427 -0.002600 -0.022895
v -0.011620 -0.002693 -0.022116
v -0.010465 -0.002289 -0.026599
v -0.012064 -0.004171 -0.020282
v -0.007001 -0.011809 -0.034442
v -0.008803 -0.011911 -0.030869
v -0.012457 -0.005950 -0.018583
v -0.012780 -0.008522 -0.017145
v -0.013172 -0.006762 -0.015331
v -0.012532 -0.010608 -0.018191
v -0.012393 -0.010347 -0.018836
v -0.011580 -0.010959 -0.022250
v -0.006898 -0.000888 -0.034501
v -0.008781 -0.001149 -0.030859
v -0.011143 -0.015266 -0.010998
v -0.011500 -0.002172 -0.022501
v -0.011267 0.001958 -0.004091
v -0.009283 0.002550 0.000048
v -0.012064 -0.009129 -0.020282
v -0.012127 -0.008729 -0.020012
v -0.007093 0.002549 -0.025463
v -0.012512 0.001116 -0.004832
v -0.000299 -0.014751 -0.035511
v -0.006466 -0.015865 -0.025816
v -0.006627 -0.015865 -0.025851
v -0.010615 -0.002502 -0.026055
v -0.011464 -0.010350 -0.022763
v -0.010693 -0.015374 -0.010767
v -0.008797 -0.001317 -0.030866
v -0.009927 -0.004161 -0.028617
v -0.010486 -0.010707 -0.026548
v -0.012002 -0.004345 -0.020539
v -0.012127 -0.004571 -0.020012
v -0.007047 0.001939 -0.030087
v -0.012301 -0.006537 -0.019262
v -0.010485 -0.015373 -0.012860
v -0.011312 0.001962 -0.006589
v -0.009257 0.002550 0.000220
v -0.009207 0.002565 0.000052
v -0.008933 0.002565 -0.003135
v -0.008463 0.002550 -0.009513
v -0.007642 0.002550 -0.019074
v -0.007013 0.002564 -0.025510
v -0.007027 0.002549 -0.025671
v -0.012002 -0.008955 -0.020539
v -0.006777 -0.012873 -0.034570
v -0.007088 -0.010745 -0.034391
v -0.007087 -0.002533 -0.034392
v -0.006950 -0.001150 -0.034471
v -0.008849 -0.002172 -0.030889
v -0.009869 -0.004345 -0.028821
v -0.008849 -0.011128 -0.030889
v -0.012332 -0.007077 -0.019128
v -0.010416 -0.010700 -0.026809
v 0.009248 -0.002598 -0.005349
v 0.008906 -0.001837 -0.005330
v -0.009503 -0.015426 0.009445
v -0.009503 0.002126 0.009445
v -0.007544 -0.015865 -0.018928
v 0.000170 -0.015865 -0.005705
v 0.000144 -0.015865 -0.005650
v -0.001688 -0.015865 -0.003420
v -0.005950 -0.015865 0.000984
v -0.009111 -0.015865 0.000318
v -0.008919 -0.015450 0.009998
v -0.009223 -0.015444 0.009719
v -0.008995 -0.015865 0.000404
v -0.009185 0.002565 0.000194
v -0.009223 0.002144 0.009719
v -0.009111 0.002565 0.000318
v -0.007286 0.002565 -0.016255
v -0.007257 0.002565 -0.022398
v -0.007292 0.002565 -0.022258
v -0.006892 0.002565 -0.025739
v -0.006942 0.002550 -0.025791
v -0.006999 -0.001472 -0.034443
v -0.007119 -0.008956 -0.034373
v -0.007119 -0.004345 -0.034373
v -0.008861 -0.002572 -0.030894
v -0.010425 -0.010509 -0.026786
v 0.008014 -0.000599 -0.005274
v 0.007973 -0.000614 -0.010636
v -0.007352 -0.015450 0.011201
v -0.006001 -0.015865 0.001561
v -0.006267 0.002565 0.001657
v -0.008919 0.002150 0.009998
v -0.000240 0.002565 -0.009622
v -0.001017 0.002565 -0.022776
v -0.006627 0.002565 -0.025851
v -0.006787 0.002565 -0.025813
v 0.007941 -0.000690 -0.015860
v 0.007912 -0.000820 -0.020966
v 0.008493 -0.001172 -0.005305
v -0.008864 -0.010536 -0.030895
v -0.009845 -0.008707 -0.028908
v 0.001414 -0.014751 -0.034703
v -0.003918 -0.015865 -0.000774
v 0.000563 0.002150 0.013387
v -0.006124 0.002565 0.001635
v -0.001749 -0.015865 -0.003226
v -0.001872 -0.015865 -0.003079
v -0.006001 0.002565 0.001561
v -0.003918 0.002565 -0.000774
v -0.001872 0.002565 -0.003079
v -0.001749 0.002565 -0.003226
v 0.000144 0.002565 -0.005650
v 0.000170 0.002565 -0.005705
v 0.000205 0.002565 -0.005845
v -0.000725 0.002565 -0.019545
v -0.003366 0.001450 -0.035847
v -0.001053 -0.015865 -0.023237
v 0.003547 0.002010 0.001555
v 0.002690 0.002111 -0.007289
v 0.003592 0.001316 -0.033283
v 0.002269 -0.014751 -0.034179
v 0.008681 -0.008254 -0.030872
v 0.003592 -0.014616 -0.033283
v -0.000725 -0.015865 -0.019545
v 0.002634 -0.015415 -0.007837
v 0.000205 -0.015865 -0.005845
v 0.004883 0.000976 -0.032396
v 0.003778 0.001279 -0.033153
v 0.001637 0.002150 -0.017096
v 0.001416 0.002150 -0.019031
v 0.007258 -0.000425 -0.031142
v 0.007623 -0.000863 -0.031032
v 0.007820 -0.001169 -0.030984
v 0.008157 -0.001894 -0.030920
v 0.008709 -0.005836 -0.030872
v 0.009120 -0.002599 -0.010655
v 0.008802 -0.001845 -0.010650
v 0.003778 -0.014579 -0.033153
v 0.001474 -0.015450 -0.018531
v 0.001637 -0.015450 -0.017096
v 0.003290 -0.015350 -0.001201
v 0.004883 -0.014277 -0.032396
v 0.003523 -0.015314 0.001295
v 0.004887 0.001401 0.012475
v 0.006976 0.000097 0.010610
v 0.006786 -0.000006 -0.031324
v 0.007152 -0.000320 -0.031179
v 0.008357 -0.001279 -0.015844
v 0.008302 -0.001444 -0.020929
v 0.008707 -0.001949 -0.015835
v 0.008613 -0.002139 -0.020907
v 0.008991 -0.002703 -0.015828
v 0.008858 -0.002900 -0.020892
v 0.009043 -0.003729 -0.020881
v 0.004914 -0.001150 0.012465
v 0.008419 -0.001186 -0.010644
v 0.009374 -0.004480 -0.015821
v 0.009213 -0.003545 -0.015824
v 0.010110 -0.005796 0.007684
vn 0.9984 -0.0105 -0.0560
vn 0.9992 -0.0336 -0.0214
vn 0.5641 -0.8257 0.0095
vn 0.6577 -0.7532 0.0064
vn 0.6686 -0.7436 0.0071
vn 0.7559 -0.6547 0.0028
vn 0.7679 -0.6405 0.0037
vn 0.8413 -0.5405 -0.0017
vn 0.8526 -0.5225 -0.0007
vn 0.9072 -0.4206 -0.0066
vn 0.9164 -0.4001 -0.0055
vn 0.9522 -0.3051 -0.0113
vn 0.9582 -0.2860 -0.0102
vn 0.9796 -0.2006 -0.0150
vn 0.9821 -0.1879 -0.0141
vn 0.9938 -0.1100 -0.0173
vn 0.9946 -0.1022 -0.0166
vn 0.9992 -0.0363 -0.0185
vn 0.9994 -0.0306 -0.0178
vn 0.4109 -0.9116 -0.0130
vn 0.4641 -0.8856 -0.0165
vn 0.5216 -0.8530 -0.0167
vn 0.5177 -0.8554 -0.0168
vn 0.5776 -0.8161 -0.0200
vn 0.4050 -0.9142 -0.0131
vn 0.9989 -0.0299 -0.0372
vn 0.9988 -0.0313 -0.0369
vn 0.9949 -0.0934 -0.0373
vn 0.9941 -0.1023 -0.0355
vn 0.9850 -0.1685 -0.0362
vn 0.9821 -0.1856 -0.0331
vn 0.9664 -0.2549 -0.0339
vn 0.9591 -0.2815 -0.0295
vn 0.9352 -0.3529 -0.0304
vn 0.9212 -0.3884 -0.0248
vn 0.8646 -0.5021 -0.0193
vn 0.7881 -0.6154 -0.0139
vn 0.7220 -0.6917 -0.0145
vn 0.6940 -0.7199 -0.0095
vn 0.9956 -0.0799 -0.0486
vn 0.9982 -0.0247 -0.0548
vn 0.4784 -0.8781 -0.0072
vn 0.5167 -0.8561 -0.0099
vn 0.6347 -0.7726 -0.0164
vn 0.7220 -0.6917 -0.0152
vn 0.7529 -0.6579 -0.0209
vn 0.8487 -0.5282 -0.0264
vn 0.9663 -0.2549 -0.0354
vn 0.9849 -0.1685 -0.0393
vn 0.9887 -0.1436 -0.0432
vn 0.9947 -0.0934 -0.0420
vn 0.9958 -0.0799 -0.0444
vn 0.9987 -0.0277 -0.0437
vn 0.9987 -0.0247 -0.0442
vn 0.9992 -0.0328 -0.0248
vn 0.9991 -0.0335 -0.0247
vn 0.9939 -0.1076 -0.0238
vn 0.9937 -0.1101 -0.0233
vn 0.9804 -0.1959 -0.0216
vn 0.9794 -0.2007 -0.0206
vn 0.9545 -0.2976 -0.0183
vn 0.9521 -0.3052 -0.0168
vn 0.9119 -0.4102 -0.0141
vn 0.9071 -0.4208 -0.0120
vn 0.8493 -0.5278 -0.0094
vn 0.8411 -0.5408 -0.0068
vn 0.7676 -0.6409 -0.0047
vn 0.7557 -0.6550 -0.0018
vn 0.6723 -0.7403 -0.0005
vn 0.6575 -0.7535 0.0023
vn 0.5528 -0.8333 0.0027
vn 0.7089 -0.7049 -0.0228
vn 0.8421 -0.5387 -0.0265
vn 0.8487 -0.5283 -0.0262
vn 0.9076 -0.4186 -0.0320
vn 0.9818 -0.1844 -0.0454
vn 0.5513 -0.8343 0.0025
vn 0.5883 -0.8087 -0.0034
vn 0.6721 -0.7404 -0.0033
vn 0.6940 -0.7199 -0.0074
vn 0.7675 -0.6410 -0.0077
vn 0.7881 -0.6154 -0.0124
vn 0.8492 -0.5279 -0.0130
vn 0.8647 -0.5021 -0.0176
vn 0.9118 -0.4103 -0.0184
vn 0.9212 -0.3884 -0.0223
vn 0.9544 -0.2976 -0.0231
vn 0.9592 -0.2815 -0.0261
vn 0.9803 -0.1959 -0.0268
vn 0.9822 -0.1856 -0.0287
vn 0.9938 -0.1076 -0.0292
vn 0.9943 -0.1023 -0.0303
vn 0.9990 -0.0328 -0.0306
vn 0.9990 -0.0313 -0.0309
vn 0.5883 0.8087 -0.0034
vn 0.5513 0.8343 0.0025
vn 0.4050 0.9142 -0.0131
vn 0.9940 0.0933 -0.0568
vn 0.9818 0.1844 -0.0454
vn 0.6347 0.7726 -0.0164
vn 0.9992 0.0336 -0.0214
vn 0.5528 0.8333 0.0027
vn 0.9956 0.0799 -0.0486
vn -0.0121 -0.0000 -0.9999
vn 0.2293 -0.0000 -0.9733
vn 0.7453 0.0019 0.6667
vn -0.9051 -0.4207 0.0606
vn -0.9357 -0.3474 0.0610
vn -0.7271 -0.6845 0.0532
vn -0.5126 -0.8453 -0.1506
vn -0.5940 -0.7861 -0.1708
vn -0.6315 -0.7523 -0.1877
vn -0.7393 -0.6390 -0.2122
vn -0.7749 -0.5893 -0.2285
vn -0.8425 -0.4818 -0.2409
vn -0.8665 -0.4310 -0.2520
vn -0.9025 -0.3452 -0.2573
vn -0.8867 -0.4577 -0.0647
vn -0.8895 -0.4524 -0.0638
vn -0.8974 -0.4408 -0.0188
vn -0.9059 -0.4233 -0.0156
vn -0.9101 -0.4139 0.0175
vn -0.9204 -0.3904 0.0218
vn -0.9227 -0.3825 0.0486
vn -0.9382 -0.3422 0.0518
vn -0.9385 -0.3400 0.0602
vn -0.6707 -0.7404 -0.0444
vn -0.6740 -0.7374 -0.0437
vn -0.6847 -0.7288 -0.0122
vn -0.6968 -0.7172 -0.0094
vn -0.7043 -0.7098 0.0145
vn -0.7200 -0.6937 0.0186
vn -0.7259 -0.6866 0.0399
vn -0.7501 -0.6599 0.0437
vn -0.7518 -0.6573 0.0513
vn -0.8707 -0.4884 0.0571
vn -0.8698 -0.4909 0.0493
vn -0.8481 -0.5279 0.0455
vn -0.8440 -0.5360 0.0209
vn -0.8296 -0.5582 0.0163
vn -0.8235 -0.5671 -0.0125
vn -0.8118 -0.5838 -0.0159
vn -0.8022 -0.5946 -0.0547
vn -0.7981 -0.6000 -0.0557
vn -0.5887 -0.8073 0.0420
vn -0.5861 -0.8095 0.0348
vn -0.5652 -0.8243 0.0318
vn -0.5585 -0.8294 0.0147
vn -0.5454 -0.8381 0.0117
vn -0.5378 -0.8431 -0.0066
vn -0.5287 -0.8488 -0.0084
vn -0.5070 -0.8585 -0.0773
vn -0.3659 -0.9289 -0.0567
vn -0.3627 -0.9296 -0.0658
vn -0.3562 -0.9329 -0.0526
vn -0.3696 -0.9292 -0.0053
vn -0.3744 -0.9273 -0.0044
vn -0.3807 -0.9246 0.0084
vn -0.3890 -0.9212 0.0101
vn -0.3951 -0.9184 0.0225
vn -0.4091 -0.9122 0.0245
vn -0.4116 -0.9109 0.0300
vn -0.5610 -0.8267 0.0431
vn -0.3726 -0.9275 0.0302
vn -0.5501 -0.8295 -0.0966
vn -0.5303 -0.8421 -0.0980
vn -0.3743 -0.9246 -0.0708
vn -0.4282 -0.8953 -0.1227
vn -0.5303 0.8421 -0.0980
vn -0.3323 0.9428 0.0260
vn -0.4988 0.8543 -0.1460
vn -0.4282 0.8953 -0.1227
vn -0.8509 0.5218 0.0603
vn -0.7518 0.6573 0.0513
vn -0.7269 0.6847 0.0532
vn -0.9349 0.3497 0.0610
vn -0.5078 0.8597 -0.0560
vn -0.5142 0.8557 -0.0587
vn -0.6597 0.7477 -0.0761
vn -0.6651 0.7426 -0.0787
vn -0.7874 0.6091 -0.0947
vn -0.7914 0.6035 -0.0970
vn -0.8772 0.4675 -0.1096
vn -0.8803 0.4611 -0.1119
vn -0.5184 0.8545 -0.0324
vn -0.5178 0.8549 -0.0322
vn -0.2219 0.9748 -0.0225
vn -0.5254 0.8428 -0.1168
vn -0.5600 0.8185 -0.1281
vn -0.6741 0.7231 -0.1508
vn -0.7089 0.6863 -0.1628
vn -0.7947 0.5800 -0.1789
vn -0.8225 0.5364 -0.1893
vn -0.8774 0.4369 -0.1985
vn -0.8950 0.3958 -0.2060
vn -0.5583 0.8166 -0.1462
vn -0.5936 0.7889 -0.1589
vn -0.7061 0.6836 -0.1846
vn -0.7400 0.6431 -0.1972
vn -0.8186 0.5333 -0.2133
vn -0.8445 0.4866 -0.2236
vn -0.8901 0.3927 -0.2313
vn -0.9059 0.3502 -0.2380
vn -0.8849 0.4356 -0.1649
vn -0.8692 0.4686 -0.1579
vn -0.8022 0.5787 -0.1468
vn -0.7796 0.6108 -0.1385
vn -0.6810 0.7219 -0.1223
vn -0.6534 0.7485 -0.1133
vn -0.5501 0.8295 -0.0966
vn -0.5070 0.8585 -0.0773
vn -0.3615 0.9315 -0.0399
vn -0.3555 0.9339 -0.0376
vn -0.3629 0.9316 -0.0218
vn -0.3617 0.9320 -0.0214
vn 0.1907 -0.0009 0.9817
vn 0.2031 -0.0000 0.9791
vn 0.1630 0.9865 0.0130
vn 0.1569 0.9876 0.0097
vn -0.9237 0.0012 0.3831
vn -0.8994 0.0023 0.4371
vn -0.8705 0.0007 0.4922
vn -0.8050 0.0003 0.5933
vn -0.7468 -0.0000 0.6650
vn 0.1847 -0.9827 0.0107
vn 0.1717 -0.9851 0.0079
vn 0.2373 -0.0000 0.9714
vn 0.3794 -0.0002 0.9252
vn 0.1907 0.0009 0.9817
vn -0.7449 -0.0005 0.6672
vn -0.7925 -0.0030 0.6099
vn -0.8040 -0.0000 0.5946
vn -0.8347 -0.0002 0.5507
vn -0.8705 -0.0007 0.4921
vn -0.1965 -0.9801 0.0295
vn -0.1966 -0.9800 0.0295
vn -0.1931 -0.9790 -0.0653
vn -0.2147 -0.9750 -0.0568
vn -0.0000 -1.0000 0.0059
vn -0.1649 -0.9801 -0.1102
vn -0.1670 -0.9798 -0.1104
vn -0.9536 -0.2282 -0.1963
vn -0.9665 -0.0166 -0.2562
vn -0.9662 -0.0230 -0.2568
vn -0.9642 0.0095 -0.2652
vn -0.9730 -0.0149 -0.2305
vn -0.9713 -0.0166 -0.2373
vn -0.9713 -0.0121 -0.2374
vn -0.9711 -0.0212 -0.2376
vn -0.9750 -0.0214 -0.2213
vn -0.9835 -0.0398 -0.1767
vn -0.9976 -0.0404 -0.0564
vn -0.9972 -0.0495 -0.0568
vn -0.9974 -0.0398 -0.0602
vn -0.9910 -0.0081 -0.1336
vn -0.9898 -0.0216 -0.1406
vn -0.9991 -0.0293 0.0298
vn -0.9992 -0.0335 0.0213
vn -0.9988 -0.0376 0.0318
vn -0.1810 0.9800 -0.0828
vn 0.1966 0.9800 -0.0295
vn -0.9720 0.2345 -0.0150
vn -0.9636 0.2484 -0.0989
vn -0.9685 0.2259 -0.1052
vn -0.9605 0.2310 -0.1549
vn -0.9600 0.2363 -0.1501
vn -0.9666 0.0101 -0.2562
vn -0.9658 0.0198 -0.2587
vn -0.9758 0.0265 -0.2169
vn -0.9837 0.0336 -0.1768
vn -0.9821 0.0425 -0.1837
vn -0.9816 0.0388 -0.1869
vn -0.9974 0.0398 -0.0602
vn -0.9965 0.0528 -0.0648
vn -0.9915 0.0214 -0.1285
vn -0.9989 0.0395 0.0246
vn -0.9991 0.0319 0.0277
vn -0.9991 0.0297 0.0309
vn -0.9991 0.0293 0.0298
vn -0.9999 0.0148 -0.0022
vn -0.9999 0.0170 0.0013
vn -0.9992 0.0005 0.0393
vn -0.9995 -0.0006 0.0318
vn -0.9995 0.0002 0.0317
vn -0.9987 -0.0001 -0.0515
vn -0.9987 -0.0000 -0.0517
vn -0.9970 0.0010 -0.0776
vn -0.9969 -0.0019 -0.0787
vn -0.9970 -0.0002 -0.0770
vn -0.9814 -0.0008 -0.1922
vn -0.9802 0.0005 -0.1980
vn -0.9812 -0.0000 -0.1930
vn -0.9813 0.0002 -0.1923
vn -0.9802 -0.0001 -0.1978
vn -0.9901 -0.0049 -0.1400
vn -0.0638 -0.0000 0.9980
vn -0.9999 0.0002 0.0103
vn -1.0000 -0.0000 0.0069
vn -1.0000 -0.0007 0.0066
vn -0.9999 0.0149 0.0064
vn -0.9999 0.0130 -0.0042
vn -0.9999 0.0145 -0.0036
vn -1.0000 -0.0003 -0.0036
vn -1.0000 -0.0000 -0.0039
vn -1.0000 0.0002 -0.0053
vn -1.0000 -0.0004 -0.0006
vn -1.0000 -0.0094 -0.0006
vn -1.0000 -0.0058 -0.0023
vn -1.0000 -0.0062 -0.0023
vn -0.6741 -0.7231 -0.1508
vn -0.7089 -0.6863 -0.1628
vn -0.9996 -0.0159 0.0215
vn -0.9996 -0.0097 0.0270
vn -0.9996 -0.0085 0.0281
vn -0.9999 -0.0000 0.0169
vn -0.9995 -0.0071 0.0293
vn -0.9997 -0.0026 0.0235
vn -0.9999 -0.0000 0.0170
vn -0.9997 0.0025 0.0235
vn -0.9995 0.0071 0.0293
vn -0.9996 0.0088 0.0277
vn -0.9996 0.0096 0.0270
vn -0.9996 0.0158 0.0215
vn -0.8984 -0.0004 -0.4392
vn -0.8979 0.0001 -0.4401
vn -0.9995 0.0309 0.0057
vn -0.9992 0.0391 -0.0010
vn -0.9989 0.0451 -0.0110
vn -0.9995 0.0321 0.0045
vn -0.9988 0.0471 -0.0093
vn -0.9998 0.0188 -0.0109
vn -0.7981 0.6000 -0.0557
vn -0.8022 0.5946 -0.0547
vn -0.9998 0.0169 -0.0119
vn -0.9999 -0.0011 -0.0112
vn -0.9999 0.0001 -0.0125
vn -0.9999 -0.0000 -0.0128
vn -0.9999 -0.0001 -0.0125
vn -0.9999 0.0011 -0.0112
vn -0.9998 -0.0169 -0.0119
vn -0.9998 -0.0188 -0.0109
vn -0.9999 -0.0152 -0.0047
vn -0.9989 -0.0451 -0.0110
vn -0.9988 -0.0471 -0.0093
vn -0.9992 -0.0395 -0.0021
vn -0.0193 0.9990 0.0409
vn -0.0215 0.9989 0.0417
vn -0.9993 -0.0266 0.0252
vn -0.9991 -0.0349 0.0260
vn -0.9991 -0.0314 0.0272
vn -0.9991 -0.0294 0.0290
vn -0.9990 -0.0318 0.0299
vn -0.9994 0.0066 0.0353
vn -0.9992 0.0073 0.0403
vn -0.9994 -0.0070 0.0352
vn -0.9995 -0.0070 0.0302
vn -0.9996 -0.0002 0.0265
vn -0.9997 -0.0000 0.0263
vn -0.9997 0.0008 0.0258
vn -0.9995 0.0070 0.0302
vn -0.9994 0.0070 0.0352
vn -0.9942 -0.0000 0.1078
vn -0.9948 -0.0119 0.1013
vn -0.9991 0.0294 0.0290
vn -0.9990 0.0318 0.0299
vn -0.9991 0.0314 0.0272
vn -0.9993 0.0267 0.0252
vn -0.9991 0.0349 0.0260
vn -0.9971 0.0452 -0.0610
vn -0.9986 -0.0524 -0.0094
vn -0.9986 -0.0518 -0.0094
vn -0.9749 0.0014 -0.2224
vn -0.9748 -0.0011 -0.2229
vn -0.9976 0.0442 -0.0528
vn -0.9976 0.0404 -0.0563
vn -0.9988 0.0129 -0.0466
vn -0.9988 0.0121 -0.0475
vn -0.9989 0.0112 -0.0466
vn -0.9993 0.0048 -0.0372
vn -0.9995 0.0018 -0.0307
vn -0.9997 -0.0000 -0.0259
vn -0.9995 -0.0018 -0.0307
vn -0.9993 -0.0048 -0.0372
vn -0.9989 -0.0112 -0.0466
vn -0.9988 -0.0121 -0.0475
vn -0.9988 -0.0129 -0.0466
vn -0.9991 0.0301 -0.0298
vn -0.9990 0.0203 -0.0388
vn -0.9991 0.0346 -0.0227
vn -0.9992 0.0316 -0.0253
vn -0.9971 -0.0452 -0.0610
vn -0.3659 0.9289 -0.0567
vn -0.3562 0.9329 -0.0526
vn -0.9989 -0.0395 0.0246
vn -0.9984 -0.0471 0.0313
vn -0.9988 -0.0410 0.0277
vn -0.9988 -0.0408 0.0273
vn -0.9991 -0.0297 0.0309
vn -0.9991 -0.0319 0.0277
vn -0.9988 -0.0076 0.0489
vn -0.9988 -0.0076 0.0492
vn -0.9992 -0.0000 0.0402
vn 0.9986 0.0275 -0.0442
vn 0.9987 0.0247 -0.0436
vn -0.9994 0.0073 0.0338
vn -0.9994 -0.0038 0.0350
vn -0.9994 -0.0073 0.0338
vn -0.9992 -0.0005 0.0393
vn -0.9988 0.0076 0.0492
vn -0.9988 0.0076 0.0489
vn -0.9988 0.0410 0.0277
vn -0.9984 0.0471 0.0313
vn -0.9988 0.0376 0.0319
vn -0.9988 0.0408 0.0273
vn -0.9972 0.0495 -0.0568
vn -0.9966 0.0822 -0.0101
vn -0.9964 0.0841 -0.0101
vn 0.9804 0.1959 -0.0216
vn 0.9794 0.2007 -0.0206
vn -0.9971 -0.0409 -0.0646
vn -0.9970 -0.0415 -0.0651
vn -0.9985 -0.0122 -0.0536
vn -0.9982 -0.0120 -0.0579
vn -0.9987 -0.0000 -0.0516
vn -0.9978 -0.0247 -0.0615
vn -0.9996 0.0230 0.0136
vn -0.9996 0.0224 0.0145
vn -0.9991 -0.0000 -0.0430
vn -0.9991 -0.0000 -0.0431
vn -0.9993 -0.0000 -0.0384
vn -0.9991 0.0001 -0.0431
vn -0.9978 0.0247 -0.0615
vn 0.0415 0.9952 -0.0881
vn 0.0416 0.9952 -0.0881
vn -0.9976 -0.0442 -0.0528
vn -0.9966 -0.0822 -0.0101
vn -0.9964 -0.0841 -0.0101
vn -0.9987 -0.0420 0.0275
vn -0.9898 -0.1424 -0.0108
vn -0.9807 -0.1952 -0.0103
vn -0.9988 -0.0402 0.0268
vn -0.9862 -0.1435 0.0830
vn -0.9866 0.1399 0.0837
vn -0.9924 0.0826 0.0910
vn -0.9959 -0.0111 0.0902
vn -0.9964 -0.0107 0.0836
vn -0.9944 -0.0431 0.0965
vn 0.0525 0.9949 -0.0856
vn 0.0612 0.9947 -0.0828
vn -0.9959 0.0111 0.0902
vn -0.9948 0.0119 0.1013
vn -0.9964 0.0107 0.0836
vn -0.9992 0.0335 0.0213
vn -0.9944 0.0431 0.0965
vn -0.9987 0.0420 0.0275
vn -0.9807 0.1952 -0.0103
vn -0.9898 0.1424 -0.0108
vn -0.9988 0.0402 0.0268
vn -0.4354 -0.0000 -0.9002
vn -0.4349 -0.0000 -0.9005
vn -0.9862 0.1435 0.0830
vn -0.9970 0.0454 -0.0633
vn -0.9961 0.0516 -0.0718
vn -0.9965 0.0434 -0.0715
vn -0.9969 0.0488 -0.0624
vn -0.9968 0.0460 -0.0649
vn -0.8703 0.2196 -0.4409
vn -0.8518 0.2991 -0.4301
vn -0.9966 -0.0141 -0.0807
vn -0.9948 -0.0323 -0.0966
vn -0.9975 -0.0120 -0.0694
vn -0.9977 -0.0118 -0.0672
vn -0.9965 0.0088 -0.0826
vn -0.9965 0.0082 -0.0833
vn -0.9973 -0.0000 -0.0731
vn -0.9969 0.0125 -0.0777
vn -0.9682 -0.0000 -0.2502
vn -0.9965 -0.0082 -0.0833
vn -0.9965 -0.0088 -0.0826
vn -0.9969 -0.0125 -0.0777
vn -0.9969 -0.0488 -0.0623
vn 0.9822 0.1856 -0.0287
vn 0.9803 0.1959 -0.0268
vn -0.9968 0.0511 -0.0608
vn -0.9968 0.0514 -0.0610
vn -0.9970 -0.0454 -0.0633
vn -0.9678 -0.2514 -0.0103
vn -0.9720 -0.2345 -0.0150
vn -0.9712 0.2347 0.0409
vn -0.9734 0.2229 0.0524
vn -0.3591 -0.0000 -0.9333
vn -0.3599 -0.0000 -0.9330
vn -0.9697 -0.2440 -0.0105
vn -0.9794 -0.2018 -0.0096
vn -0.9709 -0.2299 0.0676
vn -0.9363 -0.0000 0.3512
vn -0.9467 -0.0000 0.3220
vn -0.9686 -0.2399 0.0658
vn -0.9469 -0.0000 0.3217
vn -0.9694 -0.0000 -0.2453
vn -0.9678 0.2514 -0.0103
vn -0.9101 0.4139 0.0175
vn -0.9204 0.3904 0.0218
vn -0.9794 0.2018 -0.0096
vn -0.9697 0.2440 -0.0105
vn -0.9709 0.2299 0.0676
vn -0.9359 -0.0000 0.3523
vn -0.9679 0.2427 0.0653
vn -0.9629 -0.2402 -0.1231
vn -0.9657 -0.2283 -0.1233
vn -0.9817 0.1427 -0.1260
vn -0.9850 0.1181 -0.1261
vn -0.9970 0.0455 -0.0629
vn -0.5652 0.8243 0.0318
vn -0.5861 0.8095 0.0348
vn -0.9901 0.0577 -0.1278
vn -0.9932 -0.0402 -0.1094
vn -0.9913 -0.0510 -0.1216
vn -0.9941 0.0306 -0.1040
vn -0.9924 0.0121 -0.1226
vn -0.9923 0.0013 -0.1242
vn -0.9928 -0.0000 -0.1200
vn -0.9934 -0.0000 -0.1148
vn -0.9950 -0.0000 -0.1003
vn -0.9957 0.0029 -0.0926
vn -0.9967 0.0009 -0.0815
vn 0.6669 -0.0001 0.7452
vn 0.6666 -0.0000 0.7454
vn -0.9957 -0.0029 -0.0926
vn -0.9923 -0.0013 -0.1242
vn -0.9924 -0.0124 -0.1226
vn -0.9940 -0.0303 -0.1049
vn 0.1966 -0.9800 -0.0295
vn 0.1965 -0.9801 -0.0295
vn -0.9968 -0.0460 -0.0649
vn -0.9965 -0.0434 -0.0715
vn -0.9961 -0.0516 -0.0718
vn -0.9965 -0.0528 -0.0647
vn -0.9758 -0.0046 -0.2188
vn -0.9763 -0.0088 -0.2163
vn -0.8118 0.5838 -0.0159
vn -0.8235 0.5671 -0.0125
vn -0.9515 -0.3070 0.0188
vn -0.9559 -0.2892 0.0508
vn -0.9515 -0.3041 0.0458
vn -0.9651 -0.2541 0.0627
vn -0.9495 -0.3114 -0.0376
vn -0.9240 -0.0013 0.3824
vn -0.9277 -0.0000 0.3733
vn -0.9275 -0.0000 0.3739
vn -0.9653 0.2534 0.0629
vn -0.9516 0.3041 0.0458
vn -0.9559 0.2892 0.0508
vn -0.9515 0.3070 0.0188
vn -0.9564 -0.2913 -0.0220
vn -0.9523 -0.3049 -0.0104
vn -0.9494 0.3117 -0.0389
vn -0.9385 0.3400 0.0600
vn -0.9446 -0.3203 -0.0721
vn -0.9467 -0.3032 -0.1088
vn -0.9468 -0.2973 -0.1233
vn -0.9463 -0.3001 -0.1206
vn -0.9828 0.0410 -0.1803
vn -0.9663 0.0100 -0.2571
vn -0.9659 0.0123 -0.2586
vn -0.9829 0.0428 -0.1789
vn -0.9826 0.0404 -0.1810
vn -0.9835 0.0398 -0.1767
vn -0.9891 0.0445 -0.1406
vn -0.9890 0.0436 -0.1415
vn -0.9910 0.0080 -0.1336
vn -0.9898 0.0216 -0.1406
vn -0.9917 -0.0000 -0.1284
vn -0.9917 -0.0000 -0.1285
vn -0.9901 0.0002 -0.1405
vn -0.9908 -0.0000 -0.1356
vn -0.9915 -0.0214 -0.1287
vn -0.9901 -0.0009 -0.1402
vn -0.9679 -0.0000 -0.2515
vn -0.9678 -0.0000 -0.2515
vn -0.9970 -0.0455 -0.0630
vn -0.9901 -0.0577 -0.1278
vn -0.9887 0.0785 -0.1274
vn -0.9894 0.0699 -0.1273
vn -0.9850 -0.1181 -0.1261
vn -0.9817 -0.1427 -0.1260
vn -0.8581 -0.2797 -0.4305
vn -0.8596 -0.2727 -0.4321
vn 0.5217 0.8529 -0.0171
vn 0.5177 0.8554 -0.0167
vn -0.0863 -0.9851 -0.1485
vn -0.0200 -0.9935 -0.1123
vn -0.9213 -0.0000 0.3888
vn -0.9213 -0.0000 0.3889
vn -0.9992 -0.0316 -0.0253
vn -0.9991 -0.0346 -0.0227
vn -0.8486 0.3080 -0.4301
vn -0.7878 0.4644 -0.4046
vn -0.8026 -0.4333 -0.4099
vn -0.8381 -0.3403 -0.4264
vn 0.8413 0.5405 -0.0018
vn 0.8553 0.5182 -0.0007
vn -0.9055 0.4200 0.0607
vn -0.8708 0.4884 0.0573
vn -0.9648 0.0006 -0.2629
vn -0.9641 0.0046 -0.2654
vn -0.9408 0.3056 -0.1470
vn -0.9986 0.0518 -0.0094
vn -0.9986 0.0524 -0.0094
vn -0.9513 0.2363 -0.1979
vn -0.9527 0.2303 -0.1983
vn -0.9701 0.1348 -0.2018
vn -0.9698 0.1369 -0.2017
vn -0.9774 0.0547 -0.2040
vn -0.9767 0.0663 -0.2040
vn -0.9818 0.0333 -0.1867
vn -0.9824 -0.0323 -0.1839
vn -0.9824 -0.0323 -0.1840
vn -0.9212 -0.2829 -0.2672
vn -0.9217 -0.2781 -0.2703
vn -0.9876 0.0319 -0.1538
vn -0.9840 0.0106 -0.1777
vn -0.9839 0.0094 -0.1787
vn -0.9852 0.0046 -0.1714
vn -0.9862 0.0018 -0.1654
vn -0.9869 0.0002 -0.1610
vn -0.9889 -0.0000 -0.1487
vn -0.9897 -0.0000 -0.1430
vn -0.9889 -0.0430 -0.1420
vn -0.9891 -0.0445 -0.1406
vn -0.9857 -0.0033 -0.1685
vn -0.9852 -0.0047 -0.1713
vn -0.9839 -0.0095 -0.1786
vn -0.9734 -0.0222 -0.2281
vn -0.9734 -0.0178 -0.2285
vn -0.9829 -0.0428 -0.1789
vn -0.9826 -0.0404 -0.1810
vn -0.9827 0.0427 -0.1800
vn -0.9826 0.0430 -0.1805
vn -0.9828 -0.0410 -0.1803
vn -0.9712 -0.2338 -0.0456
vn -0.9686 -0.2462 -0.0346
vn -0.9401 -0.3062 -0.1500
vn -0.8803 -0.4611 -0.1119
vn 0.9831 0.1825 -0.0140
vn 0.9796 0.2006 -0.0151
vn -0.8992 -0.0023 0.4375
vn -0.9024 -0.0000 0.4309
vn -0.9025 -0.0000 0.4306
vn -0.8500 -0.5233 0.0602
vn -0.1123 0.9813 -0.1561
vn -0.1175 0.9805 -0.1576
vn -0.9992 -0.0073 0.0403
vn -0.9994 -0.0066 0.0353
vn 0.6577 0.7532 0.0060
vn 0.6784 0.7347 0.0072
vn -0.5287 0.8488 -0.0084
vn -0.5378 0.8431 -0.0066
vn -0.9331 -0.2911 -0.2112
vn -0.9343 -0.2817 -0.2186
vn -0.9414 0.2842 -0.1819
vn -0.9578 0.2183 -0.1871
vn -0.9757 0.0300 -0.2171
vn 0.9943 0.1023 -0.0303
vn 0.9938 0.1076 -0.0292
vn -0.9709 0.0750 -0.2273
vn -0.9757 0.0297 -0.2171
vn -0.9757 0.0263 -0.2175
vn -0.9763 0.0229 -0.2154
vn -0.9743 0.0218 -0.2242
vn -0.9782 0.0172 -0.2070
vn -0.9781 0.0355 -0.2053
vn -0.9781 0.0319 -0.2058
vn -0.9778 0.0456 -0.2047
vn -0.9826 0.0349 -0.1827
vn -0.9803 -0.0086 -0.1973
vn -0.9823 -0.0090 -0.1870
vn -0.9824 0.0352 -0.1836
vn -0.9782 0.0244 -0.2060
vn -0.9734 -0.2229 0.0524
vn -0.9712 -0.2347 0.0409
vn -0.9811 0.0090 -0.1933
vn -0.9823 0.0367 -0.1838
vn -0.3967 -0.0000 -0.9180
vn -0.3976 -0.0000 -0.9176
vn 0.0025 -0.9994 0.0339
vn 0.0049 -0.9995 0.0325
vn -0.9842 -0.0000 -0.1769
vn -0.9849 -0.0000 -0.1733
vn -0.9862 -0.0018 -0.1656
vn -0.9837 -0.0336 -0.1768
vn -0.9838 0.0097 -0.1788
vn -0.9822 0.0081 -0.1875
vn -0.9841 -0.0096 -0.1774
vn -0.9823 -0.0367 -0.1838
vn -0.9824 -0.0352 -0.1836
vn -0.9826 -0.0430 -0.1805
vn -0.9827 -0.0427 -0.1801
vn -0.9818 -0.0333 -0.1867
vn -0.9816 -0.0388 -0.1869
vn -0.9821 -0.0425 -0.1837
vn -0.9767 -0.0663 -0.2040
vn -0.9774 -0.0547 -0.2040
vn -0.9698 -0.1369 -0.2017
vn -0.9701 -0.1347 -0.2018
vn -0.9527 -0.2303 -0.1983
vn -0.9502 -0.2412 -0.1975
vn -0.9581 -0.2060 -0.1991
vn -0.6073 0.7741 -0.1791
vn -0.5941 0.7856 -0.1727
vn -0.8849 -0.4356 -0.1649
vn 0.4784 0.8781 -0.0072
vn 0.5167 0.8561 -0.0099
vn -0.3743 0.9246 -0.0708
vn -0.3627 0.9296 -0.0658
vn -0.9661 -0.0000 -0.2582
vn -0.8715 -0.0000 0.4905
vn -0.8898 -0.0000 0.4564
vn -0.9831 -0.0000 -0.1830
vn -0.2301 -0.9532 -0.1959
vn -0.2553 -0.9445 -0.2069
vn -0.9775 0.0161 -0.2103
vn -0.9783 0.0213 -0.2063
vn -0.5887 0.8073 0.0420
vn -0.9684 -0.0284 -0.2478
vn -0.9684 -0.0219 -0.2484
vn -0.9269 -0.2883 -0.2405
vn -0.9289 -0.2838 -0.2381
vn -0.9728 0.0398 -0.2282
vn -0.9711 0.0212 -0.2376
vn -0.9712 -0.0207 -0.2373
vn -0.9706 -0.0199 -0.2398
vn -0.9705 0.0194 -0.2402
vn -0.9723 0.0543 -0.2274
vn -0.9466 -0.2125 -0.2426
vn -0.9463 -0.2139 -0.2425
vn -0.9674 0.0520 -0.2479
vn -0.9664 0.0679 -0.2481
vn -0.9750 0.0214 -0.2213
vn -0.9757 0.0179 -0.2185
vn -0.9740 0.0219 -0.2254
vn -0.9757 0.0160 -0.2187
vn -0.9757 0.0152 -0.2186
vn -0.9844 0.0167 -0.1752
vn -0.9862 0.0245 -0.1639
vn -0.9773 0.0142 -0.2116
vn -0.8774 -0.4369 -0.1985
vn -0.8950 -0.3958 -0.2060
vn -0.9809 0.0081 -0.1941
vn -0.9766 0.0018 -0.2148
vn -0.9767 0.0001 -0.2145
vn -0.9767 0.0009 -0.2148
vn -0.9770 -0.0000 -0.2133
vn -0.9773 -0.0000 -0.2121
vn -0.9783 0.0001 -0.2072
vn -0.9790 0.0013 -0.2040
vn -0.9797 0.0034 -0.2003
vn -0.0000 -1.0000 -0.0000
vn -0.9811 -0.0090 -0.1933
vn -0.9790 -0.0180 -0.2029
vn -0.9782 -0.0223 -0.2063
vn -0.9781 -0.0355 -0.2053
vn -0.9782 -0.0172 -0.2070
vn -0.9825 -0.0349 -0.1827
vn -0.9781 -0.0319 -0.2058
vn -0.9778 -0.0456 -0.2047
vn -0.9743 -0.0218 -0.2243
vn -0.9763 -0.0229 -0.2154
vn -0.9757 -0.0263 -0.2175
vn -0.9757 -0.0297 -0.2171
vn -0.9757 -0.0300 -0.2171
vn -0.9709 -0.0750 -0.2273
vn -0.9968 -0.0511 -0.0608
vn -0.9968 -0.0514 -0.0610
vn 0.9072 0.4206 -0.0067
vn 0.9182 0.3961 -0.0055
vn -0.7749 -0.6176 -0.1350
vn -0.6781 -0.7341 -0.0369
vn -0.9992 -0.0292 -0.0287
vn -0.9990 -0.0206 -0.0391
vn -0.6534 -0.7485 -0.1133
vn -0.8874 -0.1254 -0.4435
vn -0.8831 -0.1463 -0.4458
vn -0.9719 0.0001 -0.2352
vn -0.9725 -0.0030 -0.2330
vn -0.5178 -0.8549 -0.0322
vn -0.9715 -0.0000 -0.2369
vn -0.8350 -0.0000 0.5502
vn -0.8556 -0.0000 0.5176
vn -0.8555 -0.0000 0.5178
vn -0.9887 -0.0785 -0.1274
vn -0.9894 -0.0699 -0.1273
vn -0.9706 0.0199 -0.2398
vn -0.9712 0.0207 -0.2373
vn -0.8356 -0.0001 0.5493
vn -0.5650 0.8240 0.0429
vn -0.4240 0.9051 0.0313
vn -0.4115 0.9109 0.0297
vn -0.9710 0.0105 -0.2389
vn -0.9710 0.0106 -0.2389
vn 0.6550 -0.7553 -0.0215
vn 0.6350 -0.7723 -0.0198
vn -0.9310 -0.1940 -0.3091
vn -0.9322 -0.1462 -0.3311
vn -0.3259 -0.0000 -0.9454
vn -0.3266 -0.0000 -0.9452
vn -0.9215 0.2831 -0.2659
vn -0.9271 0.2418 -0.2863
vn -0.9349 -0.2138 -0.2832
vn -0.9377 -0.1896 -0.2911
vn -0.9732 0.0282 -0.2282
vn -0.5254 -0.8428 -0.1168
vn -0.5600 -0.8185 -0.1281
vn -0.9682 0.0336 -0.2480
vn -0.0110 -0.9991 0.0397
vn -0.0098 -0.9992 0.0393
vn -0.9730 0.0149 -0.2304
vn -0.9707 0.0161 -0.2400
vn -0.9713 0.0166 -0.2374
vn -0.9662 0.0230 -0.2568
vn -0.9659 0.0249 -0.2578
vn -0.9661 0.0213 -0.2574
vn -0.9513 0.3075 -0.0213
vn -0.9552 0.2959 -0.0104
vn -0.9734 0.0087 -0.2287
vn -0.9734 0.0086 -0.2287
vn -0.9344 -0.3115 -0.1730
vn -0.9378 -0.2872 -0.1949
vn -0.8877 -0.0949 -0.4505
vn -0.8878 -0.0936 -0.4505
vn -0.9732 -0.0067 -0.2297
vn -0.9809 -0.0081 -0.1941
vn -0.9802 -0.0000 -0.1982
vn -0.9755 0.0006 -0.2199
vn -0.9759 -0.0001 -0.2183
vn -0.9758 -0.0000 -0.2185
vn -0.9767 -0.0000 -0.2148
vn -0.9765 -0.0002 -0.2156
vn -0.9773 0.0003 -0.2116
vn -0.9767 -0.0001 -0.2148
vn -0.9942 0.0340 -0.1017
vn -0.9952 0.0251 -0.0945
vn -0.9791 -0.0017 -0.2033
vn -0.9790 -0.0013 -0.2040
vn -0.9783 -0.0000 -0.2071
vn -0.9796 -0.0000 -0.2010
vn -0.9797 -0.0034 -0.2003
vn -0.9769 -0.0060 -0.2137
vn -0.9769 -0.0119 -0.2136
vn -0.9774 -0.0162 -0.2108
vn -0.9786 -0.0247 -0.2043
vn -0.9740 -0.0219 -0.2254
vn -0.9756 0.0052 -0.2195
vn -0.9764 0.0076 -0.2159
vn -0.9757 -0.0152 -0.2186
vn -0.9757 -0.0160 -0.2187
vn -0.9757 -0.0179 -0.2185
vn -0.9758 -0.0265 -0.2169
vn -0.9728 -0.0398 -0.2282
vn -0.9664 -0.0679 -0.2481
vn -0.9674 -0.0520 -0.2479
vn 0.9990 0.0328 -0.0309
vn 0.9990 0.0313 -0.0306
vn -0.9723 -0.0543 -0.2274
vn -0.9705 -0.0194 -0.2402
vn -0.9967 0.0150 -0.0802
vn -0.9946 0.0317 -0.0993
vn -0.8809 0.1652 -0.4436
vn -0.8806 0.1664 -0.4437
vn -0.9170 0.2972 -0.2661
vn -0.9025 0.3451 -0.2577
vn -0.9308 0.1941 -0.3097
vn -0.9315 0.1650 -0.3241
vn -0.9601 -0.2294 -0.1601
vn -0.9589 -0.2412 -0.1493
vn -0.6810 -0.7219 -0.1223
vn -0.7796 -0.6108 -0.1385
vn -0.9227 0.3825 0.0486
vn -0.9382 0.3422 0.0518
vn 0.9988 0.0313 -0.0372
vn 0.9989 0.0300 -0.0369
vn -0.3617 -0.9320 -0.0214
vn -0.3555 -0.9339 -0.0376
vn -0.9289 0.2838 -0.2381
vn -0.9269 0.2883 -0.2405
vn -0.8038 -0.0000 0.5949
vn -0.8185 -0.0000 0.5745
vn -0.3214 -0.9468 0.0186
vn -0.3156 -0.9486 0.0246
vn -0.3951 0.9184 0.0225
vn -0.4091 0.9122 0.0245
vn -0.5454 0.8381 0.0117
vn -0.5585 0.8294 0.0147
vn -0.3157 0.9485 0.0245
vn -0.3214 0.9468 0.0186
vn -0.9734 -0.0086 -0.2288
vn -0.9746 -0.0025 -0.2239
vn -0.6448 -0.7556 -0.1156
vn -0.5294 -0.8482 -0.0175
vn -0.3727 0.9248 -0.0771
vn -0.4016 0.9112 -0.0912
vn -0.4267 0.8972 -0.1137
vn -0.4278 0.8966 -0.1147
vn -0.4275 0.8967 -0.1150
vn -0.7061 -0.6836 -0.1846
vn -0.7400 -0.6431 -0.1972
vn -0.5483 0.7754 -0.3133
vn -0.8481 0.5279 0.0455
vn -0.8698 0.4909 0.0493
vn -0.7838 0.4717 -0.4041
vn 0.0234 -0.9948 -0.0994
vn 0.0219 -0.9947 -0.1001
vn -0.9941 -0.0334 -0.1028
vn -0.9953 -0.0260 -0.0932
vn 0.9594 0.2818 -0.0102
vn 0.9522 0.3051 -0.0114
vn -0.7492 0.6253 -0.2185
vn -0.7393 0.6386 -0.2137
vn -0.9665 0.0166 -0.2562
vn -0.3615 -0.9315 -0.0399
vn -0.5078 -0.8597 -0.0560
vn -0.9687 0.0037 -0.2484
vn -0.9710 -0.0105 -0.2389
vn -0.9713 0.0121 -0.2374
vn -0.1945 -0.9807 -0.0178
vn -0.2264 -0.9739 -0.0133
vn -0.9340 0.0995 -0.3432
vn -0.9579 0.0303 -0.2854
vn -0.9659 0.0123 -0.2585
vn -0.9659 -0.0123 -0.2586
vn -0.9663 -0.0100 -0.2571
vn -0.9710 0.0099 -0.2388
vn -0.9463 0.3001 -0.1206
vn -0.9468 0.2973 -0.1233
vn -0.9730 -0.0024 -0.2308
vn -0.9746 0.0013 -0.2241
vn -0.9750 -0.0005 -0.2224
vn -0.2571 0.9436 -0.2086
vn -0.2105 0.9591 -0.1893
vn -0.9739 -0.0000 -0.2268
vn -0.9744 0.0008 -0.2249
vn -0.8022 -0.5787 -0.1468
vn -0.8692 -0.4686 -0.1579
vn -0.9754 -0.0011 -0.2203
vn -0.9759 0.0001 -0.2184
vn -0.9750 0.0033 -0.2223
vn -0.9750 0.0013 -0.2223
vn -0.9732 0.0067 -0.2297
vn -0.9746 0.0025 -0.2239
vn -0.9734 0.0086 -0.2288
vn -0.9734 -0.0086 -0.2287
vn -0.9734 -0.0087 -0.2287
vn -0.9733 0.0222 -0.2283
vn -0.9735 0.0178 -0.2280
vn -0.9732 -0.0281 -0.2282
vn -0.9682 -0.0336 -0.2480
vn -0.9657 0.0202 -0.2589
vn -0.9665 0.0191 -0.2561
vn -0.9661 -0.0213 -0.2574
vn -0.9659 -0.0249 -0.2578
vn -0.9685 0.0218 -0.2481
vn -0.9683 0.0281 -0.2482
vn -0.6707 0.7404 -0.0444
vn -0.6740 0.7374 -0.0437
vn -0.9707 -0.0161 -0.2400
vn -0.9267 -0.2431 -0.2864
vn -0.9724 0.0015 -0.2333
vn -0.9726 0.0025 -0.2325
vn -0.4016 -0.9112 -0.0912
vn -0.3727 -0.9248 -0.0771
vn -0.4278 -0.8966 -0.1147
vn -0.4257 -0.8978 -0.1129
vn -0.4275 -0.8967 -0.1151
vn -0.2994 -0.9541 0.0070
vn -0.2679 -0.9634 -0.0034
vn -0.2263 -0.9738 -0.0241
vn -0.2267 -0.9737 -0.0242
vn -0.2219 -0.9748 -0.0225
vn -0.7259 0.6866 0.0399
vn -0.7501 0.6599 0.0437
vn -0.2271 -0.9738 -0.0132
vn -0.2819 -0.9585 -0.0420
vn -0.7461 0.0001 0.6659
vn -0.7816 -0.0000 0.6237
vn -0.2369 -0.9709 0.0356
vn -0.2220 -0.9743 0.0377
vn -0.2994 0.9541 0.0070
vn -0.2679 0.9634 -0.0034
vn -0.2271 0.9738 -0.0132
vn -0.2267 0.9737 -0.0243
vn -0.2263 0.9738 -0.0241
vn -0.2264 0.9739 -0.0133
vn -0.2819 0.9585 -0.0420
vn -0.7469 -0.0000 0.6649
vn -0.2269 0.9732 0.0372
vn -0.2374 0.9708 0.0357
vn -0.9310 0.2929 -0.2179
vn -0.9361 0.2809 -0.2116
vn -0.1945 0.9808 -0.0167
vn -0.1994 0.9798 -0.0171
vn -0.3335 0.9408 -0.0607
vn -0.1922 0.9812 -0.0167
vn -0.2136 0.9754 -0.0550
vn -0.2195 0.9754 -0.0223
vn -0.1999 0.9797 -0.0173
vn -0.1897 0.9797 -0.0642
vn -0.1817 0.9796 -0.0859
vn -0.2803 0.9510 -0.1301
vn -0.3994 0.9083 -0.1244
vn -0.4191 0.8998 -0.1213
vn -0.3462 0.9070 -0.2396
vn -0.3551 0.9025 -0.2435
vn -0.7043 0.7098 0.0145
vn -0.7200 0.6937 0.0186
vn -0.9732 -0.0000 -0.2298
vn -0.9995 -0.0323 0.0044
vn -0.9995 -0.0321 0.0046
vn -0.4605 -0.0000 -0.8877
vn -0.4607 -0.0000 -0.8875
vn -0.4807 -0.0000 -0.8769
vn -0.4555 -0.0148 -0.8901
vn -0.4805 -0.0000 -0.8770
vn -0.4971 -0.0000 -0.8677
vn -0.4875 -0.0019 -0.8731
vn -0.8852 0.1228 -0.4488
vn -0.9747 -0.0021 -0.2234
vn -0.9752 -0.0023 -0.2214
vn -0.9686 0.0047 -0.2487
vn -0.9687 0.0052 -0.2483
vn -0.6870 0.6276 -0.3662
vn -0.6673 0.6512 -0.3615
vn -0.9710 0.0086 -0.2389
vn -0.9695 0.0005 -0.2452
vn -0.9696 -0.0000 -0.2447
vn -0.9679 0.0154 -0.2510
vn -0.9629 0.0106 -0.2697
vn -0.9623 0.0126 -0.2716
vn -0.9206 0.0658 -0.3849
vn -0.9322 0.0936 -0.3497
vn -0.8903 -0.0630 -0.4509
vn -0.8900 -0.0511 -0.4530
vn -0.9642 -0.0097 -0.2651
vn 0.4624 0.8866 -0.0126
vn 0.4115 0.9112 -0.0163
vn -0.9649 -0.0000 -0.2625
vn -0.8679 -0.4748 -0.1463
vn -0.8009 -0.5959 -0.0591
vn -0.9140 -0.0000 0.4056
vn -0.9139 -0.0000 0.4058
vn -0.9681 0.0015 -0.2505
vn -0.9378 0.2871 -0.1951
vn -0.9343 0.3116 -0.1730
vn -0.9720 -0.0000 -0.2351
vn -0.9722 0.0002 -0.2341
vn -0.9720 0.0003 -0.2348
vn -0.9734 -0.0000 -0.2291
vn -0.9745 -0.0000 -0.2243
vn -0.9742 -0.0004 -0.2257
vn -0.9730 0.0024 -0.2307
vn -0.9746 -0.0014 -0.2240
vn -0.9748 0.0008 -0.2229
vn -0.9730 0.0025 -0.2307
vn -0.9730 -0.0058 -0.2306
vn -0.9710 -0.0099 -0.2388
vn -0.9629 -0.0000 -0.2699
vn -0.9630 -0.0000 -0.2696
vn -0.7827 -0.0000 0.6225
vn -0.9685 0.0176 -0.2482
vn -0.9687 0.0126 -0.2481
vn -0.9666 -0.0101 -0.2562
vn -0.8974 0.4408 -0.0188
vn -0.9059 0.4233 -0.0156
vn -0.9659 -0.0123 -0.2585
vn -0.9658 -0.0198 -0.2587
vn -0.9579 -0.0303 -0.2854
vn -0.9340 -0.0996 -0.3432
vn -0.9336 -0.1212 -0.3373
vn -0.9629 0.2403 -0.1228
vn -0.9657 0.2283 -0.1236
vn -0.9687 -0.0037 -0.2484
vn -0.9875 -0.0316 -0.1542
vn -0.9861 -0.0246 -0.1641
vn -0.8796 -0.1681 -0.4450
vn -0.8697 -0.2229 -0.4404
vn -0.8186 -0.5333 -0.2133
vn -0.8445 -0.4866 -0.2236
vn 0.7559 0.6547 0.0024
vn 0.7738 0.6334 0.0035
vn -0.9467 0.3035 -0.1082
vn -0.9446 0.3202 -0.0721
vn -0.4994 0.8128 -0.2999
vn -0.4400 0.8545 -0.2759
vn -0.5729 -0.7538 -0.3218
vn -0.6647 -0.6539 -0.3613
vn -0.3335 -0.9408 -0.0607
vn -0.1923 -0.9812 -0.0166
vn -0.1994 -0.9798 -0.0172
vn -0.2195 -0.9754 -0.0223
vn 0.9119 0.4102 -0.0141
vn 0.9071 0.4208 -0.0120
vn -0.4192 -0.8997 -0.1213
vn -0.4218 -0.8986 -0.1209
vn -0.2888 -0.9484 -0.1309
vn -0.3642 -0.8980 -0.2468
vn -0.1992 -0.9798 -0.0171
vn -0.7143 0.0001 0.6998
vn -0.1932 -0.9804 0.0392
vn -0.1432 -0.9888 0.0421
vn -0.7156 -0.0000 0.6985
vn -0.0001 -1.0000 -0.0000
vn -0.6847 0.7288 -0.0122
vn -0.6968 0.7172 -0.0094
vn -0.0734 -0.9963 0.0442
vn -0.0607 -0.9972 0.0439
vn -0.1073 -0.9933 0.0435
vn -0.7154 -0.0000 0.6987
vn -0.1459 0.9884 0.0419
vn -0.1932 0.9804 0.0391
vn -0.1074 0.9933 0.0435
vn -0.0727 0.9964 0.0438
vn -0.0000 1.0000 -0.0000
vn 0.0002 1.0000 -0.0000
vn -0.2089 0.9778 -0.0183
vn -0.0026 1.0000 -0.0006
vn -0.0073 1.0000 -0.0010
vn -0.0102 0.9999 -0.0012
vn -0.0101 0.9999 -0.0012
vn -0.9766 -0.0018 -0.2148
vn -0.9767 -0.0005 -0.2145
vn -0.1964 0.9719 -0.1294
vn -0.2380 0.9623 -0.1319
vn -0.4538 -0.8456 -0.2811
vn -0.4961 -0.8151 -0.2991
vn -0.1699 0.9792 -0.1107
vn -0.1648 0.9802 -0.1102
vn -0.9824 0.0323 -0.1840
vn -0.9824 0.0323 -0.1839
vn -0.3533 -0.9033 -0.2434
vn -0.4528 0.0162 -0.8914
vn -0.4868 0.0020 -0.8735
vn -0.4616 0.0120 -0.8870
vn -0.4943 -0.0009 -0.8693
vn -0.4916 -0.0013 -0.8708
vn -0.5048 -0.0000 -0.8632
vn -0.5048 -0.0000 -0.8633
vn -0.1841 -0.9793 -0.0843
vn -0.1825 -0.9801 -0.0776
vn -0.8916 0.0321 -0.4517
vn 0.2742 -0.0000 0.9617
vn 0.2988 0.0026 0.9543
vn -0.7140 -0.5917 -0.3742
vn -0.7815 -0.4742 -0.4055
vn -0.9710 -0.0086 -0.2389
vn -0.9695 -0.0005 -0.2452
vn -0.9687 -0.0052 -0.2483
vn -0.9626 0.0014 -0.2708
vn -0.9924 -0.0826 0.0910
vn -0.9866 -0.1399 0.0837
vn -0.9648 -0.0000 -0.2631
vn -0.9082 0.0322 -0.4174
vn -0.9170 0.0543 -0.3952
vn -0.9649 -0.0000 -0.2626
vn -0.9641 -0.0046 -0.2654
vn -0.9679 -0.0154 -0.2510
vn -0.9686 -0.0047 -0.2487
vn -0.9681 -0.0015 -0.2504
vn -0.9623 -0.0126 -0.2716
vn -0.9628 -0.0108 -0.2700
vn -0.9320 -0.0934 -0.3501
vn -0.9321 -0.0937 -0.3498
vn -0.9822 -0.0000 -0.1879
vn -0.4901 0.0017 -0.8717
vn -0.4932 0.0010 -0.8699
vn -0.0073 -1.0000 -0.0010
vn -0.0069 -1.0000 -0.0008
vn -0.0124 -0.9999 -0.0012
vn -0.2602 -0.9564 -0.1328
vn -0.1941 -0.9724 -0.1292
vn -0.0043 -1.0000 0.0015
vn -0.9822 -0.0081 -0.1875
vn -0.9838 -0.0097 -0.1788
vn 0.6940 0.7199 -0.0074
vn 0.6721 0.7404 -0.0033
vn -0.0319 -0.9986 0.0432
vn -0.0334 -0.9985 0.0435
vn -0.4591 -0.0000 0.8884
vn -0.8919 0.0049 -0.4522
vn -0.8932 0.0113 -0.4496
vn -0.0110 0.9991 0.0397
vn -0.0098 0.9992 0.0393
vn -0.9932 0.0402 -0.1094
vn -0.9913 0.0506 -0.1212
vn -0.0608 0.9972 0.0440
vn -0.0334 0.9985 0.0435
vn -0.0319 0.9986 0.0432
vn -0.9665 -0.0191 -0.2561
vn -0.9657 -0.0202 -0.2589
vn -0.0047 1.0000 -0.0006
vn -0.0915 0.9882 -0.1226
vn -0.1325 0.9831 -0.1267
vn -0.1471 0.9809 -0.1272
vn -0.9703 -0.0000 -0.2421
vn 0.7529 0.6579 -0.0209
vn 0.7220 0.6917 -0.0152
vn -0.1103 -0.9818 -0.1547
vn 0.7677 0.6408 -0.0020
vn 0.7555 0.6551 -0.0043
vn -0.8918 -0.0285 -0.4515
vn -0.6989 -0.0000 0.7152
vn -0.6771 -0.0000 0.7359
vn -0.8981 0.0049 -0.4397
vn -0.8802 0.0002 -0.4746
vn -0.9634 -0.0000 -0.2680
vn -0.7947 -0.5800 -0.1789
vn -0.8225 -0.5364 -0.1893
vn -0.9115 -0.0551 -0.4076
vn -0.9150 -0.0481 -0.4007
vn -0.9198 -0.0631 -0.3873
vn -0.0935 -0.9877 -0.1253
vn -0.9803 0.0081 -0.1975
vn -0.9823 0.0095 -0.1869
vn -0.0000 -1.0000 -0.0001
vn -0.1471 -0.9809 -0.1273
vn -0.8296 0.5582 0.0163
vn -0.8440 0.5360 0.0209
vn 0.4268 -0.0000 -0.9044
vn 0.4268 -0.0000 -0.9043
vn 0.0242 -0.9995 0.0216
vn 0.0158 -0.9995 0.0263
vn 0.0001 -1.0000 -0.0000
vn 0.0049 0.9995 0.0325
vn 0.0024 0.9994 0.0340
vn -0.0023 -0.9993 0.0367
vn -0.2661 -0.0000 0.9639
vn -0.6088 -0.0000 0.7933
vn -0.0215 -0.9989 0.0417
vn -0.0192 -0.9990 0.0409
vn -0.5583 -0.8166 -0.1462
vn -0.5936 -0.7889 -0.1589
vn -0.0013 0.9938 -0.1113
vn -0.0193 0.9929 -0.1171
vn -0.0281 0.9927 -0.1175
vn -0.0210 0.9928 -0.1179
vn 0.0400 -0.0000 0.9992
vn -0.9069 -0.0286 -0.4204
vn -0.8985 -0.0035 -0.4389
vn -0.0056 -0.9936 -0.1126
vn -0.0013 -0.9938 -0.1112
vn 0.0234 0.9948 -0.0995
vn 0.0219 0.9947 -0.1004
vn -0.9975 0.0120 -0.0694
vn -0.9977 0.0118 -0.0672
vn -0.9377 0.1895 -0.2911
vn -0.9349 0.2137 -0.2832
vn 0.0243 -0.9995 0.0216
vn 0.7220 0.6917 -0.0145
vn 0.6940 0.7199 -0.0095
vn -0.9466 0.2125 -0.2426
vn -0.9463 0.2138 -0.2425
vn 0.0254 -0.9994 0.0214
vn 0.0271 -0.9994 0.0212
vn 0.0458 -0.9987 0.0208
vn 0.0445 -0.9988 0.0209
vn -0.0023 0.9993 0.0367
vn -0.3807 0.9246 0.0084
vn -0.3890 0.9212 0.0101
vn -0.9339 0.1047 -0.3418
vn -0.9338 0.1207 -0.3369
vn 0.0158 0.9995 0.0263
vn 0.0242 0.9995 0.0216
vn 0.0243 0.9995 0.0216
vn 0.0254 0.9994 0.0214
vn 0.0271 0.9994 0.0212
vn 0.0458 0.9987 0.0208
vn 0.0445 0.9988 0.0209
vn 0.0709 0.9973 0.0176
vn 0.0948 0.9954 0.0147
vn 0.1038 0.9945 0.0135
vn 0.1442 0.9895 0.0078
vn 0.1543 0.9880 0.0045
vn 0.1763 0.9843 -0.0058
vn 0.1730 0.9849 -0.0117
vn 0.1961 0.9804 -0.0172
vn 0.1955 0.9802 -0.0326
vn 0.1400 0.9884 -0.0585
vn 0.1116 0.9915 -0.0672
vn 0.0612 -0.9947 -0.0827
vn 0.0524 -0.9950 -0.0855
vn 0.0415 -0.9953 -0.0880
vn 0.0414 -0.9953 -0.0880
vn -0.1751 -0.0000 -0.9846
vn 0.4646 -0.0000 -0.8855
vn 0.4687 -0.0047 -0.8834
vn 0.4776 -0.0163 -0.8784
vn 0.4956 -0.0429 -0.8675
vn 0.5158 -0.0839 -0.8526
vn 0.5203 -0.0953 -0.8486
vn 0.5344 -0.1266 -0.8357
vn 0.5547 -0.1865 -0.8109
vn 0.5621 -0.2184 -0.7977
vn 0.1400 -0.9884 -0.0584
vn 0.1115 -0.9915 -0.0671
vn -0.1966 0.9800 0.0295
vn -0.1965 0.9800 0.0295
vn 0.1955 -0.9802 -0.0325
vn 0.1961 -0.9804 -0.0174
vn 0.1728 -0.9849 -0.0117
vn 0.1994 -0.0000 0.9799
vn 0.1993 -0.0000 0.9799
vn 0.0948 -0.9954 0.0146
vn 0.0714 -0.9973 0.0177
vn 0.2369 -0.0000 0.9715
vn -0.8901 -0.3927 -0.2313
vn -0.9059 -0.3502 -0.2380
vn 0.3979 0.9174 -0.0123
vn 0.3925 0.9197 -0.0127
vn 0.3591 0.9332 -0.0143
vn 0.3551 0.9347 -0.0145
vn 0.2941 0.9556 -0.0175
vn 0.2763 0.9609 -0.0193
vn 0.2350 0.9718 -0.0214
vn 0.1957 0.9805 -0.0171
vn 0.2007 0.9792 -0.0301
vn 0.2115 0.9771 -0.0241
vn 0.2125 0.9769 -0.0247
vn 0.5845 0.3072 -0.7510
vn 0.5824 0.2947 -0.7576
vn 0.5699 0.2434 -0.7848
vn 0.5621 0.2184 -0.7977
vn 0.2143 0.9765 -0.0245
vn 0.2111 0.9771 -0.0249
vn 0.5547 0.1865 -0.8109
vn 0.5344 0.1266 -0.8357
vn 0.5203 0.0953 -0.8486
vn 0.5158 0.0839 -0.8526
vn 0.4956 0.0429 -0.8675
vn 0.4776 0.0163 -0.8784
vn 0.4687 0.0047 -0.8834
vn 0.9212 0.3884 -0.0223
vn 0.9118 0.4103 -0.0184
vn 0.9978 -0.0359 -0.0550
vn 0.9976 -0.0415 -0.0547
vn 0.9940 -0.0932 -0.0568
vn 0.9919 -0.1172 -0.0500
vn 0.9885 -0.1436 -0.0466
vn 0.9827 -0.1796 -0.0452
vn 0.9733 -0.2257 -0.0408
vn 0.9588 -0.2815 -0.0387
vn 0.9538 -0.2981 -0.0367
vn 0.9483 -0.3153 -0.0355
vn 0.9148 -0.4027 -0.0318
vn 0.9115 -0.4101 -0.0317
vn 0.5699 -0.2435 -0.7848
vn 0.5824 -0.2946 -0.7577
vn 0.5845 -0.3072 -0.7510
vn 0.2113 -0.9771 -0.0252
vn 0.2006 -0.9792 -0.0301
vn 0.2124 -0.9769 -0.0247
vn 0.2111 -0.9772 -0.0240
vn 0.1965 -0.9804 -0.0175
vn 0.1760 -0.9844 -0.0077
vn 0.2338 -0.9721 -0.0215
vn 0.2762 -0.9609 -0.0192
vn 0.2832 -0.9589 -0.0185
vn 0.1038 -0.9945 0.0135
vn 0.2372 -0.0000 0.9715
vn 0.1668 -0.9860 -0.0014
vn 0.1550 -0.9879 0.0042
vn 0.1480 -0.9890 0.0065
vn 0.1297 -0.9915 0.0098
vn 0.3502 -0.0000 0.9367
vn 0.7023 0.6081 0.3700
vn 0.6140 0.7818 0.1089
vn 0.5632 0.8263 0.0093
vn 0.5531 0.8331 0.0058
vn 0.5404 0.8414 0.0024
vn 0.4784 0.8781 -0.0064
vn 0.4701 0.8826 -0.0072
vn 0.4257 0.9048 -0.0104
vn 0.4107 0.9117 -0.0116
vn -0.0275 -0.9930 -0.1151
vn -0.0975 -0.9873 -0.1254
vn 0.5982 0.3963 -0.6965
vn 0.5984 0.4086 -0.6892
vn 0.5972 0.3941 -0.6986
vn 0.5908 0.3518 -0.7261
vn 0.5926 0.3597 -0.7207
vn 0.5387 0.2607 -0.8011
vn 0.7089 0.7049 -0.0228
vn 0.7707 -0.6368 -0.0229
vn 0.7530 -0.6576 -0.0245
vn 0.8421 0.5387 -0.0265
vn 0.8480 0.5294 -0.0262
vn 0.8501 0.5259 -0.0263
vn 0.9076 0.4186 -0.0320
vn 0.9115 0.4101 -0.0317
vn 0.9148 0.4027 -0.0318
vn 0.9483 0.3153 -0.0355
vn 0.9538 0.2981 -0.0367
vn 0.9588 0.2815 -0.0387
vn 0.9733 0.2257 -0.0408
vn 0.9827 0.1796 -0.0452
vn 0.9885 0.1436 -0.0466
vn 0.9919 0.1172 -0.0500
vn 0.9976 0.0415 -0.0547
vn 0.9978 0.0359 -0.0550
vn -0.9982 0.0120 -0.0579
vn -0.9985 0.0122 -0.0536
vn 0.9757 -0.2154 -0.0407
vn 0.9748 -0.2195 -0.0405
vn 0.8903 -0.4546 -0.0256
vn 0.8839 -0.4671 -0.0248
vn -0.9685 -0.0177 -0.2482
vn -0.9687 -0.0126 -0.2481
vn 0.8204 -0.5714 -0.0201
vn 0.8130 -0.5820 -0.0193
vn 0.5386 -0.2607 -0.8012
vn 0.5908 -0.3518 -0.7261
vn 0.5926 -0.3597 -0.7207
vn 0.2144 -0.9764 -0.0243
vn 0.3196 -0.9474 -0.0163
vn 0.5972 -0.3941 -0.6986
vn 0.5984 -0.4086 -0.6892
vn 0.5982 -0.3963 -0.6965
vn 0.3591 -0.9332 -0.0143
vn 0.3535 -0.9353 -0.0145
vn 0.3922 -0.9198 -0.0127
vn 0.3946 -0.9188 -0.0125
vn 0.4107 -0.9117 -0.0116
vn 0.4222 -0.9064 -0.0106
vn 0.5531 -0.8331 0.0059
vn 0.5635 -0.8261 0.0095
vn 0.5678 -0.8230 0.0174
vn 0.7021 -0.6070 0.3722
vn 0.4698 -0.8827 -0.0072
vn 0.4784 -0.8781 -0.0063
vn 0.5402 -0.8415 0.0024
vn 0.3658 -0.0000 0.9307
vn 0.3794 0.0002 0.9252
vn 0.7074 0.5893 0.3903
vn 0.7249 0.2096 0.6562
vn -0.9641 -0.2461 -0.0995
vn -0.9685 -0.2259 -0.1053
vn 0.5707 0.8211 0.0098
vn -0.8876 0.0958 -0.4505
vn -0.8870 0.1047 -0.4497
vn 0.5882 0.8087 -0.0095
vn -0.9996 -0.0224 0.0146
vn -0.9996 -0.0237 0.0129
vn 0.5981 0.4064 -0.6907
vn 0.5776 0.8161 -0.0200
vn -0.8867 0.4577 -0.0647
vn -0.8895 0.4524 -0.0638
vn 0.6724 0.7402 0.0023
vn 0.6573 0.7536 -0.0003
vn 0.8130 0.5820 -0.0193
vn 0.8204 0.5714 -0.0201
vn 0.8646 0.5021 -0.0193
vn 0.8839 0.4671 -0.0248
vn 0.8903 0.4546 -0.0256
vn 0.9352 0.3529 -0.0304
vn 0.9887 0.1436 -0.0432
vn 0.9849 0.1685 -0.0393
vn 0.9663 0.2549 -0.0354
vn 0.8647 0.5021 -0.0176
vn 0.8492 0.5279 -0.0130
vn 0.9748 0.2195 -0.0405
vn 0.9757 0.2154 -0.0407
vn 0.8493 0.5278 -0.0094
vn 0.8411 0.5408 -0.0068
vn 0.9664 0.2549 -0.0339
vn 0.9591 0.2815 -0.0295
vn -0.9994 0.0015 0.0357
vn -0.9994 -0.0000 0.0340
vn 0.6550 0.7553 -0.0215
vn 0.6350 0.7723 -0.0198
vn 0.5980 -0.4066 -0.6907
vn 0.7303 -0.2447 0.6378
vn 0.7072 -0.5881 0.3924
vn 0.5882 -0.8087 -0.0095
vn 0.3802 -0.0000 0.9249
vn -0.3696 0.9292 -0.0053
vn -0.3744 0.9273 -0.0044
vn 0.6718 -0.0002 0.7407
vn 0.6744 -0.0000 0.7384
vn -0.9675 0.2485 -0.0463
vn -0.9709 0.2366 -0.0360
vn 0.9951 0.0974 -0.0165
vn 0.9938 0.1100 -0.0176
vn -0.8900 0.0522 -0.4530
vn -0.8903 0.0656 -0.4505
vn -0.8931 -0.0035 -0.4498
vn -0.8917 -0.0110 -0.4525
vn 0.5962 0.8028 -0.0101
vn 0.7881 0.6154 -0.0139
vn 0.1148 -0.0000 0.9934
vn 0.9212 0.3884 -0.0248
vn 0.9958 0.0799 -0.0444
vn 0.9947 0.0934 -0.0420
vn -0.8932 -0.0000 -0.4496
vn -0.8932 0.0001 -0.4497
vn 0.9981 0.0247 -0.0559
vn 0.9985 0.0105 -0.0545
vn 0.9991 0.0335 -0.0248
vn 0.9992 0.0328 -0.0247
vn 0.9939 0.1076 -0.0238
vn 0.9937 0.1101 -0.0233
vn -0.9502 0.2183 -0.2225
vn -0.9514 0.2125 -0.2227
vn 0.5962 -0.8028 -0.0101
vn 0.7108 0.0001 0.7034
vn 0.7121 -0.0001 0.7021
vn -0.3629 -0.9316 -0.0218
vn -0.5184 -0.8545 -0.0324
vn 0.7675 0.6410 -0.0077
vn 0.7881 0.6154 -0.0124
vn 0.9850 0.1685 -0.0362
vn 0.9821 0.1856 -0.0331
vn 0.9949 0.0934 -0.0373
vn 0.9941 0.1023 -0.0355
vn 0.9545 0.2976 -0.0183
vn 0.9521 0.3052 -0.0168
vn -0.9970 0.0415 -0.0651
vn -0.9971 0.0409 -0.0646
vn 0.9592 0.2815 -0.0261
vn 0.9544 0.2976 -0.0231
vn -0.9515 -0.2125 -0.2225
vn -0.9480 -0.2283 -0.2220
vn 0.7425 -0.0000 0.6698
vn 0.7371 -0.0006 0.6758
vn -0.8515 0.4619 -0.2481
vn -0.8422 0.4813 -0.2429
vn 0.7709 0.6365 -0.0249
vn 0.7529 0.6577 -0.0229
vn -0.9979 -0.0000 -0.0644
vn -0.2598 -0.0000 -0.9657
vn -0.2606 -0.0000 -0.9654
vn 0.9992 0.0361 -0.0187
vn 0.9994 0.0287 -0.0178
vn 0.7901 0.0006 0.6130
vn 0.7897 0.0006 0.6134
vn 0.7822 -0.0000 0.6231
vn 0.7670 -0.0000 0.6417
vn 0.7661 -0.0000 0.6427
vn 0.7526 -0.0000 0.6585
vn 0.7767 -0.0029 0.6299
vn 0.7908 -0.0005 0.6121
s 0
f 1//1 2//1 3//1
f 4//2 5//2 6//2
f 7//3 8//3 9//3
f 9//4 8//4 10//4
f 9//5 10//5 11//5
f 11//6 10//6 12//6
f 11//7 12//7 13//7
f 13//8 12//8 14//8
f 13//9 14//9 15//9
f 15//10 14//10 16//10
f 15//11 16//11 17//11
f 17//12 16//12 18//12
f 17//13 18//13 19//13
f 19//14 18//14 20//14
f 19//15 20//15 21//15
f 21//16 20//16 4//16
f 21//17 4//17 22//17
f 22//18 4//18 6//18
f 22//19 6//19 23//19
f 24//20 25//20 26//20
f 26//21 27//21 24//21
f 24//22 27//22 28//22
f 24//23 28//23 29//23
f 29//24 28//24 30//24
f 25//25 31//25 26//25
f 32//26 33//26 34//26
f 34//27 33//27 35//27
f 34//28 35//28 36//28
f 36//29 35//29 37//29
f 36//30 37//30 38//30
f 38//31 37//31 39//31
f 38//32 39//32 40//32
f 40//33 39//33 41//33
f 40//34 41//34 42//34
f 42//35 41//35 43//35
f 44//36 43//36 45//36
f 46//37 45//37 47//37
f 46//38 47//38 48//38
f 48//39 47//39 49//39
f 50//40 51//40 52//40
f 3//41 50//41 1//41
f 53//42 24//42 54//42
f 54//43 24//43 29//43
f 48//44 29//44 55//44
f 48//45 55//45 46//45
f 46//46 55//46 56//46
f 44//47 56//47 57//47
f 42//34 58//34 40//34
f 40//48 59//48 38//48
f 38//49 60//49 36//49
f 36//50 60//50 51//50
f 36//51 51//51 34//51
f 34//52 51//52 50//52
f 34//53 50//53 32//53
f 32//54 50//54 3//54
f 61//55 5//55 62//55
f 62//56 5//56 4//56
f 62//57 4//57 63//57
f 63//58 4//58 20//58
f 63//59 20//59 64//59
f 64//60 20//60 18//60
f 64//61 18//61 65//61
f 65//62 18//62 16//62
f 65//63 16//63 66//63
f 66//64 16//64 14//64
f 66//65 14//65 67//65
f 67//66 14//66 12//66
f 67//67 12//67 68//67
f 68//68 12//68 10//68
f 68//69 10//69 69//69
f 69//70 10//70 8//70
f 69//71 8//71 70//71
f 71//72 72//72 55//72
f 56//73 73//73 74//73
f 56//74 74//74 57//74
f 57//75 74//75 75//75
f 76//76 77//76 78//76
f 70//77 54//77 69//77
f 69//78 54//78 49//78
f 69//79 49//79 68//79
f 68//80 49//80 47//80
f 68//81 47//81 67//81
f 67//82 47//82 45//82
f 67//83 45//83 66//83
f 66//84 45//84 43//84
f 66//85 43//85 65//85
f 65//86 43//86 41//86
f 65//87 41//87 64//87
f 64//88 41//88 39//88
f 64//89 39//89 63//89
f 63//90 39//90 37//90
f 63//91 37//91 62//91
f 62//92 37//92 35//92
f 62//93 35//93 61//93
f 61//94 35//94 33//94
f 79//95 80//95 81//95
f 81//96 82//96 79//96
f 83//97 84//97 85//97
f 86//98 87//98 88//98
f 89//99 88//99 90//99
f 91//100 92//100 93//100
f 6//101 5//101 94//101
f 82//102 95//102 79//102
f 86//103 96//103 97//103
f 98//104 99//104 100//104
f 101//105 102//105 103//105
f 104//106 105//106 106//106
f 107//107 108//107 109//107
f 109//108 108//108 110//108
f 111//109 112//109 113//109
f 114//110 115//110 116//110
f 116//111 115//111 117//111
f 116//112 117//112 118//112
f 118//113 117//113 119//113
f 118//114 119//114 120//114
f 120//115 119//115 121//115
f 120//116 121//116 122//116
f 122//117 121//117 123//117
f 124//118 125//118 126//118
f 124//119 126//119 127//119
f 127//120 126//120 128//120
f 127//121 128//121 129//121
f 129//122 128//122 130//122
f 129//123 130//123 131//123
f 131//124 130//124 109//124
f 131//125 109//125 132//125
f 132//126 109//126 110//126
f 133//127 134//127 135//127
f 133//128 135//128 136//128
f 136//129 135//129 137//129
f 136//130 137//130 138//130
f 138//131 137//131 139//131
f 138//132 139//132 140//132
f 140//133 139//133 111//133
f 140//134 111//134 141//134
f 141//135 111//135 113//135
f 107//136 109//136 141//136
f 141//137 109//137 130//137
f 141//138 130//138 140//138
f 140//139 130//139 128//139
f 140//140 128//140 138//140
f 138//141 128//141 126//141
f 138//142 126//142 136//142
f 136//143 126//143 125//143
f 136//144 125//144 133//144
f 112//145 111//145 142//145
f 142//146 111//146 139//146
f 142//147 139//147 143//147
f 143//148 139//148 137//148
f 143//149 137//149 144//149
f 144//150 137//150 135//150
f 144//151 135//151 145//151
f 146//152 147//152 148//152
f 146//153 148//153 149//153
f 149//154 148//154 150//154
f 149//155 151//155 146//155
f 145//156 152//156 153//156
f 145//157 153//157 144//157
f 144//158 153//158 154//158
f 144//159 154//159 143//159
f 143//160 154//160 155//160
f 143//161 155//161 142//161
f 142//162 155//162 156//162
f 142//163 156//163 112//163
f 155//164 157//164 156//164
f 147//165 158//165 148//165
f 148//166 158//166 159//166
f 148//167 159//167 150//167
f 160//168 115//168 114//168
f 161//169 162//169 163//169
f 164//170 165//170 166//170
f 167//171 168//171 169//171
f 169//172 168//172 170//172
f 171//173 172//173 173//173
f 171//174 173//174 174//174
f 174//175 173//175 175//175
f 176//176 177//176 178//176
f 179//177 180//177 181//177
f 181//178 180//178 182//178
f 181//179 182//179 183//179
f 183//180 182//180 184//180
f 183//181 184//181 185//181
f 185//182 184//182 186//182
f 185//183 186//183 187//183
f 187//184 186//184 188//184
f 189//185 179//185 190//185
f 190//186 179//186 181//186
f 191//187 192//187 193//187
f 162//188 194//188 163//188
f 163//189 194//189 195//189
f 163//190 195//190 196//190
f 196//191 195//191 197//191
f 196//192 197//192 198//192
f 198//193 197//193 199//193
f 198//194 199//194 200//194
f 200//195 199//195 201//195
f 194//196 168//196 195//196
f 195//197 168//197 202//197
f 195//198 202//198 197//198
f 197//199 202//199 203//199
f 197//200 203//200 199//200
f 199//201 203//201 204//201
f 199//202 204//202 201//202
f 201//203 204//203 205//203
f 200//204 188//204 198//204
f 198//205 188//205 186//205
f 198//206 186//206 196//206
f 196//207 186//207 184//207
f 196//208 184//208 163//208
f 163//209 184//209 182//209
f 163//210 182//210 161//210
f 161//211 182//211 180//211
f 206//212 180//212 179//212
f 206//213 179//213 192//213
f 192//214 179//214 189//214
f 192//215 189//215 207//215
f 208//216 209//216 210//216
f 210//217 209//217 211//217
f 211//218 212//218 213//218
f 213//219 214//219 211//219
f 177//220 215//220 178//220
f 172//221 216//221 173//221
f 173//222 217//222 175//222
f 218//223 219//223 164//223
f 165//224 220//224 221//224
f 222//225 223//225 224//225
f 224//226 225//226 222//226
f 226//217 227//217 228//217
f 227//227 224//227 228//227
f 229//228 230//228 231//228
f 226//229 228//229 232//229
f 233//230 234//230 157//230
f 157//231 235//231 156//231
f 156//232 235//232 236//232
f 156//233 236//233 112//233
f 112//234 237//234 113//234
f 238//235 239//235 240//235
f 240//236 239//236 241//236
f 242//237 243//237 244//237
f 244//238 245//238 242//238
f 246//239 247//239 248//239
f 249//240 246//240 248//240
f 248//241 250//241 249//241
f 251//242 252//242 253//242
f 254//243 255//243 256//243
f 257//244 258//244 259//244
f 260//245 261//245 262//245
f 263//246 264//246 265//246
f 266//247 267//247 268//247
f 266//248 268//248 269//248
f 270//249 264//249 271//249
f 272//250 273//250 274//250
f 275//251 276//251 277//251
f 278//252 279//252 280//252
f 281//253 282//253 280//253
f 279//254 283//254 280//254
f 284//255 285//255 286//255
f 287//256 284//256 286//256
f 288//257 289//257 290//257
f 291//258 292//258 293//258
f 293//259 292//259 288//259
f 294//260 295//260 296//260
f 297//261 298//261 299//261
f 299//261 298//261 300//261
f 301//262 302//262 303//262
f 304//263 305//263 306//263
f 306//264 305//264 307//264
f 308//265 309//265 310//265
f 308//266 310//266 311//266
f 312//267 313//267 314//267
f 315//268 316//268 317//268
f 318//269 319//269 320//269
f 321//270 322//270 323//270
f 324//271 325//271 326//271
f 324//272 326//272 327//272
f 328//273 329//273 330//273
f 306//274 307//274 331//274
f 332//275 333//275 334//275
f 335//276 336//276 337//276
f 338//277 339//277 340//277
f 340//278 339//278 341//278
f 340//279 341//279 342//279
f 343//280 344//280 345//280
f 344//281 343//281 346//281
f 347//282 348//282 349//282
f 350//283 351//283 352//283
f 353//284 352//284 354//284
f 355//285 356//285 357//285
f 357//286 356//286 358//286
f 359//287 360//287 361//287
f 361//288 362//288 359//288
f 363//289 359//289 364//289
f 365//290 366//290 367//290
f 367//291 366//291 368//291
f 369//292 365//292 367//292
f 369//293 367//293 370//293
f 370//294 367//294 371//294
f 372//295 332//295 373//295
f 374//296 375//296 376//296
f 374//296 376//296 377//296
f 378//297 379//297 343//297
f 379//298 380//298 343//298
f 380//299 381//299 343//299
f 381//300 346//300 343//300
f 345//301 382//301 343//301
f 382//302 383//302 343//302
f 383//303 384//303 343//303
f 384//304 385//304 343//304
f 385//305 386//305 343//305
f 386//306 378//306 343//306
f 386//307 387//307 378//307
f 387//308 388//308 378//308
f 388//309 389//309 378//309
f 390//310 158//310 391//310
f 390//311 391//311 392//311
f 393//312 394//312 378//312
f 394//313 290//313 378//313
f 290//314 379//314 378//314
f 395//315 380//315 379//315
f 290//316 354//316 379//316
f 354//317 395//317 379//317
f 395//318 396//318 380//318
f 396//319 351//319 380//319
f 351//320 342//320 380//320
f 342//321 381//321 380//321
f 342//322 397//322 381//322
f 397//323 398//323 381//323
f 399//324 400//324 401//324
f 399//325 401//325 402//325
f 403//326 344//326 346//326
f 403//327 345//327 344//327
f 404//328 382//328 345//328
f 403//329 337//329 345//329
f 337//330 404//330 345//330
f 405//331 383//331 382//331
f 406//332 183//332 185//332
f 406//333 185//333 407//333
f 405//334 408//334 383//334
f 408//335 409//335 383//335
f 409//336 384//336 383//336
f 409//337 410//337 385//337
f 409//337 385//337 384//337
f 410//338 386//338 385//338
f 410//339 411//339 386//339
f 411//340 412//340 386//340
f 412//341 413//341 386//341
f 413//342 387//342 386//342
f 413//343 414//343 387//343
f 414//344 415//344 387//344
f 415//345 388//345 387//345
f 416//346 417//346 418//346
f 416//347 418//347 419//347
f 415//348 420//348 288//348
f 415//349 288//349 421//349
f 288//350 393//350 421//350
f 288//351 290//351 393//351
f 290//352 394//352 393//352
f 422//353 340//353 342//353
f 422//354 342//354 423//354
f 424//355 353//355 290//355
f 353//356 354//356 290//356
f 354//357 352//357 395//357
f 352//358 396//358 395//358
f 352//359 351//359 396//359
f 350//360 342//360 351//360
f 350//361 423//361 342//361
f 425//362 426//362 347//362
f 425//363 347//363 292//363
f 341//364 398//364 342//364
f 398//365 397//365 342//365
f 341//366 403//366 398//366
f 341//367 335//367 337//367
f 341//368 337//368 403//368
f 427//369 428//369 404//369
f 282//370 429//370 415//370
f 282//371 415//371 414//371
f 430//372 431//372 432//372
f 430//373 432//373 433//373
f 427//374 328//374 428//374
f 328//375 330//375 428//375
f 330//376 409//376 408//376
f 330//377 358//377 409//377
f 358//378 434//378 409//378
f 434//379 435//379 409//379
f 435//380 436//380 409//380
f 436//381 410//381 409//381
f 436//382 437//382 410//382
f 437//383 355//383 410//383
f 355//384 357//384 410//384
f 357//385 279//385 410//385
f 279//386 411//386 410//386
f 330//387 408//387 405//387
f 330//388 405//388 428//388
f 428//389 405//389 382//389
f 428//390 382//390 404//390
f 278//391 282//391 414//391
f 438//392 161//392 180//392
f 438//393 180//393 206//393
f 429//394 420//394 415//394
f 420//395 429//395 288//395
f 429//396 439//396 288//396
f 439//397 293//397 288//397
f 292//398 289//398 288//398
f 292//399 440//399 289//399
f 440//400 349//400 289//400
f 349//401 348//401 289//401
f 347//402 422//402 348//402
f 441//403 32//403 3//403
f 441//404 3//404 97//404
f 353//405 424//405 348//405
f 422//406 350//406 352//406
f 422//407 423//407 350//407
f 347//408 442//408 422//408
f 442//409 340//409 422//409
f 442//410 338//410 340//410
f 443//411 336//411 341//411
f 336//412 335//412 341//412
f 339//413 444//413 341//413
f 444//414 443//414 341//414
f 445//415 328//415 427//415
f 336//416 445//416 427//416
f 443//417 445//417 336//417
f 446//418 447//418 448//418
f 446//419 448//419 449//419
f 450//420 451//420 280//420
f 450//421 280//421 283//421
f 283//422 279//422 357//422
f 283//423 357//423 452//423
f 356//424 434//424 358//424
f 453//425 360//425 358//425
f 403//426 346//426 381//426
f 403//427 381//427 398//427
f 356//428 435//428 434//428
f 356//429 437//429 435//429
f 437//430 436//430 435//430
f 356//431 355//431 437//431
f 363//432 452//432 357//432
f 103//433 454//433 455//433
f 103//434 455//434 456//434
f 280//435 282//435 278//435
f 281//436 429//436 282//436
f 281//437 439//437 429//437
f 457//438 293//438 439//438
f 281//439 458//439 439//439
f 458//440 457//440 439//440
f 457//441 459//441 293//441
f 459//442 460//442 293//442
f 426//443 461//443 444//443
f 426//444 444//444 462//444
f 347//445 349//445 292//445
f 349//446 440//446 292//446
f 291//447 425//447 292//447
f 463//448 456//448 455//448
f 463//449 455//449 464//449
f 339//450 442//450 347//450
f 426//451 339//451 347//451
f 339//452 338//452 442//452
f 462//453 444//453 339//453
f 426//454 462//454 339//454
f 444//455 301//455 443//455
f 301//456 465//456 443//456
f 465//457 445//457 443//457
f 466//458 301//458 444//458
f 467//459 468//459 469//459
f 467//460 469//460 470//460
f 461//461 466//461 444//461
f 465//462 306//462 445//462
f 307//463 471//463 331//463
f 471//464 472//464 331//464
f 473//465 329//465 472//465
f 471//466 474//466 472//466
f 475//467 476//467 477//467
f 475//468 477//468 478//468
f 479//469 450//469 480//469
f 479//470 480//470 481//470
f 283//471 452//471 363//471
f 283//472 363//472 480//472
f 482//473 483//473 360//473
f 483//474 361//474 360//474
f 359//475 363//475 360//475
f 473//476 482//476 360//476
f 484//477 485//477 486//477
f 484//477 486//477 487//477
f 364//478 488//478 363//478
f 488//479 481//479 363//479
f 481//480 480//480 363//480
f 480//481 450//481 283//481
f 447//482 489//482 490//482
f 447//483 490//483 448//483
f 331//484 328//484 445//484
f 331//485 445//485 306//485
f 491//486 458//486 281//486
f 458//487 492//487 457//487
f 492//488 493//488 457//488
f 494//489 302//489 301//489
f 494//490 301//490 466//490
f 495//491 496//491 497//491
f 495//492 497//492 498//492
f 499//493 493//493 458//493
f 493//494 492//494 458//494
f 500//495 460//495 459//495
f 110//496 461//496 460//496
f 461//497 425//497 460//497
f 500//498 110//498 460//498
f 461//499 426//499 425//499
f 501//500 485//500 484//500
f 501//500 484//500 502//500
f 303//501 465//501 301//501
f 503//502 504//502 505//502
f 503//503 505//503 506//503
f 303//504 302//504 465//504
f 302//505 507//505 465//505
f 461//506 494//506 466//506
f 110//507 177//507 461//507
f 177//508 494//508 461//508
f 508//509 509//509 510//509
f 508//510 510//510 511//510
f 308//511 512//511 307//511
f 512//512 513//512 307//512
f 513//513 471//513 307//513
f 514//514 515//514 516//514
f 514//515 516//515 174//515
f 517//516 334//516 471//516
f 518//517 519//517 520//517
f 518//518 520//518 286//518
f 333//519 482//519 521//519
f 333//520 332//520 482//520
f 332//521 522//521 482//521
f 522//522 523//522 481//522
f 522//522 481//522 482//522
f 481//523 488//523 483//523
f 481//523 483//523 482//523
f 488//524 362//524 483//524
f 362//525 361//525 483//525
f 362//526 364//526 359//526
f 231//527 11//527 524//527
f 231//528 524//528 525//528
f 362//529 488//529 364//529
f 523//530 287//530 481//530
f 287//531 520//531 481//531
f 520//532 479//532 481//532
f 526//533 527//533 528//533
f 526//534 528//534 529//534
f 519//535 518//535 450//535
f 518//536 451//536 450//536
f 518//537 511//537 451//537
f 511//538 491//538 451//538
f 530//539 531//539 532//539
f 530//540 532//540 533//540
f 534//541 406//541 407//541
f 534//542 407//542 504//542
f 129//543 131//543 493//543
f 131//544 132//544 493//544
f 132//545 500//545 493//545
f 132//546 110//546 500//546
f 535//547 127//547 499//547
f 108//548 536//548 110//548
f 536//549 215//549 110//549
f 215//550 177//550 110//550
f 177//551 537//551 494//551
f 537//552 302//552 494//552
f 537//553 506//553 302//553
f 506//554 505//554 302//554
f 127//555 129//555 493//555
f 127//556 493//556 499//556
f 538//557 304//557 507//557
f 176//558 537//558 177//558
f 124//559 127//559 535//559
f 124//560 535//560 510//560
f 539//561 124//561 510//561
f 539//562 510//562 509//562
f 311//563 325//563 308//563
f 540//564 314//564 313//564
f 540//565 313//565 315//565
f 322//566 517//566 308//566
f 517//567 512//567 308//567
f 322//568 321//568 517//568
f 321//569 334//569 517//569
f 321//570 541//570 334//570
f 541//571 373//571 334//571
f 373//572 332//572 334//572
f 287//573 523//573 522//573
f 287//574 522//574 332//574
f 372//575 542//575 332//575
f 542//576 287//576 332//576
f 286//577 520//577 287//577
f 542//578 284//578 287//578
f 486//579 314//579 543//579
f 486//580 543//580 487//580
f 544//581 511//581 518//581
f 286//582 276//582 518//582
f 513//583 512//583 517//583
f 513//584 517//584 471//584
f 544//585 545//585 511//585
f 545//586 508//586 511//586
f 546//587 122//587 547//587
f 546//588 547//588 548//588
f 92//589 549//589 550//589
f 92//590 550//590 551//590
f 100//591 552//591 553//591
f 100//592 553//592 554//592
f 178//593 215//593 536//593
f 178//594 536//594 108//594
f 278//595 414//595 413//595
f 278//596 413//596 412//596
f 555//597 475//597 478//597
f 555//598 478//598 556//598
f 557//599 120//599 122//599
f 557//600 122//600 546//600
f 558//601 559//601 560//601
f 558//602 560//602 105//602
f 172//603 176//603 178//603
f 172//604 171//604 176//604
f 561//605 562//605 540//605
f 561//606 540//606 563//606
f 188//607 310//607 309//607
f 336//608 427//608 404//608
f 336//609 404//609 337//609
f 564//610 311//610 310//610
f 564//611 565//611 311//611
f 565//612 566//612 311//612
f 566//613 325//613 311//613
f 566//614 567//614 325//614
f 567//615 326//615 325//615
f 327//616 568//616 324//616
f 569//617 570//617 275//617
f 569//618 275//618 571//618
f 122//619 123//619 572//619
f 122//620 572//620 547//620
f 373//621 541//621 321//621
f 323//622 573//622 372//622
f 573//623 574//623 372//623
f 574//624 575//624 372//624
f 575//625 576//625 372//625
f 576//626 577//626 372//626
f 577//627 284//627 372//627
f 284//628 542//628 372//628
f 285//629 277//629 286//629
f 277//630 276//630 286//630
f 577//631 578//631 284//631
f 578//632 579//632 284//632
f 579//633 571//633 284//633
f 267//634 273//634 272//634
f 267//635 272//635 268//635
f 275//636 508//636 276//636
f 508//637 545//637 276//637
f 324//638 322//638 308//638
f 324//639 308//639 325//639
f 580//640 581//640 508//640
f 535//641 499//641 458//641
f 535//642 458//642 491//642
f 582//643 539//643 509//643
f 539//644 583//644 124//644
f 584//645 585//645 446//645
f 584//646 446//646 449//646
f 113//647 586//647 107//647
f 586//648 216//648 107//648
f 216//649 172//649 107//649
f 141//650 113//650 107//650
f 587//651 588//651 589//651
f 587//652 589//652 590//652
f 348//653 424//653 290//653
f 348//654 290//654 289//654
f 591//655 95//655 592//655
f 591//656 592//656 524//656
f 593//657 189//657 190//657
f 593//658 190//658 594//658
f 595//659 596//659 252//659
f 595//660 252//660 597//660
f 598//661 564//661 200//661
f 598//662 565//662 564//662
f 319//663 566//663 565//663
f 599//664 600//664 489//664
f 599//665 489//665 447//665
f 601//666 319//666 565//666
f 319//667 567//667 566//667
f 319//668 318//668 567//668
f 318//669 602//669 567//669
f 602//670 603//670 567//670
f 603//671 568//671 604//671
f 603//672 604//672 567//672
f 604//673 327//673 567//673
f 327//674 326//674 567//674
f 604//675 568//675 327//675
f 369//676 569//676 605//676
f 369//677 605//677 606//677
f 607//678 323//678 568//678
f 603//679 608//679 568//679
f 500//680 459//680 457//680
f 500//681 457//681 493//681
f 609//682 365//682 568//682
f 607//683 573//683 323//683
f 496//684 470//684 469//684
f 496//685 469//685 497//685
f 610//686 376//686 611//686
f 610//687 611//687 612//687
f 579//688 578//688 575//688
f 579//688 575//688 574//688
f 578//689 576//689 575//689
f 578//690 577//690 576//690
f 571//691 275//691 277//691
f 607//692 613//692 574//692
f 607//693 574//693 573//693
f 614//694 571//694 579//694
f 614//695 605//695 571//695
f 605//696 569//696 571//696
f 570//697 580//697 508//697
f 570//698 508//698 275//698
f 569//699 615//699 570//699
f 615//700 616//700 570//700
f 616//701 580//701 570//701
f 616//702 617//702 580//702
f 617//703 618//703 580//703
f 618//704 581//704 580//704
f 618//705 251//705 581//705
f 251//706 253//706 581//706
f 253//707 582//707 581//707
f 253//708 252//708 582//708
f 167//709 619//709 202//709
f 167//710 202//710 168//710
f 596//711 620//711 539//711
f 551//712 621//712 81//712
f 551//713 81//713 92//713
f 622//714 162//714 161//714
f 622//715 161//715 438//715
f 314//716 540//716 623//716
f 314//716 623//716 543//716
f 237//717 217//717 173//717
f 237//717 173//717 113//717
f 173//718 216//718 586//718
f 173//718 586//718 113//718
f 579//719 574//719 613//719
f 579//719 613//719 606//719
f 624//720 553//720 625//720
f 624//721 625//721 495//721
f 608//722 602//722 609//722
f 608//723 609//723 568//723
f 175//724 514//724 174//724
f 263//725 255//725 626//725
f 263//726 626//726 264//726
f 572//727 123//727 595//727
f 572//728 595//728 597//728
f 601//729 320//729 319//729
f 627//730 628//730 601//730
f 266//731 264//731 270//731
f 266//732 270//732 267//732
f 629//733 630//733 601//733
f 630//734 320//734 601//734
f 597//735 270//735 257//735
f 597//736 257//736 572//736
f 631//737 632//737 601//737
f 632//738 627//738 601//738
f 320//739 633//739 318//739
f 633//740 602//740 318//740
f 608//741 603//741 602//741
f 633//742 634//742 602//742
f 634//743 635//743 602//743
f 372//744 373//744 321//744
f 372//745 321//745 323//745
f 636//746 609//746 602//746
f 637//747 620//747 596//747
f 637//748 596//748 595//748
f 609//749 366//749 365//749
f 636//750 638//750 609//750
f 638//751 639//751 609//751
f 639//752 640//752 609//752
f 640//753 641//753 609//753
f 641//754 642//754 609//754
f 642//755 643//755 609//755
f 643//756 368//756 609//756
f 368//757 366//757 609//757
f 644//758 645//758 646//758
f 644//758 646//758 247//758
f 369//759 647//759 569//759
f 647//760 648//760 569//760
f 648//761 649//761 569//761
f 649//762 617//762 650//762
f 649//763 650//763 569//763
f 650//764 615//764 569//764
f 650//765 617//765 615//765
f 617//766 616//766 615//766
f 649//767 533//767 617//767
f 533//768 274//768 617//768
f 274//769 651//769 617//769
f 651//770 618//770 617//770
f 651//771 251//771 618//771
f 651//772 270//772 251//772
f 281//773 280//773 451//773
f 281//774 451//774 491//774
f 652//775 558//775 105//775
f 652//776 105//776 104//776
f 147//777 133//777 125//777
f 147//778 125//778 653//778
f 278//779 412//779 411//779
f 278//780 411//780 279//780
f 158//781 147//781 653//781
f 654//782 655//782 547//782
f 654//783 547//783 656//783
f 657//784 658//784 659//784
f 657//785 659//785 269//785
f 134//786 660//786 135//786
f 659//787 661//787 662//787
f 659//787 662//787 663//787
f 236//788 175//788 112//788
f 175//789 237//789 112//789
f 175//790 217//790 237//790
f 276//791 545//791 544//791
f 276//792 544//792 518//792
f 664//793 629//793 601//793
f 664//794 601//794 628//794
f 236//795 218//795 175//795
f 218//796 514//796 175//796
f 218//797 164//797 514//797
f 164//798 166//798 514//798
f 665//799 666//799 664//799
f 665//800 664//800 667//800
f 30//801 71//801 55//801
f 30//802 55//802 29//802
f 547//803 668//803 259//803
f 547//804 259//804 656//804
f 624//805 495//805 498//805
f 624//806 498//806 589//806
f 477//807 669//807 205//807
f 477//808 670//808 669//808
f 668//809 572//809 257//809
f 668//810 257//810 259//810
f 630//811 629//811 320//811
f 671//812 159//812 158//812
f 671//813 158//813 390//813
f 632//814 628//814 627//814
f 375//815 672//815 673//815
f 375//816 673//816 611//816
f 674//817 667//817 628//817
f 667//818 664//818 628//818
f 664//819 675//819 629//819
f 676//820 316//820 631//820
f 316//821 632//821 631//821
f 316//822 315//822 632//822
f 505//823 538//823 507//823
f 505//824 507//824 302//824
f 675//825 666//825 633//825
f 666//826 677//826 633//826
f 596//827 539//827 582//827
f 596//828 582//828 252//828
f 678//829 654//829 656//829
f 678//830 656//830 679//830
f 638//831 635//831 634//831
f 370//832 647//832 369//832
f 368//833 371//833 367//833
f 680//834 432//834 638//834
f 432//835 639//835 638//835
f 432//836 681//836 639//836
f 681//837 641//837 639//837
f 641//838 640//838 639//838
f 647//839 642//839 641//839
f 681//840 531//840 641//840
f 333//841 521//841 472//841
f 333//842 472//842 474//842
f 647//843 371//843 642//843
f 371//844 682//844 642//844
f 682//845 643//845 642//845
f 682//846 371//846 368//846
f 682//846 368//846 643//846
f 370//847 371//847 647//847
f 530//848 648//848 647//848
f 530//849 533//849 648//849
f 533//850 683//850 648//850
f 683//851 649//851 648//851
f 683//852 533//852 649//852
f 638//853 636//853 602//853
f 638//854 602//854 635//854
f 532//855 684//855 533//855
f 684//856 272//856 533//856
f 272//857 274//857 533//857
f 273//858 651//858 274//858
f 273//859 270//859 651//859
f 271//860 626//860 270//860
f 626//861 257//861 270//861
f 599//862 61//862 33//862
f 599//863 33//863 600//863
f 273//864 685//864 270//864
f 685//865 267//865 270//865
f 482//866 473//866 472//866
f 482//867 472//867 521//867
f 686//868 687//868 477//868
f 686//869 477//869 476//869
f 478//870 477//870 205//870
f 478//871 205//871 204//871
f 676//872 670//872 477//872
f 676//873 477//873 687//873
f 582//874 509//874 508//874
f 582//875 508//875 581//875
f 391//876 158//876 653//876
f 391//877 653//877 583//877
f 176//878 503//878 506//878
f 176//879 506//879 537//879
f 600//880 33//880 32//880
f 600//881 32//881 441//881
f 688//882 152//882 145//882
f 151//883 688//883 660//883
f 669//884 689//884 201//884
f 669//885 201//885 205//885
f 164//886 219//886 236//886
f 219//887 218//887 236//887
f 154//888 239//888 155//888
f 239//889 157//889 155//889
f 166//890 690//890 515//890
f 166//891 515//891 514//891
f 515//892 593//892 594//892
f 515//893 594//893 516//893
f 165//894 691//894 166//894
f 691//895 690//895 166//895
f 692//896 272//896 684//896
f 692//897 684//897 693//897
f 146//898 134//898 133//898
f 146//899 133//899 147//899
f 622//900 694//900 162//900
f 694//901 194//901 162//901
f 694//902 294//902 194//902
f 294//903 168//903 194//903
f 294//904 170//904 168//904
f 117//905 390//905 392//905
f 117//906 392//906 119//906
f 167//907 469//907 619//907
f 171//908 695//908 503//908
f 171//909 503//909 176//909
f 468//910 555//910 556//910
f 99//911 696//911 697//911
f 99//912 697//912 698//912
f 479//913 520//913 519//913
f 479//914 519//914 450//914
f 104//915 584//915 449//915
f 104//916 449//916 652//916
f 619//917 556//917 203//917
f 619//918 203//918 202//918
f 313//919 312//919 699//919
f 146//920 151//920 660//920
f 146//921 660//921 134//921
f 312//922 665//922 667//922
f 700//923 265//923 266//923
f 700//923 266//923 269//923
f 666//924 675//924 664//924
f 701//925 241//925 239//925
f 701//926 239//926 688//926
f 702//927 703//927 316//927
f 703//928 317//928 316//928
f 317//929 540//929 315//929
f 623//930 704//930 254//930
f 623//931 254//931 543//931
f 665//932 661//932 666//932
f 188//933 309//933 305//933
f 188//934 305//934 187//934
f 705//935 706//935 677//935
f 706//936 433//936 680//936
f 433//937 432//937 680//937
f 589//938 498//938 707//938
f 589//939 707//939 590//939
f 693//940 430//940 708//940
f 693//940 708//940 706//940
f 708//941 433//941 706//941
f 620//942 391//942 583//942
f 620//943 583//943 539//943
f 431//944 531//944 432//944
f 531//945 681//945 432//945
f 706//946 680//946 638//946
f 706//947 638//947 634//947
f 684//948 532//948 531//948
f 677//949 706//949 634//949
f 677//950 634//950 633//950
f 692//951 269//951 272//951
f 269//952 268//952 272//952
f 675//953 633//953 320//953
f 675//954 320//954 629//954
f 267//955 685//955 273//955
f 264//956 626//956 271//956
f 313//957 699//957 632//957
f 313//958 632//958 315//958
f 704//959 258//959 626//959
f 258//960 257//960 626//960
f 699//961 674//961 628//961
f 699//962 628//962 632//962
f 190//963 181//963 183//963
f 190//964 183//964 406//964
f 266//965 265//965 264//965
f 668//966 547//966 572//966
f 705//967 677//967 666//967
f 705//968 666//968 661//968
f 671//969 245//969 159//969
f 245//970 150//970 159//970
f 115//971 242//971 671//971
f 242//972 245//972 671//972
f 160//973 242//973 115//973
f 239//974 154//974 153//974
f 152//975 239//975 153//975
f 151//976 245//976 688//976
f 245//977 709//977 688//977
f 709//978 701//978 688//978
f 174//979 516//979 695//979
f 174//980 695//980 171//980
f 239//981 152//981 688//981
f 149//982 245//982 151//982
f 234//983 165//983 157//983
f 165//984 235//984 157//984
f 239//985 238//985 157//985
f 238//986 233//986 157//986
f 691//987 710//987 690//987
f 691//988 207//988 710//988
f 691//989 192//989 207//989
f 191//990 694//990 192//990
f 694//991 206//991 192//991
f 691//992 193//992 192//992
f 694//993 438//993 206//993
f 234//994 220//994 165//994
f 221//995 711//995 165//995
f 711//996 691//996 165//996
f 689//997 598//997 200//997
f 689//998 200//998 201//998
f 712//999 713//999 691//999
f 713//999 714//999 691//999
f 714//1000 193//1000 691//1000
f 694//1001 622//1001 438//1001
f 715//1002 716//1002 694//1002
f 716//1003 294//1003 694//1003
f 191//1004 193//1004 694//1004
f 193//1005 715//1005 694//1005
f 716//1006 295//1006 294//1006
f 296//1007 717//1007 294//1007
f 717//1008 707//1008 294//1008
f 707//1009 169//1009 294//1009
f 169//1010 170//1010 294//1010
f 707//1011 498//1011 169//1011
f 498//1012 497//1012 169//1012
f 516//1013 594//1013 534//1013
f 516//1014 534//1014 695//1014
f 693//1015 706//1015 705//1015
f 693//1015 705//1015 718//1015
f 421//1016 389//1016 388//1016
f 421//1017 388//1017 415//1017
f 467//1018 557//1018 468//1018
f 557//1019 555//1019 468//1019
f 557//1020 476//1020 555//1020
f 476//1021 475//1021 555//1021
f 557//1022 719//1022 476//1022
f 719//1023 720//1023 721//1023
f 719//1023 721//1023 476//1023
f 721//1024 686//1024 476//1024
f 686//1025 722//1025 687//1025
f 431//1026 693//1026 684//1026
f 431//1027 684//1027 531//1027
f 314//1028 485//1028 312//1028
f 485//1029 665//1029 312//1029
f 468//1030 556//1030 619//1030
f 468//1031 619//1031 469//1031
f 662//1032 661//1032 665//1032
f 485//1033 501//1033 665//1033
f 501//1034 502//1034 700//1034
f 501//1034 700//1034 665//1034
f 563//1035 540//1035 317//1035
f 703//1036 561//1036 317//1036
f 561//1037 563//1037 317//1037
f 723//1038 724//1038 702//1038
f 724//1039 703//1039 702//1039
f 678//1040 679//1040 725//1040
f 678//1041 725//1041 720//1041
f 724//1042 561//1042 703//1042
f 550//1043 85//1043 84//1043
f 550//1044 84//1044 551//1044
f 562//1045 623//1045 540//1045
f 653//1046 125//1046 124//1046
f 653//1047 124//1047 583//1047
f 107//1048 172//1048 178//1048
f 107//1049 178//1049 108//1049
f 486//1050 485//1050 314//1050
f 200//1051 564//1051 310//1051
f 200//1052 310//1052 188//1052
f 659//1053 658//1053 661//1053
f 658//1054 705//1054 661//1054
f 658//1055 657//1055 705//1055
f 657//1056 718//1056 705//1056
f 708//1057 430//1057 433//1057
f 726//1058 430//1058 693//1058
f 718//1059 692//1059 693//1059
f 431//1060 726//1060 693//1060
f 430//1061 726//1061 431//1061
f 718//1062 657//1062 692//1062
f 657//1063 269//1063 692//1063
f 659//1064 700//1064 269//1064
f 261//1065 260//1065 561//1065
f 261//1066 561//1066 401//1066
f 235//1067 165//1067 164//1067
f 235//232 164//232 236//232
f 674//1068 699//1068 312//1068
f 674//1069 312//1069 667//1069
f 256//1070 543//1070 254//1070
f 504//1071 407//1071 538//1071
f 504//1072 538//1072 505//1072
f 623//1073 727//1073 704//1073
f 727//1074 258//1074 704//1074
f 727//1075 262//1075 258//1075
f 262//1076 656//1076 258//1076
f 656//1077 259//1077 258//1077
f 309//1078 308//1078 307//1078
f 309//1079 307//1079 305//1079
f 700//1080 256//1080 265//1080
f 277//1081 285//1081 284//1081
f 277//1082 284//1082 571//1082
f 655//1083 719//1083 547//1083
f 719//1084 548//1084 547//1084
f 119//1085 392//1085 637//1085
f 119//1086 637//1086 121//1086
f 559//1087 591//1087 524//1087
f 559//1088 524//1088 560//1088
f 187//1089 305//1089 304//1089
f 187//1090 304//1090 538//1090
f 497//1091 469//1091 167//1091
f 497//1092 167//1092 169//1092
f 470//1093 116//1093 118//1093
f 470//1094 118//1094 467//1094
f 150//1095 245//1095 149//1095
f 244//1096 646//1096 245//1096
f 646//1097 701//1097 245//1097
f 701//1098 709//1098 245//1098
f 652//1099 728//1099 729//1099
f 652//1100 729//1100 558//1100
f 160//1101 114//1101 242//1101
f 114//1102 625//1102 242//1102
f 625//1103 250//1103 242//1103
f 496//1104 625//1104 114//1104
f 646//1105 241//1105 701//1105
f 730//1106 234//1106 233//1106
f 238//1107 240//1107 233//1107
f 240//1108 730//1108 233//1108
f 730//1109 731//1109 220//1109
f 730//1109 220//1109 234//1109
f 646//1110 732//1110 247//1110
f 594//1111 190//1111 406//1111
f 594//1112 406//1112 534//1112
f 646//758 645//758 733//758
f 646//758 733//758 734//758
f 646//758 734//758 735//758
f 646//758 735//758 736//758
f 646//758 736//758 240//758
f 646//1110 240//1110 241//1110
f 737//1113 738//1113 240//1113
f 738//1114 739//1114 240//1114
f 739//1115 730//1115 240//1115
f 736//758 673//758 240//758
f 673//758 740//758 240//758
f 740//758 737//758 240//758
f 714//1000 715//1000 193//1000
f 731//1116 221//1116 220//1116
f 731//1117 741//1117 221//1117
f 741//1118 711//1118 221//1118
f 731//1119 742//1119 741//1119
f 742//1120 743//1120 741//1120
f 743//1121 744//1121 741//1121
f 744//1121 712//1121 741//1121
f 744//1121 745//1121 712//1121
f 745//1122 713//1122 712//1122
f 745//1121 746//1121 713//1121
f 746//999 714//999 713//999
f 746//999 715//999 714//999
f 746//1123 716//1123 715//1123
f 746//1124 745//1124 716//1124
f 745//1125 295//1125 716//1125
f 745//1126 296//1126 295//1126
f 745//1127 747//1127 296//1127
f 531//1128 530//1128 647//1128
f 531//1129 647//1129 641//1129
f 748//1130 590//1130 717//1130
f 590//1131 707//1131 717//1131
f 496//1132 114//1132 116//1132
f 496//1133 116//1133 470//1133
f 748//1134 717//1134 296//1134
f 748//1135 296//1135 747//1135
f 568//1136 323//1136 322//1136
f 568//1137 322//1137 324//1137
f 495//1138 625//1138 496//1138
f 546//1139 719//1139 557//1139
f 655//1140 720//1140 719//1140
f 546//1141 548//1141 719//1141
f 749//1142 722//1142 721//1142
f 722//1143 686//1143 721//1143
f 720//1144 750//1144 751//1144
f 720//1145 751//1145 721//1145
f 248//1146 243//1146 242//1146
f 248//1147 242//1147 250//1147
f 752//1148 723//1148 721//1148
f 223//1149 212//1149 211//1149
f 223//1150 211//1150 224//1150
f 467//1151 118//1151 120//1151
f 467//1152 120//1152 557//1152
f 659//1153 663//1153 700//1153
f 502//1154 484//1154 700//1154
f 484//1155 256//1155 700//1155
f 724//1156 401//1156 561//1156
f 425//1157 291//1157 293//1157
f 425//1158 293//1158 460//1158
f 260//1159 562//1159 561//1159
f 752//1160 401//1160 723//1160
f 401//1161 724//1161 723//1161
f 260//1162 623//1162 562//1162
f 260//1163 753//1163 623//1163
f 753//1164 727//1164 623//1164
f 256//1165 484//1165 543//1165
f 484//1166 487//1166 543//1166
f 753//1167 260//1167 727//1167
f 260//1168 262//1168 727//1168
f 261//1169 656//1169 262//1169
f 261//1170 679//1170 656//1170
f 613//1171 365//1171 369//1171
f 613//1171 369//1171 606//1171
f 654//1172 678//1172 655//1172
f 678//1173 720//1173 655//1173
f 243//1174 247//1174 244//1174
f 247//1175 732//1175 244//1175
f 732//1176 646//1176 244//1176
f 625//1177 553//1177 250//1177
f 553//1178 249//1178 250//1178
f 247//1179 243//1179 248//1179
f 605//1180 614//1180 579//1180
f 605//1181 579//1181 606//1181
f 754//1182 755//1182 80//1182
f 754//1183 80//1183 79//1183
f 740//1184 756//1184 737//1184
f 756//1185 738//1185 737//1185
f 419//1186 756//1186 672//1186
f 419//1186 672//1186 416//1186
f 402//1187 752//1187 721//1187
f 402//1188 721//1188 751//1188
f 757//758 612//758 736//758
f 612//758 611//758 736//758
f 611//758 673//758 736//758
f 735//758 757//758 736//758
f 417//1189 416//1189 374//1189
f 417//1190 374//1190 758//1190
f 333//1191 474//1191 471//1191
f 333//1192 471//1192 334//1192
f 759//1193 743//1193 742//1193
f 759//1194 419//1194 743//1194
f 419//1195 418//1195 743//1195
f 254//1196 704//1196 626//1196
f 254//1197 626//1197 255//1197
f 760//1121 761//1121 745//1121
f 760//1121 745//1121 744//1121
f 761//1121 762//1121 745//1121
f 762//1121 763//1121 745//1121
f 763//1198 747//1198 745//1198
f 763//1199 587//1199 747//1199
f 587//1200 590//1200 747//1200
f 590//1201 748//1201 747//1201
f 662//1202 665//1202 700//1202
f 662//1202 700//1202 663//1202
f 764//1203 765//1203 91//1203
f 764//1204 91//1204 93//1204
f 554//1205 553//1205 624//1205
f 766//1206 754//1206 591//1206
f 766//1207 591//1207 559//1207
f 725//1208 767//1208 720//1208
f 731//1209 730//1209 739//1209
f 731//1209 739//1209 742//1209
f 739//1210 738//1210 759//1210
f 739//1210 759//1210 742//1210
f 402//1211 401//1211 752//1211
f 400//1212 768//1212 401//1212
f 768//1213 261//1213 401//1213
f 392//1214 391//1214 620//1214
f 392//1215 620//1215 637//1215
f 768//1216 400//1216 261//1216
f 400//1217 725//1217 261//1217
f 725//1218 679//1218 261//1218
f 246//1219 553//1219 247//1219
f 613//1220 607//1220 568//1220
f 613//1221 568//1221 365//1221
f 698//1222 697//1222 247//1222
f 697//758 644//758 247//758
f 553//1223 246//1223 249//1223
f 695//1224 534//1224 504//1224
f 695//1225 504//1225 503//1225
f 769//1226 696//1226 103//1226
f 769//1227 103//1227 456//1227
f 770//1228 610//1228 757//1228
f 610//1229 612//1229 757//1229
f 735//1230 770//1230 757//1230
f 771//1231 772//1231 758//1231
f 771//1232 758//1232 377//1232
f 376//1233 375//1233 611//1233
f 734//758 773//758 735//758
f 773//758 774//758 735//758
f 774//758 770//758 735//758
f 672//1234 375//1234 374//1234
f 672//1234 374//1234 416//1234
f 759//1235 738//1235 756//1235
f 759//1235 756//1235 419//1235
f 672//1236 756//1236 740//1236
f 672//1237 740//1237 673//1237
f 417//1121 760//1121 418//1121
f 417//1121 758//1121 760//1121
f 758//1121 772//1121 760//1121
f 772//1121 775//1121 760//1121
f 775//1121 776//1121 760//1121
f 776//1121 777//1121 760//1121
f 777//1121 778//1121 760//1121
f 778//1121 779//1121 760//1121
f 779//1121 780//1121 760//1121
f 780//1121 781//1121 760//1121
f 781//1121 761//1121 760//1121
f 782//1121 298//1121 761//1121
f 298//1121 297//1121 761//1121
f 297//1121 464//1121 761//1121
f 464//1121 455//1121 761//1121
f 455//1121 454//1121 761//1121
f 454//1121 762//1121 761//1121
f 781//1121 782//1121 761//1121
f 115//1238 671//1238 390//1238
f 115//1239 390//1239 117//1239
f 102//1240 783//1240 762//1240
f 783//1241 587//1241 762//1241
f 587//1242 763//1242 762//1242
f 783//1243 588//1243 587//1243
f 376//1244 610//1244 771//1244
f 376//1244 771//1244 377//1244
f 400//1245 767//1245 725//1245
f 400//1246 399//1246 767//1246
f 100//1247 698//1247 552//1247
f 100//1248 99//1248 698//1248
f 103//1249 102//1249 762//1249
f 103//1250 762//1250 454//1250
f 360//1251 453//1251 329//1251
f 360//1252 329//1252 473//1252
f 670//1253 676//1253 631//1253
f 670//1254 631//1254 669//1254
f 784//1230 529//1230 644//1230
f 529//758 528//758 644//758
f 528//758 645//758 644//758
f 774//1255 610//1255 770//1255
f 755//1256 764//1256 93//1256
f 755//1257 93//1257 80//1257
f 631//1258 601//1258 689//1258
f 631//1259 689//1259 669//1259
f 774//1260 773//1260 610//1260
f 773//1261 734//1261 610//1261
f 734//1262 232//1262 610//1262
f 733//1263 232//1263 734//1263
f 377//1264 758//1264 374//1264
f 690//1265 710//1265 593//1265
f 690//1266 593//1266 515//1266
f 687//1267 702//1267 316//1267
f 687//1268 316//1268 676//1268
f 771//1269 775//1269 772//1269
f 771//1270 776//1270 775//1270
f 771//1271 777//1271 776//1271
f 771//1272 778//1272 777//1272
f 771//1273 779//1273 778//1273
f 771//1274 208//1274 779//1274
f 208//1275 780//1275 779//1275
f 208//1276 781//1276 780//1276
f 208//1277 210//1277 781//1277
f 210//1278 211//1278 781//1278
f 211//1279 214//1279 781//1279
f 214//1280 785//1280 781//1280
f 785//1281 786//1281 781//1281
f 786//1282 782//1282 781//1282
f 786//1282 298//1282 782//1282
f 786//1283 300//1283 298//1283
f 299//1284 787//1284 297//1284
f 787//1285 463//1285 297//1285
f 463//1286 464//1286 297//1286
f 788//1287 784//1287 644//1287
f 788//1288 644//1288 769//1288
f 696//1289 769//1289 644//1289
f 696//1290 644//1290 697//1290
f 101//104 783//104 102//104
f 101//104 98//104 100//104
f 101//104 100//104 783//104
f 98//105 696//105 99//105
f 98//105 101//105 103//105
f 98//105 103//105 696//105
f 554//1291 588//1291 783//1291
f 554//1291 783//1291 100//1291
f 456//1292 2//1292 769//1292
f 2//1293 1//1293 769//1293
f 1//1294 789//1294 769//1294
f 789//1295 78//1295 769//1295
f 78//1296 77//1296 769//1296
f 77//1297 788//1297 769//1297
f 77//1298 75//1298 788//1298
f 75//1299 74//1299 788//1299
f 74//1300 790//1300 788//1300
f 790//1301 529//1301 788//1301
f 529//1302 784//1302 788//1302
f 741//1303 712//1303 691//1303
f 741//1304 691//1304 711//1304
f 790//1305 526//1305 529//1305
f 791//758 733//758 528//758
f 733//758 645//758 528//758
f 527//1306 792//1306 528//1306
f 792//1307 791//1307 528//1307
f 228//1308 209//1308 208//1308
f 228//1309 208//1309 232//1309
f 733//1310 226//1310 232//1310
f 793//1311 226//1311 733//1311
f 791//758 793//758 733//758
f 209//1312 224//1312 211//1312
f 121//1313 637//1313 595//1313
f 121//1314 595//1314 123//1314
f 213//1315 84//1315 214//1315
f 84//1316 83//1316 214//1316
f 83//1317 794//1317 214//1317
f 794//1318 785//1318 214//1318
f 794//1319 786//1319 785//1319
f 794//1320 795//1320 786//1320
f 795//1321 796//1321 786//1321
f 796//1322 300//1322 786//1322
f 787//1323 299//1323 300//1323
f 796//1324 797//1324 300//1324
f 797//1325 787//1325 300//1325
f 795//1326 798//1326 787//1326
f 798//1327 799//1327 787//1327
f 799//1328 800//1328 787//1328
f 800//1329 463//1329 787//1329
f 797//1330 796//1330 787//1330
f 796//1331 795//1331 787//1331
f 800//1332 801//1332 463//1332
f 801//1333 90//1333 463//1333
f 90//1334 456//1334 463//1334
f 90//1335 88//1335 456//1335
f 88//1336 87//1336 456//1336
f 87//1337 802//1337 456//1337
f 802//1338 2//1338 456//1338
f 728//1339 803//1339 804//1339
f 728//1340 804//1340 729//1340
f 50//1341 789//1341 1//1341
f 50//1342 52//1342 789//1342
f 52//1343 78//1343 789//1343
f 52//1344 51//1344 78//1344
f 51//1345 60//1345 78//1345
f 60//1346 76//1346 78//1346
f 76//1347 59//1347 77//1347
f 59//1348 75//1348 77//1348
f 59//1349 40//1349 75//1349
f 40//1350 58//1350 75//1350
f 58//1351 42//1351 75//1351
f 42//1352 57//1352 75//1352
f 73//1353 790//1353 74//1353
f 73//1354 72//1354 790//1354
f 72//1355 805//1355 790//1355
f 805//1356 527//1356 790//1356
f 527//1357 526//1357 790//1357
f 792//1307 793//1307 791//1307
f 805//1358 806//1358 527//1358
f 806//1359 807//1359 527//1359
f 807//1360 792//1360 527//1360
f 808//1361 793//1361 792//1361
f 807//1362 805//1362 792//1362
f 805//1363 809//1363 792//1363
f 809//1364 808//1364 792//1364
f 793//1365 227//1365 226//1365
f 224//1366 209//1366 228//1366
f 808//1367 810//1367 793//1367
f 810//1368 225//1368 793//1368
f 225//1369 224//1369 793//1369
f 224//1370 227//1370 793//1370
f 223//1371 230//1371 811//1371
f 223//1371 811//1371 212//1371
f 811//1372 592//1372 212//1372
f 592//1373 812//1373 212//1373
f 812//1374 95//1374 212//1374
f 95//1375 82//1375 212//1375
f 82//1376 81//1376 212//1376
f 81//1377 621//1377 212//1377
f 621//1378 551//1378 212//1378
f 551//1379 213//1379 212//1379
f 551//1380 84//1380 213//1380
f 552//1381 698//1381 247//1381
f 552//1382 247//1382 553//1382
f 85//1383 794//1383 83//1383
f 85//1384 549//1384 794//1384
f 549//1385 813//1385 794//1385
f 813//1386 798//1386 794//1386
f 798//1387 795//1387 794//1387
f 813//1388 814//1388 798//1388
f 814//1389 91//1389 798//1389
f 55//1390 72//1390 73//1390
f 55//1391 73//1391 56//1391
f 765//1392 800//1392 799//1392
f 765//1393 815//1393 800//1393
f 815//1394 816//1394 800//1394
f 816//1395 801//1395 800//1395
f 816//1396 817//1396 801//1396
f 817//1397 818//1397 801//1397
f 818//1398 819//1398 801//1398
f 819//1399 820//1399 801//1399
f 820//1400 90//1400 801//1400
f 820//1401 89//1401 90//1401
f 89//1402 821//1402 88//1402
f 821//1403 96//1403 88//1403
f 96//1404 86//1404 88//1404
f 86//1405 97//1405 87//1405
f 97//1406 802//1406 87//1406
f 329//1407 453//1407 358//1407
f 329//1408 358//1408 330//1408
f 38//1409 76//1409 60//1409
f 38//1410 59//1410 76//1410
f 43//1411 57//1411 42//1411
f 43//1412 44//1412 57//1412
f 256//1413 255//1413 263//1413
f 256//1414 263//1414 265//1414
f 44//1415 45//1415 56//1415
f 45//1416 46//1416 56//1416
f 71//1417 30//1417 72//1417
f 30//1418 809//1418 72//1418
f 809//1419 805//1419 72//1419
f 807//1420 806//1420 805//1420
f 809//1421 810//1421 808//1421
f 30//1422 28//1422 809//1422
f 28//1423 26//1423 809//1423
f 26//1424 31//1424 809//1424
f 31//1425 225//1425 809//1425
f 225//1426 810//1426 809//1426
f 31//1427 25//1427 225//1427
f 25//1428 222//1428 225//1428
f 25//1429 24//1429 222//1429
f 24//1430 223//1430 222//1430
f 70//1431 8//1431 223//1431
f 8//1432 7//1432 223//1432
f 7//1433 9//1433 223//1433
f 9//1434 230//1434 223//1434
f 24//1435 53//1435 223//1435
f 53//1436 54//1436 223//1436
f 54//1437 70//1437 223//1437
f 230//1438 229//1438 822//1438
f 230//1438 822//1438 811//1438
f 822//1439 525//1439 811//1439
f 525//1440 592//1440 811//1440
f 525//1441 524//1441 592//1441
f 510//1442 535//1442 491//1442
f 510//1443 491//1443 511//1443
f 95//1444 812//1444 592//1444
f 722//1445 749//1445 702//1445
f 722//1446 702//1446 687//1446
f 80//1447 92//1447 81//1447
f 421//1448 393//1448 378//1448
f 421//1449 378//1449 389//1449
f 760//1121 744//1121 743//1121
f 760//1121 743//1121 418//1121
f 550//1450 549//1450 85//1450
f 92//1451 813//1451 549//1451
f 407//1452 185//1452 187//1452
f 407//1453 187//1453 538//1453
f 754//1454 79//1454 95//1454
f 754//1455 95//1455 591//1455
f 764//1456 823//1456 765//1456
f 823//1457 815//1457 765//1457
f 823//1458 804//1458 815//1458
f 804//1459 816//1459 815//1459
f 804//1460 817//1460 816//1460
f 819//1461 818//1461 817//1461
f 824//1462 96//1462 821//1462
f 824//1463 821//1463 825//1463
f 825//1464 820//1464 819//1464
f 729//1465 804//1465 823//1465
f 729//1466 823//1466 766//1466
f 825//1467 89//1467 820//1467
f 825//1468 821//1468 89//1468
f 558//1469 729//1469 766//1469
f 558//1470 766//1470 559//1470
f 490//1471 825//1471 819//1471
f 490//1472 819//1472 803//1472
f 352//1473 353//1473 348//1473
f 352//1474 348//1474 422//1474
f 91//1475 814//1475 813//1475
f 91//1476 813//1476 92//1476
f 27//1477 26//1477 28//1477
f 11//1478 231//1478 9//1478
f 231//1479 230//1479 9//1479
f 29//1480 49//1480 54//1480
f 229//1481 231//1481 525//1481
f 229//1481 525//1481 822//1481
f 710//1482 207//1482 189//1482
f 710//1483 189//1483 593//1483
f 11//1484 13//1484 524//1484
f 13//1485 560//1485 524//1485
f 507//1486 304//1486 306//1486
f 507//1487 306//1487 465//1487
f 585//1488 826//1488 94//1488
f 585//1489 94//1489 446//1489
f 749//1490 721//1490 723//1490
f 749//1491 723//1491 702//1491
f 767//1492 399//1492 750//1492
f 767//1493 750//1493 720//1493
f 93//1494 92//1494 80//1494
f 755//1495 823//1495 764//1495
f 771//1496 610//1496 232//1496
f 771//1496 232//1496 208//1496
f 803//1461 819//1461 817//1461
f 803//1497 817//1497 804//1497
f 441//1498 97//1498 96//1498
f 441//1499 96//1499 824//1499
f 402//1500 751//1500 750//1500
f 402//1501 750//1501 399//1501
f 97//1502 3//1502 2//1502
f 97//1503 2//1503 802//1503
f 94//1504 5//1504 61//1504
f 94//1505 61//1505 599//1505
f 94//1506 599//1506 447//1506
f 94//1507 447//1507 446//1507
f 601//1508 565//1508 598//1508
f 601//1509 598//1509 689//1509
f 49//1510 29//1510 48//1510
f 15//1511 105//1511 13//1511
f 105//1512 560//1512 13//1512
f 660//1513 688//1513 145//1513
f 660//1514 145//1514 135//1514
f 755//1515 754//1515 766//1515
f 755//1516 766//1516 823//1516
f 489//1517 824//1517 825//1517
f 489//1518 825//1518 490//1518
f 600//1519 441//1519 824//1519
f 600//1520 824//1520 489//1520
f 449//1521 448//1521 728//1521
f 449//1522 728//1522 652//1522
f 472//1523 329//1523 328//1523
f 472//1524 328//1524 331//1524
f 448//1525 490//1525 803//1525
f 448//1526 803//1526 728//1526
f 270//1527 597//1527 252//1527
f 270//1528 252//1528 251//1528
f 17//1529 105//1529 15//1529
f 17//1530 106//1530 105//1530
f 556//1531 478//1531 204//1531
f 556//1532 204//1532 203//1532
f 765//1533 799//1533 798//1533
f 765//1534 798//1534 91//1534
f 357//1535 358//1535 360//1535
f 357//1535 360//1535 363//1535
f 588//1536 554//1536 624//1536
f 588//1537 624//1537 589//1537
f 826//1538 6//1538 94//1538
f 826//1539 23//1539 6//1539
f 23//1540 21//1540 22//1540
f 23//1541 584//1541 21//1541
f 584//1542 19//1542 21//1542
f 584//1543 104//1543 19//1543
f 104//1544 17//1544 19//1544
f 104//1545 106//1545 17//1545
f 23//1546 585//1546 584//1546
f 23//1547 826//1547 585//1547
