# Blender 4.3.2
# www.blender.org
mtllib right_ring_2_collision.mtl
o right_ring_2_collision
v -0.010545 -0.004198 -0.049517
v -0.010578 -0.004312 -0.049431
v -0.010533 -0.004056 -0.049541
v -0.010844 -0.001413 -0.047215
v -0.010856 -0.001424 -0.047349
v -0.010860 -0.001905 -0.047290
v -0.010870 -0.001544 -0.047588
v -0.010821 -0.001446 -0.047014
v -0.010876 -0.002306 -0.047521
v -0.010865 -0.002378 -0.047303
v -0.010860 -0.002380 -0.047232
v -0.010840 -0.002349 -0.047038
v -0.010873 -0.001743 -0.047734
v -0.010852 -0.001674 -0.047826
v -0.010852 -0.001899 -0.047883
v -0.009229 -0.001263 -0.051186
v -0.009090 -0.001224 -0.051296
v -0.009127 -0.001368 -0.051345
v -0.009009 -0.001321 -0.051420
v -0.009560 -0.001489 -0.050842
v -0.009486 -0.001780 -0.051025
v -0.009660 -0.001728 -0.050772
v -0.009706 -0.001792 -0.050712
v -0.009643 -0.001579 -0.050740
v -0.009683 -0.001928 -0.050795
v -0.009714 -0.002002 -0.050757
v -0.009538 -0.001393 -0.050830
v -0.008368 -0.003565 -0.052680
v -0.008534 -0.003406 -0.052496
v -0.008429 -0.003426 -0.052598
v -0.008285 -0.003546 -0.052751
v -0.008135 -0.003960 -0.052937
v -0.008196 -0.004195 -0.052915
v -0.008195 -0.003992 -0.052899
v -0.008284 -0.004249 -0.052854
v -0.008202 -0.003744 -0.052857
v -0.008146 -0.003725 -0.052892
v -0.008223 -0.003521 -0.052791
v -0.000357 -0.006129 -0.050863
v -0.000410 -0.005337 -0.050937
v -0.000008 -0.006128 -0.050153
v -0.000462 -0.004538 -0.050940
v -0.000009 -0.005154 -0.050111
v -0.000014 -0.002028 -0.049117
v -0.000020 -0.002272 -0.049276
v -0.000506 -0.001851 -0.050006
v -0.002691 0.001201 -0.048827
v -0.003016 0.001111 -0.049505
v -0.003096 0.001351 -0.048753
v -0.004687 0.001465 -0.049148
v -0.005476 0.001483 -0.049003
v -0.005435 0.001542 -0.048728
v -0.004680 0.001195 -0.050162
v -0.005496 0.001242 -0.049914
v -0.005504 0.001374 -0.049452
v -0.005389 0.000698 -0.051169
v -0.005417 0.000858 -0.050877
v -0.004577 0.000808 -0.051111
v -0.005466 0.001089 -0.050354
v -0.004383 -0.002249 -0.053388
v -0.004393 -0.001680 -0.053227
v -0.003536 -0.001793 -0.053243
v -0.003524 -0.002358 -0.053387
v -0.002786 -0.001929 -0.053048
v -0.002779 -0.002471 -0.053188
v -0.002147 -0.001532 -0.052428
v -0.002800 -0.001312 -0.052806
v -0.003556 -0.001143 -0.052987
v -0.004409 -0.001021 -0.052952
v -0.004622 0.001563 -0.048680
v -0.001573 -0.001293 -0.051575
v -0.002158 -0.000937 -0.052069
v -0.002823 -0.000653 -0.052406
v -0.003586 -0.000444 -0.052555
v -0.004435 -0.000311 -0.052498
v -0.005323 -0.000226 -0.052249
v -0.005343 0.000276 -0.051758
v -0.003530 -0.003347 -0.053519
v -0.002789 -0.003437 -0.053319
v -0.002133 -0.003517 -0.052951
v -0.002134 -0.002594 -0.052801
v -0.001568 -0.002726 -0.052247
v -0.001576 -0.001797 -0.051887
v -0.001039 -0.001698 -0.050951
v -0.002257 0.000758 -0.049537
v -0.002260 0.000464 -0.050290
v -0.003005 0.000828 -0.050368
v -0.003823 0.001068 -0.050326
v -0.003840 0.001343 -0.049374
v -0.000962 -0.000670 -0.049829
v -0.000993 -0.000981 -0.050263
v -0.001571 -0.000408 -0.050683
v -0.001572 -0.000048 -0.050104
v -0.002217 0.000077 -0.050998
v -0.002930 0.000435 -0.051184
v -0.003726 0.000677 -0.051224
v -0.004488 0.000319 -0.051869
v -0.003640 0.000182 -0.051952
v -0.002864 -0.000052 -0.051852
v -0.002179 -0.000387 -0.051582
v -0.001569 -0.000820 -0.051167
v -0.001017 -0.001320 -0.050633
v -0.000580 -0.006130 -0.051293
v -0.000775 -0.006130 -0.051620
v -0.000871 -0.005305 -0.051742
v -0.001373 -0.006132 -0.052369
v -0.001435 -0.005281 -0.052428
v -0.000951 -0.004472 -0.051780
v -0.000506 -0.003771 -0.050858
v -0.001012 -0.003663 -0.051718
v -0.000535 -0.003063 -0.050680
v -0.001048 -0.002878 -0.051538
v -0.001052 -0.002100 -0.051207
v -0.002813 -0.004326 -0.053351
v -0.002129 -0.004385 -0.052992
v -0.001039 -0.010548 -0.050975
v -0.001052 -0.010146 -0.051228
v -0.000507 -0.010398 -0.050025
v -0.005335 -0.006906 -0.053643
v -0.005335 -0.006134 -0.053653
v -0.004507 -0.006134 -0.053675
v -0.000407 -0.006888 -0.050937
v -0.004385 -0.008993 -0.053568
v -0.005336 -0.008098 -0.053574
v -0.004416 -0.008054 -0.053638
v -0.005326 -0.010677 -0.053032
v -0.004392 -0.010561 -0.053250
v -0.004408 -0.011220 -0.052981
v -0.005319 -0.011455 -0.052666
v -0.004434 -0.011932 -0.052533
v -0.005323 -0.012071 -0.052238
v -0.004486 -0.012568 -0.051907
v -0.005349 -0.012619 -0.051681
v -0.005399 -0.013022 -0.051080
v -0.004575 -0.013059 -0.051150
v -0.005475 -0.013382 -0.050279
v -0.004679 -0.013447 -0.050198
v -0.005489 -0.013455 -0.050069
v -0.005498 -0.013655 -0.049371
v -0.004688 -0.013716 -0.049179
v -0.005475 -0.013735 -0.049028
v -0.004623 -0.013813 -0.048708
v -0.005410 -0.013824 -0.048599
v -0.004420 -0.013867 -0.048409
v -0.004182 -0.013838 -0.048489
v -0.003016 -0.013364 -0.049534
v -0.002832 -0.013508 -0.048827
v -0.003096 -0.013599 -0.048777
v -0.002258 -0.013010 -0.049564
v -0.002069 -0.013137 -0.048929
v -0.002152 -0.013187 -0.048921
v -0.000020 -0.009905 -0.049332
v -0.000009 -0.006978 -0.050125
v -0.000460 -0.007693 -0.050947
v -0.000014 -0.008159 -0.049965
v -0.000505 -0.008466 -0.050869
v -0.000020 -0.009079 -0.049709
v -0.000534 -0.009179 -0.050696
v -0.000022 -0.009469 -0.049553
v -0.003567 -0.007977 -0.053567
v -0.003531 -0.008893 -0.053531
v -0.003524 -0.009884 -0.053404
v -0.004382 -0.009993 -0.053407
v -0.002813 -0.007909 -0.053357
v -0.002790 -0.008803 -0.053330
v -0.002147 -0.010711 -0.052454
v -0.002799 -0.010929 -0.052833
v -0.002785 -0.010313 -0.053069
v -0.001018 -0.010929 -0.050657
v -0.002134 -0.009648 -0.052818
v -0.002779 -0.009770 -0.053205
v -0.005333 -0.009718 -0.053322
v -0.001431 -0.006947 -0.052428
v -0.000868 -0.006922 -0.051741
v -0.001504 -0.007806 -0.052474
v -0.000949 -0.007760 -0.051785
v -0.001545 -0.008653 -0.052429
v -0.001011 -0.008575 -0.051729
v -0.001568 -0.009516 -0.052264
v -0.001047 -0.009365 -0.051555
v -0.002133 -0.008722 -0.052962
v -0.002128 -0.007850 -0.052997
v -0.007255 -0.013798 -0.047884
v -0.007375 -0.013685 -0.048521
v -0.007253 -0.013417 -0.049579
v -0.006929 -0.013039 -0.050534
v -0.006721 -0.012766 -0.051028
v -0.006495 -0.012406 -0.051528
v -0.007250 0.001163 -0.049556
v -0.006926 0.000782 -0.050512
v -0.006493 0.000145 -0.051508
v -0.006719 0.000507 -0.051007
v -0.007252 0.001550 -0.047859
v -0.007023 0.001649 -0.047290
v -0.005304 0.001673 -0.048036
v -0.005241 0.001671 -0.048063
v -0.006840 0.001703 -0.046989
v -0.006631 0.001754 -0.046371
v -0.004797 0.001813 -0.046971
v 0.004184 -0.004650 -0.041206
v 0.003082 -0.006117 -0.043744
v 0.002881 -0.004104 -0.043957
v 0.004152 -0.004232 -0.041193
v -0.004336 0.001613 -0.048413
v -0.003626 0.001741 -0.047253
v -0.003456 0.001454 -0.048672
v -0.002478 0.001468 -0.047479
v -0.001448 0.000959 -0.047655
v -0.002019 0.000856 -0.048912
v -0.000561 0.000185 -0.047771
v 0.000573 -0.000330 -0.046279
v -0.000836 -0.000212 -0.048946
v 0.000001 -0.001717 -0.048874
v 0.000935 -0.000912 -0.046249
v 0.001526 -0.002311 -0.046136
v -0.000021 -0.003117 -0.049678
v 0.001941 -0.004041 -0.045948
v -0.000015 -0.004017 -0.049940
v 0.002176 -0.006120 -0.045683
v -0.000770 0.000972 -0.046261
v -0.000281 0.000609 -0.046284
v 0.000168 0.000176 -0.046290
v -0.001859 0.001501 -0.046171
v -0.000804 0.001481 -0.043917
v -0.000238 0.001232 -0.043997
v 0.000288 0.000919 -0.044063
v 0.000771 0.000541 -0.044112
v 0.001209 0.000094 -0.044144
v 0.001602 -0.000422 -0.044158
v 0.001949 -0.001010 -0.044154
v 0.002505 -0.002405 -0.044092
v -0.003626 -0.013987 -0.047279
v -0.003576 -0.013730 -0.048666
v -0.002478 -0.013714 -0.047504
v 0.001941 -0.008200 -0.045955
v -0.000561 -0.012432 -0.047792
v -0.000901 -0.012121 -0.048961
v 0.000573 -0.011913 -0.046298
v -0.000446 -0.011469 -0.048935
v 0.000935 -0.011331 -0.046267
v 0.001526 -0.009931 -0.046148
v 0.000001 -0.010535 -0.048889
v -0.000013 -0.010222 -0.049132
v -0.001448 -0.013207 -0.047679
v -0.005241 -0.013920 -0.048089
v -0.004771 -0.014062 -0.046933
v 0.004153 -0.007993 -0.041200
v 0.002881 -0.008131 -0.043964
v 0.004185 -0.007591 -0.041211
v -0.001859 -0.013743 -0.046196
v 0.000168 -0.012419 -0.046311
v -0.000281 -0.012852 -0.046306
v -0.000770 -0.013215 -0.046285
v -0.000238 -0.013466 -0.044022
v -0.003080 -0.014030 -0.046056
v -0.004437 -0.014097 -0.046111
v -0.006220 -0.014023 -0.045213
v -0.006629 -0.013996 -0.046398
v -0.006838 -0.013948 -0.047016
v -0.006961 -0.013898 -0.047343
v 0.001229 -0.014421 -0.013640
v 0.001482 -0.014427 -0.012601
v 0.001471 -0.014438 -0.011167
v -0.010682 -0.008783 -0.049026
v -0.010677 -0.008828 -0.049026
v -0.010710 -0.008786 -0.048924
v -0.010577 -0.007942 -0.049438
v -0.010545 -0.008055 -0.049524
v -0.010533 -0.008201 -0.049548
v -0.010624 -0.008791 -0.049212
v -0.010646 -0.008780 -0.049145
v -0.010579 -0.008679 -0.049364
v -0.010563 -0.008658 -0.049414
v -0.010563 -0.008628 -0.049418
v -0.010844 -0.010833 -0.047231
v -0.010819 -0.010785 -0.046999
v -0.010855 -0.010347 -0.047237
v -0.010860 -0.009866 -0.047245
v -0.010874 -0.009916 -0.047489
v -0.010862 -0.010789 -0.047466
v -0.010843 -0.010898 -0.047477
v -0.010838 -0.010886 -0.047231
v -0.009749 -0.006130 -0.051256
v -0.009496 -0.006628 -0.051616
v -0.009657 -0.006768 -0.051384
v -0.009650 -0.005496 -0.051392
v -0.009494 -0.005637 -0.051618
v -0.009997 -0.005681 -0.050839
v -0.009869 -0.005520 -0.051053
v -0.008957 -0.008223 -0.052161
v -0.008984 -0.008223 -0.052131
v -0.008935 -0.007985 -0.052214
v -0.008421 -0.008108 -0.052724
v -0.008643 -0.007763 -0.052546
v -0.008490 -0.007801 -0.052692
v -0.008689 -0.008820 -0.052358
v -0.008363 -0.008678 -0.052696
v -0.008534 -0.008858 -0.052505
v -0.008315 -0.007967 -0.052838
v -0.008185 -0.008667 -0.052846
v -0.008281 -0.008822 -0.052735
v -0.008267 -0.008691 -0.052780
v -0.009237 -0.010993 -0.051195
v -0.009246 -0.010968 -0.051196
v -0.009232 -0.010991 -0.051201
v -0.009176 -0.010937 -0.051290
v -0.009090 -0.011036 -0.051312
v -0.009666 -0.010504 -0.050785
v -0.009681 -0.010275 -0.050825
v -0.009486 -0.010479 -0.051039
v -0.009640 -0.010122 -0.050922
v -0.009460 -0.009995 -0.051202
v -0.009311 -0.010055 -0.051379
v -0.009426 -0.010919 -0.050989
v -0.009586 -0.010727 -0.050835
v -0.009538 -0.010865 -0.050846
v -0.009643 -0.010679 -0.050755
v -0.009705 -0.010466 -0.050726
v -0.009714 -0.010256 -0.050770
v -0.009405 -0.010992 -0.050983
v -0.009285 -0.010967 -0.051150
v -0.009207 -0.013676 -0.046455
v -0.009192 -0.013679 -0.046368
v -0.009342 -0.013645 -0.046781
v -0.009530 -0.013574 -0.046277
v -0.009655 -0.013532 -0.046699
v -0.009496 -0.013523 -0.047945
v -0.009392 -0.013574 -0.047650
v -0.009274 -0.013651 -0.046849
v -0.008341 -0.011985 -0.051258
v -0.008028 -0.012211 -0.051186
v -0.008114 -0.012301 -0.051060
v -0.008538 -0.012609 -0.050538
v -0.008574 -0.012739 -0.050343
v -0.008958 -0.012994 -0.049783
v -0.009070 -0.013094 -0.049546
v -0.008994 -0.013116 -0.049535
v -0.009164 -0.013257 -0.049140
v -0.009439 -0.013392 -0.048613
v -0.009311 -0.013366 -0.048763
v -0.010040 -0.013261 -0.047227
v -0.009821 -0.013415 -0.047921
v -0.009416 -0.013468 -0.048307
v -0.009365 -0.013408 -0.048592
v -0.010111 -0.013178 -0.047880
v -0.010099 -0.013090 -0.048314
v -0.009815 -0.013340 -0.048315
v -0.009739 -0.013247 -0.048701
v -0.010001 -0.012979 -0.048750
v -0.009340 -0.012903 -0.049648
v -0.009568 -0.012601 -0.049689
v -0.009224 -0.012793 -0.049879
v -0.009447 -0.012485 -0.049909
v -0.008800 -0.012393 -0.050608
v -0.010208 -0.012999 -0.047248
v -0.009931 -0.013289 -0.046616
v -0.010002 -0.012631 -0.049050
v -0.010214 -0.012755 -0.048520
v -0.010358 -0.011907 -0.048618
v -0.010415 -0.012453 -0.047760
v -0.010282 -0.012875 -0.047957
v -0.007577 -0.010166 -0.052619
v -0.007204 -0.010145 -0.052821
v -0.007531 -0.011013 -0.052304
v -0.007815 -0.010762 -0.052247
v -0.006622 -0.006667 -0.053565
v -0.006789 -0.007934 -0.053464
v -0.006777 -0.006134 -0.053576
v -0.007896 -0.011825 -0.051608
v -0.008046 -0.011712 -0.051630
v -0.007056 -0.009300 -0.053142
v -0.006974 -0.007925 -0.053435
v -0.010198 0.000758 -0.047168
v -0.009786 0.001127 -0.046177
v -0.010070 0.000995 -0.047408
v -0.010230 0.000731 -0.047357
v -0.009841 0.000595 -0.049115
v -0.009847 0.000307 -0.049306
v -0.009986 0.000372 -0.049056
v -0.008794 0.000682 -0.049924
v -0.008859 0.000649 -0.049954
v -0.008985 0.000854 -0.049532
v -0.009315 0.001047 -0.048939
v -0.009226 0.001053 -0.048962
v -0.009325 0.001126 -0.048697
v -0.009495 0.001213 -0.048263
v -0.009401 0.001193 -0.048407
v -0.009458 0.001331 -0.047532
v -0.009411 0.001298 -0.047827
v -0.009421 0.001233 -0.048208
v -0.009597 0.000881 -0.049052
v -0.009737 0.000996 -0.048681
v -0.009815 0.001091 -0.048290
v -0.010302 0.000298 -0.046820
v -0.010280 0.000631 -0.047914
v -0.010415 0.000205 -0.047738
v -0.007321 -0.001729 -0.052604
v -0.007774 -0.001581 -0.052291
v -0.007730 -0.000932 -0.052019
v -0.007636 -0.001912 -0.052504
v 0.001486 0.002287 -0.013713
v 0.001228 0.002292 -0.013612
v 0.001471 0.002318 -0.011139
v 0.006156 -0.004208 -0.036801
v 0.003499 0.001526 -0.034004
v 0.003915 0.001485 -0.033284
v 0.004114 0.001260 -0.034067
v 0.004282 0.001218 -0.033871
v 0.003250 0.001798 -0.032178
v 0.003834 0.001533 -0.033153
v 0.002638 0.001959 -0.031055
v 0.001215 0.002008 -0.032407
v 0.001685 0.002023 -0.031042
v 0.001724 0.002024 -0.030910
v 0.001985 0.002036 -0.029854
v 0.002015 0.002038 -0.029685
v 0.002846 0.001891 -0.031918
v 0.002144 0.001878 -0.033849
v 0.000223 0.001722 -0.039747
v -0.000201 0.001816 -0.039594
v 0.006061 -0.009077 -0.036661
v 0.005965 -0.009759 -0.036519
v 0.003895 -0.009691 -0.041108
v 0.003884 -0.013700 -0.033261
v 0.003818 -0.013738 -0.033156
v 0.003484 -0.013731 -0.034028
v 0.002136 -0.014079 -0.033874
v 0.003342 -0.013958 -0.032376
v 0.002838 -0.014085 -0.031944
v 0.002702 -0.014135 -0.031235
v 0.001731 -0.014213 -0.030916
v 0.002170 -0.014210 -0.030108
v 0.002015 -0.014223 -0.029712
v 0.006175 -0.007687 -0.036832
v -0.000201 -0.014037 -0.039620
v 0.000204 -0.013948 -0.039767
v 0.001024 -0.013663 -0.040065
v 0.004096 -0.013468 -0.034090
v 0.011395 -0.004782 0.000294
v 0.011440 -0.006057 0.000294
v 0.010906 -0.006069 -0.006744
v 0.010658 -0.003247 -0.006740
v 0.011256 -0.003659 0.000286
v 0.010800 -0.004104 -0.006742
v 0.011311 -0.004006 0.000290
v 0.009984 -0.001057 -0.003524
v 0.010254 -0.001090 0.000074
v 0.010261 -0.001099 0.000077
v 0.010370 -0.001700 -0.003525
v 0.010674 -0.001799 0.000193
v 0.004923 0.001707 -0.003037
v 0.006259 0.001384 -0.002157
v 0.005786 0.001489 -0.003520
v 0.007503 0.000875 -0.003521
v 0.007445 0.000975 -0.001400
v 0.008420 0.000511 -0.000802
v 0.008262 0.000482 -0.003522
v 0.008661 0.000370 -0.000664
v 0.008934 0.000030 -0.003522
v 0.009165 0.000028 -0.000393
v 0.009329 -0.000551 -0.006729
v 0.009038 -0.000669 -0.011423
v 0.008964 -0.000588 -0.011421
v 0.008770 -0.000039 -0.006726
v 0.008450 -0.000108 -0.011401
v 0.008409 -0.000074 -0.011399
v 0.009381 -0.001100 -0.011437
v 0.009790 -0.001123 -0.006732
v 0.010160 -0.001761 -0.006735
v 0.009781 -0.001793 -0.011453
v 0.010390 -0.004184 -0.011479
v 0.010384 -0.004123 -0.011479
v 0.010254 -0.003271 -0.011473
v 0.010055 -0.002496 -0.011464
v 0.010447 -0.002467 -0.006738
v 0.010031 -0.002423 -0.011463
v 0.009897 -0.002057 -0.011457
v 0.010672 -0.002414 -0.003527
v 0.011020 -0.002677 0.000259
v 0.005786 -0.013616 -0.003545
v 0.006382 -0.013472 -0.002102
v 0.005208 -0.013773 -0.002873
v 0.008934 -0.012156 -0.003543
v 0.009071 -0.012213 -0.000462
v 0.008660 -0.012487 -0.000686
v 0.008262 -0.012608 -0.003543
v 0.008360 -0.012661 -0.000860
v 0.011177 -0.008843 0.000270
v 0.010931 -0.009700 0.000233
v 0.010672 -0.009713 -0.003539
v 0.010370 -0.010427 -0.003540
v 0.010606 -0.010445 0.000162
v 0.010263 -0.011009 0.000061
v 0.009984 -0.011069 -0.003541
v 0.010220 -0.011070 0.000046
v 0.010658 -0.008891 -0.006750
v 0.011347 -0.007823 0.000286
v 0.010800 -0.008033 -0.006749
v 0.011437 -0.006220 0.000293
v 0.010475 -0.006077 -0.011485
v 0.010418 -0.007668 -0.011486
v 0.010384 -0.008032 -0.011485
v 0.010026 -0.009747 -0.011475
v 0.010055 -0.009658 -0.011476
v 0.010447 -0.009670 -0.006750
v 0.009781 -0.010361 -0.011467
v 0.010160 -0.010377 -0.006750
v 0.009527 -0.010832 -0.011458
v 0.009790 -0.011014 -0.006749
v 0.009428 -0.010986 -0.011455
v 0.009329 -0.011587 -0.006748
v 0.009508 -0.011645 -0.003542
v 0.008770 -0.012099 -0.006746
v 0.008111 -0.012554 -0.006743
v 0.009510 -0.003400 -0.019086
v 0.009359 -0.002597 -0.018780
v 0.009126 -0.001858 -0.018478
v 0.008804 -0.001193 -0.018184
v 0.008391 -0.000614 -0.017897
v 0.007901 -0.000115 -0.017621
v 0.007978 -0.001079 -0.025508
v 0.008282 -0.001704 -0.025826
v 0.008518 -0.002414 -0.026143
v 0.008689 -0.003212 -0.026460
v 0.008795 -0.004105 -0.026774
v 0.009592 -0.004266 -0.019398
v 0.008932 -0.006103 -0.026497
v 0.009605 -0.006092 -0.020003
v 0.008212 -0.006112 -0.031244
v 0.007872 -0.006113 -0.032330
v 0.007902 -0.004103 -0.031915
v 0.008527 -0.006109 -0.029669
v 0.008372 -0.006110 -0.030544
v 0.008461 -0.004071 -0.029320
v 0.008121 -0.004079 -0.031133
v 0.006810 -0.000049 -0.028020
v 0.006524 -0.000054 -0.030509
v 0.005591 0.000707 -0.030214
v 0.005393 0.000693 -0.031494
v 0.008335 -0.003172 -0.029123
v 0.008148 -0.002377 -0.028918
v 0.007900 -0.001674 -0.028705
v 0.007176 -0.000063 -0.024873
v 0.006689 0.000344 -0.024558
v 0.006153 0.000692 -0.024246
v 0.008461 -0.008145 -0.029327
v 0.008964 -0.011566 -0.011439
v 0.008391 -0.011563 -0.017916
v 0.008804 -0.010984 -0.018200
v 0.009126 -0.010321 -0.018492
v 0.009359 -0.009582 -0.018791
v 0.009510 -0.008781 -0.019095
v 0.010360 -0.008233 -0.011485
v 0.009592 -0.007916 -0.019404
v 0.007978 -0.011124 -0.025524
v 0.007608 -0.011668 -0.025208
v 0.007176 -0.012138 -0.024893
v 0.007901 -0.012061 -0.017641
v 0.006689 -0.012543 -0.024579
v 0.007229 -0.011695 -0.028275
v 0.006524 -0.012167 -0.030529
v 0.006918 -0.011695 -0.030659
v 0.007593 -0.011157 -0.028501
v 0.007262 -0.011154 -0.030777
v 0.007900 -0.010541 -0.028720
v 0.007556 -0.010537 -0.030885
v 0.008148 -0.009838 -0.028930
v 0.007799 -0.009836 -0.030982
v 0.008335 -0.009043 -0.029133
v 0.007987 -0.009041 -0.031067
v 0.008121 -0.008144 -0.031140
v 0.006810 -0.012163 -0.028040
v 0.005592 -0.012926 -0.030237
v 0.006313 -0.012148 -0.031693
v 0.006699 -0.011672 -0.031763
v 0.007038 -0.011128 -0.031820
v 0.007328 -0.010509 -0.031865
v 0.007569 -0.009807 -0.031897
v 0.007761 -0.009015 -0.031916
v 0.007902 -0.008123 -0.031922
v 0.008282 -0.010500 -0.025840
v 0.006153 -0.012891 -0.024269
v -0.003437 -0.001600 0.000661
v -0.003437 -0.010600 0.000661
v -0.002880 -0.010600 0.001988
v -0.002880 -0.001600 0.001988
v -0.010875 -0.001929 -0.047766
v -0.010877 -0.002142 -0.047691
v -0.010875 -0.010266 -0.047774
v -0.010877 -0.010085 -0.047694
v -0.006962 -0.006134 -0.053545
v -0.010784 -0.003623 -0.048600
v -0.010809 -0.003806 -0.048462
v -0.010817 -0.004017 -0.048410
v -0.010873 -0.010451 -0.047768
v -0.010871 -0.010614 -0.047688
v -0.010814 -0.008282 -0.048438
v -0.010809 -0.008444 -0.048469
v -0.010646 -0.004486 -0.049220
v -0.010682 -0.003469 -0.049017
v -0.010649 -0.003471 -0.049126
v -0.010591 -0.004384 -0.049392
v -0.007369 0.001307 -0.049055
v -0.010851 -0.001481 -0.047677
v -0.010212 0.000502 -0.048503
v -0.010843 -0.001350 -0.047461
v -0.010358 -0.000344 -0.048598
v -0.010624 -0.003461 -0.049202
v -0.010677 -0.003425 -0.049017
v -0.010710 -0.003481 -0.048918
v -0.010739 -0.003499 -0.048802
v -0.010755 -0.003548 -0.048737
v -0.010789 -0.004379 -0.048586
v -0.010754 -0.004519 -0.048774
v -0.010810 -0.004225 -0.048456
v -0.010784 -0.008627 -0.048608
v -0.010739 -0.008752 -0.048811
v -0.010852 -0.010349 -0.047898
v -0.010851 -0.010574 -0.047842
v -0.010851 -0.010767 -0.047693
v 0.001387 -0.014474 -0.005356
v 0.003982 -0.010600 0.008560
v 0.002899 -0.010600 0.008255
v 0.000047 -0.014431 -0.006074
v -0.010789 -0.007849 -0.048590
v -0.010789 -0.007873 -0.048590
v -0.010842 -0.009891 -0.047066
v -0.010810 -0.001284 -0.047216
v -0.010099 0.000841 -0.048289
v -0.010000 0.000726 -0.048731
v -0.008867 -0.003610 -0.052191
v -0.008972 -0.003886 -0.052116
v -0.009460 -0.002265 -0.051189
v -0.009298 -0.002195 -0.051380
v -0.010563 -0.003595 -0.049406
v -0.003080 0.001788 -0.046030
v -0.001506 -0.004428 -0.052468
v -0.001546 -0.003585 -0.052417
v -0.010706 -0.004533 -0.048992
v -0.010591 -0.007869 -0.049398
v -0.010649 -0.007742 -0.049213
v -0.001569 -0.011429 -0.051195
v -0.001573 -0.010953 -0.051602
v -0.010749 -0.007743 -0.048803
v -0.009009 -0.010939 -0.051436
v -0.008954 -0.010781 -0.051547
v -0.007372 0.001435 -0.048497
v -0.010302 -0.012542 -0.046843
v -0.010808 -0.010868 -0.047009
v -0.005327 -0.001709 -0.053062
v -0.005320 -0.000847 -0.052670
v -0.010796 -0.010635 -0.046821
v -0.010812 -0.010035 -0.046850
v -0.010806 -0.006565 -0.046774
v -0.010813 -0.005637 -0.046821
v -0.010811 -0.002205 -0.046834
v -0.009871 -0.006737 -0.051052
v -0.009991 -0.006590 -0.050852
v 0.008111 0.000416 -0.006722
v -0.010798 -0.001583 -0.046828
v -0.010808 -0.001377 -0.046993
v -0.001571 -0.011842 -0.050711
v -0.002216 -0.012328 -0.051030
v -0.002179 -0.011862 -0.051614
v 0.008451 -0.012046 -0.011421
v -0.004385 -0.003247 -0.053556
v -0.009405 -0.001266 -0.050967
v -0.010529 -0.003774 -0.049524
v -0.010522 -0.003985 -0.049565
v 0.007987 -0.003181 -0.031057
v 0.007799 -0.002387 -0.030969
v -0.010665 -0.008280 -0.049123
v -0.003724 -0.012929 -0.051261
v -0.003822 -0.013321 -0.050361
v -0.001502 0.002180 -0.006770
v -0.009192 0.001437 -0.046342
v -0.009531 0.001331 -0.046252
v -0.002432 0.001996 -0.007150
v -0.003551 -0.013056 -0.007585
v -0.003600 -0.012972 -0.007601
v -0.010792 -0.010208 -0.046749
v -0.010778 -0.006122 -0.046582
v -0.003298 -0.013435 -0.007496
v -0.003197 -0.013560 -0.007461
v -0.002867 -0.013868 -0.007338
v 0.002004 -0.010600 0.007572
v 0.002004 -0.001600 0.007572
v -0.010789 -0.005833 -0.046654
v -0.002907 0.001732 -0.007327
v -0.003287 0.001343 -0.007468
v -0.003554 0.000944 -0.007562
v -0.003660 0.000758 -0.007599
v -0.003853 0.000381 -0.007662
v -0.009249 0.001418 -0.046672
v -0.009781 0.001228 -0.047475
v -0.009123 0.000442 -0.050045
v -0.009255 -0.002157 -0.051424
v -0.009411 -0.001328 -0.050991
v -0.009248 -0.001294 -0.051179
v -0.009343 0.000129 -0.050065
v -0.009261 -0.001217 -0.051122
v -0.009238 -0.001268 -0.051178
v -0.009285 -0.001292 -0.051134
v -0.010073 -0.005927 -0.050706
v -0.010090 -0.006129 -0.050676
v -0.009671 -0.002182 -0.050863
v -0.009568 -0.002235 -0.051033
v -0.009645 -0.002125 -0.050899
v -0.009848 -0.012559 -0.049328
v -0.010529 -0.008480 -0.049531
v -0.009782 -0.013373 -0.046203
v -0.002432 -0.014102 -0.007177
v 0.006067 -0.001600 0.008009
v 0.006067 -0.010600 0.008009
v 0.006884 -0.010600 0.007335
v 0.006884 -0.001600 0.007335
v -0.002334 -0.014130 -0.007139
v -0.008134 -0.008460 -0.052923
v -0.008143 -0.008247 -0.052945
v 0.003982 -0.001600 0.008560
v 0.005101 -0.001600 0.008445
v -0.009400 -0.006423 -0.051749
v -0.008210 -0.008039 -0.052913
v -0.008566 0.000475 -0.050335
v -0.008205 0.000134 -0.050905
v -0.008320 -0.000255 -0.051236
v -0.008387 -0.000274 -0.051207
v 0.002505 -0.009830 -0.044104
v -0.010522 -0.008269 -0.049572
v -0.010066 -0.006368 -0.050719
v -0.009737 -0.005473 -0.051260
v 0.007608 -0.000534 -0.025190
v 0.002899 -0.001600 0.008255
v -0.001485 -0.014290 -0.006789
v -0.000555 -0.014386 -0.006369
v -0.000554 0.002288 -0.006341
v -0.007364 -0.011102 -0.052298
v -0.001576 -0.010447 -0.051911
v -0.003535 -0.010448 -0.053265
v -0.008426 0.001533 -0.045439
v -0.008207 -0.008216 -0.052904
v -0.000180 0.002316 -0.006160
v -0.006222 0.001784 -0.045187
v 0.005577 -0.011358 -0.035940
v 0.005676 -0.011045 -0.036090
v -0.007302 -0.006366 -0.053380
v -0.007299 -0.006134 -0.053382
v -0.006963 -0.006020 -0.053544
v 0.005152 -0.012339 -0.035271
v 0.005420 -0.011777 -0.035698
v -0.008117 -0.000061 -0.051156
v -0.007841 -0.000248 -0.051426
v -0.008442 -0.004433 -0.052729
v -0.008315 -0.004397 -0.052832
v 0.001602 -0.011813 -0.044177
v 0.001949 -0.011225 -0.044171
v -0.009058 -0.001530 -0.051475
v -0.009057 -0.001740 -0.051540
v -0.009128 -0.001968 -0.051524
v -0.008716 -0.003459 -0.052324
v 0.006035 -0.002931 -0.036615
v 0.007761 -0.003211 -0.031907
v -0.009737 -0.006786 -0.051262
v -0.007571 -0.000831 -0.052005
v -0.008935 -0.004278 -0.052208
v -0.008973 -0.004147 -0.052150
v 0.008518 -0.009791 -0.026156
v 0.008689 -0.008995 -0.026469
v -0.009078 -0.010426 -0.051558
v -0.009185 -0.010193 -0.051498
v -0.007373 -0.013558 -0.049079
v -0.009083 -0.010816 -0.051435
v -0.008811 -0.007751 -0.052366
v -0.008860 -0.008664 -0.052206
v -0.009563 -0.010021 -0.051055
v -0.003555 -0.011098 -0.053015
v -0.008354 -0.003382 -0.052648
v 0.009508 -0.000482 -0.003523
v 0.009770 -0.000506 -0.000109
v 0.001387 0.002375 -0.005328
v 0.000332 0.002325 -0.008544
v -0.004078 0.001868 -0.045210
v 0.001830 0.002053 -0.029148
v 0.000085 0.001977 -0.035198
v -0.008645 -0.007708 -0.052544
v -0.008643 -0.004501 -0.052540
v 0.006153 -0.008075 -0.036797
v -0.009386 -0.005891 -0.051767
v -0.003840 -0.013594 -0.049404
v -0.007086 -0.002732 -0.053055
v -0.008813 -0.004441 -0.052359
v -0.008811 -0.004513 -0.052360
v -0.008954 -0.001481 -0.051532
v 0.006211 -0.006105 -0.036892
v -0.003585 -0.011800 -0.052590
v -0.003638 -0.012431 -0.051989
v -0.010706 -0.007719 -0.048998
v -0.008193 -0.008476 -0.052880
v 0.007556 -0.001685 -0.030870
v -0.009049 -0.010633 -0.051530
v -0.008391 -0.008821 -0.052646
v -0.008972 -0.008377 -0.052124
v -0.008961 -0.008432 -0.052129
v 0.005101 -0.010600 0.008445
v 0.005061 -0.013804 -0.002971
v 0.000332 -0.014436 -0.008572
v 0.001442 -0.014454 -0.008582
v 0.001442 0.002343 -0.008553
v -0.003791 0.001443 -0.048928
v 0.000718 0.001994 -0.033669
v 0.007569 -0.002418 -0.031885
v 0.005973 -0.002504 -0.036521
v 0.005866 -0.001914 -0.036355
v 0.007328 -0.001716 -0.031850
v -0.009359 -0.006131 -0.051804
v -0.008813 -0.007822 -0.052365
v 0.008795 -0.008103 -0.026781
v 0.005373 -0.000310 -0.035592
v 0.005094 0.000236 -0.035160
v -0.008395 -0.008904 -0.052616
v 0.001209 -0.012329 -0.044165
v -0.001550 -0.014152 -0.039133
v -0.002524 -0.014134 -0.041475
v 0.001468 -0.014440 -0.010839
v 0.007510 -0.013069 -0.001383
v 0.001828 -0.014236 -0.029170
v 0.001484 -0.014389 -0.016089
v -0.007077 -0.002801 -0.053078
v -0.006978 -0.004134 -0.053398
v -0.002862 -0.012196 -0.051887
v -0.002928 -0.012687 -0.051219
v 0.006699 -0.000552 -0.031744
v 0.006313 -0.000076 -0.031673
v 0.009714 -0.011666 -0.000151
v -0.005335 -0.005146 -0.053633
v -0.006779 -0.006020 -0.053575
v -0.006628 -0.004776 -0.053509
v 0.001275 -0.014203 -0.032275
v 0.000718 -0.014193 -0.033696
v 0.001482 -0.014208 -0.031697
v 0.001932 -0.014229 -0.029485
v -0.001400 0.000392 -0.048948
v 0.001024 0.001443 -0.040039
v 0.004430 0.001086 -0.034105
v -0.005333 -0.002635 -0.053330
v -0.006794 -0.004122 -0.053426
v -0.003004 -0.013081 -0.050401
v -0.003791 -0.013694 -0.048956
v 0.005889 -0.010173 -0.036408
v 0.007503 -0.013002 -0.003544
v 0.007301 -0.010600 0.006647
v 0.007301 -0.001600 0.006647
v 0.007364 0.000815 -0.006717
v 0.004714 0.000783 -0.034555
v -0.002260 -0.012717 -0.050321
v 0.007593 -0.001056 -0.028484
v 0.006918 -0.000526 -0.030640
v 0.007229 -0.000518 -0.028256
v -0.002158 -0.011308 -0.052099
v -0.001499 -0.012723 -0.048961
v 0.000288 -0.013154 -0.044086
v 0.004341 -0.013369 -0.033977
v 0.007364 -0.012953 -0.006740
v 0.005656 -0.001082 -0.036030
v 0.007038 -0.001097 -0.031803
v -0.004414 -0.004181 -0.053630
v -0.001544 -0.012495 -0.049508
v -0.001572 -0.012204 -0.050131
v -0.003565 -0.004258 -0.053561
v 0.000771 -0.012776 -0.044134
v 0.004788 -0.012896 -0.034685
v 0.005393 -0.012917 -0.031517
v -0.002822 -0.011591 -0.052439
v -0.000382 -0.000898 -0.048917
v -0.000446 -0.001351 -0.049488
v -0.000993 -0.011270 -0.050288
v -0.000962 -0.011581 -0.049853
v -0.000912 -0.011849 -0.049383
v 0.007262 -0.001067 -0.030761
v 0.006208 -0.005657 -0.036886
v -0.003688 -0.006134 -0.053585
v -0.000021 -0.002376 -0.049336
v -0.002456 -0.006133 -0.053170
v -0.001999 -0.006133 -0.052898
v -0.002092 -0.005257 -0.052967
v -0.000447 -0.010900 -0.049507
v 0.003487 -0.001208 -0.040945
v -0.000022 -0.002776 -0.049538
vn -0.9475 0.0283 -0.3185
vn -0.9959 0.0187 0.0884
vn -0.9987 0.0138 0.0484
vn -0.9932 0.0145 0.1154
vn -0.9986 0.0095 0.0522
vn -0.9968 0.0087 0.0796
vn -0.9948 0.0114 0.1014
vn -0.9802 0.0498 -0.1919
vn -0.6402 0.3877 -0.6632
vn -0.5995 0.3896 -0.6992
vn -0.7959 0.1629 -0.5831
vn -0.8712 0.1943 -0.4509
vn -0.8376 0.2026 -0.5073
vn -0.8602 0.1529 -0.4865
vn -0.8804 0.1308 -0.4558
vn -0.8449 0.2474 -0.4743
vn -0.6796 0.1258 -0.7227
vn -0.6628 0.1406 -0.7355
vn -0.5515 0.0648 -0.8317
vn -0.5942 0.0627 -0.8019
vn -0.5677 0.1916 -0.8006
vn -0.5836 0.1734 -0.7933
vn 0.8973 0.0186 -0.4411
vn 0.8935 0.0563 -0.4456
vn 0.8660 0.2583 -0.4282
vn 0.2917 0.9199 -0.2622
vn -0.0165 0.9778 -0.2087
vn -0.0288 0.9608 -0.2758
vn -0.0835 0.8712 -0.4838
vn -0.0600 0.9109 -0.4083
vn 0.0183 0.2729 -0.9619
vn 0.0330 0.2476 -0.9683
vn 0.2851 0.2424 -0.9273
vn 0.2846 0.2432 -0.9273
vn 0.5522 0.3153 -0.7718
vn 0.2950 0.3547 -0.8872
vn 0.2929 0.3576 -0.8868
vn 0.0313 0.3665 -0.9299
vn 0.0171 0.3854 -0.9226
vn -0.0131 0.9791 -0.2028
vn 0.7202 0.3685 -0.5878
vn 0.5558 0.4374 -0.7070
vn 0.5493 0.4467 -0.7062
vn 0.3065 0.5009 -0.8094
vn 0.2972 0.5113 -0.8064
vn 0.0403 0.5265 -0.8492
vn 0.0275 0.5395 -0.8415
vn -0.1331 0.6904 -0.7110
vn 0.2734 0.1265 -0.9535
vn 0.2738 0.1267 -0.9534
vn 0.4961 0.1120 -0.8610
vn 0.5283 0.1371 -0.8379
vn 0.7069 0.2420 -0.6646
vn 0.7248 0.2543 -0.6404
vn 0.7243 0.3597 -0.5881
vn 0.8121 0.3036 -0.4984
vn 0.4422 0.8352 -0.3269
vn 0.2545 0.9200 -0.2981
vn 0.0893 0.9575 -0.2743
vn 0.0712 0.9640 -0.2562
vn -0.0117 0.9662 -0.2574
vn -0.0212 0.9721 -0.2337
vn 0.7746 0.4865 -0.4040
vn 0.6672 0.6330 -0.3927
vn 0.4929 0.7754 -0.3947
vn 0.4400 0.8242 -0.3566
vn 0.2852 0.8735 -0.3946
vn 0.2447 0.8983 -0.3649
vn 0.0891 0.9166 -0.3897
vn 0.0663 0.9263 -0.3710
vn -0.0324 0.9241 -0.3808
vn -0.0469 0.9422 -0.3318
vn -0.1274 0.6950 -0.7076
vn 0.0450 0.7072 -0.7055
vn 0.0603 0.6949 -0.7166
vn 0.2915 0.6762 -0.6766
vn 0.3133 0.6553 -0.6874
vn 0.5291 0.5945 -0.6055
vn 0.5526 0.5637 -0.6139
vn 0.7011 0.4870 -0.5208
vn 0.7197 0.4505 -0.5282
vn 0.7982 0.3901 -0.4591
vn 0.8116 0.3494 -0.4682
vn 0.8585 0.0241 -0.5122
vn 0.7732 0.0118 -0.6341
vn 0.8872 0.0161 -0.4611
vn 0.8675 0.0360 -0.4961
vn 0.8671 0.0544 -0.4951
vn 0.8643 0.0604 -0.4994
vn 0.8627 0.1035 -0.4951
vn 0.8630 0.1026 -0.4946
vn 0.8588 0.2039 -0.4700
vn 0.4666 0.0197 -0.8842
vn 0.4924 0.0428 -0.8693
vn 0.8086 0.2186 -0.5463
vn 0.8175 0.2286 -0.5287
vn 0.8158 0.2918 -0.4993
vn 0.8597 0.2544 -0.4428
vn 0.8484 0.3126 -0.4271
vn 0.7985 0.4156 -0.4355
vn 0.7745 0.4833 -0.4081
vn 0.7009 0.5446 -0.4606
vn 0.6668 0.6044 -0.4360
vn 0.5312 0.6803 -0.5049
vn 0.4908 0.7263 -0.4813
vn 0.3064 0.7832 -0.5410
vn 0.2723 0.8105 -0.5185
vn 0.0795 0.8289 -0.5537
vn 0.0584 0.8422 -0.5361
vn 0.8607 -0.2514 -0.4427
vn -0.0267 -0.0134 -0.9996
vn 0.8872 -0.0137 -0.4611
vn -0.0658 -0.0759 -0.9949
vn -0.1674 -0.3689 -0.9143
vn -0.1983 -0.4186 -0.8862
vn -0.1553 -0.5218 -0.8388
vn -0.1808 -0.5605 -0.8082
vn -0.1282 -0.6909 -0.7115
vn -0.1410 -0.7029 -0.6971
vn -0.0762 -0.9069 -0.4145
vn -0.0379 -0.9237 -0.3811
vn -0.0443 -0.9418 -0.3333
vn -0.0349 -0.9607 -0.2755
vn -0.0130 -0.9668 -0.2553
vn -0.0205 -0.9739 -0.2259
vn -0.0153 -0.9798 -0.1996
vn -0.0148 -0.9795 -0.2008
vn 0.0478 -0.9770 -0.2079
vn 0.2702 -0.9269 -0.2603
vn 0.4700 -0.8283 -0.3050
vn 0.8660 -0.2345 -0.4415
vn 0.8940 -0.0533 -0.4448
vn 0.8879 -0.0971 -0.4497
vn 0.8889 -0.1284 -0.4396
vn 0.8835 -0.1443 -0.4457
vn 0.8797 -0.1800 -0.4401
vn 0.0858 -0.0365 -0.9956
vn 0.0521 -0.0721 -0.9960
vn 0.0582 -0.1261 -0.9903
vn 0.0231 -0.1593 -0.9870
vn 0.2704 -0.0225 -0.9625
vn 0.2648 -0.0281 -0.9639
vn 0.5530 -0.3088 -0.7739
vn 0.8494 -0.3100 -0.4271
vn 0.5744 -0.2717 -0.7721
vn 0.5317 -0.2117 -0.8200
vn -0.1598 -0.2597 -0.9524
vn 0.7734 -0.0319 -0.6332
vn 0.7790 -0.0423 -0.6256
vn 0.7787 -0.0710 -0.6234
vn 0.7958 -0.1014 -0.5971
vn 0.7945 -0.1335 -0.5925
vn 0.8120 -0.1620 -0.5607
vn 0.8586 -0.0217 -0.5122
vn 0.8678 -0.0344 -0.4957
vn 0.8631 -0.0995 -0.4951
vn 0.8633 -0.1001 -0.4946
vn 0.8608 -0.1479 -0.4870
vn 0.8625 -0.1524 -0.4826
vn 0.8594 -0.2012 -0.4701
vn 0.8681 -0.2198 -0.4450
vn 0.8681 -0.2214 -0.4443
vn 0.7091 -0.1497 -0.6890
vn 0.6753 -0.1142 -0.7286
vn 0.6753 -0.0718 -0.7341
vn 0.6440 -0.0342 -0.7643
vn 0.6434 -0.0139 -0.7654
vn -0.0760 -0.9841 -0.1604
vn -0.0768 -0.9785 -0.1912
vn -0.1136 -0.9352 -0.3355
vn -0.1415 -0.9033 -0.4050
vn -0.1383 -0.8985 -0.4166
vn -0.1807 -0.8266 -0.5330
vn -0.1785 -0.8102 -0.5583
vn -0.2223 -0.7403 -0.6345
vn -0.1105 0.9361 -0.3340
vn -0.1601 0.8598 -0.4849
vn -0.2291 0.6761 -0.7003
vn -0.1834 0.8247 -0.5350
vn -0.0751 0.9872 -0.1406
vn -0.0474 0.9831 -0.1770
vn -0.0719 0.9885 -0.1333
vn -0.0531 0.9965 -0.0641
vn 0.9063 0.0461 -0.4201
vn 0.9069 0.0830 -0.4131
vn 0.0121 0.9910 -0.1331
vn 0.0302 0.9914 -0.1273
vn 0.1228 0.9756 -0.1822
vn 0.1958 0.9655 -0.1715
vn 0.4152 0.8717 -0.2603
vn 0.3970 0.8864 -0.2380
vn 0.2998 0.9258 -0.2304
vn 0.2290 0.9530 -0.1986
vn 0.7374 0.5687 -0.3644
vn 0.8538 0.3281 -0.4043
vn 0.8626 0.2840 -0.4187
vn 0.8904 0.1330 -0.4353
vn 0.8685 0.2558 -0.4245
vn 0.8997 0.0467 -0.4339
vn 0.5635 0.7767 -0.2815
vn 0.6561 0.6839 -0.3190
vn 0.7328 0.5790 -0.3574
vn 0.3771 0.9107 -0.1684
vn 0.4145 0.8880 -0.1992
vn 0.5687 0.7821 -0.2547
vn 0.6609 0.6886 -0.2982
vn 0.7387 0.5842 -0.3363
vn 0.7450 0.5759 -0.3366
vn 0.7983 0.4779 -0.3666
vn 0.8026 0.4708 -0.3664
vn 0.8559 0.3294 -0.3988
vn 0.8589 0.3246 -0.3962
vn 0.8921 0.1681 -0.4193
vn 0.8939 0.1648 -0.4170
vn 0.9038 0.0483 -0.4253
vn 0.9050 0.0457 -0.4229
vn 0.0678 -0.9861 -0.1518
vn 0.2162 -0.9574 -0.1915
vn 0.8984 -0.0151 -0.4390
vn 0.8998 -0.0453 -0.4338
vn 0.8911 -0.1273 -0.4356
vn 0.7399 -0.5649 -0.3652
vn 0.7927 -0.4721 -0.3858
vn 0.8631 -0.2838 -0.4178
vn 0.4751 -0.8334 -0.2822
vn 0.0142 -0.9917 -0.1275
vn 0.0278 -0.9919 -0.1243
vn 0.9068 -0.0823 -0.4134
vn 0.9062 -0.0447 -0.4205
vn 0.2803 -0.9342 -0.2206
vn 0.4035 -0.8905 -0.2105
vn 0.7339 -0.5786 -0.3559
vn 0.6571 -0.6839 -0.3171
vn 0.5643 -0.7769 -0.2792
vn 0.4135 -0.8868 -0.2064
vn 0.4150 -0.8884 -0.1964
vn 0.2135 -0.9692 -0.1225
vn 0.2053 -0.9705 -0.1261
vn 0.1952 -0.9656 -0.1716
vn 0.1235 -0.9766 -0.1762
vn -0.0448 -0.9990 -0.0070
vn -0.0424 -0.9988 -0.0249
vn -0.0666 -0.9900 -0.1245
vn 0.0098 -0.9999 -0.0080
vn -0.9588 -0.0969 -0.2670
vn -0.9475 -0.0274 -0.3185
vn -0.9503 -0.0437 -0.3082
vn -0.9283 -0.1146 -0.3537
vn -0.9419 -0.0524 -0.3318
vn -0.9934 -0.0196 0.1134
vn -0.9980 -0.0097 0.0618
vn -0.9834 -0.1794 0.0275
vn -0.9915 -0.1182 0.0538
vn -0.8211 -0.0040 -0.5708
vn -0.8208 0.0055 -0.5712
vn -0.8582 0.0017 -0.5133
vn -0.7477 -0.0776 -0.6595
vn -0.6996 -0.0839 -0.7096
vn -0.6962 -0.0950 -0.7115
vn -0.6800 -0.0774 -0.7291
vn -0.5701 -0.2176 -0.7922
vn -0.7243 -0.3119 -0.6149
vn -0.6414 -0.4046 -0.6518
vn -0.7124 -0.3013 -0.6338
vn -0.7981 -0.1516 -0.5831
vn -0.7993 -0.1555 -0.5805
vn -0.7821 -0.1603 -0.6021
vn -0.7835 -0.1741 -0.5965
vn -0.7971 -0.1574 -0.5830
vn -0.8052 -0.2333 -0.5452
vn -0.8508 -0.2562 -0.4588
vn -0.8638 -0.1349 -0.4855
vn -0.8700 -0.1368 -0.4737
vn -0.8036 -0.2709 -0.5299
vn -0.7630 -0.2645 -0.5898
vn -0.2358 -0.9718 0.0055
vn -0.2911 -0.9563 0.0269
vn -0.3380 -0.9411 0.0072
vn -0.2894 -0.9552 -0.0620
vn -0.1529 -0.9856 -0.0723
vn -0.3170 -0.6557 -0.6853
vn -0.3413 -0.6619 -0.6674
vn -0.3214 -0.7597 -0.5653
vn -0.1920 -0.8950 -0.4026
vn -0.2311 -0.9065 -0.3532
vn -0.5759 -0.8175 -0.0001
vn -0.3030 -0.9299 -0.2087
vn -0.1440 -0.9628 -0.2288
vn -0.6515 -0.7398 -0.1679
vn -0.6314 -0.7163 -0.2971
vn -0.6466 -0.6918 -0.3213
vn -0.5802 -0.6561 -0.4826
vn -0.6454 -0.5574 -0.5222
vn -0.6176 -0.5427 -0.5692
vn -0.6160 -0.5039 -0.6055
vn -0.6040 -0.4968 -0.6232
vn -0.6354 -0.7716 -0.0290
vn -0.6388 -0.7538 -0.1540
vn -0.3484 -0.8935 -0.2832
vn -0.3932 -0.7986 -0.4556
vn -0.3636 -0.7831 -0.5046
vn -0.3705 -0.7522 -0.5449
vn -0.3517 -0.7406 -0.5725
vn -0.4014 -0.6846 -0.6085
vn -0.3606 -0.6536 -0.6654
vn -0.8403 -0.5274 0.1253
vn -0.8932 -0.1981 -0.4037
vn -0.9471 -0.3179 0.0438
vn -0.4347 -0.3342 -0.8363
vn -0.4590 -0.3311 -0.8244
vn -0.1366 -0.0607 -0.9888
vn -0.3116 -0.6506 -0.6926
vn -0.3505 -0.6001 -0.7190
vn -0.1618 -0.1964 -0.9671
vn -0.8125 0.5690 0.1265
vn -0.8465 0.5281 0.0679
vn -0.7704 0.3638 -0.5235
vn -0.2201 0.8502 -0.4782
vn -0.1602 0.9088 -0.3852
vn -0.1437 0.9388 -0.3131
vn -0.2270 0.9340 -0.2760
vn -0.2297 0.9625 -0.1440
vn -0.1429 0.9762 -0.1632
vn -0.3446 0.8520 -0.3942
vn -0.3214 0.9035 -0.2835
vn -0.9459 0.3027 0.1166
vn -0.9494 0.3129 0.0288
vn -0.4431 0.3716 -0.8159
vn -0.4579 0.3389 -0.8219
vn 0.0146 0.9998 -0.0119
vn 0.9064 0.0829 -0.4141
vn 0.3779 0.9109 -0.1656
vn 0.4031 0.9017 -0.1565
vn 0.2559 0.9606 -0.1084
vn 0.3337 0.9324 -0.1388
vn 0.0668 0.9972 -0.0339
vn 0.0669 0.9973 -0.0308
vn 0.0674 0.9973 -0.0275
vn 0.0715 0.9971 -0.0253
vn 0.2076 0.9779 -0.0264
vn 0.1792 0.9812 -0.0718
vn 0.1866 0.9786 -0.0867
vn 0.8901 -0.2098 -0.4046
vn 0.3284 -0.9351 -0.1333
vn 0.1862 -0.9800 -0.0709
vn 0.2232 -0.9744 -0.0261
vn 0.0394 -0.9991 -0.0169
vn 0.9066 -0.0823 -0.4139
vn 0.1865 -0.9790 -0.0829
vn 0.3754 -0.9124 -0.1633
vn 0.9965 0.0354 -0.0758
vn 0.9838 0.1630 -0.0741
vn 0.9849 0.1567 -0.0737
vn 0.9916 0.1068 -0.0735
vn 0.8224 0.5661 -0.0566
vn 0.8557 0.5139 -0.0598
vn 0.8643 0.4998 -0.0572
vn 0.2403 0.9707 -0.0083
vn 0.4442 0.8954 -0.0299
vn 0.4597 0.8873 -0.0362
vn 0.5201 0.8532 -0.0393
vn 0.5762 0.8162 -0.0421
vn 0.7359 0.6742 -0.0625
vn 0.6267 0.7774 -0.0544
vn 0.8621 0.5015 -0.0725
vn 0.8628 0.5003 -0.0727
vn 0.9905 0.1057 -0.0875
vn 0.9848 0.1506 -0.0871
vn 0.9830 0.1629 -0.0848
vn 0.9649 0.2488 -0.0837
vn 0.9620 0.2605 -0.0814
vn 0.9475 0.3094 -0.0805
vn 0.9129 0.4010 -0.0761
vn 0.9954 0.0534 -0.0790
vn 0.9628 0.2607 -0.0716
vn 0.9637 0.2573 -0.0707
vn 0.9704 0.2314 -0.0689
vn 0.2535 -0.9673 -0.0079
vn 0.5702 -0.8205 -0.0402
vn 0.5172 -0.8551 -0.0357
vn 0.9600 -0.2723 -0.0652
vn 0.8576 -0.5112 -0.0573
vn 0.8559 -0.5139 -0.0577
vn 0.8201 -0.5696 -0.0540
vn 0.9642 -0.2560 -0.0695
vn 0.9956 -0.0555 -0.0758
vn 0.9957 -0.0532 -0.0764
vn 0.9970 -0.0183 -0.0757
vn 0.9953 -0.0358 -0.0903
vn 0.9950 -0.0531 -0.0844
vn 0.9918 -0.0930 -0.0872
vn 0.9473 -0.3103 -0.0794
vn 0.9258 -0.3702 -0.0765
vn 0.9237 -0.3755 -0.0755
vn 0.8772 -0.4746 -0.0721
vn 0.8625 -0.5015 -0.0675
vn 0.8374 -0.5424 -0.0677
vn 0.9629 -0.2605 -0.0707
vn 0.9241 -0.3757 -0.0695
vn 0.9192 -0.3882 -0.0661
vn 0.8627 -0.5016 -0.0642
vn 0.8558 -0.5138 -0.0607
vn 0.7776 -0.6261 -0.0578
vn 0.7691 -0.6369 -0.0544
vn 0.6748 -0.7362 -0.0509
vn 0.6653 -0.7451 -0.0475
vn 0.5676 -0.8221 -0.0438
vn 0.9837 0.1505 -0.0987
vn 0.9704 0.2203 -0.0986
vn 0.9639 0.2486 -0.0952
vn 0.9463 0.3092 -0.0943
vn 0.9377 0.3344 -0.0941
vn 0.9340 0.3451 -0.0928
vn 0.9119 0.4007 -0.0888
vn 0.8809 0.4653 -0.0865
vn 0.8622 0.5001 -0.0807
vn 0.7943 0.6028 -0.0763
vn 0.7797 0.6219 -0.0726
vn 0.7355 0.6741 -0.0678
vn 0.6802 0.7305 -0.0609
vn 0.6266 0.7773 -0.0563
vn 0.8767 0.4722 -0.0915
vn 0.8796 0.4668 -0.0913
vn 0.9297 0.3545 -0.0994
vn 0.9367 0.3359 -0.0986
vn 0.9634 0.2470 -0.1039
vn 0.9697 0.2217 -0.1024
vn 0.9824 0.1544 -0.1055
vn 0.9861 0.1302 -0.1036
vn 0.9929 0.0534 -0.1061
vn 0.9938 0.0411 -0.1030
vn 0.9532 0.0471 -0.2987
vn 0.9826 0.0620 -0.1748
vn 0.9806 0.0677 -0.1841
vn 0.6169 0.7837 -0.0726
vn 0.6093 0.7862 -0.1030
vn 0.9611 0.0578 -0.2702
vn 0.9734 0.0558 -0.2221
vn 0.9907 0.0504 -0.1266
vn 0.9901 0.0544 -0.1293
vn 0.9788 0.1614 -0.1264
vn 0.9780 0.1649 -0.1274
vn 0.9593 0.2539 -0.1236
vn 0.9582 0.2577 -0.1245
vn 0.9248 0.3615 -0.1187
vn 0.9246 0.3619 -0.1187
vn 0.6133 0.7870 -0.0678
vn 0.6115 0.7883 -0.0680
vn 0.5253 0.8496 -0.0474
vn 0.9827 -0.0614 -0.1746
vn 0.7785 -0.6239 -0.0692
vn 0.7947 -0.6025 -0.0737
vn 0.8367 -0.5422 -0.0776
vn 0.8764 -0.4744 -0.0834
vn 0.8812 -0.4651 -0.0849
vn 0.9248 -0.3700 -0.0884
vn 0.9379 -0.3342 -0.0930
vn 0.9461 -0.3101 -0.0932
vn 0.9711 -0.2190 -0.0947
vn 0.9735 -0.2088 -0.0937
vn 0.9906 -0.0929 -0.1004
vn 0.9939 -0.0406 -0.1024
vn 0.9942 -0.0358 -0.1016
vn 0.8020 -0.5921 -0.0791
vn 0.7938 -0.6033 -0.0766
vn 0.7125 -0.6985 -0.0665
vn 0.6185 -0.7840 -0.0535
vn 0.7501 -0.6540 -0.0980
vn 0.8026 -0.5872 -0.1049
vn 0.8250 -0.5521 -0.1206
vn 0.8694 -0.4775 -0.1270
vn 0.8840 -0.4457 -0.1410
vn 0.9183 -0.3679 -0.1463
vn 0.9264 -0.3417 -0.1581
vn 0.9505 -0.2653 -0.1621
vn 0.9541 -0.2454 -0.1717
vn 0.9693 -0.1735 -0.1743
vn 0.9703 -0.1591 -0.1820
vn 0.9807 -0.0670 -0.1839
vn 0.9735 -0.0550 -0.2219
vn 0.6171 -0.7838 -0.0699
vn 0.7393 -0.6577 -0.1441
vn 0.7540 -0.6365 -0.1620
vn 0.8133 -0.5559 -0.1721
vn 0.8246 -0.5325 -0.1909
vn 0.8708 -0.4495 -0.1988
vn 0.8779 -0.4269 -0.2170
vn 0.9116 -0.3455 -0.2226
vn 0.9147 -0.3258 -0.2392
vn 0.9376 -0.2491 -0.2426
vn 0.9378 -0.2337 -0.2569
vn 0.9522 -0.1626 -0.2585
vn 0.9509 -0.1520 -0.2698
vn 0.8740 -0.4735 -0.1092
vn 0.8716 -0.4783 -0.1073
vn 0.8047 -0.5856 -0.0975
vn 0.7970 -0.5968 -0.0931
vn 0.7083 -0.7017 -0.0768
vn 0.5255 -0.8496 -0.0444
vn -0.9222 -0.0000 0.3868
vn -0.9999 0.0096 -0.0083
vn -0.9994 0.0001 -0.0354
vn -0.9997 -0.0000 -0.0253
vn -0.9999 -0.0000 0.0149
vn -1.0000 -0.0002 0.0082
vn -0.9998 0.0100 0.0181
vn -0.9999 0.0115 0.0095
vn -0.1648 -0.0603 -0.9845
vn -0.1577 -0.0596 -0.9857
vn -0.9837 0.0347 -0.1766
vn -0.9811 0.0407 -0.1894
vn -0.9882 0.0219 -0.1518
vn -0.9935 0.0076 -0.1140
vn -0.9959 0.0002 -0.0900
vn -0.9999 -0.0105 0.0038
vn -0.9999 -0.0081 0.0135
vn -0.9989 -0.0283 0.0384
vn -0.9958 -0.0000 -0.0919
vn -0.9935 -0.0075 -0.1138
vn -0.9910 -0.0148 -0.1329
vn -0.9983 -0.0123 0.0574
vn -0.9569 0.0239 -0.2895
vn -0.9572 0.0238 -0.2883
vn -0.9994 -0.0131 0.0310
vn -0.9988 0.0126 0.0469
vn -0.1466 0.9381 -0.3139
vn -0.1425 0.9420 -0.3039
vn -0.9588 0.2428 -0.1472
vn -0.9570 0.2407 -0.1620
vn -0.9466 0.1992 -0.2535
vn -0.9628 0.2451 -0.1135
vn -0.9432 0.1929 -0.2705
vn -0.9281 0.1455 -0.3426
vn -0.9482 0.1088 -0.2983
vn -0.9506 0.1043 -0.2924
vn -0.9548 0.0962 -0.2812
vn -0.9619 0.0820 -0.2608
vn -0.9702 0.0648 -0.2334
vn -0.9743 0.0564 -0.2181
vn -0.9776 0.0485 -0.2049
vn -0.9815 0.0394 -0.1876
vn -0.9845 0.0037 -0.1751
vn 0.4048 0.8910 -0.2053
vn 0.4116 0.8851 -0.2173
vn -0.9820 0.0034 -0.1887
vn -0.9875 -0.0002 -0.1575
vn -0.9894 -0.0001 -0.1450
vn -0.9892 0.0003 -0.1467
vn -0.9882 -0.0214 -0.1516
vn -0.9802 -0.0412 -0.1937
vn -0.9788 -0.0450 -0.1998
vn -0.9773 -0.0525 -0.2054
vn -0.9847 -0.0863 -0.1512
vn -0.9786 -0.1281 -0.1613
vn -0.0792 -0.9564 0.2810
vn -0.1849 -0.9396 0.2880
vn -0.9874 0.0003 -0.1580
vn -0.9870 0.0002 -0.1607
vn -0.9746 -0.0222 -0.2228
vn -0.9854 -0.0020 -0.1701
vn -0.9821 0.0071 -0.1881
vn -0.9972 -0.0202 0.0725
vn -0.9928 -0.0168 0.1184
vn -0.9951 -0.0091 0.0980
vn 0.8880 0.1343 -0.4397
vn 0.8836 0.1467 -0.4447
vn -0.9936 0.0170 0.1113
vn -0.9640 0.2574 0.0662
vn -0.9628 0.2634 0.0596
vn -0.9599 0.2745 0.0562
vn -0.9567 0.2808 0.0766
vn -0.8877 0.4182 -0.1928
vn -0.8557 0.5171 -0.0163
vn -0.8166 0.5726 -0.0724
vn -0.8272 0.4704 -0.3073
vn -0.7706 0.1258 -0.6248
vn -0.7783 0.1165 -0.6169
vn -0.8901 0.1979 -0.4105
vn -0.8893 0.1994 -0.4117
vn -0.9157 0.1503 -0.3728
vn -0.8873 0.2039 -0.4136
vn -0.9098 0.1531 -0.3858
vn -0.9505 0.0367 -0.3084
vn -0.9516 0.0302 -0.3059
vn -0.9555 0.0256 -0.2939
vn 0.2066 0.9707 -0.1226
vn 0.2124 0.9682 -0.1326
vn -0.9524 0.0960 -0.2893
vn 0.7789 0.0748 -0.6227
vn 0.7960 0.1053 -0.5961
vn -0.9703 0.0134 -0.2415
vn -0.9729 0.0114 -0.2311
vn -0.9542 0.0004 -0.2992
vn -0.9536 0.0005 -0.3010
vn 0.7982 -0.3598 -0.4832
vn 0.8111 -0.3764 -0.4477
vn -0.9826 -0.0017 -0.1856
vn -0.4788 -0.4008 -0.7811
vn -0.4815 -0.3857 -0.7870
vn -0.1196 0.9791 -0.1643
vn -0.1169 0.9809 -0.1556
vn -0.9713 -0.0622 -0.2296
vn -0.9745 -0.0555 -0.2176
vn -0.9471 -0.1982 -0.2526
vn -0.9587 -0.0879 -0.2706
vn -0.9497 -0.1054 -0.2950
vn -0.9284 -0.1444 -0.3423
vn -0.9433 -0.1913 -0.2712
vn -0.9630 -0.2447 -0.1126
vn -0.9571 -0.2375 -0.1658
vn -0.9617 -0.2438 -0.1249
vn -0.9799 -0.0228 -0.1979
vn -0.9622 -0.2706 0.0313
vn -0.9534 -0.2852 0.0984
vn -0.9504 -0.2719 0.1512
vn -0.1705 0.4096 -0.8962
vn -0.2090 0.3722 -0.9043
vn -0.9549 -0.2856 0.0814
vn -0.9776 -0.1458 0.1520
vn -0.9878 -0.0292 0.1531
vn -0.9947 -0.0001 0.1032
vn -0.9904 -0.0015 0.1382
vn -0.9920 -0.0005 0.1261
vn -0.9927 -0.0001 0.1208
vn -0.9901 0.0012 0.1403
vn -0.8687 -0.0780 -0.4892
vn -0.8793 -0.0769 -0.4701
vn 0.5271 0.8487 -0.0433
vn 0.5673 0.8219 -0.0504
vn -0.9874 0.0408 0.1531
vn -0.9776 0.1457 0.1519
vn -0.9535 0.2751 0.1235
vn -0.9544 0.2817 0.0985
vn 0.6663 -0.5679 -0.4834
vn 0.6997 -0.5798 -0.4174
vn -0.3491 -0.9361 -0.0423
vn -0.3189 -0.9461 -0.0571
vn 0.6805 -0.7306 -0.0561
vn 0.6747 -0.7361 -0.0545
vn 0.0609 0.1652 -0.9844
vn 0.0185 0.1330 -0.9909
vn -0.7849 0.3318 -0.5232
vn -0.8075 0.3034 -0.5058
vn -0.8479 0.2531 -0.4659
vn -0.9480 0.0292 -0.3170
vn -0.9420 0.0366 -0.3335
vn -0.9489 0.0305 -0.3142
vn -0.8993 0.1238 -0.4195
vn -0.8959 0.1134 -0.4296
vn -0.9420 0.0006 -0.3355
vn -0.9420 0.0006 -0.3357
vn -0.9364 0.0006 -0.3510
vn -0.9833 -0.1694 -0.0665
vn -0.9891 -0.1326 -0.0633
vn 0.9538 0.2459 -0.1725
vn 0.9502 0.2657 -0.1630
vn -0.9680 -0.0133 -0.2507
vn -0.9638 -0.0196 -0.2658
vn -0.8835 -0.4249 -0.1973
vn -0.8330 -0.3625 -0.4180
vn -0.8270 -0.4719 -0.3056
vn -0.9522 -0.0960 -0.2901
vn -0.9482 -0.1141 -0.2964
vn -0.9160 -0.1491 -0.3725
vn -0.9101 -0.1519 -0.3854
vn 0.0607 -0.9175 -0.3931
vn 0.0936 -0.9254 -0.3673
vn -0.8497 -0.5116 -0.1278
vn -0.2887 0.9567 0.0381
vn -0.2019 0.9792 0.0200
vn -0.8530 -0.5021 0.1424
vn -0.8657 -0.4792 0.1446
vn -0.8801 -0.4515 0.1470
vn -0.9338 -0.3255 0.1483
vn -0.9507 -0.2723 0.1485
vn -0.9879 -0.0188 0.1541
vn -0.9880 -0.0186 0.1531
vn -0.9880 -0.0194 0.1531
vn 0.4895 -0.0139 -0.8719
vn 0.4672 -0.0381 -0.8833
vn -0.9885 -0.0018 0.1511
vn -0.8653 -0.4771 0.1540
vn -0.8374 -0.5205 0.1666
vn -0.7919 -0.5809 0.1883
vn -0.7073 -0.6706 0.2235
vn -0.6180 -0.7423 0.2592
vn -0.7526 -0.0000 0.6584
vn -0.9886 -0.0016 0.1507
vn -0.9902 0.0002 0.1395
vn -0.9901 0.0012 0.1406
vn -0.9882 0.0018 0.1534
vn -0.9880 0.0180 0.1532
vn -0.9509 0.2718 0.1483
vn -0.6285 0.7318 0.2636
vn -0.7369 0.6399 0.2180
vn -0.8368 0.5196 0.1727
vn -0.8696 0.4681 0.1572
vn -0.8911 0.4295 0.1467
vn -0.8902 0.4312 0.1471
vn -0.9344 0.3239 0.1481
vn -0.9881 -0.0009 0.1536
vn -0.8910 0.4294 0.1472
vn -0.8703 0.4711 0.1438
vn -0.8377 0.5284 0.1380
vn -0.8203 0.5559 0.1346
vn 0.7731 0.0350 -0.6333
vn 0.7793 0.0465 -0.6249
vn -0.2980 0.9036 -0.3078
vn -0.2985 0.9066 -0.2984
vn -0.8862 -0.2017 -0.4172
vn -0.8917 -0.1944 -0.4087
vn -0.3140 0.9493 -0.0154
vn -0.3063 0.9517 -0.0210
vn -0.3144 0.8371 -0.4477
vn -0.3505 0.7972 -0.4916
vn -0.4068 0.7477 -0.5249
vn -0.7726 0.1736 -0.6107
vn -0.7600 0.1828 -0.6237
vn -0.7126 0.4058 -0.5722
vn -0.7345 0.3844 -0.5592
vn -0.7297 0.3887 -0.5624
vn -0.7443 0.3076 -0.5928
vn -0.7284 0.3636 -0.5807
vn -0.7534 0.2940 -0.5881
vn -0.8033 0.2753 -0.5281
vn -0.8044 0.2464 -0.5406
vn -0.7831 0.1748 -0.5969
vn -0.7973 0.1566 -0.5829
vn -0.8796 0.0784 -0.4691
vn -0.8953 0.0553 -0.4420
vn -0.9013 0.0451 -0.4309
vn -0.9195 0.0184 -0.3926
vn -0.9217 0.0153 -0.3876
vn -0.9221 0.0148 -0.3867
vn -0.8053 0.4119 -0.4264
vn -0.8298 0.3234 -0.4547
vn -0.8714 0.0793 -0.4841
vn -0.8798 0.0784 -0.4689
vn -0.1939 0.8610 -0.4701
vn -0.1653 0.8958 -0.4126
vn -0.7964 0.1564 -0.5843
vn -0.7963 0.1564 -0.5843
vn -0.9571 -0.0279 -0.2885
vn -0.9363 0.0006 -0.3512
vn -0.9483 -0.0286 -0.3161
vn -0.9525 -0.0274 -0.3032
vn -0.9568 -0.0233 -0.2897
vn -0.9553 -0.0255 -0.2946
vn -0.9579 -0.0196 -0.2865
vn -0.9304 0.0006 -0.3665
vn -0.7326 -0.4411 -0.5185
vn -0.7298 -0.4474 -0.5169
vn -0.8483 -0.2513 -0.4660
vn -0.8083 -0.3019 -0.5054
vn -0.7892 -0.3264 -0.5203
vn -0.9559 -0.0082 -0.2935
vn -0.9339 -0.0547 -0.3534
vn -0.8962 -0.1120 -0.4293
vn -0.8996 -0.1224 -0.4192
vn -0.8704 -0.1922 -0.4532
vn -0.6443 -0.7607 0.0791
vn -0.6477 -0.7576 0.0803
vn -0.7145 -0.6896 0.1181
vn -0.7916 -0.5966 0.1320
vn -0.8381 -0.5272 0.1402
vn -0.6994 -0.7054 0.1155
vn -0.5330 -0.7988 0.2791
vn -0.6066 -0.7890 0.0979
vn -0.5874 -0.8038 0.0944
vn -0.4945 -0.8657 0.0781
vn 0.6363 -0.0000 0.7715
vn -0.3758 -0.8716 0.3146
vn -0.3626 -0.8763 0.3172
vn -0.3707 0.8703 0.3243
vn -0.5446 0.7892 0.2839
vn -0.5063 0.8589 0.0773
vn -0.1227 0.9742 -0.1894
vn -0.1248 0.9688 -0.2141
vn -0.3275 -0.1782 -0.9279
vn -0.3581 -0.1111 -0.9271
vn -0.0043 -0.9847 -0.1740
vn -0.0121 -0.9833 -0.1815
vn -0.2993 0.9541 -0.0045
vn 0.0492 0.9594 0.2776
vn 0.0282 0.9614 0.2737
vn -0.8144 0.0063 -0.5803
vn -0.8165 -0.0012 -0.5773
vn 0.8896 -0.1653 -0.4259
vn 0.8871 -0.1748 -0.4271
vn -0.9843 -0.1168 0.1325
vn -0.9788 -0.1452 0.1445
vn -0.5777 0.0017 -0.8162
vn -0.5702 0.0013 -0.8215
vn -0.1669 0.9067 -0.3873
vn -0.2033 0.8398 -0.5035
vn -0.2109 0.8179 -0.5352
vn -0.3561 0.7162 -0.6002
vn -0.3736 0.6725 -0.6389
vn -0.3821 0.6625 -0.6443
vn -0.4610 0.5953 -0.6582
vn -0.2350 -0.7348 -0.6363
vn -0.2232 -0.7145 -0.6630
vn -0.6315 0.4539 -0.6286
vn -0.5966 0.4728 -0.6485
vn -0.7103 0.3457 -0.6131
vn -0.7071 0.2931 -0.6435
vn -0.7019 0.3013 -0.6454
vn -0.7293 0.3100 -0.6100
vn -0.7608 0.1647 -0.6277
vn 0.8931 -0.1630 -0.4194
vn 0.8937 -0.1674 -0.4162
vn -0.7720 0.1740 -0.6114
vn -0.8588 0.0005 -0.5124
vn -0.8575 0.0011 -0.5144
vn -0.8700 0.0007 -0.4930
vn -0.8671 -0.0017 -0.4981
vn -0.9218 -0.0139 -0.3874
vn -0.9220 -0.0136 -0.3869
vn -0.8660 0.0042 -0.5000
vn -0.9177 -0.0196 -0.3968
vn -0.8658 0.0795 -0.4940
vn -0.2329 0.7624 -0.6037
vn -0.2109 0.8143 -0.5407
vn -0.8441 0.0120 -0.5360
vn 0.8477 0.0301 0.5295
vn 0.8395 -0.0000 0.5433
vn -0.8095 0.0886 -0.5803
vn -0.8138 0.0837 -0.5751
vn -0.8256 0.0821 -0.5583
vn -0.9414 -0.0350 -0.3356
vn -0.9456 -0.0296 -0.3241
vn -0.3315 -0.8470 -0.4156
vn -0.3078 -0.8705 -0.3841
vn -0.3223 -0.9288 -0.1828
vn -0.2947 -0.9326 -0.2085
vn -0.7556 -0.3625 -0.5455
vn -0.7145 -0.3933 -0.5786
vn -0.6850 -0.4166 -0.5976
vn -0.8480 -0.1959 -0.4925
vn -0.6673 -0.4961 -0.5555
vn -0.8954 -0.0538 -0.4420
vn -0.8799 -0.0770 -0.4688
vn -0.9916 -0.0160 0.1286
vn -0.9893 -0.0193 0.1450
vn -0.8670 -0.0816 -0.4915
vn -0.9968 -0.0001 0.0794
vn -0.9951 -0.0002 0.0992
vn 0.7935 0.6034 -0.0787
vn 0.7122 0.6985 -0.0689
vn -0.2713 -0.0000 0.9625
vn -0.2950 -0.9057 0.3044
vn -0.2290 -0.9280 0.2940
vn -0.2241 -0.9293 0.2935
vn -0.8015 -0.0655 -0.5943
vn -0.7868 -0.0541 -0.6149
vn -0.2298 0.9256 0.3009
vn -0.2416 0.9221 0.3021
vn -0.3054 0.8997 0.3118
vn -0.2668 -0.5551 -0.7878
vn -0.2965 -0.5411 -0.7870
vn 0.8182 -0.2255 -0.5288
vn 0.8090 -0.2150 -0.5472
vn 0.2846 -0.2362 -0.9291
vn 0.2852 -0.2353 -0.9291
vn -0.0841 0.9698 -0.2291
vn -0.6058 0.7899 0.0950
vn -0.7319 0.6709 0.1191
vn -0.1450 0.9014 -0.4080
vn -0.1228 0.9924 -0.0018
vn -0.1333 0.9910 0.0073
vn -0.0525 0.9931 -0.1049
vn -0.6677 -0.0943 -0.7385
vn -0.5998 -0.0488 -0.7987
vn -0.0742 0.9972 -0.0021
vn -0.0647 0.9979 -0.0036
vn 0.8609 -0.4237 -0.2816
vn 0.8654 -0.4115 -0.2860
vn -0.1443 0.9000 -0.4114
vn -0.4350 -0.0019 -0.9004
vn -0.4361 -0.0005 -0.8999
vn 0.7441 -0.6351 -0.2075
vn 0.7914 -0.5611 -0.2424
vn -0.3751 0.6632 -0.6476
vn -0.2970 0.6156 -0.7299
vn -0.3022 0.5960 -0.7439
vn -0.4648 0.4653 -0.7533
vn -0.6393 0.0006 -0.7690
vn -0.6284 0.0013 -0.7779
vn 0.8190 -0.4376 -0.3711
vn 0.8050 -0.4710 -0.3608
vn -0.7455 0.1938 -0.6378
vn -0.7517 0.1895 -0.6317
vn -0.7512 0.1900 -0.6321
vn -0.7631 0.1818 -0.6202
vn -0.7402 0.1476 -0.6560
vn 0.9318 0.1372 -0.3360
vn 0.9311 0.1504 -0.3324
vn -0.8339 0.0117 -0.5518
vn -0.8344 0.0817 -0.5451
vn -0.8484 0.0797 -0.5232
vn -0.8343 -0.0098 -0.5512
vn -0.8445 -0.0101 -0.5355
vn -0.2143 0.6366 -0.7408
vn -0.2657 0.5402 -0.7985
vn -0.8996 -0.0466 -0.4342
vn -0.7233 0.0916 -0.6844
vn -0.7300 0.0895 -0.6776
vn -0.8084 0.0777 -0.5835
vn 0.9641 -0.2457 -0.1003
vn 0.9694 -0.2223 -0.1044
vn -0.1893 -0.8684 -0.4584
vn -0.1815 -0.8784 -0.4421
vn -0.1663 -0.9036 -0.3947
vn -0.6989 -0.1760 -0.6932
vn -0.7243 -0.1588 -0.6709
vn -0.1401 -0.9489 -0.2826
vn -0.1348 -0.9573 -0.2559
vn -0.6188 -0.3670 -0.6946
vn -0.6131 -0.3693 -0.6984
vn -0.1222 -0.9768 -0.1759
vn -0.7909 -0.3318 -0.5141
vn -0.6715 -0.4274 -0.6053
vn -0.7555 -0.0236 -0.6548
vn -0.7724 -0.0482 -0.6333
vn -0.7634 -0.1147 -0.6357
vn -0.7074 -0.0936 -0.7006
vn -0.7103 -0.0930 -0.6977
vn -0.7564 -0.1846 -0.6276
vn -0.7555 -0.1854 -0.6284
vn -0.7703 -0.1743 -0.6134
vn -0.2114 -0.8272 -0.5206
vn -0.7902 -0.1722 -0.5881
vn -0.7971 -0.1535 -0.5840
vn -0.1237 -0.9914 -0.0430
vn -0.1237 -0.9914 -0.0425
vn 0.0313 -0.3588 -0.9329
vn 0.0169 -0.3780 -0.9256
vn 0.9948 0.0534 -0.0870
vn 0.9949 0.0449 -0.0904
vn -0.2120 -0.9328 0.2915
vn -0.6253 0.2069 -0.7525
vn -0.5928 0.2323 -0.7711
vn -0.1060 -0.9943 0.0064
vn -0.0750 -0.9972 0.0017
vn -0.4939 -0.3098 -0.8125
vn -0.4864 -0.3245 -0.8113
vn -0.2145 0.9300 0.2985
vn -0.0222 0.9926 -0.1193
vn -0.0141 0.9823 -0.1866
vn 0.6652 0.7451 -0.0487
vn 0.6732 0.7379 -0.0467
vn -0.0352 0.9994 -0.0039
vn -0.0468 0.9989 -0.0064
vn -0.0393 0.9992 -0.0077
vn -0.0201 0.9997 -0.0100
vn 0.0097 0.9998 -0.0150
vn 0.0126 0.9998 -0.0161
vn 0.0530 0.9981 -0.0329
vn -0.6164 0.6308 -0.4713
vn -0.6023 0.6694 -0.4350
vn -0.1257 -0.9891 -0.0766
vn -0.1185 -0.9874 -0.1047
vn -0.2371 0.6655 -0.7077
vn -0.2376 0.6676 -0.7056
vn -0.1184 0.9874 -0.1049
vn -0.1262 0.9896 -0.0688
vn -0.3109 0.5934 -0.7425
vn -0.2423 0.4989 -0.8321
vn -0.2433 0.4898 -0.8372
vn -0.6910 0.0012 -0.7228
vn -0.6852 0.0017 -0.7284
vn 0.8990 -0.1387 -0.4155
vn 0.8977 -0.1649 -0.4086
vn -0.6385 0.2242 -0.7362
vn -0.6624 0.2055 -0.7205
vn -0.7015 0.1760 -0.6906
vn -0.7071 0.1726 -0.6857
vn 0.6651 0.7450 -0.0500
vn 0.6746 0.7362 -0.0535
vn -0.7159 0.0934 -0.6919
vn -0.7093 0.0906 -0.6991
vn -0.8094 0.0013 -0.5872
vn 0.0477 -0.9770 -0.2077
vn 0.0787 -0.9702 -0.2292
vn -0.2124 0.3587 -0.9089
vn -0.2084 0.4068 -0.8894
vn -0.6065 0.4701 -0.6413
vn -0.5721 0.4856 -0.6610
vn -0.8268 -0.0801 -0.5567
vn -0.8143 -0.0815 -0.5746
vn -0.7053 0.1179 -0.6990
vn -0.7812 -0.0081 -0.6242
vn -0.1655 -0.8967 -0.4105
vn -0.8431 -0.5373 0.0236
vn -0.8717 -0.4900 0.0059
vn -0.4849 0.3848 -0.7854
vn -0.4810 0.3661 -0.7966
vn 0.9391 -0.0341 -0.3420
vn 0.9405 -0.0538 -0.3356
vn 0.0414 -0.6906 -0.7221
vn 0.0628 -0.7033 -0.7081
vn -0.9695 -0.0116 -0.2447
vn -0.9677 -0.0145 -0.2517
vn -0.1165 -0.9860 -0.1194
vn -0.5687 -0.1086 -0.8154
vn -0.5720 -0.1073 -0.8132
vn -0.5505 -0.4742 -0.6871
vn 0.9005 0.1450 -0.4100
vn 0.8962 0.1657 -0.4115
vn 0.9261 0.3421 -0.1592
vn 0.9180 0.3682 -0.1475
vn -0.2334 -0.7427 -0.6276
vn -0.7482 -0.1905 -0.6355
vn 0.6760 0.1192 -0.7272
vn 0.7093 0.1542 -0.6879
vn -0.7819 0.1804 -0.5967
vn -0.7952 0.1443 -0.5889
vn -0.7472 -0.1909 -0.6366
vn -0.6603 -0.2069 -0.7220
vn -0.6780 -0.1910 -0.7098
vn -0.5319 0.4605 -0.7107
vn -0.4872 0.4425 -0.7529
vn -0.8063 -0.0901 -0.5847
vn -0.8084 -0.0882 -0.5820
vn -0.7889 -0.1073 -0.6051
vn 0.9880 -0.1170 -0.1005
vn 0.9865 -0.1290 -0.1009
vn -0.0651 -0.9979 -0.0000
vn -0.2217 -0.7923 -0.5684
vn -0.2113 -0.8150 -0.5395
vn 0.4115 -0.0000 0.9114
vn 0.0019 -0.9635 0.2678
vn -0.0315 -0.9995 -0.0016
vn -0.0453 -0.9990 -0.0032
vn -0.0177 -0.9998 -0.0061
vn -0.0071 -1.0000 -0.0063
vn 0.0112 -0.9999 -0.0061
vn 0.1814 -0.9834 -0.0031
vn 0.5319 0.2180 -0.8183
vn 0.5743 0.2774 -0.7702
vn 0.0037 0.9616 0.2745
vn 0.1895 0.9819 -0.0063
vn 0.0116 0.9999 -0.0095
vn -0.0070 0.9999 -0.0098
vn -0.0177 0.9998 -0.0096
vn -0.0060 0.9839 -0.1788
vn 0.0217 0.9780 -0.2074
vn -0.6206 -0.4616 -0.6339
vn -0.6360 -0.4506 -0.6264
vn 0.8582 -0.3228 -0.3990
vn 0.8579 -0.3293 -0.3944
vn 0.1179 0.9732 -0.1974
vn 0.0525 0.9981 -0.0328
vn 0.0645 0.9973 -0.0364
vn 0.0712 0.9967 -0.0385
vn 0.0847 0.9954 -0.0437
vn 0.1603 0.9841 -0.0760
vn 0.9125 0.2563 -0.3189
vn 0.8958 0.3233 -0.3049
vn 0.0135 0.9998 -0.0149
vn 0.0374 0.9992 -0.0143
vn 0.0284 0.9994 -0.0175
vn 0.0274 0.9995 -0.0177
vn 0.0181 0.9997 -0.0171
vn 0.0131 0.9998 -0.0162
vn 0.0115 0.9998 -0.0158
vn -0.2323 0.7268 -0.6464
vn -0.2287 0.7370 -0.6361
vn 0.0400 -0.5196 -0.8535
vn 0.0270 -0.5328 -0.8458
vn 0.0278 -0.9624 0.2700
vn 0.0235 -0.9627 0.2696
vn -0.4053 0.2941 -0.8656
vn -0.4477 0.3126 -0.8378
vn -0.4852 0.3219 -0.8130
vn -0.4923 0.3224 -0.8085
vn -0.5492 0.2873 -0.7848
vn -0.1918 0.9360 0.2953
vn -0.0813 0.9541 0.2883
vn -0.6937 0.1001 -0.7133
vn -0.6838 0.0998 -0.7228
vn -0.6315 0.0195 -0.7752
vn -0.8680 0.0833 -0.4895
vn -0.8602 0.0998 -0.5000
vn 0.9300 -0.3543 -0.0982
vn 0.9369 -0.3357 -0.0975
vn -0.7184 0.0012 -0.6956
vn -0.7315 0.0132 -0.6817
vn -0.7309 -0.0058 -0.6824
vn -0.8045 0.0009 -0.5939
vn -0.7407 0.0198 -0.6715
vn -0.7454 -0.0209 -0.6663
vn -0.7807 0.0093 -0.6248
vn -0.7057 -0.1157 -0.6990
vn -0.7171 -0.0889 -0.6913
vn -0.7225 -0.0894 -0.6856
vn -0.6632 -0.1035 -0.7412
vn -0.7469 -0.0892 -0.6589
vn -0.7224 -0.0870 -0.6859
vn -0.7699 0.0471 -0.6364
vn -0.7551 0.0257 -0.6551
vn 0.9789 -0.1610 -0.1259
vn 0.9782 -0.1645 -0.1269
vn 0.0469 0.9971 -0.0597
vn 0.0405 0.9980 -0.0481
vn -0.5647 -0.3342 -0.7546
vn 0.7453 0.5761 -0.3356
vn 0.7170 0.6193 -0.3198
vn -0.5828 -0.2860 -0.7606
vn 0.9586 -0.2571 -0.1226
vn 0.9593 -0.2539 -0.1238
vn -0.6933 -0.1053 -0.7129
vn -0.6022 -0.2486 -0.7587
vn -0.6085 -0.2440 -0.7551
vn -0.5680 -0.2749 -0.7757
vn -0.6823 -0.1187 -0.7214
vn 0.7868 -0.5024 -0.3585
vn 0.7477 -0.5768 -0.3290
vn -0.6066 -0.2473 -0.7556
vn 0.9251 -0.3612 -0.1174
vn 0.9249 -0.3616 -0.1175
vn 0.0503 -0.9983 -0.0287
vn 0.1509 -0.9860 -0.0704
vn 0.0082 -0.9999 -0.0114
vn -0.0199 -0.9998 -0.0065
vn -0.0431 -0.9991 -0.0036
vn 0.1827 -0.9832 -0.0039
vn 0.1822 -0.9833 -0.0037
vn 0.2107 -0.9775 -0.0061
vn 0.0694 -0.9604 0.2699
vn 0.2513 -0.9678 -0.0098
vn -0.6069 -0.0000 0.7948
vn -0.9824 0.0002 -0.1870
vn -0.9825 0.0002 -0.1864
vn 0.1218 -0.9552 0.2698
vn 0.1606 -0.9472 0.2774
vn 0.0185 -0.9998 -0.0112
vn 0.0216 -0.9997 -0.0109
vn 0.0093 -0.9999 -0.0116
vn -0.0000 -1.0000 -0.0062
vn 0.1301 -0.9915 -0.0070
vn 0.1647 -0.9863 -0.0048
vn 0.2390 0.9710 -0.0107
vn 0.2353 0.9719 -0.0105
vn 0.1900 0.9818 -0.0067
vn 0.1742 0.9847 -0.0076
vn 0.1133 0.9935 -0.0113
vn 0.1448 0.9619 -0.2321
vn 0.2106 0.9410 -0.2647
vn 0.2126 0.9399 -0.2671
vn 0.2287 0.9343 -0.2735
vn 0.0535 -0.8272 -0.5593
vn 0.0835 -0.8403 -0.5356
vn -0.0004 0.9999 -0.0108
vn 0.1000 0.9949 -0.0122
vn 0.1170 0.9919 -0.0493
vn 0.2144 0.9721 -0.0955
vn 0.2495 0.9622 -0.1095
vn 0.2660 0.9566 -0.1191
vn 0.3614 0.9184 -0.1610
vn -0.1746 0.2937 -0.9398
vn -0.1754 0.2949 -0.9393
vn 0.8799 -0.4666 -0.0897
vn 0.8770 -0.4721 -0.0899
vn -0.6781 0.1056 -0.7274
vn -0.6787 0.1053 -0.7268
vn -0.6611 0.1076 -0.7426
vn -0.9802 0.1831 -0.0753
vn -0.9887 0.1483 -0.0201
vn -0.5759 0.0014 -0.8175
vn -0.3450 0.1594 -0.9250
vn -0.3309 0.1969 -0.9229
vn -0.6911 0.0011 -0.7228
vn 0.2691 -0.7888 -0.5526
vn 0.3096 -0.8015 -0.5117
vn -0.7299 -0.0097 -0.6835
vn -0.7809 0.0504 -0.6226
vn -0.8005 0.0669 -0.5956
vn -0.9765 0.0088 -0.2153
vn -0.9785 0.0046 -0.2061
vn -0.2393 -0.5531 -0.7980
vn -0.2465 -0.5677 -0.7854
vn -0.2365 -0.6685 -0.7051
vn -0.2203 -0.6907 -0.6888
vn -0.2408 -0.6775 -0.6950
vn -0.0681 -0.0409 -0.9968
vn -0.0534 -0.0134 -0.9985
vn -0.8353 -0.0797 -0.5439
vn -0.8490 -0.0779 -0.5225
vn -0.6460 0.6913 -0.3237
vn -0.6305 0.7160 -0.2997
vn 0.7796 0.5818 -0.2320
vn 0.7449 0.6355 -0.2033
vn -0.9904 0.0182 0.1368
vn -0.9914 0.0165 0.1296
vn -0.4829 -0.3647 -0.7961
vn -0.0628 -0.9934 -0.0964
vn -0.0291 -0.9972 -0.0688
vn -0.2366 -0.5024 -0.8316
vn 0.6654 -0.7451 -0.0452
vn 0.6590 -0.7509 -0.0429
vn -0.7655 -0.1264 -0.6309
vn -0.7798 -0.1161 -0.6151
vn -0.6731 -0.1051 -0.7320
vn -0.5479 -0.1870 -0.8154
vn -0.5908 -0.1483 -0.7930
vn -0.0522 0.0208 -0.9984
vn -0.0774 0.0624 -0.9950
vn 0.1471 -0.9869 -0.0669
vn 0.0811 -0.9960 -0.0387
vn 0.0738 -0.9966 -0.0358
vn 0.0664 -0.9972 -0.0335
vn 0.0510 -0.9983 -0.0288
vn 0.0115 -0.9999 -0.0123
vn 0.0118 -0.9999 -0.0125
vn 0.1203 -0.9916 -0.0470
vn 0.2506 -0.9680 -0.0098
vn 0.1238 -0.9923 -0.0074
vn 0.0715 -0.9969 -0.0324
vn 0.0719 -0.9969 -0.0332
vn 0.2595 -0.9657 -0.0105
vn 0.3467 -0.9378 -0.0197
vn 0.1024 -0.0000 0.9947
vn 0.2313 -0.9316 0.2805
vn 0.2381 0.9274 0.2887
vn 0.3380 0.9409 -0.0209
vn 0.2494 0.9683 -0.0116
vn 0.0279 -0.9996 -0.0109
vn 0.0147 -0.9998 -0.0131
vn 0.0194 -0.9997 -0.0138
vn 0.0303 -0.9995 -0.0109
vn 0.0526 -0.9986 -0.0103
vn 0.0567 -0.9983 -0.0101
vn 0.3767 0.9260 -0.0266
vn 0.3520 0.8908 -0.2873
vn 0.4077 0.8650 -0.2924
vn 0.4045 0.8673 -0.2903
vn 0.5566 0.7683 -0.3160
vn 0.5856 0.7502 -0.3070
vn 0.3776 0.9107 -0.1674
vn 0.3559 0.9210 -0.1586
vn 0.3770 0.9107 -0.1687
vn 0.3838 0.9075 -0.1707
vn 0.4432 0.8746 -0.1967
vn 0.4548 0.8674 -0.2018
vn 0.4688 0.8583 -0.2086
vn 0.5190 0.8233 -0.2297
vn -0.1637 0.2662 -0.9499
vn -0.1618 0.2551 -0.9533
vn -0.1598 0.2193 -0.9625
vn -0.1613 0.2189 -0.9623
vn -0.1426 -0.9428 -0.3012
vn -0.1538 -0.9313 -0.3302
vn 0.9939 -0.0407 -0.1028
vn 0.9930 -0.0531 -0.1059
vn -0.4253 0.0250 -0.9047
vn -0.4391 0.0135 -0.8983
vn -0.4646 -0.0014 -0.8855
vn -0.4608 0.0006 -0.8875
vn -0.4308 0.0011 -0.9025
vn -0.5548 -0.0496 -0.8305
vn -0.2929 -0.9553 0.0402
vn -0.2880 -0.9568 0.0393
vn 0.2554 -0.9204 -0.2961
vn 0.2257 -0.9366 -0.2680
vn 0.2171 -0.9396 -0.2646
vn -0.1282 -0.9655 -0.2265
vn -0.1258 -0.9674 -0.2199
vn 0.2011 -0.9482 -0.2458
vn 0.1483 -0.9620 -0.2294
vn 0.0901 -0.9702 -0.2249
vn 0.8732 -0.2683 -0.4069
vn 0.8617 -0.3246 -0.3900
vn -0.0376 0.9992 -0.0163
vn -0.0393 0.9991 -0.0124
vn -0.0846 -0.9716 -0.2211
vn -0.0844 -0.9717 -0.2207
vn 0.1142 -0.9720 -0.2054
vn -0.3822 -0.2687 -0.8842
vn -0.1946 -0.3183 -0.9278
vn -0.3700 -0.2408 -0.8973
vn 0.1467 0.9479 0.2828
vn 0.1260 0.9520 0.2790
vn 0.9865 0.1293 -0.1010
vn 0.9893 0.1056 -0.1009
vn 0.3778 -0.9109 -0.1657
vn 0.3579 -0.9206 -0.1562
vn 0.2653 -0.9572 -0.1156
vn 0.2554 -0.9606 -0.1098
vn 0.2097 -0.9736 -0.0904
vn -0.0009 -1.0000 -0.0072
vn 0.2640 -0.9584 -0.1087
vn 0.3843 -0.9228 -0.0252
vn 0.0531 -0.9983 -0.0244
vn 0.0203 -0.9997 -0.0140
vn 0.4475 -0.8938 -0.0295
vn 0.2700 -0.9212 0.2803
vn 0.4209 -0.9066 -0.0298
vn 0.8535 -0.0539 0.5184
vn 0.8444 -0.0169 0.5355
vn -0.1150 0.9934 0.0042
vn -0.1194 0.9928 0.0048
vn 0.3508 -0.8913 0.2873
vn 0.4147 -0.8610 0.2944
vn 0.5085 -0.8038 0.3088
vn 0.8530 0.0629 0.5181
vn 0.5298 0.7847 0.3218
vn 0.4175 0.8564 0.3038
vn 0.3480 0.8894 0.2965
vn 0.2614 0.9212 0.2883
vn 0.4156 0.9090 -0.0313
vn 0.0363 -0.9992 -0.0162
vn 0.4535 0.8905 -0.0364
vn 0.4634 0.8853 -0.0378
vn 0.4675 0.8831 -0.0385
vn 0.5567 0.7684 -0.3156
vn 0.4975 0.8077 -0.3164
vn 0.6090 0.7107 -0.3522
vn 0.6289 0.6906 -0.3571
vn 0.6265 0.7103 -0.3209
vn 0.6587 0.6651 -0.3518
vn 0.5722 0.7794 -0.2552
vn 0.5998 0.7544 -0.2666
vn 0.4687 0.8825 -0.0387
vn 0.4848 0.8735 -0.0435
vn 0.5153 0.8545 -0.0650
vn 0.5768 0.8116 -0.0930
vn 0.5996 0.7938 -0.1015
vn 0.6117 0.7838 -0.1075
vn 0.6285 0.7682 -0.1222
vn 0.5183 0.8239 -0.2294
vn -0.6311 0.2296 -0.7410
vn -0.5613 0.2800 -0.7788
vn -0.1124 0.1648 -0.9799
vn -0.1409 0.2012 -0.9694
vn -0.7307 0.0067 -0.6827
vn -0.7310 -0.0012 -0.6824
vn -0.1558 0.0850 -0.9841
vn -0.1737 0.0748 -0.9820
vn -0.3606 0.0693 -0.9301
vn -0.1649 0.0725 -0.9836
vn 0.8556 0.5139 -0.0624
vn 0.8625 0.5017 -0.0659
vn -0.4403 -0.3066 -0.8439
vn -0.4612 -0.3130 -0.8303
vn -0.4257 -0.0191 -0.9047
vn -0.3733 -0.0545 -0.9261
vn 0.4437 -0.8352 -0.3250
vn 0.4221 -0.8540 -0.3042
vn 0.3796 -0.8813 -0.2816
vn 0.8927 -0.3298 -0.3070
vn 0.8954 -0.3223 -0.3073
vn 0.3782 -0.8825 -0.2794
vn 0.7548 0.6516 -0.0762
vn 0.7959 0.5918 -0.1275
vn -0.1195 -0.9812 -0.1517
vn -0.1105 -0.9853 -0.1304
vn -0.2273 -0.4161 -0.8804
vn -0.2216 -0.4359 -0.8723
vn 0.7017 -0.4599 -0.5442
vn 0.7195 -0.4723 -0.5091
vn -0.1497 -0.1991 -0.9685
vn -0.1635 -0.2637 -0.9507
vn -0.1808 -0.3016 -0.9361
vn 0.7803 0.6221 -0.0640
vn 0.7772 0.6260 -0.0644
vn 0.5374 -0.7842 -0.3104
vn 0.5534 -0.7718 -0.3130
vn 0.5873 -0.7493 -0.3059
vn 0.5695 -0.7823 -0.2523
vn 0.5095 -0.8313 -0.2220
vn 0.4698 -0.8584 -0.2059
vn 0.4414 -0.8764 -0.1928
vn 0.3828 -0.9086 -0.1672
vn 0.3761 -0.9128 -0.1590
vn 0.4578 -0.8884 -0.0350
vn 0.4436 -0.8956 -0.0329
vn 0.4577 -0.8885 -0.0334
vn 0.4622 -0.8861 -0.0343
vn 0.5244 -0.7929 0.3103
vn 0.6586 -0.6718 0.3390
vn 0.7177 -0.5962 0.3598
vn 0.7606 -0.5299 0.3750
vn 0.8213 -0.3976 0.4090
vn 0.8549 -0.2638 0.4468
vn 0.8627 -0.1518 0.4824
vn 0.8525 -0.0501 0.5203
vn 0.5415 -0.8398 -0.0398
vn 0.5615 -0.8265 -0.0417
vn 0.8890 0.3427 -0.3036
vn 0.8611 0.4244 -0.2800
vn 0.8578 0.0951 0.5051
vn 0.8606 0.1432 0.4887
vn 0.8589 0.2191 0.4630
vn 0.8315 0.3598 0.4233
vn 0.7654 0.5164 0.3840
vn 0.6645 0.6603 0.3498
vn 0.5368 0.7797 0.3225
vn -0.5702 0.1228 -0.8123
vn -0.5581 0.1292 -0.8196
vn 0.5616 0.8262 -0.0447
vn 0.5403 0.8404 -0.0426
vn 0.4597 0.8873 -0.0366
vn 0.4883 0.8717 -0.0408
vn 0.7121 0.5977 -0.3683
vn 0.7133 0.5956 -0.3693
vn 0.7599 0.5266 -0.3812
vn 0.6199 0.7352 -0.2744
vn 0.6669 0.6826 -0.2989
vn 0.6791 0.6680 -0.3042
vn 0.6415 0.7559 -0.1306
vn 0.7004 0.6899 -0.1829
vn 0.5676 -0.8221 -0.0457
vn 0.5263 -0.8492 -0.0425
vn 0.7185 0.6904 -0.0841
vn 0.7233 0.6852 -0.0856
vn 0.8645 -0.0573 -0.4993
vn 0.8675 -0.0510 -0.4948
vn -0.7610 0.1323 -0.6351
vn -0.7360 0.1519 -0.6597
vn -0.1912 -0.9814 0.0176
vn -0.1226 -0.9924 0.0100
vn -0.9764 0.0004 -0.2160
vn -0.9766 0.0004 -0.2148
vn -0.0740 0.0738 -0.9945
vn 0.9939 0.0449 -0.1007
vn 0.9940 0.0406 -0.1017
vn -0.0534 0.0054 -0.9986
vn -0.9596 0.2565 0.1158
vn -0.9791 0.1509 0.1361
vn 0.6136 -0.7096 -0.3464
vn 0.5115 -0.8007 -0.3118
vn 0.6158 -0.7062 -0.3493
vn -0.6575 0.7470 -0.0987
vn -0.6411 0.7594 -0.1111
vn 0.6690 -0.6315 -0.3919
vn 0.6268 -0.6947 -0.3529
vn 0.7213 -0.3577 -0.5931
vn 0.7250 -0.3617 -0.5862
vn 0.4900 -0.6967 -0.5240
vn 0.5316 -0.7069 -0.4666
vn 0.7692 -0.6370 -0.0507
vn 0.7695 -0.6366 -0.0508
vn 0.2684 0.0017 -0.9633
vn 0.2681 0.0016 -0.9634
vn -0.0744 -0.9870 -0.1425
vn -0.0760 -0.9841 -0.1605
vn -0.0857 -0.0970 -0.9916
vn -0.1124 -0.1587 -0.9809
vn -0.1422 -0.1932 -0.9708
vn 0.6384 -0.6903 -0.3405
vn 0.6202 -0.7165 -0.3193
vn 0.6619 -0.6886 -0.2962
vn 0.6068 -0.7485 -0.2675
vn 0.5727 -0.7798 -0.2528
vn 0.5182 -0.8250 -0.2254
vn 0.5719 -0.8149 -0.0946
vn 0.5108 -0.8569 -0.0692
vn 0.4249 -0.8942 -0.1413
vn 0.6226 -0.7726 -0.1244
vn 0.6214 -0.7737 -0.1233
vn 0.4687 -0.8825 -0.0389
vn 0.4541 -0.8903 -0.0345
vn 0.4649 -0.8847 -0.0352
vn 0.4884 -0.8718 -0.0378
vn 0.2899 -0.6555 -0.6973
vn 0.3156 -0.6680 -0.6739
vn 0.8974 -0.0151 -0.4410
vn 0.8968 -0.0162 -0.4420
vn 0.8603 0.1508 -0.4870
vn 0.8620 0.1553 -0.4825
vn -0.0750 0.9823 -0.1717
vn -0.0770 0.9835 -0.1636
vn 0.9190 0.3884 -0.0674
vn 0.9240 0.3758 -0.0708
vn 0.8106 -0.5299 -0.2495
vn 0.8392 -0.4715 -0.2712
vn 0.8127 0.5785 -0.0694
vn 0.8625 0.4877 -0.1354
vn -0.4922 -0.1472 0.8579
vn 0.3967 -0.8864 -0.2386
vn 0.3868 -0.8898 -0.2422
vn -0.6989 0.0980 -0.7085
vn -0.6973 0.0990 -0.7099
vn -0.9829 0.1151 -0.1440
vn -0.9856 0.1117 -0.1268
vn 0.5675 0.8221 -0.0467
vn 0.7629 0.5231 -0.3799
vn 0.7915 0.4726 -0.3874
vn 0.7964 0.4617 -0.3907
vn 0.7955 0.4642 -0.3895
vn 0.7912 0.4727 -0.3881
vn 0.8310 0.3808 -0.4056
vn -0.2221 0.7398 -0.6351
vn -0.1844 0.7919 -0.5821
vn -0.3988 0.2826 -0.8724
vn -0.3728 0.2513 -0.8932
vn 0.5924 0.8040 -0.0519
vn 0.6147 0.7868 -0.0554
vn 0.6183 0.7839 -0.0562
vn 0.7081 0.7017 -0.0792
vn 0.9861 -0.1298 -0.1032
vn 0.9825 -0.1541 -0.1050
vn 0.8017 0.5922 -0.0811
vn 0.7967 0.5969 -0.0951
vn 0.9691 0.1741 -0.1749
vn 0.9701 0.1596 -0.1826
vn -0.5088 -0.4500 -0.7339
vn -0.5316 -0.4606 -0.7108
vn -0.7327 -0.1511 -0.6635
vn -0.7547 -0.1363 -0.6417
vn 0.8343 0.3727 -0.4063
vn 0.8446 0.3416 -0.4123
vn 0.8488 0.3225 -0.4190
vn 0.9194 -0.3883 -0.0620
vn 0.9169 -0.3946 -0.0604
vn 0.2649 0.0332 -0.9637
vn 0.2702 0.0278 -0.9624
vn 0.5503 -0.4340 -0.7134
vn 0.5567 -0.4387 -0.7055
vn 0.7945 0.1373 -0.5915
vn 0.8118 0.1653 -0.5600
vn -0.0223 0.0245 -0.9995
vn -0.0267 0.0208 -0.9994
vn -0.0200 -0.0206 -0.9996
vn -0.0667 -0.0580 -0.9961
vn 0.6478 -0.6785 -0.3463
vn 0.9185 -0.2306 -0.3212
vn 0.9234 -0.1987 -0.3283
vn 0.7762 -0.4847 -0.4031
vn 0.7610 -0.5259 -0.3798
vn 0.7489 -0.5471 -0.3739
vn 0.7151 -0.5941 -0.3684
vn 0.7118 -0.5993 -0.3662
vn 0.8241 0.5327 -0.1927
vn 0.8127 0.5561 -0.1740
vn 0.9397 0.0536 -0.3378
vn 0.9398 0.0552 -0.3371
vn 0.9893 -0.1171 -0.0870
vn 0.9831 -0.1626 -0.0845
vn 0.7397 -0.5838 -0.3347
vn 0.6793 -0.6689 -0.3019
vn 0.6687 -0.6816 -0.2970
vn 0.6401 -0.7149 -0.2812
vn 0.7135 -0.6728 -0.1956
vn 0.6234 -0.7719 -0.1249
vn 0.6097 -0.7863 -0.1003
vn 0.6118 -0.7883 -0.0653
vn 0.7236 -0.6852 -0.0832
vn 0.7188 -0.6904 -0.0817
vn 0.7058 -0.2570 -0.6602
vn 0.7246 -0.2314 -0.6492
vn 0.7690 0.6370 -0.0547
vn 0.7770 0.6273 -0.0527
vn 0.8300 0.5495 -0.0953
vn 0.8626 0.4827 -0.1515
vn -0.1227 0.9916 -0.0401
vn -0.1231 0.9917 -0.0368
vn 0.6140 -0.7876 -0.0524
vn 0.5992 -0.7991 -0.0500
vn 0.6135 -0.7870 -0.0651
vn 0.9841 -0.1628 -0.0717
vn 0.9840 -0.1632 -0.0716
vn -0.1650 0.0043 -0.9863
vn -0.1655 0.0035 -0.9862
vn 0.7775 0.6263 -0.0568
vn 0.7687 0.6368 -0.0597
vn 0.6745 0.7361 -0.0570
vn 0.6803 0.7306 -0.0586
vn 0.7788 -0.6240 -0.0637
vn 0.7773 -0.6259 -0.0632
vn 0.8439 0.3493 -0.4073
vn 0.0514 -0.9970 -0.0583
vn 0.0472 -0.9970 -0.0613
vn -0.7711 -0.1772 -0.6116
vn -0.7635 -0.1785 -0.6207
vn 0.6931 0.7180 -0.0641
vn 0.6940 0.7171 -0.0643
vn 0.8737 0.4737 -0.1108
vn 0.8836 0.4460 -0.1425
vn 0.1094 0.0181 -0.9938
vn 0.0817 0.0077 -0.9966
vn 0.8614 0.2853 -0.4203
vn 0.8660 0.2437 -0.4366
vn 0.8654 0.2367 -0.4417
vn -0.9881 -0.0020 0.1537
vn -0.9882 -0.0000 0.1534
vn 0.7460 -0.5756 -0.3350
vn 0.7992 -0.4772 -0.3654
vn 0.8675 0.2223 -0.4450
vn 0.9536 0.1532 -0.2591
vn 0.9488 0.1639 -0.2701
vn 0.2737 -0.1202 -0.9543
vn 0.2734 -0.1200 -0.9544
vn 0.4656 0.0033 -0.8850
vn 0.4580 0.0014 -0.8890
vn 0.1707 0.0017 -0.9853
vn 0.6442 0.0182 -0.7646
vn 0.6345 0.0054 -0.7729
vn 0.6074 0.0023 -0.7944
vn 0.5940 0.0014 -0.8045
vn 0.4729 0.0015 -0.8811
vn 0.8773 0.4274 -0.2184
vn 0.8703 0.4499 -0.2003
vn 0.7950 -0.4646 -0.3900
vn 0.8326 -0.3779 -0.4050
vn 0.8005 -0.4545 -0.3907
vn 0.7897 -0.4772 -0.3855
vn 0.7636 -0.5231 -0.3785
vn 0.7508 -0.5452 -0.3728
vn -0.0712 -0.0579 -0.9958
vn -0.0827 -0.0682 -0.9942
vn -0.9677 0.0141 -0.2516
vn -0.9630 0.0196 -0.2688
vn 0.0877 0.0760 -0.9932
vn 0.0472 0.0433 -0.9979
vn 0.8498 -0.3205 -0.4185
vn 0.8455 -0.3402 -0.4116
vn 0.8345 -0.3731 -0.4054
vn 0.7535 0.6366 -0.1641
vn 0.7389 0.6578 -0.1463
vn -0.1035 0.9493 -0.2968
vn -0.0936 0.9567 -0.2757
vn 0.7334 -0.5966 -0.3258
vn -0.6130 -0.2030 -0.7636
vn -0.6633 -0.1280 -0.7373
vn -0.6198 0.7824 0.0613
vn -0.6144 0.7869 0.0574
vn -0.0922 -0.9570 -0.2751
vn -0.1023 -0.9504 -0.2937
vn -0.1575 0.5282 -0.8344
vn -0.1756 0.5520 -0.8151
vn -0.0842 -0.8313 -0.5494
vn -0.0980 -0.8227 -0.5599
vn 0.6942 -0.7171 -0.0618
vn 0.6933 -0.7180 -0.0616
vn 0.6804 -0.7305 -0.0584
vn 0.0839 -0.0155 -0.9964
vn 0.1095 -0.0024 -0.9940
vn 0.8496 0.3605 -0.3849
vn -0.6633 -0.1037 -0.7411
vn -0.6703 -0.1061 -0.7345
vn 0.8474 0.3674 -0.3834
vn 0.0712 -0.9646 -0.2541
vn 0.0896 -0.9580 -0.2723
vn 0.8778 0.2135 -0.4288
vn 0.8725 0.2379 -0.4267
vn -0.6465 0.4944 -0.5810
vn -0.5744 0.6111 -0.5446
vn 0.8486 0.3639 -0.3839
vn 0.9039 -0.0469 -0.4252
vn 0.9052 -0.0443 -0.4228
vn 0.9237 0.3757 -0.0751
vn 0.9351 0.3454 -0.0791
vn 0.8678 0.2216 -0.4448
vn -0.1168 0.8028 -0.5847
vn -0.0740 0.8342 -0.5465
vn 0.8788 0.1838 -0.4403
vn -0.0844 0.9710 -0.2238
vn -0.0780 0.9768 -0.1993
vn 0.8880 0.1000 -0.4489
vn 0.4650 -0.0004 -0.8853
vn 0.5293 -0.5698 -0.6287
vn 0.5534 -0.5813 -0.5965
vn 0.7029 0.0013 -0.7113
vn 0.6383 0.0012 -0.7698
vn 0.6350 -0.0028 -0.7725
vn 0.6013 0.0013 -0.7990
vn -0.1169 0.9848 -0.1283
vn -0.1163 0.9855 -0.1237
vn 0.8035 -0.4701 -0.3652
vn 0.8447 -0.3482 -0.4064
vn 0.8545 -0.3270 -0.4035
vn 0.6447 0.0386 -0.7635
vn 0.6761 0.0765 -0.7328
vn 0.9738 -0.2089 -0.0904
vn 0.9622 -0.2603 -0.0805
vn 0.8671 -0.2533 -0.4289
vn 0.8617 -0.2853 -0.4196
vn -0.9988 -0.0000 0.0490
vn -0.9982 -0.0003 0.0599
vn 0.8425 0.4639 -0.2738
vn 0.8111 0.5305 -0.2462
vn 0.0800 0.9706 -0.2269
vn 0.0817 0.9687 -0.2342
vn -0.9762 -0.0080 -0.2169
vn -0.9769 -0.0080 -0.2134
vn -0.5738 0.3496 -0.7407
vn -0.5954 0.3143 -0.7394
vn 0.2391 -0.8832 -0.4035
vn 0.2891 -0.8888 -0.3556
vn 0.4360 -0.8002 -0.4119
vn 0.4935 -0.8005 -0.3401
vn 0.1860 -0.9789 -0.0843
vn 0.2165 -0.9711 -0.1003
vn 0.8884 0.2176 -0.4042
vn -0.3438 0.9296 -0.1330
vn -0.3230 0.9353 -0.1446
vn 0.8963 0.0685 -0.4381
vn 0.8958 0.0730 -0.4383
vn 0.9907 -0.0500 -0.1264
vn 0.9902 -0.0540 -0.1291
vn 0.9142 0.3265 -0.2402
vn 0.9111 0.3461 -0.2237
vn 0.7909 0.0015 -0.6120
vn 0.7800 0.0015 -0.6258
vn 0.7733 -0.0093 -0.6339
vn -0.1250 0.9668 -0.2230
vn -0.1354 0.9568 -0.2574
vn 0.8700 -0.2506 -0.4246
vn 0.8781 -0.2133 -0.4282
vn 0.8038 0.4716 -0.3626
vn 0.7940 0.4927 -0.3560
vn 0.8611 0.3258 -0.3903
vn 0.8719 0.2735 -0.4062
vn 0.8538 -0.3491 -0.3861
vn -0.0821 0.1046 -0.9911
vn -0.0829 0.0814 -0.9932
vn 0.8861 0.1787 -0.4277
vn 0.8891 0.1666 -0.4263
vn 0.3070 -0.4944 -0.8132
vn 0.2980 -0.5045 -0.8104
vn 0.2952 -0.3475 -0.8900
vn 0.2932 -0.3501 -0.8896
vn 0.9080 0.0595 -0.4147
vn 0.9314 -0.1494 -0.3319
vn 0.9327 -0.1310 -0.3361
vn -0.1231 -0.9917 -0.0366
vn -0.1174 -0.9930 -0.0155
vn 0.8983 0.0212 -0.4390
vn 0.8981 0.0180 -0.4394
vn 0.9374 0.2345 -0.2576
vn 0.9372 0.2498 -0.2434
vn 0.9192 0.3884 -0.0646
vn 0.9301 0.3623 -0.0603
vn 0.8969 -0.0634 -0.4377
vn 0.8969 -0.0632 -0.4377
vn 0.9533 -0.0461 -0.2986
vn 0.9612 -0.0569 -0.2700
vn 0.8881 -0.2236 -0.4017
vn 0.8940 -0.1893 -0.4060
vn 0.9133 -0.2522 -0.3197
vn 0.0333 -0.2404 -0.9701
vn 0.0185 -0.2660 -0.9638
vn -0.9671 0.0004 -0.2543
vn -0.9674 0.0005 -0.2532
vn 0.9091 0.0569 -0.4127
vn 0.9083 0.0385 -0.4166
vn 0.9092 -0.0331 -0.4151
vn 0.9096 0.0106 -0.4153
vn 0.7723 -0.4400 -0.4583
vn 0.7979 -0.4595 -0.3902
vn 0.9067 -0.0838 -0.4133
vn 0.8130 -0.2916 -0.5040
vn 0.8161 -0.2975 -0.4954
vn 0.4963 -0.1342 -0.8577
vn 0.5257 -0.1033 -0.8444
vn 0.9227 0.2054 -0.3261
vn 0.9185 0.2317 -0.3205
vn 0.9376 -0.0846 -0.3374
vn 0.2164 0.9708 -0.1035
vn 0.1862 0.9786 -0.0876
vn 0.9396 0.0097 -0.3421
vn 0.9095 -0.0362 -0.4142
vn 0.9062 -0.0895 -0.4132
s 0
f 1//1 2//1 3//1
f 4//2 5//2 6//2
f 6//3 5//3 7//3
f 6//4 8//4 4//4
f 9//5 10//5 6//5
f 6//6 10//6 11//6
f 6//7 11//7 12//7
f 13//8 14//8 15//8
f 16//9 17//9 18//9
f 19//10 18//10 17//10
f 20//11 21//11 22//11
f 23//12 24//12 22//12
f 22//13 24//13 20//13
f 22//14 25//14 23//14
f 23//15 25//15 26//15
f 24//16 27//16 20//16
f 28//17 29//17 30//17
f 31//18 28//18 30//18
f 32//19 33//19 34//19
f 34//20 33//20 35//20
f 36//21 31//21 37//21
f 37//22 31//22 38//22
f 39//23 40//23 41//23
f 40//24 42//24 43//24
f 44//25 45//25 46//25
f 47//26 48//26 49//26
f 50//27 51//27 52//27
f 53//28 54//28 55//28
f 56//29 57//29 58//29
f 58//30 57//30 59//30
f 60//31 61//31 62//31
f 60//32 62//32 63//32
f 63//33 62//33 64//33
f 63//34 64//34 65//34
f 66//35 64//35 67//35
f 67//36 64//36 62//36
f 67//37 62//37 68//37
f 68//38 62//38 61//38
f 68//39 61//39 69//39
f 52//40 70//40 50//40
f 71//41 66//41 72//41
f 72//42 66//42 67//42
f 72//43 67//43 73//43
f 73//44 67//44 68//44
f 73//45 68//45 74//45
f 74//46 68//46 69//46
f 74//47 69//47 75//47
f 75//48 76//48 77//48
f 78//49 63//49 79//49
f 79//50 63//50 65//50
f 79//51 65//51 80//51
f 80//52 65//52 81//52
f 82//53 81//53 66//53
f 82//54 66//54 83//54
f 83//55 66//55 71//55
f 83//56 71//56 84//56
f 85//57 86//57 87//57
f 48//58 87//58 88//58
f 89//59 88//59 53//59
f 89//60 53//60 50//60
f 50//61 53//61 55//61
f 50//62 55//62 51//62
f 90//63 91//63 92//63
f 93//64 92//64 94//64
f 86//65 94//65 95//65
f 86//66 95//66 87//66
f 87//67 95//67 96//67
f 87//68 96//68 88//68
f 88//69 96//69 58//69
f 88//70 58//70 53//70
f 53//71 58//71 59//71
f 53//72 59//72 54//72
f 77//73 97//73 75//73
f 75//74 97//74 98//74
f 75//75 98//75 74//75
f 74//76 98//76 99//76
f 74//77 99//77 73//77
f 73//78 99//78 100//78
f 73//79 100//79 72//79
f 72//80 100//80 101//80
f 72//81 101//81 71//81
f 71//82 101//82 102//82
f 71//83 102//83 84//83
f 103//84 104//84 105//84
f 105//85 106//85 107//85
f 39//86 103//86 40//86
f 40//87 103//87 105//87
f 40//88 105//88 42//88
f 42//89 105//89 108//89
f 42//90 108//90 109//90
f 109//91 108//91 110//91
f 111//92 112//92 113//92
f 114//93 79//93 115//93
f 115//94 79//94 80//94
f 112//95 82//95 83//95
f 112//96 83//96 113//96
f 113//97 83//97 84//97
f 113//98 84//98 46//98
f 46//99 84//99 102//99
f 91//100 102//100 101//100
f 91//101 101//101 92//101
f 92//102 101//102 100//102
f 92//103 100//103 94//103
f 94//104 100//104 99//104
f 94//105 99//105 95//105
f 95//106 99//106 98//106
f 95//107 98//107 96//107
f 96//108 98//108 97//108
f 96//109 97//109 58//109
f 116//110 117//110 118//110
f 119//111 120//111 121//111
f 103//112 39//112 122//112
f 123//113 124//113 125//113
f 126//114 127//114 128//114
f 126//115 128//115 129//115
f 129//116 128//116 130//116
f 129//117 130//117 131//117
f 131//118 130//118 132//118
f 131//119 132//119 133//119
f 134//120 135//120 136//120
f 136//121 135//121 137//121
f 136//122 137//122 138//122
f 138//123 137//123 139//123
f 139//124 137//124 140//124
f 139//125 140//125 141//125
f 141//126 140//126 142//126
f 141//127 142//127 143//127
f 144//128 142//128 145//128
f 146//129 147//129 148//129
f 149//130 150//130 151//130
f 152//131 118//131 117//131
f 122//132 153//132 154//132
f 154//133 155//133 156//133
f 156//134 155//134 157//134
f 156//135 157//135 158//135
f 158//136 157//136 159//136
f 125//137 160//137 161//137
f 125//138 161//138 123//138
f 123//139 161//139 162//139
f 123//140 162//140 163//140
f 160//141 164//141 165//141
f 160//142 165//142 161//142
f 166//143 167//143 168//143
f 118//144 169//144 116//144
f 170//145 166//145 168//145
f 170//146 168//146 171//146
f 163//147 127//147 172//147
f 173//148 174//148 175//148
f 175//149 174//149 176//149
f 175//150 176//150 177//150
f 177//151 176//151 178//151
f 177//152 178//152 179//152
f 179//153 178//153 180//153
f 104//154 103//154 174//154
f 174//155 103//155 122//155
f 176//156 154//156 178//156
f 178//157 154//157 156//157
f 178//158 156//158 180//158
f 180//159 156//159 158//159
f 180//160 158//160 117//160
f 117//161 158//161 159//161
f 117//162 159//162 152//162
f 179//163 170//163 177//163
f 177//164 170//164 181//164
f 177//165 181//165 175//165
f 175//166 181//166 182//166
f 175//167 182//167 173//167
f 143//168 183//168 184//168
f 143//169 184//169 141//169
f 138//170 185//170 136//170
f 136//171 185//171 186//171
f 136//172 186//172 134//172
f 134//173 186//173 187//173
f 134//174 187//174 133//174
f 187//175 188//175 133//175
f 54//176 59//176 189//176
f 57//177 56//177 190//177
f 76//178 191//178 77//178
f 56//179 192//179 190//179
f 193//180 194//180 195//180
f 52//181 195//181 196//181
f 197//182 195//182 194//182
f 197//183 198//183 199//183
f 200//184 201//184 202//184
f 200//185 202//185 203//185
f 196//186 199//186 204//186
f 204//187 199//187 205//187
f 204//188 205//188 206//188
f 206//189 205//189 207//189
f 208//190 209//190 47//190
f 208//191 47//191 207//191
f 207//192 47//192 49//192
f 207//193 49//193 206//193
f 210//194 211//194 212//194
f 213//195 214//195 215//195
f 213//196 215//196 44//196
f 216//197 217//197 218//197
f 215//198 45//198 44//198
f 43//199 217//199 219//199
f 208//200 220//200 221//200
f 210//201 221//201 222//201
f 210//202 222//202 211//202
f 223//203 224//203 225//203
f 223//204 225//204 220//204
f 220//205 226//205 221//205
f 221//206 227//206 222//206
f 222//207 228//207 211//207
f 211//208 228//208 229//208
f 211//209 229//209 214//209
f 214//210 229//210 230//210
f 214//211 230//211 215//211
f 215//212 230//212 231//212
f 215//213 231//213 217//213
f 217//214 231//214 202//214
f 217//215 202//215 219//215
f 219//216 202//216 201//216
f 144//217 145//217 232//217
f 233//218 148//218 234//218
f 41//219 219//219 153//219
f 153//220 219//220 235//220
f 235//221 157//221 155//221
f 236//222 237//222 238//222
f 238//223 239//223 240//223
f 241//224 242//224 243//224
f 244//225 151//225 150//225
f 245//226 144//226 246//226
f 246//227 144//227 232//227
f 247//228 248//228 249//228
f 249//229 248//229 201//229
f 148//230 147//230 234//230
f 234//231 244//231 250//231
f 238//232 251//232 236//232
f 236//233 251//233 252//233
f 244//234 252//234 253//234
f 244//235 253//235 250//235
f 250//236 253//236 254//236
f 250//237 255//237 234//237
f 234//238 255//238 232//238
f 234//239 232//239 233//239
f 233//240 232//240 145//240
f 256//241 257//241 258//241
f 256//242 258//242 246//242
f 245//243 259//243 260//243
f 261//244 262//244 263//244
f 264//245 265//245 266//245
f 267//246 268//246 269//246
f 270//247 271//247 272//247
f 273//248 270//248 272//248
f 273//249 272//249 274//249
f 275//250 276//250 277//250
f 277//251 278//251 279//251
f 280//252 281//252 282//252
f 280//253 282//253 275//253
f 283//254 284//254 285//254
f 286//255 287//255 283//255
f 283//256 288//256 289//256
f 290//257 291//257 292//257
f 293//258 294//258 295//258
f 296//259 297//259 298//259
f 295//260 299//260 293//260
f 300//261 301//261 302//261
f 303//262 304//262 305//262
f 306//263 307//263 305//263
f 306//264 305//264 304//264
f 308//265 309//265 310//265
f 310//266 309//266 311//266
f 310//267 312//267 313//267
f 310//268 314//268 315//268
f 310//269 315//269 308//269
f 316//270 315//270 314//270
f 316//271 317//271 315//271
f 308//272 318//272 319//272
f 308//273 319//273 309//273
f 320//274 316//274 314//274
f 320//275 314//275 321//275
f 322//276 323//276 324//276
f 324//277 323//277 325//277
f 324//278 325//278 326//278
f 327//279 328//279 324//279
f 324//280 328//280 329//280
f 330//281 331//281 332//281
f 330//282 332//282 333//282
f 333//283 334//283 335//283
f 336//284 337//284 338//284
f 339//285 338//285 340//285
f 326//286 341//286 342//286
f 327//287 339//287 343//287
f 343//288 339//288 344//288
f 345//289 346//289 347//289
f 347//290 346//290 348//290
f 348//291 346//291 349//291
f 348//292 349//292 350//292
f 350//293 349//293 351//293
f 350//294 351//294 352//294
f 352//295 351//295 353//295
f 352//296 353//296 354//296
f 341//297 345//297 342//297
f 342//298 345//298 347//298
f 339//299 347//299 348//299
f 336//300 348//300 350//300
f 336//301 350//301 335//301
f 335//302 350//302 352//302
f 335//303 352//303 333//303
f 333//304 352//304 354//304
f 333//305 354//305 330//305
f 355//306 341//306 356//306
f 357//307 358//307 359//307
f 355//308 360//308 361//308
f 362//309 363//309 364//309
f 362//310 364//310 365//310
f 366//311 367//311 368//311
f 331//312 330//312 369//312
f 369//313 330//313 370//313
f 367//314 371//314 372//314
f 373//315 374//315 375//315
f 373//316 375//316 376//316
f 377//317 378//317 379//317
f 380//318 381//318 382//318
f 382//319 383//319 384//319
f 384//320 383//320 385//320
f 385//321 386//321 387//321
f 388//322 389//322 386//322
f 386//323 389//323 390//323
f 383//324 391//324 392//324
f 386//325 392//325 393//325
f 376//326 394//326 373//326
f 376//327 395//327 396//327
f 397//328 398//328 399//328
f 397//329 400//329 398//329
f 401//330 402//330 403//330
f 404//331 200//331 203//331
f 405//332 406//332 407//332
f 407//333 406//333 408//333
f 405//334 409//334 410//334
f 405//335 410//335 406//335
f 411//336 412//336 413//336
f 413//337 414//337 411//337
f 411//338 414//338 415//338
f 411//339 415//339 416//339
f 411//340 409//340 417//340
f 417//341 409//341 418//341
f 418//342 419//342 420//342
f 421//343 422//343 423//343
f 424//344 425//344 426//344
f 427//345 428//345 429//345
f 429//346 428//346 430//346
f 431//347 432//347 433//347
f 434//348 247//348 249//348
f 427//349 435//349 436//349
f 426//350 437//350 438//350
f 439//351 440//351 441//351
f 442//352 443//352 444//352
f 444//353 443//353 445//353
f 444//354 445//354 439//354
f 446//355 447//355 448//355
f 446//356 448//356 449//356
f 449//357 448//357 450//357
f 451//358 452//358 453//358
f 454//359 455//359 456//359
f 454//360 456//360 457//360
f 457//361 456//361 458//361
f 459//362 458//362 460//362
f 461//363 462//363 463//363
f 464//364 465//364 466//364
f 467//365 468//365 469//365
f 467//366 469//366 470//366
f 471//367 472//367 444//367
f 444//368 472//368 473//368
f 444//369 473//369 442//369
f 442//370 473//370 474//370
f 442//371 474//371 475//371
f 475//372 474//372 476//372
f 469//373 477//373 470//373
f 439//374 441//374 444//374
f 475//375 478//375 442//375
f 442//376 478//376 479//376
f 442//377 479//377 443//377
f 480//378 481//378 482//378
f 483//379 484//379 485//379
f 486//380 485//380 487//380
f 488//381 489//381 490//381
f 491//382 492//382 493//382
f 491//383 493//383 494//383
f 494//384 493//384 495//384
f 490//385 496//385 488//385
f 497//386 498//386 499//386
f 499//387 498//387 441//387
f 499//388 441//388 440//388
f 500//389 441//389 501//389
f 501//390 441//390 498//390
f 501//391 498//391 502//391
f 503//392 504//392 505//392
f 503//393 505//393 506//393
f 506//394 505//394 507//394
f 506//395 507//395 508//395
f 508//396 507//396 509//396
f 508//397 509//397 510//397
f 505//398 496//398 490//398
f 505//399 490//399 507//399
f 507//400 490//400 491//400
f 507//401 491//401 509//401
f 509//402 491//402 494//402
f 509//403 494//403 511//403
f 511//404 494//404 512//404
f 511//405 512//405 513//405
f 513//406 512//406 483//406
f 513//407 483//407 514//407
f 472//408 515//408 473//408
f 473//409 515//409 516//409
f 473//410 516//410 474//410
f 474//411 516//411 476//411
f 476//412 516//412 517//412
f 476//413 517//413 477//413
f 477//414 517//414 470//414
f 470//415 517//415 518//415
f 470//416 518//416 467//416
f 467//417 518//417 519//417
f 467//418 519//418 462//418
f 462//419 519//419 463//419
f 463//420 520//420 465//420
f 465//421 520//421 466//421
f 521//422 518//422 522//422
f 522//423 518//423 517//423
f 522//424 517//424 523//424
f 523//425 517//425 516//425
f 523//426 516//426 524//426
f 524//427 516//427 515//427
f 524//428 515//428 525//428
f 525//429 515//429 526//429
f 525//430 526//430 527//430
f 527//431 526//431 528//431
f 529//432 530//432 531//432
f 532//433 533//433 534//433
f 534//434 533//434 535//434
f 536//435 537//435 538//435
f 538//436 537//436 539//436
f 531//437 535//437 529//437
f 529//438 535//438 533//438
f 527//439 532//439 525//439
f 525//440 532//440 534//440
f 525//441 534//441 524//441
f 524//442 534//442 540//442
f 524//443 540//443 523//443
f 523//444 540//444 541//444
f 523//445 541//445 522//445
f 522//446 541//446 542//446
f 543//447 536//447 544//447
f 544//448 536//448 538//448
f 544//449 538//449 545//449
f 533//450 532//450 546//450
f 547//451 548//451 510//451
f 510//452 548//452 549//452
f 510//453 549//453 508//453
f 508//454 549//454 506//454
f 506//455 549//455 550//455
f 506//456 550//456 503//456
f 503//457 550//457 551//457
f 503//458 551//458 504//458
f 504//459 551//459 552//459
f 504//460 552//460 553//460
f 502//461 554//461 501//461
f 501//462 554//462 528//462
f 501//463 528//463 500//463
f 555//464 549//464 556//464
f 556//465 549//465 548//465
f 556//466 548//466 557//466
f 557//467 558//467 559//467
f 560//468 561//468 562//468
f 560//469 562//469 563//469
f 563//470 562//470 564//470
f 563//471 564//471 565//471
f 565//472 564//472 566//472
f 565//473 566//473 567//473
f 567//474 566//474 568//474
f 567//475 568//475 569//475
f 569//476 568//476 570//476
f 569//477 570//477 546//477
f 546//478 570//478 571//478
f 546//479 571//479 533//479
f 533//480 571//480 529//480
f 572//481 573//481 561//481
f 561//482 574//482 562//482
f 562//483 574//483 575//483
f 562//484 575//484 564//484
f 564//485 575//485 576//485
f 564//486 576//486 566//486
f 566//487 576//487 577//487
f 566//488 577//488 568//488
f 568//489 577//489 578//489
f 568//490 578//490 570//490
f 570//491 578//491 579//491
f 570//492 579//492 571//492
f 571//493 579//493 580//493
f 565//494 581//494 563//494
f 563//495 581//495 555//495
f 563//496 555//496 560//496
f 560//497 555//497 556//497
f 572//498 556//498 557//498
f 573//499 559//499 582//499
f 583//500 584//500 585//500
f 583//500 585//500 586//500
f 13//501 587//501 588//501
f 587//502 589//502 588//502
f 589//503 590//503 588//503
f 590//504 279//504 588//504
f 279//505 9//505 588//505
f 9//506 7//506 588//506
f 7//507 13//507 588//507
f 591//508 368//508 367//508
f 591//509 367//509 372//509
f 15//510 592//510 13//510
f 592//511 587//511 13//511
f 592//512 593//512 587//512
f 593//513 594//513 587//513
f 594//514 589//514 587//514
f 595//515 596//515 589//515
f 596//516 279//516 589//516
f 279//517 590//517 589//517
f 594//518 597//518 589//518
f 597//519 598//519 589//519
f 598//520 595//520 589//520
f 280//521 277//521 279//521
f 599//522 600//522 601//522
f 599//523 601//523 602//523
f 596//524 280//524 279//524
f 6//525 7//525 9//525
f 189//526 384//526 385//526
f 189//527 385//527 603//527
f 396//528 395//528 604//528
f 395//529 605//529 604//529
f 605//530 14//530 604//530
f 606//531 396//531 604//531
f 605//532 607//532 14//532
f 607//533 608//533 14//533
f 608//534 601//534 14//534
f 601//535 609//535 14//535
f 609//536 600//536 14//536
f 600//537 610//537 14//537
f 610//538 611//538 14//538
f 611//539 15//539 14//539
f 611//540 612//540 15//540
f 612//541 592//541 15//541
f 613//542 593//542 592//542
f 220//543 208//543 207//543
f 220//544 207//544 223//544
f 614//545 613//545 592//545
f 613//546 615//546 593//546
f 615//547 594//547 593//547
f 615//548 597//548 594//548
f 598//549 616//549 595//549
f 616//550 617//550 595//550
f 617//551 618//551 595//551
f 618//552 619//552 595//552
f 619//553 596//553 595//553
f 619//554 620//554 596//554
f 621//555 622//555 623//555
f 621//556 623//556 624//556
f 615//557 613//557 597//557
f 613//558 625//558 597//558
f 625//559 626//559 597//559
f 626//560 616//560 597//560
f 616//561 598//561 597//561
f 275//562 277//562 280//562
f 276//563 627//563 277//563
f 627//564 278//564 277//564
f 216//565 218//565 109//565
f 216//566 109//566 111//566
f 12//567 8//567 6//567
f 4//568 628//568 5//568
f 628//569 606//569 5//569
f 628//570 396//570 606//570
f 628//571 376//571 396//571
f 629//572 605//572 395//572
f 376//573 375//573 395//573
f 375//574 629//574 395//574
f 629//575 630//575 605//575
f 631//576 632//576 633//576
f 631//577 633//577 634//577
f 379//578 24//578 605//578
f 24//579 607//579 605//579
f 635//580 608//580 607//580
f 24//581 23//581 607//581
f 23//582 635//582 607//582
f 635//583 601//583 608//583
f 635//584 2//584 601//584
f 2//585 602//585 601//585
f 223//586 207//586 205//586
f 223//587 205//587 636//587
f 600//588 609//588 601//588
f 108//589 637//589 638//589
f 108//590 638//590 110//590
f 639//591 611//591 610//591
f 639//592 612//592 611//592
f 640//593 641//593 599//593
f 640//594 599//594 602//594
f 116//595 169//595 642//595
f 116//596 642//596 643//596
f 626//597 644//597 616//597
f 364//598 370//598 645//598
f 364//599 645//599 646//599
f 647//600 390//600 389//600
f 647//601 389//601 193//601
f 266//602 619//602 617//602
f 619//603 618//603 617//603
f 358//604 620//604 619//604
f 266//605 265//605 619//605
f 265//606 270//606 619//606
f 270//607 359//607 619//607
f 359//608 358//608 619//608
f 360//609 281//609 620//609
f 358//610 361//610 620//610
f 361//611 360//611 620//611
f 644//612 626//612 625//612
f 360//613 282//613 281//613
f 355//614 648//614 282//614
f 648//615 649//615 282//615
f 61//616 650//616 651//616
f 61//617 651//617 69//617
f 360//618 355//618 282//618
f 649//619 584//619 276//619
f 584//620 652//620 276//620
f 12//621 11//621 627//621
f 653//622 654//622 627//622
f 654//623 655//623 627//623
f 655//624 12//624 627//624
f 655//625 656//625 12//625
f 657//626 311//626 319//626
f 657//627 319//627 658//627
f 464//628 544//628 545//628
f 464//629 545//629 659//629
f 660//630 583//630 8//630
f 583//631 661//631 8//631
f 661//632 394//632 628//632
f 394//633 376//633 628//633
f 642//634 662//634 663//634
f 642//635 663//635 664//635
f 324//636 326//636 342//636
f 324//637 342//637 327//637
f 665//638 547//638 511//638
f 665//639 511//639 513//639
f 78//640 666//640 60//640
f 78//641 60//641 63//641
f 378//642 667//642 379//642
f 667//643 27//643 379//643
f 27//644 24//644 379//644
f 668//645 669//645 635//645
f 669//646 3//646 635//646
f 3//647 2//647 635//647
f 23//648 26//648 635//648
f 26//649 668//649 635//649
f 267//650 640//650 2//650
f 640//651 602//651 2//651
f 1//652 267//652 2//652
f 620//653 281//653 280//653
f 620//654 280//654 596//654
f 540//655 670//655 671//655
f 540//656 671//656 541//656
f 641//657 672//657 266//657
f 672//658 264//658 266//658
f 346//659 361//659 358//659
f 357//660 349//660 358//660
f 349//661 346//661 358//661
f 264//662 271//662 265//662
f 271//663 270//663 265//663
f 273//664 359//664 270//664
f 273//665 318//665 359//665
f 673//666 674//666 137//666
f 673//667 137//667 135//667
f 346//668 345//668 361//668
f 675//669 676//669 677//669
f 675//670 677//670 678//670
f 356//671 679//671 355//671
f 679//672 680//672 355//672
f 680//673 584//673 355//673
f 584//674 648//674 355//674
f 584//675 649//675 648//675
f 681//676 653//676 652//676
f 584//677 681//677 652//677
f 681//678 584//678 653//678
f 181//679 165//679 164//679
f 181//680 164//680 182//680
f 682//681 654//681 653//681
f 680//682 679//682 584//682
f 679//683 683//683 584//683
f 683//684 684//684 584//684
f 684//685 685//685 584//685
f 685//686 585//686 584//686
f 586//687 585//687 686//687
f 586//687 686//687 687//687
f 682//688 688//688 654//688
f 688//689 655//689 654//689
f 688//690 656//690 655//690
f 688//691 583//691 656//691
f 583//692 660//692 656//692
f 583//693 394//693 661//693
f 586//694 689//694 583//694
f 689//695 690//695 583//695
f 690//696 691//696 583//696
f 691//697 692//697 583//697
f 692//698 693//698 583//698
f 693//699 373//699 583//699
f 373//700 394//700 583//700
f 688//701 682//701 583//701
f 693//702 692//702 373//702
f 692//703 691//703 373//703
f 691//704 690//704 373//704
f 690//705 374//705 373//705
f 105//706 107//706 637//706
f 105//707 637//707 108//707
f 385//708 383//708 392//708
f 386//709 385//709 392//709
f 318//710 317//710 357//710
f 318//711 357//711 359//711
f 677//712 694//712 695//712
f 694//713 388//713 695//713
f 383//714 382//714 391//714
f 382//715 381//715 391//715
f 381//716 696//716 391//716
f 697//717 634//717 698//717
f 697//718 698//718 699//718
f 700//719 701//719 377//719
f 701//720 667//720 377//720
f 667//721 378//721 377//721
f 701//722 702//722 667//722
f 702//723 703//723 667//723
f 703//724 698//724 667//724
f 698//725 27//725 667//725
f 698//726 20//726 27//726
f 698//727 21//727 20//727
f 21//728 25//728 22//728
f 26//729 288//729 668//729
f 288//730 669//730 668//730
f 288//731 704//731 669//731
f 704//732 705//732 669//732
f 705//733 3//733 669//733
f 705//734 1//734 3//734
f 377//735 379//735 605//735
f 377//736 605//736 630//736
f 706//737 289//737 26//737
f 289//738 288//738 26//738
f 190//739 380//739 382//739
f 190//740 382//740 189//740
f 633//741 707//741 25//741
f 707//742 708//742 25//742
f 274//743 640//743 267//743
f 1//744 268//744 267//744
f 269//745 274//745 267//745
f 274//746 271//746 640//746
f 271//747 264//747 640//747
f 264//748 672//748 640//748
f 672//749 641//749 640//749
f 705//750 268//750 1//750
f 709//751 351//751 357//751
f 351//752 349//752 357//752
f 317//753 316//753 357//753
f 316//754 320//754 357//754
f 320//755 709//755 357//755
f 274//756 272//756 271//756
f 274//757 710//757 273//757
f 710//758 319//758 273//758
f 319//759 318//759 273//759
f 308//760 317//760 318//760
f 326//761 711//761 341//761
f 711//762 356//762 341//762
f 711//763 684//763 356//763
f 684//764 683//764 356//764
f 683//765 679//765 356//765
f 711//766 685//766 684//766
f 712//767 585//767 685//767
f 711//768 326//768 685//768
f 326//769 325//769 685//769
f 325//770 712//770 685//770
f 713//771 714//771 715//771
f 713//771 715//771 716//771
f 712//772 717//772 585//772
f 717//773 686//773 585//773
f 687//774 678//774 586//774
f 678//775 689//775 586//775
f 678//776 677//776 689//776
f 390//777 647//777 386//777
f 647//778 387//778 386//778
f 372//779 371//779 718//779
f 372//780 718//780 719//780
f 142//781 144//781 245//781
f 142//782 245//782 143//782
f 676//783 694//783 677//783
f 452//784 451//784 720//784
f 452//785 720//785 721//785
f 722//786 284//786 283//786
f 722//787 283//787 287//787
f 157//788 235//788 241//788
f 157//789 241//789 159//789
f 276//790 275//790 282//790
f 276//791 282//791 649//791
f 33//792 723//792 299//792
f 33//793 299//793 35//793
f 384//794 189//794 382//794
f 380//795 190//795 381//795
f 190//796 724//796 381//796
f 724//797 696//797 381//797
f 724//798 725//798 696//798
f 725//799 726//799 696//799
f 726//800 727//800 696//800
f 331//801 188//801 187//801
f 331//802 187//802 332//802
f 17//803 16//803 700//803
f 16//804 701//804 700//804
f 16//805 702//805 701//805
f 16//806 18//806 702//806
f 18//807 699//807 702//807
f 699//808 703//808 702//808
f 699//809 698//809 703//809
f 248//810 728//810 241//810
f 248//811 241//811 235//811
f 634//812 21//812 698//812
f 283//813 657//813 288//813
f 657//814 658//814 288//814
f 658//815 705//815 288//815
f 705//816 704//816 288//816
f 729//817 269//817 705//817
f 269//818 268//818 705//818
f 658//819 730//819 705//819
f 730//820 729//820 705//820
f 708//821 289//821 706//821
f 192//822 725//822 724//822
f 192//823 724//823 190//823
f 731//824 283//824 289//824
f 440//825 439//825 716//825
f 440//826 716//826 715//826
f 632//827 707//827 633//827
f 632//828 286//828 707//828
f 286//829 731//829 707//829
f 269//830 729//830 274//830
f 729//831 710//831 274//831
f 336//832 338//832 348//832
f 338//833 339//833 348//833
f 327//834 342//834 347//834
f 339//835 327//835 347//835
f 320//836 351//836 709//836
f 320//837 304//837 351//837
f 304//838 353//838 351//838
f 308//839 315//839 317//839
f 321//840 304//840 320//840
f 729//841 658//841 710//841
f 658//842 319//842 710//842
f 653//843 627//843 276//843
f 653//844 276//844 652//844
f 311//845 309//845 319//845
f 11//846 10//846 278//846
f 11//847 278//847 627//847
f 519//848 518//848 732//848
f 519//849 732//849 543//849
f 622//850 720//850 733//850
f 622//850 733//850 623//850
f 717//851 734//851 686//851
f 734//852 735//852 686//852
f 735//853 623//853 686//853
f 291//854 285//854 284//854
f 291//855 284//855 292//855
f 733//856 736//856 687//856
f 736//857 675//857 687//857
f 675//858 678//858 687//858
f 364//859 737//859 369//859
f 364//860 369//860 370//860
f 180//861 117//861 738//861
f 180//862 738//862 179//862
f 162//863 171//863 168//863
f 162//864 168//864 739//864
f 51//865 55//865 603//865
f 689//866 677//866 374//866
f 689//867 374//867 690//867
f 59//868 190//868 189//868
f 740//869 198//869 676//869
f 675//870 740//870 676//870
f 199//871 195//871 197//871
f 741//872 293//872 299//872
f 741//873 299//873 723//873
f 736//874 742//874 198//874
f 742//875 743//875 198//875
f 577//876 576//876 744//876
f 577//877 744//877 745//877
f 59//878 57//878 190//878
f 746//879 747//879 748//879
f 746//880 748//880 591//880
f 575//881 574//881 749//881
f 575//882 749//882 750//882
f 751//883 726//883 725//883
f 751//884 752//884 726//884
f 752//885 399//885 726//885
f 399//886 727//886 726//886
f 299//887 295//887 753//887
f 299//888 753//888 754//888
f 745//889 744//889 755//889
f 745//890 755//890 756//890
f 757//891 758//891 18//891
f 758//892 699//892 18//892
f 758//893 759//893 699//893
f 759//894 697//894 699//894
f 759//895 760//895 697//895
f 531//896 404//896 761//896
f 531//897 761//897 762//897
f 731//898 286//898 283//898
f 708//899 707//899 731//899
f 708//900 731//900 289//900
f 285//901 763//901 283//901
f 763//902 657//902 283//902
f 651//903 764//903 752//903
f 651//904 752//904 76//904
f 729//905 730//905 658//905
f 631//906 765//906 632//906
f 765//907 766//907 632//907
f 766//908 286//908 632//908
f 767//909 768//909 552//909
f 767//910 552//910 551//910
f 335//911 186//911 336//911
f 186//912 337//912 336//912
f 337//913 185//913 338//913
f 296//914 298//914 769//914
f 296//915 769//915 770//915
f 340//916 771//916 339//916
f 771//917 344//917 339//917
f 772//918 645//918 307//918
f 772//919 307//919 306//919
f 343//920 184//920 327//920
f 304//921 303//921 353//921
f 303//922 305//922 353//922
f 773//923 292//923 284//923
f 773//924 284//924 722//924
f 321//925 314//925 304//925
f 294//926 293//926 296//926
f 294//927 296//927 774//927
f 770//928 769//928 304//928
f 769//929 306//929 304//929
f 310//930 313//930 314//930
f 334//931 186//931 335//931
f 775//932 312//932 311//932
f 312//933 310//933 311//933
f 329//934 259//934 324//934
f 259//935 322//935 324//935
f 127//936 739//936 776//936
f 127//937 776//937 128//937
f 471//938 444//938 441//938
f 471//939 441//939 500//939
f 735//940 624//940 623//940
f 31//941 30//941 777//941
f 31//942 777//942 38//942
f 258//943 735//943 734//943
f 258//944 624//944 735//944
f 362//945 365//945 646//945
f 362//946 646//946 301//946
f 742//947 736//947 733//947
f 199//948 196//948 195//948
f 196//949 70//949 52//949
f 778//950 459//950 460//950
f 778//951 460//951 779//951
f 780//952 781//952 742//952
f 781//953 743//953 742//953
f 781//954 782//954 743//954
f 781//955 402//955 782//955
f 402//956 783//956 782//956
f 783//957 784//957 782//957
f 784//958 636//958 782//958
f 391//959 377//959 630//959
f 391//960 630//960 392//960
f 259//961 329//961 328//961
f 259//962 328//962 260//962
f 76//963 752//963 191//963
f 752//964 751//964 191//964
f 197//965 194//965 388//965
f 197//966 388//966 694//966
f 764//967 399//967 752//967
f 764//968 651//968 399//968
f 651//969 397//969 399//969
f 295//970 785//970 786//970
f 295//971 786//971 753//971
f 787//972 421//972 728//972
f 787//973 728//973 248//973
f 30//974 758//974 757//974
f 30//975 29//975 758//975
f 29//976 760//976 758//976
f 760//977 759//977 758//977
f 464//978 459//978 778//978
f 464//979 778//979 461//979
f 786//980 765//980 760//980
f 765//981 631//981 760//981
f 788//982 722//982 287//982
f 145//983 142//983 140//983
f 145//984 140//984 789//984
f 650//985 790//985 397//985
f 650//986 397//986 651//986
f 17//987 700//987 696//987
f 17//988 696//988 727//988
f 775//989 763//989 285//989
f 291//990 775//990 285//990
f 786//991 791//991 765//991
f 791//992 792//992 765//992
f 185//993 337//993 186//993
f 345//994 341//994 355//994
f 345//995 355//995 361//995
f 793//996 19//996 399//996
f 793//997 399//997 398//997
f 434//998 794//998 530//998
f 434//999 530//999 580//999
f 795//1000 796//1000 132//1000
f 795//1001 132//1001 130//1001
f 641//1002 266//1002 617//1002
f 641//1003 617//1003 797//1003
f 260//1004 328//1004 183//1004
f 719//1005 718//1005 798//1005
f 719//1006 798//1006 741//1006
f 307//1007 330//1007 354//1007
f 761//1008 404//1008 202//1008
f 761//1009 202//1009 231//1009
f 541//1010 671//1010 799//1010
f 541//1011 799//1011 542//1011
f 332//1012 187//1012 333//1012
f 769//1013 772//1013 306//1013
f 638//1014 80//1014 81//1014
f 638//1015 81//1015 82//1015
f 634//1016 633//1016 25//1016
f 634//1017 25//1017 21//1017
f 800//1018 772//1018 769//1018
f 298//1019 801//1019 769//1019
f 801//1020 800//1020 769//1020
f 19//1021 17//1021 727//1021
f 19//1022 727//1022 399//1022
f 291//1023 312//1023 775//1023
f 291//1024 802//1024 312//1024
f 802//1025 803//1025 312//1025
f 554//1026 502//1026 553//1026
f 554//1027 553//1027 552//1027
f 257//1028 624//1028 258//1028
f 334//1029 333//1029 187//1029
f 334//1030 187//1030 186//1030
f 721//1031 804//1031 714//1031
f 721//1031 714//1031 713//1031
f 621//1032 805//1032 622//1032
f 806//1033 621//1033 624//1033
f 257//1034 806//1034 624//1034
f 806//1035 261//1035 621//1035
f 261//1036 263//1036 621//1036
f 263//1037 807//1037 621//1037
f 807//1038 805//1038 621//1038
f 81//1039 65//1039 64//1039
f 81//1040 64//1040 66//1040
f 451//1041 780//1041 720//1041
f 451//1042 808//1042 780//1042
f 808//1043 403//1043 780//1043
f 403//1044 402//1044 780//1044
f 402//1045 781//1045 780//1045
f 204//1046 70//1046 196//1046
f 204//1047 50//1047 70//1047
f 307//1048 354//1048 353//1048
f 307//1049 353//1049 305//1049
f 728//1050 756//1050 240//1050
f 728//1051 240//1051 241//1051
f 206//1052 809//1052 204//1052
f 784//1053 810//1053 636//1053
f 810//1054 412//1054 636//1054
f 412//1055 411//1055 636//1055
f 411//1056 418//1056 636//1056
f 418//1057 420//1057 636//1057
f 811//1058 812//1058 813//1058
f 811//1059 813//1059 814//1059
f 401//1060 783//1060 402//1060
f 401//1061 416//1061 783//1061
f 416//1062 415//1062 783//1062
f 415//1063 414//1063 783//1063
f 414//1064 412//1064 783//1064
f 412//1065 810//1065 783//1065
f 810//1066 784//1066 783//1066
f 191//1067 751//1067 725//1067
f 191//1068 725//1068 192//1068
f 128//1069 776//1069 795//1069
f 128//1070 795//1070 130//1070
f 482//1071 804//1071 622//1071
f 482//1072 622//1072 805//1072
f 790//1073 38//1073 397//1073
f 38//1074 400//1074 397//1074
f 400//1075 38//1075 398//1075
f 38//1076 793//1076 398//1076
f 38//1077 777//1077 793//1077
f 780//1078 742//1078 733//1078
f 780//1079 733//1079 720//1079
f 28//1080 753//1080 29//1080
f 28//1081 35//1081 753//1081
f 35//1082 754//1082 753//1082
f 708//1083 706//1083 26//1083
f 708//1084 26//1084 25//1084
f 550//1085 581//1085 767//1085
f 550//1086 767//1086 551//1086
f 785//1087 815//1087 786//1087
f 815//1088 792//1088 786//1088
f 792//1089 791//1089 786//1089
f 815//1090 722//1090 788//1090
f 792//1091 815//1091 788//1091
f 815//1092 773//1092 722//1092
f 773//1093 816//1093 292//1093
f 816//1094 294//1094 292//1094
f 294//1095 774//1095 292//1095
f 774//1096 803//1096 292//1096
f 803//1097 290//1097 292//1097
f 290//1098 803//1098 291//1098
f 803//1099 802//1099 291//1099
f 792//1100 788//1100 287//1100
f 792//1101 287//1101 765//1101
f 546//1102 817//1102 768//1102
f 546//1103 768//1103 569//1103
f 636//1104 205//1104 199//1104
f 636//1105 199//1105 782//1105
f 772//1106 646//1106 645//1106
f 818//1107 229//1107 228//1107
f 818//1108 228//1108 819//1108
f 800//1109 646//1109 772//1109
f 567//1110 569//1110 768//1110
f 567//1111 768//1111 767//1111
f 293//1112 297//1112 296//1112
f 801//1113 820//1113 800//1113
f 820//1114 301//1114 800//1114
f 301//1115 646//1115 800//1115
f 297//1116 801//1116 298//1116
f 744//1117 750//1117 821//1117
f 744//1118 821//1118 755//1118
f 301//1119 820//1119 801//1119
f 567//1120 767//1120 581//1120
f 567//1121 581//1121 565//1121
f 255//1122 822//1122 256//1122
f 822//1123 823//1123 256//1123
f 823//1124 261//1124 256//1124
f 261//1125 806//1125 256//1125
f 806//1126 257//1126 256//1126
f 807//1127 824//1127 805//1127
f 824//1128 430//1128 805//1128
f 430//1129 482//1129 805//1129
f 481//1130 804//1130 482//1130
f 430//1131 480//1131 482//1131
f 687//1132 686//1132 623//1132
f 687//1132 623//1132 733//1132
f 644//1133 625//1133 613//1133
f 644//1134 613//1134 614//1134
f 825//1135 714//1135 804//1135
f 825//1136 804//1136 481//1136
f 826//1137 827//1137 261//1137
f 827//1138 262//1138 261//1138
f 823//1139 826//1139 261//1139
f 824//1140 807//1140 263//1140
f 262//1141 430//1141 263//1141
f 430//1142 824//1142 263//1142
f 453//1143 409//1143 451//1143
f 409//1144 411//1144 451//1144
f 411//1145 808//1145 451//1145
f 411//1146 403//1146 808//1146
f 411//1147 401//1147 403//1147
f 809//1148 206//1148 89//1148
f 206//1149 49//1149 89//1149
f 49//1150 88//1150 89//1150
f 49//1151 48//1151 88//1151
f 796//1152 673//1152 135//1152
f 796//1153 135//1153 132//1153
f 414//1154 413//1154 412//1154
f 416//1155 401//1155 411//1155
f 417//1156 418//1156 411//1156
f 409//1157 419//1157 418//1157
f 409//1158 405//1158 419//1158
f 405//1159 223//1159 419//1159
f 405//1160 224//1160 223//1160
f 61//1161 828//1161 650//1161
f 828//1162 790//1162 650//1162
f 581//1163 550//1163 549//1163
f 581//1164 549//1164 555//1164
f 36//1165 34//1165 31//1165
f 34//1166 35//1166 31//1166
f 35//1167 28//1167 31//1167
f 606//1168 604//1168 7//1168
f 606//1169 7//1169 5//1169
f 299//1170 754//1170 35//1170
f 829//1171 32//1171 37//1171
f 829//1172 37//1172 828//1172
f 294//1173 785//1173 295//1173
f 830//1174 831//1174 673//1174
f 830//1175 673//1175 796//1175
f 773//1176 815//1176 785//1176
f 766//1177 765//1177 287//1177
f 766//1178 287//1178 286//1178
f 639//1179 614//1179 592//1179
f 639//1180 592//1180 612//1180
f 737//1181 129//1181 131//1181
f 737//1182 131//1182 369//1182
f 369//1183 131//1183 188//1183
f 131//1184 133//1184 188//1184
f 331//1185 369//1185 188//1185
f 119//1186 366//1186 368//1186
f 119//1187 368//1187 120//1187
f 763//1188 775//1188 311//1188
f 763//1189 311//1189 657//1189
f 392//1190 630//1190 629//1190
f 392//1191 629//1191 393//1191
f 832//1192 818//1192 819//1192
f 832//1193 819//1193 833//1193
f 656//1194 660//1194 8//1194
f 656//1195 8//1195 12//1195
f 365//1196 364//1196 646//1196
f 245//1197 246//1197 258//1197
f 245//1198 258//1198 259//1198
f 129//1199 737//1199 364//1199
f 483//1200 512//1200 834//1200
f 483//1201 834//1201 484//1201
f 803//1202 774//1202 313//1202
f 803//1203 313//1203 312//1203
f 741//1204 798//1204 302//1204
f 798//1205 718//1205 302//1205
f 718//1206 300//1206 302//1206
f 835//1207 120//1207 836//1207
f 835//1208 836//1208 837//1208
f 435//1209 427//1209 255//1209
f 427//1210 430//1210 255//1210
f 430//1211 838//1211 255//1211
f 838//1212 839//1212 255//1212
f 839//1213 822//1213 255//1213
f 839//1214 826//1214 822//1214
f 826//1215 823//1215 822//1215
f 427//1216 429//1216 430//1216
f 428//1217 480//1217 430//1217
f 262//1218 432//1218 430//1218
f 432//1219 840//1219 430//1219
f 840//1220 838//1220 430//1220
f 428//1221 481//1221 480//1221
f 428//1222 825//1222 481//1222
f 721//1223 720//1223 622//1223
f 721//1223 622//1223 804//1223
f 825//1224 715//1224 714//1224
f 716//1225 455//1225 713//1225
f 455//1226 409//1226 452//1226
f 409//1227 453//1227 452//1227
f 841//1228 827//1228 826//1228
f 839//1229 840//1229 826//1229
f 840//1230 841//1230 826//1230
f 841//1231 262//1231 827//1231
f 841//1232 433//1232 262//1232
f 433//1233 432//1233 262//1233
f 455//1234 410//1234 409//1234
f 47//1235 87//1235 48//1235
f 47//1236 209//1236 87//1236
f 209//1237 85//1237 87//1237
f 842//1238 209//1238 208//1238
f 221//1239 842//1239 208//1239
f 407//1240 843//1240 405//1240
f 843//1241 224//1241 405//1241
f 843//1242 225//1242 224//1242
f 843//1243 407//1243 225//1243
f 407//1244 408//1244 225//1244
f 408//1245 844//1245 225//1245
f 844//1246 220//1246 225//1246
f 844//1247 226//1247 220//1247
f 60//1248 828//1248 61//1248
f 60//1249 845//1249 828//1249
f 845//1250 846//1250 828//1250
f 846//1251 829//1251 828//1251
f 185//1252 771//1252 340//1252
f 185//1253 340//1253 338//1253
f 527//1254 528//1254 554//1254
f 527//1255 554//1255 817//1255
f 32//1256 748//1256 33//1256
f 748//1257 747//1257 33//1257
f 747//1258 746//1258 33//1258
f 746//1259 719//1259 33//1259
f 719//1260 723//1260 33//1260
f 719//1261 741//1261 723//1261
f 323//1262 717//1262 712//1262
f 323//1263 712//1263 325//1263
f 847//1264 146//1264 674//1264
f 146//1265 148//1265 674//1265
f 148//1266 789//1266 674//1266
f 343//1267 344//1267 771//1267
f 343//1268 771//1268 184//1268
f 148//1269 233//1269 789//1269
f 233//1270 848//1270 789//1270
f 848//1271 145//1271 789//1271
f 422//1272 849//1272 756//1272
f 422//1273 756//1273 728//1273
f 782//1274 199//1274 198//1274
f 782//1275 198//1275 743//1275
f 139//1276 141//1276 184//1276
f 139//1277 184//1277 771//1277
f 848//1278 233//1278 145//1278
f 300//1279 371//1279 363//1279
f 371//1280 126//1280 363//1280
f 718//1281 371//1281 300//1281
f 455//1282 452//1282 721//1282
f 455//1283 721//1283 713//1283
f 526//1284 515//1284 472//1284
f 526//1285 472//1285 471//1285
f 254//1286 437//1286 250//1286
f 437//1287 426//1287 250//1287
f 426//1288 436//1288 250//1288
f 426//1289 428//1289 436//1289
f 428//1290 427//1290 436//1290
f 840//1291 839//1291 838//1291
f 426//1292 425//1292 428//1292
f 425//1293 825//1293 428//1293
f 431//1294 840//1294 432//1294
f 431//1295 841//1295 840//1295
f 850//1296 487//1296 825//1296
f 487//1297 715//1297 825//1297
f 425//1298 850//1298 825//1298
f 851//1299 499//1299 715//1299
f 499//1300 440//1300 715//1300
f 675//1301 736//1301 198//1301
f 675//1302 198//1302 740//1302
f 487//1303 485//1303 715//1303
f 485//1304 484//1304 715//1304
f 484//1305 851//1305 715//1305
f 439//1306 852//1306 716//1306
f 852//1307 460//1307 716//1307
f 460//1308 458//1308 716//1308
f 458//1309 456//1309 716//1309
f 456//1310 455//1310 716//1310
f 454//1311 410//1311 455//1311
f 431//1312 433//1312 841//1312
f 454//1313 853//1313 410//1313
f 853//1314 457//1314 410//1314
f 457//1315 406//1315 410//1315
f 842//1316 86//1316 209//1316
f 86//1317 85//1317 209//1317
f 842//1318 94//1318 86//1318
f 842//1319 93//1319 94//1319
f 221//1320 210//1320 842//1320
f 210//1321 93//1321 842//1321
f 226//1322 854//1322 221//1322
f 854//1323 227//1323 221//1323
f 457//1324 545//1324 406//1324
f 545//1325 538//1325 406//1325
f 538//1326 408//1326 406//1326
f 538//1327 844//1327 408//1327
f 538//1328 539//1328 844//1328
f 539//1329 537//1329 844//1329
f 537//1330 854//1330 844//1330
f 854//1331 226//1331 844//1331
f 777//1332 30//1332 757//1332
f 777//1333 757//1333 793//1333
f 666//1334 846//1334 60//1334
f 846//1335 845//1335 60//1335
f 294//1336 816//1336 773//1336
f 294//1337 773//1337 785//1337
f 837//1338 829//1338 846//1338
f 837//1339 748//1339 829//1339
f 748//1340 32//1340 829//1340
f 837//1341 836//1341 748//1341
f 468//1342 446//1342 449//1342
f 468//1343 449//1343 469//1343
f 300//1344 363//1344 362//1344
f 300//1345 362//1345 301//1345
f 591//1346 719//1346 746//1346
f 591//1347 372//1347 719//1347
f 855//1348 149//1348 847//1348
f 149//1349 151//1349 847//1349
f 151//1350 146//1350 847//1350
f 577//1351 745//1351 849//1351
f 577//1352 849//1352 578//1352
f 151//1353 147//1353 146//1353
f 856//1354 857//1354 537//1354
f 856//1355 537//1355 858//1355
f 184//1356 183//1356 328//1356
f 184//1357 328//1357 327//1357
f 126//1358 129//1358 364//1358
f 126//1359 364//1359 363//1359
f 643//1360 642//1360 664//1360
f 643//1361 664//1361 859//1361
f 367//1362 172//1362 371//1362
f 172//1363 127//1363 371//1363
f 127//1364 126//1364 371//1364
f 467//1365 462//1365 461//1365
f 467//1366 461//1366 468//1366
f 150//1367 855//1367 244//1367
f 855//1368 860//1368 244//1368
f 860//1369 252//1369 244//1369
f 252//1370 861//1370 253//1370
f 861//1371 862//1371 253//1371
f 862//1372 254//1372 253//1372
f 862//1373 438//1373 254//1373
f 438//1374 437//1374 254//1374
f 438//1375 424//1375 426//1375
f 424//1376 863//1376 425//1376
f 863//1377 850//1377 425//1377
f 863//1378 487//1378 850//1378
f 863//1379 486//1379 487//1379
f 484//1380 834//1380 851//1380
f 834//1381 495//1381 851//1381
f 495//1382 493//1382 851//1382
f 493//1383 492//1383 851//1383
f 492//1384 489//1384 851//1384
f 489//1385 488//1385 851//1385
f 488//1386 497//1386 851//1386
f 497//1387 499//1387 851//1387
f 486//1388 514//1388 485//1388
f 514//1389 483//1389 485//1389
f 814//1390 813//1390 864//1390
f 814//1391 864//1391 865//1391
f 445//1392 852//1392 439//1392
f 445//1393 443//1393 852//1393
f 443//1394 479//1394 852//1394
f 479//1395 450//1395 852//1395
f 450//1396 447//1396 852//1396
f 447//1397 779//1397 852//1397
f 779//1398 460//1398 852//1398
f 32//1399 34//1399 36//1399
f 32//1400 36//1400 37//1400
f 459//1401 659//1401 458//1401
f 659//1402 457//1402 458//1402
f 457//1403 853//1403 454//1403
f 659//1404 545//1404 457//1404
f 210//1405 212//1405 93//1405
f 212//1406 92//1406 93//1406
f 212//1407 90//1407 92//1407
f 854//1408 819//1408 227//1408
f 819//1409 222//1409 227//1409
f 819//1410 228//1410 222//1410
f 537//1411 833//1411 854//1411
f 833//1412 819//1412 854//1412
f 559//1413 513//1413 514//1413
f 559//1414 514//1414 582//1414
f 536//1415 732//1415 537//1415
f 732//1416 858//1416 537//1416
f 154//1417 176//1417 174//1417
f 154//1418 174//1418 122//1418
f 631//1419 634//1419 697//1419
f 631//1420 697//1420 760//1420
f 258//1421 734//1421 717//1421
f 258//1422 717//1422 323//1422
f 797//1423 644//1423 614//1423
f 797//1424 614//1424 639//1424
f 866//1425 835//1425 837//1425
f 526//1426 471//1426 500//1426
f 526//1427 500//1427 528//1427
f 120//1428 368//1428 836//1428
f 661//1429 628//1429 4//1429
f 661//1430 4//1430 8//1430
f 867//1431 860//1431 855//1431
f 150//1432 149//1432 855//1432
f 663//1433 867//1433 855//1433
f 695//1434 393//1434 629//1434
f 695//1435 629//1435 375//1435
f 662//1436 868//1436 663//1436
f 868//1437 867//1437 663//1437
f 738//1438 643//1438 859//1438
f 738//1439 859//1439 166//1439
f 664//1440 663//1440 831//1440
f 664//1441 831//1441 830//1441
f 512//1442 494//1442 495//1442
f 512//1443 495//1443 834//1443
f 164//1444 160//1444 869//1444
f 164//1445 869//1445 114//1445
f 245//1446 260//1446 183//1446
f 245//1447 183//1447 143//1447
f 124//1448 123//1448 367//1448
f 123//1449 163//1449 367//1449
f 163//1450 172//1450 367//1450
f 867//1451 236//1451 860//1451
f 236//1452 252//1452 860//1452
f 251//1453 870//1453 252//1453
f 870//1454 871//1454 252//1454
f 871//1455 861//1455 252//1455
f 871//1456 862//1456 861//1456
f 872//1457 573//1457 862//1457
f 573//1458 424//1458 862//1458
f 424//1459 438//1459 862//1459
f 871//1460 561//1460 862//1460
f 561//1461 872//1461 862//1461
f 573//1462 582//1462 424//1462
f 582//1463 863//1463 424//1463
f 582//1464 486//1464 863//1464
f 582//1465 514//1465 486//1465
f 873//1466 830//1466 796//1466
f 873//1467 796//1467 795//1467
f 39//1468 41//1468 153//1468
f 39//1469 153//1469 122//1469
f 109//1470 110//1470 112//1470
f 109//1471 112//1471 111//1471
f 195//1472 52//1472 647//1472
f 195//1473 647//1473 193//1473
f 469//1474 449//1474 478//1474
f 469//1475 478//1475 475//1475
f 576//1476 575//1476 750//1476
f 576//1477 750//1477 744//1477
f 522//1478 856//1478 858//1478
f 522//1479 858//1479 521//1479
f 448//1480 447//1480 450//1480
f 151//1481 244//1481 234//1481
f 151//1482 234//1482 147//1482
f 753//1483 786//1483 760//1483
f 753//1484 760//1484 29//1484
f 604//1485 14//1485 13//1485
f 604//1486 13//1486 7//1486
f 464//1487 659//1487 459//1487
f 211//1488 90//1488 212//1488
f 211//1489 214//1489 90//1489
f 214//1490 874//1490 90//1490
f 874//1491 91//1491 90//1491
f 874//1492 214//1492 91//1492
f 214//1493 102//1493 91//1493
f 77//1494 191//1494 192//1494
f 77//1495 192//1495 56//1495
f 37//1496 38//1496 790//1496
f 37//1497 790//1497 828//1497
f 464//1498 466//1498 544//1498
f 466//1499 520//1499 544//1499
f 520//1500 543//1500 544//1500
f 543//1501 732//1501 536//1501
f 817//1502 554//1502 552//1502
f 817//1503 552//1503 768//1503
f 518//1504 521//1504 732//1504
f 521//1505 858//1505 732//1505
f 670//1506 540//1506 534//1506
f 670//1507 534//1507 535//1507
f 645//1508 370//1508 330//1508
f 645//1509 330//1509 307//1509
f 774//1510 296//1510 770//1510
f 774//1511 770//1511 313//1511
f 214//1512 875//1512 102//1512
f 875//1513 213//1513 102//1513
f 213//1514 46//1514 102//1514
f 491//1515 490//1515 489//1515
f 491//1516 489//1516 492//1516
f 869//1517 78//1517 79//1517
f 869//1518 79//1518 114//1518
f 166//1519 859//1519 873//1519
f 166//1520 873//1520 167//1520
f 110//1521 638//1521 82//1521
f 110//1522 82//1522 112//1522
f 121//1523 835//1523 866//1523
f 121//1524 120//1524 835//1524
f 121//1525 125//1525 119//1525
f 125//1526 124//1526 119//1526
f 868//1527 236//1527 867//1527
f 579//1528 578//1528 422//1528
f 579//1529 422//1529 421//1529
f 876//1530 877//1530 662//1530
f 877//1531 878//1531 662//1531
f 878//1532 237//1532 662//1532
f 237//1533 868//1533 662//1533
f 237//1534 236//1534 868//1534
f 879//1535 865//1535 832//1535
f 879//1536 832//1536 857//1536
f 530//1537 880//1537 404//1537
f 530//1538 404//1538 531//1538
f 553//1539 502//1539 498//1539
f 553//1540 498//1540 496//1540
f 238//1541 821//1541 251//1541
f 821//1542 749//1542 251//1542
f 749//1543 870//1543 251//1543
f 749//1544 871//1544 870//1544
f 749//1545 574//1545 871//1545
f 574//1546 561//1546 871//1546
f 561//1547 573//1547 872//1547
f 572//1548 559//1548 573//1548
f 560//1549 556//1549 561//1549
f 556//1550 572//1550 561//1550
f 170//1551 179//1551 738//1551
f 170//1552 738//1552 166//1552
f 446//1553 778//1553 779//1553
f 446//1554 779//1554 447//1554
f 542//1555 879//1555 857//1555
f 542//1556 857//1556 856//1556
f 198//1557 197//1557 694//1557
f 198//1558 694//1558 676//1558
f 558//1559 665//1559 559//1559
f 665//1560 513//1560 559//1560
f 572//1561 557//1561 559//1561
f 496//1562 498//1562 497//1562
f 496//1563 497//1563 488//1563
f 368//1564 591//1564 748//1564
f 368//1565 748//1565 836//1565
f 468//1566 461//1566 778//1566
f 468//1567 778//1567 446//1567
f 465//1568 464//1568 461//1568
f 465//1569 461//1569 463//1569
f 547//1570 510//1570 509//1570
f 547//1571 509//1571 511//1571
f 213//1572 875//1572 214//1572
f 232//1573 255//1573 256//1573
f 232//1574 256//1574 246//1574
f 313//1575 770//1575 304//1575
f 313//1576 304//1576 314//1576
f 463//1577 543//1577 520//1577
f 463//1578 519//1578 543//1578
f 522//1579 542//1579 856//1579
f 542//1580 799//1580 879//1580
f 881//1581 121//1581 866//1581
f 881//1582 866//1582 869//1582
f 44//1583 46//1583 213//1583
f 45//1584 882//1584 46//1584
f 882//1585 113//1585 46//1585
f 583//1586 682//1586 653//1586
f 583//1587 653//1587 584//1587
f 755//1588 821//1588 238//1588
f 755//1589 238//1589 240//1589
f 882//1590 111//1590 113//1590
f 531//1591 762//1591 670//1591
f 531//1592 670//1592 535//1592
f 165//1593 171//1593 162//1593
f 165//1594 162//1594 161//1594
f 115//1595 883//1595 114//1595
f 883//1596 164//1596 114//1596
f 160//1597 881//1597 869//1597
f 637//1598 107//1598 115//1598
f 107//1599 884//1599 115//1599
f 884//1600 885//1600 115//1600
f 885//1601 182//1601 115//1601
f 182//1602 883//1602 115//1602
f 799//1603 814//1603 865//1603
f 799//1604 865//1604 879//1604
f 239//1605 877//1605 876//1605
f 169//1606 240//1606 876//1606
f 240//1607 239//1607 876//1607
f 239//1608 238//1608 877//1608
f 238//1609 878//1609 877//1609
f 238//1610 237//1610 878//1610
f 366//1611 119//1611 124//1611
f 366//1612 124//1612 367//1612
f 599//1613 639//1613 610//1613
f 599//1614 610//1614 600//1614
f 869//1615 866//1615 666//1615
f 869//1616 666//1616 78//1616
f 118//1617 242//1617 169//1617
f 242//1618 886//1618 169//1618
f 886//1619 240//1619 169//1619
f 857//1620 832//1620 833//1620
f 857//1621 833//1621 537//1621
f 54//1622 189//1622 603//1622
f 54//1623 603//1623 55//1623
f 750//1624 749//1624 821//1624
f 302//1625 301//1625 801//1625
f 302//1626 801//1626 297//1626
f 677//1627 695//1627 375//1627
f 677//1628 375//1628 374//1628
f 138//1629 139//1629 771//1629
f 138//1630 771//1630 185//1630
f 75//1631 69//1631 651//1631
f 75//1632 651//1632 76//1632
f 132//1633 135//1633 134//1633
f 132//1634 134//1634 133//1634
f 548//1635 547//1635 557//1635
f 547//1636 558//1636 557//1636
f 547//1637 665//1637 558//1637
f 160//1638 125//1638 121//1638
f 160//1639 121//1639 881//1639
f 887//1640 813//1640 230//1640
f 302//1641 297//1641 293//1641
f 302//1642 293//1642 741//1642
f 864//1643 887//1643 230//1643
f 789//1644 140//1644 137//1644
f 789//1645 137//1645 674//1645
f 888//1646 882//1646 215//1646
f 882//1647 45//1647 215//1647
f 696//1648 700//1648 377//1648
f 696//1649 377//1649 391//1649
f 813//1650 887//1650 864//1650
f 248//1651 235//1651 219//1651
f 248//1652 219//1652 201//1652
f 477//1653 469//1653 475//1653
f 477//1654 475//1654 476//1654
f 888//1655 111//1655 882//1655
f 97//1656 77//1656 56//1656
f 97//1657 56//1657 58//1657
f 888//1658 216//1658 111//1658
f 51//1659 603//1659 647//1659
f 51//1660 647//1660 52//1660
f 218//1661 42//1661 109//1661
f 883//1662 182//1662 164//1662
f 859//1663 664//1663 830//1663
f 859//1664 830//1664 873//1664
f 106//1665 173//1665 107//1665
f 173//1666 884//1666 107//1666
f 173//1667 182//1667 884//1667
f 182//1668 885//1668 884//1668
f 193//1669 389//1669 388//1669
f 193//1670 388//1670 194//1670
f 756//1671 755//1671 240//1671
f 886//1672 242//1672 240//1672
f 242//1673 241//1673 240//1673
f 637//1674 115//1674 80//1674
f 637//1675 80//1675 638//1675
f 504//1676 553//1676 496//1676
f 504//1677 496//1677 505//1677
f 152//1678 243//1678 118//1678
f 243//1679 242//1679 118//1679
f 10//1680 9//1680 279//1680
f 10//1681 279//1681 278//1681
f 865//1682 864//1682 818//1682
f 865//1683 818//1683 832//1683
f 809//1684 89//1684 50//1684
f 809//1685 50//1685 204//1685
f 644//1686 797//1686 617//1686
f 644//1687 617//1687 616//1687
f 793//1688 757//1688 18//1688
f 793//1689 18//1689 19//1689
f 831//1690 847//1690 674//1690
f 831//1691 674//1691 673//1691
f 663//1692 855//1692 847//1692
f 663//1693 847//1693 831//1693
f 436//1694 435//1694 255//1694
f 436//1695 255//1695 250//1695
f 812//1696 761//1696 231//1696
f 388//1697 386//1697 393//1697
f 388//1698 393//1698 695//1698
f 43//1699 42//1699 217//1699
f 42//1700 218//1700 217//1700
f 532//1701 527//1701 817//1701
f 532//1702 817//1702 546//1702
f 671//1703 811//1703 814//1703
f 671//1704 814//1704 799//1704
f 104//1705 174//1705 105//1705
f 174//1706 106//1706 105//1706
f 174//1707 173//1707 106//1707
f 387//1708 647//1708 603//1708
f 387//1709 603//1709 385//1709
f 243//1710 152//1710 241//1710
f 152//1711 159//1711 241//1711
f 864//1712 230//1712 229//1712
f 864//1713 229//1713 818//1713
f 812//1714 231//1714 230//1714
f 812//1715 230//1715 813//1715
f 849//1716 745//1716 756//1716
f 866//1717 837//1717 846//1717
f 866//1718 846//1718 666//1718
f 216//1719 888//1719 215//1719
f 216//1720 215//1720 217//1720
f 776//1721 167//1721 873//1721
f 776//1722 873//1722 795//1722
f 739//1723 168//1723 167//1723
f 739//1724 167//1724 776//1724
f 404//1725 203//1725 202//1725
f 580//1726 579//1726 421//1726
f 580//1727 421//1727 787//1727
f 259//1728 258//1728 323//1728
f 259//1729 323//1729 322//1729
f 41//1730 40//1730 219//1730
f 40//1731 43//1731 219//1731
f 670//1732 762//1732 811//1732
f 670//1733 811//1733 671//1733
f 478//1734 449//1734 450//1734
f 478//1735 450//1735 479//1735
f 155//1736 154//1736 235//1736
f 154//1737 153//1737 235//1737
f 580//1738 530//1738 529//1738
f 580//1739 529//1739 571//1739
f 421//1740 423//1740 728//1740
f 423//1741 422//1741 728//1741
f 422//1742 578//1742 849//1742
f 163//1743 162//1743 739//1743
f 163//1744 739//1744 127//1744
f 797//1745 639//1745 599//1745
f 797//1746 599//1746 641//1746
f 404//1747 880//1747 200//1747
f 880//1748 201//1748 200//1748
f 794//1749 249//1749 201//1749
f 880//1750 794//1750 201//1750
f 169//1751 876//1751 662//1751
f 169//1752 662//1752 642//1752
f 247//1753 787//1753 248//1753
f 117//1754 116//1754 643//1754
f 117//1755 643//1755 738//1755
f 165//1756 181//1756 170//1756
f 165//1757 170//1757 171//1757
f 762//1758 761//1758 812//1758
f 762//1759 812//1759 811//1759
f 787//1760 434//1760 580//1760
f 419//1761 223//1761 636//1761
f 419//1762 636//1762 420//1762
f 530//1763 794//1763 880//1763
f 434//1764 249//1764 794//1764
f 434//1765 787//1765 247//1765
