# Blender 4.3.2
# www.blender.org
mtllib right_ring_1_collision.mtl
o right_ring_1_collision
v 0.008425 -0.007465 -0.030950
v 0.008434 -0.006650 -0.030950
v 0.009087 -0.006650 -0.020947
v 0.009957 -0.007769 -0.000077
v 0.009994 -0.006650 -0.000075
v 0.010026 -0.006650 0.000965
v 0.007054 -0.013409 0.010559
v 0.007482 -0.013171 0.000211
v 0.007731 -0.012949 0.010074
v 0.008062 -0.012665 0.000138
v 0.008343 -0.012399 0.009573
v 0.008575 -0.012071 0.000074
v 0.008881 -0.011751 0.009076
v 0.009014 -0.011387 0.000020
v 0.009328 -0.011014 0.008616
v 0.009373 -0.010612 -0.000022
v 0.009679 -0.010196 0.008219
v 0.009649 -0.009750 -0.000052
v 0.009924 -0.009358 0.007923
v 0.009842 -0.008802 -0.000070
v 0.010083 -0.008502 0.007719
v 0.010177 -0.007554 0.007595
v 0.010204 -0.006650 0.007559
v 0.006083 -0.013840 -0.021304
v 0.005431 -0.014131 -0.021447
v 0.005345 -0.013976 -0.031969
v 0.005874 -0.013705 -0.031677
v 0.006106 -0.013567 -0.031561
v 0.006691 -0.013474 -0.021184
v 0.006498 -0.013295 -0.031385
v 0.005036 -0.014109 -0.032155
v 0.009377 -0.006650 -0.015518
v 0.009599 -0.006650 -0.010752
v 0.009325 -0.007787 -0.015905
v 0.009562 -0.007829 -0.010752
v 0.009228 -0.008821 -0.015906
v 0.009452 -0.008894 -0.010749
v 0.009068 -0.009756 -0.015908
v 0.009272 -0.009850 -0.010745
v 0.008846 -0.010598 -0.015910
v 0.009022 -0.010702 -0.010739
v 0.008561 -0.011351 -0.015914
v 0.008704 -0.011456 -0.010731
v 0.008212 -0.012022 -0.015920
v 0.008321 -0.012115 -0.010721
v 0.007795 -0.012611 -0.015932
v 0.007875 -0.012687 -0.010709
v 0.007308 -0.013118 -0.015952
v 0.007369 -0.013175 -0.010694
v 0.009060 -0.007701 -0.020951
v 0.008982 -0.008673 -0.020957
v 0.008708 -0.008475 -0.025954
v 0.008471 -0.010140 -0.025972
v 0.008851 -0.009572 -0.020963
v 0.008666 -0.010400 -0.020972
v 0.006178 -0.013928 -0.010658
v 0.006802 -0.013587 -0.010677
v 0.007243 -0.013023 -0.021095
v 0.007719 -0.012481 -0.021038
v 0.008109 -0.011857 -0.021005
v 0.008421 -0.011162 -0.020985
v 0.009811 -0.006650 -0.005462
v 0.009772 -0.007821 -0.005463
v 0.009657 -0.008884 -0.005459
v 0.009466 -0.009844 -0.005450
v 0.009199 -0.010703 -0.005434
v 0.008857 -0.011463 -0.005412
v 0.008444 -0.012128 -0.005383
v 0.007966 -0.012702 -0.005347
v 0.007427 -0.013191 -0.005303
v 0.006843 -0.013595 0.000292
v 0.006866 -0.012981 -0.031244
v 0.006972 -0.012876 -0.031208
v 0.007338 -0.012437 -0.031101
v 0.007535 -0.012132 -0.031054
v 0.007873 -0.011407 -0.030994
v 0.008100 -0.010638 -0.030967
v 0.008245 -0.009871 -0.030956
v 0.007427 -0.000110 -0.005303
v 0.007369 -0.000125 -0.010694
v 0.006802 0.000287 -0.010677
v 0.006843 0.000294 0.000292
v 0.005036 0.000808 -0.032155
v 0.005431 0.000830 -0.021447
v 0.005345 0.000675 -0.031969
v 0.008708 -0.004826 -0.025954
v 0.008397 -0.005047 -0.030951
v 0.008245 -0.003430 -0.030956
v 0.008471 -0.003161 -0.025972
v 0.008100 -0.002662 -0.030967
v 0.007243 -0.000277 -0.021095
v 0.006691 0.000174 -0.021184
v 0.007308 -0.000183 -0.015952
v 0.009957 -0.005532 -0.000077
v 0.007482 -0.000130 0.000211
v 0.008666 -0.002900 -0.020972
v 0.008851 -0.003729 -0.020963
v 0.008982 -0.004628 -0.020957
v 0.009060 -0.005600 -0.020951
v -0.002132 -0.001150 -0.035848
v -0.002132 0.001450 -0.035848
v -0.000625 0.001450 -0.035507
v 0.009581 -0.004112 0.008334
v 0.009688 -0.003131 0.008209
v 0.009341 -0.002312 0.008602
v -0.012153 -0.013891 0.005641
v -0.012236 -0.013741 0.005458
v -0.012535 -0.013825 0.001027
v -0.012413 -0.013348 0.005043
v -0.011868 -0.014725 0.001434
v -0.011382 -0.014749 0.007069
v -0.011808 -0.014361 0.006331
v -0.007700 -0.015050 -0.030189
v -0.008697 -0.014998 -0.026978
v -0.007867 -0.014936 -0.030262
v -0.009127 -0.014691 -0.026888
v -0.008240 -0.014583 -0.030425
v -0.009483 -0.014308 -0.026795
v -0.008547 -0.014129 -0.030557
v -0.009754 -0.013876 -0.026706
v -0.008745 -0.013681 -0.030642
v -0.009952 -0.013419 -0.026622
v -0.012870 -0.013745 -0.011799
v -0.012662 -0.014166 -0.011665
v -0.012816 -0.014122 -0.009609
v -0.013026 -0.013689 -0.009756
v -0.012873 -0.014058 -0.007378
v -0.013082 -0.013609 -0.007529
v -0.012837 -0.013983 -0.004904
v -0.013040 -0.013515 -0.005056
v -0.012731 -0.013314 0.000885
v -0.012389 -0.014542 -0.011505
v -0.012053 -0.014856 -0.011319
v -0.012189 -0.014841 -0.009230
v -0.012537 -0.014512 -0.009434
v -0.012235 -0.014816 -0.006979
v -0.012592 -0.014468 -0.007194
v -0.012191 -0.014786 -0.004497
v -0.012555 -0.014416 -0.004717
v -0.012250 -0.014309 0.001211
v -0.011416 -0.015040 0.001686
v -0.011764 -0.015067 -0.004250
v -0.011820 -0.015081 -0.006740
v -0.011788 -0.015091 -0.009003
v -0.011460 -0.015097 -0.013148
v -0.011835 -0.014860 -0.013326
v -0.011177 -0.015092 -0.015195
v -0.010768 -0.015262 -0.015043
v -0.010406 -0.015256 -0.017227
v -0.011047 -0.015265 -0.012960
v -0.011352 -0.015265 -0.008763
v -0.011372 -0.015262 -0.006485
v -0.011304 -0.015258 -0.003987
v -0.010932 -0.015249 0.001953
v -0.010832 -0.015074 0.007885
v -0.010228 -0.015288 0.008655
v -0.011188 -0.014837 -0.017436
v -0.010818 -0.015081 -0.017336
v -0.008218 -0.015217 -0.027062
v -0.011177 0.001792 -0.015195
v -0.010818 0.001781 -0.017336
v -0.011188 0.001537 -0.017436
v -0.010559 0.001886 0.008248
v -0.010254 0.001982 0.008624
v -0.010932 0.001949 0.001953
v -0.007804 0.001682 -0.030235
v -0.008697 0.001698 -0.026978
v -0.007700 0.001750 -0.030189
v -0.008218 0.001917 -0.027062
v -0.012250 0.001009 0.001211
v -0.012157 0.000583 0.005632
v -0.011808 0.001061 0.006332
v -0.011868 0.001425 0.001434
v -0.011380 0.001450 0.007072
v -0.012535 0.000525 0.001027
v -0.012406 0.000066 0.005060
v -0.012237 0.000441 0.005458
v -0.011666 0.001797 -0.011113
v -0.011460 0.001797 -0.013148
v -0.012053 0.001556 -0.011319
v -0.011835 0.001560 -0.013326
v -0.012389 0.001242 -0.011505
v -0.012160 0.001253 -0.013485
v -0.012662 0.000866 -0.011665
v -0.012425 0.000886 -0.013622
v -0.012870 0.000445 -0.011799
v -0.012627 0.000473 -0.013737
v -0.011788 0.001791 -0.009003
v -0.012189 0.001541 -0.009230
v -0.010603 0.002073 -0.012763
v -0.011243 0.001966 -0.010895
v -0.010792 0.002074 -0.010668
v -0.009885 0.001747 -0.021984
v -0.010277 0.001478 -0.021987
v -0.011504 0.001224 -0.017523
v -0.010606 0.001138 -0.021983
v -0.011757 0.000856 -0.017594
v -0.010863 0.000747 -0.021971
v -0.011949 0.000446 -0.017651
v -0.011054 0.000322 -0.021954
v -0.009127 0.001391 -0.026888
v -0.009483 0.001008 -0.026795
v -0.009754 0.000576 -0.026706
v -0.009952 0.000119 -0.026622
v -0.011047 0.001965 -0.012960
v -0.011352 0.001965 -0.008763
v 0.002957 0.002033 0.013068
v 0.004611 0.001765 0.012580
v 0.004404 0.001826 0.010278
v 0.003988 0.001929 0.005849
v -0.012353 -0.001116 0.005189
v -0.011918 -0.001123 0.006122
v -0.011413 -0.001129 0.007019
v -0.009582 -0.001150 0.009365
v -0.009579 0.002109 0.009368
v -0.009572 -0.001150 0.009375
v 0.004330 -0.015147 0.009474
v 0.004611 -0.015065 0.012580
v 0.003637 -0.015245 0.012895
v 0.003988 -0.015229 0.005849
v -0.009552 -0.015412 0.009395
v -0.009582 -0.012150 0.009365
v -0.010557 -0.012161 0.008250
v -0.011413 -0.012171 0.007019
v -0.009255 -0.015850 0.000305
v -0.009282 -0.015850 0.000133
v -0.009183 -0.015865 0.000279
v -0.009206 -0.015865 0.000136
v -0.001119 -0.015850 -0.023130
v -0.001091 -0.015850 -0.022958
v -0.001190 -0.015865 -0.023103
v -0.001168 -0.015865 -0.022961
v -0.007287 -0.015849 -0.025551
v -0.007222 -0.015864 -0.025520
v -0.007247 -0.015864 -0.025444
v -0.007327 -0.015849 -0.025397
v -0.007128 -0.015865 -0.025674
v -0.007024 -0.015865 -0.025750
v -0.007196 -0.015864 -0.025575
v -0.007178 -0.015850 -0.025727
v -0.007261 -0.015850 -0.025605
v -0.013387 -0.011060 -0.014518
v -0.013369 -0.011135 -0.014515
v -0.013382 -0.011128 -0.014438
v -0.013405 -0.011046 -0.014415
v -0.013851 -0.011017 -0.010706
v -0.013832 -0.011104 -0.010692
v -0.013840 -0.011135 -0.010521
v -0.013859 -0.011062 -0.010522
v -0.010670 -0.010509 -0.026689
v -0.010729 -0.010707 -0.026451
v -0.010700 -0.010350 -0.026581
v -0.010754 -0.011056 -0.026322
v -0.010676 -0.010884 -0.026643
v -0.010709 -0.011011 -0.026502
v -0.011636 -0.010700 -0.022789
v -0.011649 -0.010883 -0.022720
v -0.011645 -0.010509 -0.022766
v -0.013337 -0.010888 -0.014844
v -0.013357 -0.011015 -0.014700
v -0.013100 -0.008960 -0.016253
v -0.013102 -0.009132 -0.016236
v -0.013143 -0.008955 -0.016049
v -0.013888 -0.010617 -0.010393
v -0.013891 -0.010805 -0.010148
v -0.013901 -0.010614 -0.010124
v -0.013906 -0.010430 -0.010194
v -0.013693 -0.008966 -0.012987
v -0.013717 -0.009141 -0.012790
v -0.013748 -0.009204 -0.012535
v -0.013752 -0.008976 -0.012539
v -0.013969 -0.009155 -0.008739
v -0.013969 -0.008965 -0.008303
v -0.013973 -0.008965 -0.008820
v -0.013972 -0.009011 -0.008933
v -0.013840 -0.002164 -0.010521
v -0.013832 -0.002196 -0.010692
v -0.013859 -0.002238 -0.010522
v -0.013851 -0.002283 -0.010706
v -0.013405 -0.002254 -0.014415
v -0.013382 -0.002172 -0.014438
v -0.013369 -0.002167 -0.014515
v -0.013387 -0.002240 -0.014518
v -0.010700 -0.002950 -0.026581
v -0.010729 -0.002593 -0.026451
v -0.010670 -0.002791 -0.026689
v -0.010662 -0.002600 -0.026712
v -0.010676 -0.002416 -0.026643
v -0.013379 -0.002586 -0.014650
v -0.013337 -0.002412 -0.014844
v -0.013332 -0.002596 -0.014913
v -0.013870 -0.002584 -0.010656
v -0.013849 -0.002411 -0.010853
v -0.013854 -0.002595 -0.010923
v -0.013903 -0.002789 -0.006861
v -0.013888 -0.002587 -0.006617
v -0.013897 -0.002599 -0.006886
v -0.013966 -0.004169 -0.008234
v -0.013968 -0.004335 -0.008191
v -0.013966 -0.004335 -0.008053
v -0.013884 -0.006650 -0.005777
v -0.013898 -0.007207 -0.006057
v -0.013887 -0.006948 -0.005844
v -0.013932 -0.006300 -0.006843
v -0.013929 -0.006013 -0.006780
v -0.013939 -0.006223 -0.007048
v -0.013929 -0.007287 -0.006780
v -0.013939 -0.007077 -0.007048
v -0.013950 -0.007208 -0.010103
v -0.013950 -0.006993 -0.010109
v -0.013938 -0.007336 -0.010390
v -0.013938 -0.005964 -0.010390
v -0.013517 -0.006307 -0.014111
v -0.013564 -0.006650 -0.013831
v -0.013553 -0.006351 -0.013898
v -0.013467 -0.007336 -0.014389
v -0.013517 -0.007208 -0.014106
v -0.013517 -0.006092 -0.014106
v -0.013467 -0.005964 -0.014389
v -0.013969 -0.008165 -0.008248
v -0.013971 -0.008100 -0.008510
v -0.013723 -0.004782 -0.012771
v -0.013753 -0.005200 -0.012536
v -0.013752 -0.004324 -0.012539
v -0.002087 -0.015450 0.013235
v 0.000631 -0.015450 0.013384
v 0.000631 0.002150 0.013384
v -0.002087 0.002150 0.013235
v -0.013969 -0.004145 -0.008739
v -0.013972 -0.004289 -0.008933
v -0.013973 -0.004337 -0.008821
v -0.013972 -0.004340 -0.008970
v -0.013972 -0.004566 -0.009059
v -0.013972 -0.008734 -0.009059
v -0.013972 -0.008960 -0.008970
v 0.009562 -0.005472 -0.010752
v 0.009325 -0.005513 -0.015905
v -0.013967 -0.004099 -0.008455
v -0.013968 -0.004096 -0.008510
v -0.013901 -0.002686 -0.010124
v -0.012816 0.000822 -0.009609
v -0.012537 0.001212 -0.009434
v -0.011757 -0.014156 -0.017594
v -0.011504 -0.014524 -0.017523
v -0.012425 -0.014186 -0.013622
v -0.012627 -0.013773 -0.013737
v -0.013904 -0.002998 -0.010340
v -0.013950 -0.006092 -0.010103
v -0.013957 -0.006352 -0.009891
v -0.013959 -0.006650 -0.009823
v -0.013957 -0.006948 -0.009891
v -0.013904 -0.010302 -0.010340
v -0.013906 -0.002870 -0.010194
v -0.013966 -0.008967 -0.008049
v -0.013966 -0.008343 -0.008048
v -0.007317 -0.011809 -0.034376
v -0.007266 -0.012151 -0.034406
v -0.009080 -0.011983 -0.030784
v -0.009086 -0.011911 -0.030787
v -0.006016 -0.014331 -0.035073
v -0.006419 -0.014027 -0.034874
v -0.006426 0.000720 -0.034870
v -0.006022 0.001026 -0.035070
v -0.013877 -0.002285 -0.006669
v -0.013887 -0.002414 -0.006816
v -0.013887 -0.010886 -0.006816
v -0.013897 -0.010701 -0.006886
v -0.013891 -0.002495 -0.010148
v -0.013888 -0.002683 -0.010393
v -0.013890 -0.003030 -0.010628
v -0.013896 -0.003043 -0.010526
v -0.013890 -0.010270 -0.010628
v -0.013896 -0.010257 -0.010526
v -0.013931 -0.007350 -0.010529
v 0.010092 -0.004861 0.007708
v 0.010180 -0.005796 0.007591
v 0.009842 -0.004499 -0.000070
v -0.013931 -0.005950 -0.010529
v 0.007719 -0.000820 -0.021038
v 0.007338 -0.000863 -0.031101
v 0.006972 -0.000425 -0.031208
v -0.013967 -0.009204 -0.008506
v -0.013966 -0.009138 -0.008248
v -0.010768 0.001962 -0.015043
v -0.013944 -0.006762 -0.007186
v -0.013964 -0.008587 -0.007957
v -0.010863 -0.014047 -0.021971
v -0.011949 -0.013746 -0.017651
v -0.011054 -0.013622 -0.021954
v -0.013026 0.000389 -0.009756
v -0.013964 -0.004737 -0.007961
v -0.013944 -0.006538 -0.007186
v -0.013917 -0.007350 -0.006486
v -0.013900 -0.010269 -0.006590
v -0.013900 -0.003031 -0.006590
v -0.013888 -0.003000 -0.006297
v -0.013878 -0.002872 -0.006151
v -0.013865 -0.002257 -0.006368
v -0.013868 -0.002240 -0.006482
v -0.013865 -0.002252 -0.010417
v -0.013878 -0.002336 -0.010259
v -0.012873 0.000758 -0.007378
v -0.013082 0.000309 -0.007529
v -0.013864 -0.002786 -0.010900
v -0.013877 -0.002945 -0.010789
v -0.013804 -0.008982 -0.012096
v -0.013877 -0.010355 -0.010789
v -0.013809 -0.008906 -0.012049
v -0.013809 -0.004394 -0.012049
v -0.013914 -0.006013 -0.010822
v -0.013914 -0.007287 -0.010822
v -0.013870 -0.010716 -0.010656
v -0.013845 -0.002172 -0.010441
v -0.013864 -0.010514 -0.010900
v -0.013854 -0.010705 -0.010923
v -0.013865 -0.011048 -0.010417
v -0.004770 0.002150 0.012521
v -0.006392 0.002565 0.001681
v -0.008991 0.002565 0.000486
v -0.007249 0.002150 0.011268
v -0.013877 -0.011015 -0.006669
v -0.013888 -0.010713 -0.006617
v -0.013903 -0.010511 -0.006861
v -0.013878 -0.010964 -0.010259
v -0.013888 -0.010300 -0.006297
v -0.013917 -0.005950 -0.006486
v -0.013898 -0.006093 -0.006057
v -0.013443 -0.007350 -0.014526
v -0.013443 -0.005950 -0.014526
v -0.013389 -0.006013 -0.014813
v -0.013389 -0.007287 -0.014813
v -0.010863 0.001759 0.007843
v -0.006915 -0.013330 -0.034607
v -0.008955 -0.012901 -0.030731
v -0.007001 -0.013134 -0.034559
v -0.013887 -0.006352 -0.005844
v -0.013870 -0.002687 -0.006081
v -0.013864 -0.002497 -0.006106
v -0.013862 -0.002339 -0.006218
v -0.012702 -0.001109 0.004263
v -0.012530 -0.002599 -0.018857
v -0.012643 -0.002688 -0.018338
v -0.012662 -0.002342 -0.018207
v -0.012540 -0.002415 -0.018788
v -0.011273 -0.009195 -0.024300
v -0.011273 -0.004105 -0.024300
v -0.010813 -0.003004 -0.026142
v -0.010813 -0.010296 -0.026142
v -0.013850 -0.011133 -0.006483
v -0.013868 -0.011060 -0.006482
v -0.013845 -0.011128 -0.010441
v -0.012478 -0.006537 -0.019148
v -0.012627 -0.007350 -0.018468
v -0.012717 -0.006092 -0.018053
v -0.012627 -0.005950 -0.018468
v -0.011673 -0.002954 -0.022652
v -0.011808 -0.002876 -0.022077
v -0.011822 -0.002693 -0.022009
v -0.011645 -0.002791 -0.022766
v -0.013462 -0.002497 -0.014149
v -0.013748 -0.004096 -0.012535
v -0.013779 -0.009146 -0.012289
v -0.012160 -0.014553 -0.013485
v -0.013780 -0.004159 -0.012279
v -0.013804 -0.004318 -0.012096
v -0.011666 -0.015097 -0.011113
v -0.011243 -0.015266 -0.010895
v -0.013803 -0.004992 -0.012105
v -0.013816 -0.004627 -0.011986
v -0.013896 -0.006223 -0.011087
v -0.013886 -0.006537 -0.011224
v -0.013886 -0.006763 -0.011224
v -0.013896 -0.007077 -0.011087
v -0.013816 -0.008673 -0.011986
v -0.013849 -0.010889 -0.010853
v -0.013803 -0.008308 -0.012105
v -0.010406 0.001956 -0.017227
v -0.013462 -0.010803 -0.014149
v -0.013436 -0.002336 -0.014261
v -0.005258 -0.014632 -0.035397
v -0.005511 -0.014559 -0.035297
v -0.005525 0.001254 -0.035291
v -0.005258 0.001331 -0.035397
v -0.013399 -0.010269 -0.014622
v -0.013417 -0.010256 -0.014522
v -0.013865 -0.011043 -0.006368
v -0.013878 -0.010428 -0.006151
v -0.013870 -0.010613 -0.006081
v 0.001956 0.001450 -0.034198
v 0.001095 0.001450 -0.034715
v -0.001383 0.002565 -0.023311
v -0.001266 0.002565 -0.023226
v -0.012702 -0.012191 0.004263
v -0.012584 -0.000502 0.004600
v -0.010741 -0.003036 -0.026422
v -0.010321 -0.009132 -0.028025
v -0.013848 -0.002173 -0.006410
v -0.012731 0.000014 0.000885
v -0.013040 0.000215 -0.005056
v -0.012585 -0.012794 0.004598
v -0.013473 -0.002688 -0.014126
v -0.013719 -0.004150 -0.012774
v -0.013696 -0.004299 -0.012962
v -0.013848 -0.011127 -0.006410
v -0.013753 -0.008100 -0.012536
v -0.013436 -0.010964 -0.014261
v -0.013473 -0.010612 -0.014126
v -0.013379 -0.010714 -0.014650
v -0.012592 0.001168 -0.007194
v -0.013850 -0.002167 -0.006483
v -0.013862 -0.010961 -0.006218
v -0.013864 -0.010803 -0.006106
v -0.006758 0.000313 -0.034694
v -0.007013 -0.000198 -0.034552
v -0.008725 0.000434 -0.030634
v -0.008471 0.000962 -0.030524
v -0.012353 -0.012184 0.005189
v -0.006751 -0.013626 -0.034698
v 0.009014 -0.001914 0.000020
v 0.008575 -0.001230 0.000074
v 0.008899 -0.001574 0.009059
v -0.013367 -0.002946 -0.014781
v -0.013417 -0.003044 -0.014522
v -0.013448 -0.002999 -0.014339
v 0.009934 -0.003987 0.007910
v 0.009649 -0.003551 -0.000052
v 0.009373 -0.002689 -0.000022
v -0.013687 -0.004409 -0.013029
v -0.013679 -0.004671 -0.013084
v -0.013689 -0.004911 -0.013019
v -0.004921 0.001397 -0.035517
v -0.007323 0.001939 -0.030021
v -0.006940 0.002057 -0.029849
v 0.006106 0.000266 -0.031561
v 0.005874 0.000405 -0.031677
v 0.006083 0.000539 -0.021304
v -0.011734 -0.003049 -0.022399
v -0.011673 -0.010346 -0.022652
v -0.011734 -0.010251 -0.022399
v -0.013682 -0.008499 -0.013064
v -0.013701 -0.008269 -0.012932
v -0.013681 -0.008760 -0.013074
v -0.011372 0.001962 -0.006485
v -0.011820 0.001781 -0.006740
v -0.009885 -0.015047 -0.021984
v -0.010277 -0.014778 -0.021987
v -0.013448 -0.010301 -0.014339
v -0.013367 -0.010354 -0.014781
v -0.013332 -0.010704 -0.014913
v -0.006704 0.002103 -0.029741
v -0.004185 0.001450 -0.035723
v -0.013339 -0.006223 -0.015075
v -0.013339 -0.007077 -0.015075
v -0.013157 -0.004494 -0.015981
v -0.013399 -0.003031 -0.014622
v -0.013143 -0.004345 -0.016049
v 0.008062 -0.000636 0.000138
v 0.007790 -0.000399 0.010028
v 0.008396 -0.000957 0.009527
v -0.012586 -0.011133 -0.018461
v 0.009466 -0.003457 -0.005450
v 0.009272 -0.003451 -0.010745
v 0.009022 -0.002599 -0.010739
v 0.009199 -0.002598 -0.005434
v -0.013357 -0.002285 -0.014700
v -0.012604 -0.002243 -0.018465
v -0.013342 -0.002788 -0.014890
v -0.012688 -0.002875 -0.018144
v -0.010739 -0.002172 -0.026318
v -0.011706 -0.002172 -0.022394
v -0.013342 -0.010512 -0.014890
v -0.012688 -0.010425 -0.018144
v -0.012662 -0.010958 -0.018207
v -0.012604 -0.011057 -0.018465
v 0.009657 -0.004416 -0.005459
v -0.013553 -0.006949 -0.013898
v -0.012588 -0.002171 -0.018461
v -0.009080 -0.001317 -0.030784
v -0.009064 -0.001149 -0.030777
v -0.007215 -0.000888 -0.034436
v -0.007266 -0.001150 -0.034406
v -0.012235 0.001516 -0.006979
v -0.013048 -0.005200 -0.016500
v -0.012962 -0.005011 -0.016909
v -0.012962 -0.008289 -0.016909
v -0.013048 -0.008100 -0.016500
v -0.011918 -0.012177 0.006122
v -0.004908 -0.014700 -0.035521
v -0.006952 -0.015355 -0.029854
v -0.007422 -0.015197 -0.030065
v -0.011706 -0.011128 -0.022394
v 0.009772 -0.005480 -0.005463
v 0.009452 -0.004407 -0.010749
v -0.012626 -0.002257 -0.018363
v -0.011721 -0.002244 -0.022398
v -0.012567 -0.002288 -0.018645
v -0.012530 -0.010701 -0.018857
v -0.012540 -0.010885 -0.018788
v -0.012643 -0.010612 -0.018338
v -0.012565 -0.002953 -0.018721
v -0.012659 -0.003003 -0.018286
v -0.012996 -0.004157 -0.016743
v -0.013047 -0.004098 -0.016500
v -0.013100 -0.004340 -0.016253
v -0.008189 0.001341 -0.030403
v -0.013154 -0.008843 -0.015993
v -0.013312 -0.006762 -0.015209
v -0.013312 -0.006538 -0.015209
v 0.006178 0.000627 -0.010657
v -0.012762 -0.006351 -0.017845
v -0.012937 -0.004778 -0.017027
v -0.012567 -0.011012 -0.018645
v -0.012626 -0.011043 -0.018363
v -0.011721 -0.011056 -0.022398
v -0.012996 -0.009143 -0.016743
v -0.012954 -0.004340 -0.016947
v -0.012659 -0.010297 -0.018286
v -0.012565 -0.010347 -0.018721
v -0.011416 0.001740 0.001686
v -0.004770 -0.015450 0.012521
v -0.006392 -0.015865 0.001681
v -0.006252 -0.015865 0.001714
v 0.005002 0.001401 0.012430
v -0.010739 -0.011128 -0.026318
v -0.011680 -0.002289 -0.022578
v -0.011784 -0.002341 -0.022143
v -0.010754 -0.002244 -0.026322
v -0.011784 -0.010959 -0.022143
v -0.011813 -0.010798 -0.022032
v 0.007875 -0.000614 -0.010709
v 0.007966 -0.000599 -0.005347
v 0.008444 -0.001172 -0.005383
v 0.008321 -0.001186 -0.010721
v -0.012935 -0.004579 -0.017037
v -0.012190 -0.004101 -0.020435
v -0.012291 -0.004345 -0.019985
v -0.012717 -0.007208 -0.018053
v -0.012937 -0.008522 -0.017027
v -0.012762 -0.006949 -0.017845
v 0.000686 -0.015450 0.013381
v -0.006109 -0.015865 0.001691
v -0.012954 -0.008960 -0.016947
v -0.007208 -0.012445 -0.034440
v -0.011813 -0.002502 -0.022032
v -0.011680 -0.011011 -0.022578
v -0.008927 -0.000263 -0.030720
v -0.007094 -0.000428 -0.034506
v -0.011330 -0.004191 -0.024067
v -0.011330 -0.009109 -0.024067
v -0.012935 -0.008721 -0.017037
v -0.012291 -0.008955 -0.019985
v -0.012190 -0.009199 -0.020435
v -0.011822 -0.010607 -0.022009
v -0.010767 -0.003049 -0.026323
v -0.010767 -0.010251 -0.026323
v -0.000328 0.002565 -0.009619
v -0.007435 0.002565 -0.016188
v -0.009108 0.002565 0.000402
v -0.011764 0.001767 -0.004250
v -0.012191 0.001486 -0.004497
v -0.010699 -0.011099 -0.026476
v -0.010699 -0.002201 -0.026476
v -0.011649 -0.002417 -0.022720
v -0.010780 -0.002258 -0.026221
v -0.010822 -0.002340 -0.026068
v -0.010854 -0.002502 -0.025957
v -0.011761 -0.002690 -0.022271
v -0.010709 -0.002289 -0.026502
v -0.011808 -0.010424 -0.022077
v -0.006453 -0.015433 -0.029626
v -0.006864 -0.015865 -0.025790
v -0.012837 0.000683 -0.004904
v -0.012478 -0.006763 -0.019148
v -0.012087 -0.004338 -0.020879
v -0.012087 -0.008961 -0.020880
v -0.012132 -0.009136 -0.020686
v -0.009152 -0.009071 -0.030816
v -0.010109 -0.008707 -0.028816
v -0.010110 -0.004562 -0.028813
v -0.009151 -0.004344 -0.030816
v -0.011761 -0.010610 -0.022271
v -0.010854 -0.010798 -0.025957
v -0.010822 -0.010960 -0.026068
v -0.010780 -0.011042 -0.026221
v -0.009282 0.002550 0.000133
v -0.011304 0.001958 -0.003987
v -0.007327 0.002549 -0.025397
v -0.010606 -0.014438 -0.021983
v -0.012555 0.001116 -0.004717
v -0.002132 -0.014751 -0.035848
v -0.000625 -0.014751 -0.035507
v -0.006702 -0.015865 -0.025756
v -0.001091 0.002550 -0.022958
v -0.001119 0.002550 -0.023130
v -0.001190 0.002565 -0.023103
v -0.001168 0.002565 -0.022961
v -0.011636 -0.002600 -0.022789
v -0.010848 -0.002876 -0.026001
v -0.010792 -0.015374 -0.010668
v -0.010189 -0.004161 -0.028525
v -0.012066 -0.008706 -0.020972
v -0.012071 -0.004818 -0.020949
v -0.010848 -0.010424 -0.026001
v -0.010662 -0.010700 -0.026712
v -0.010187 -0.009135 -0.028533
v -0.010741 -0.010264 -0.026422
v -0.007094 -0.012873 -0.034506
v -0.010603 -0.015373 -0.012763
v -0.009255 0.002550 0.000305
v -0.009206 0.002565 0.000136
v -0.008473 0.002565 -0.009432
v -0.007247 0.002564 -0.025444
v -0.008305 0.002550 -0.012624
v -0.007572 0.002550 -0.022193
v -0.007286 0.002549 -0.025550
v -0.007435 -0.008956 -0.034306
v -0.007435 -0.004345 -0.034306
v -0.007402 -0.002533 -0.034325
v -0.007314 -0.001472 -0.034377
v -0.003694 -0.014751 -0.035815
v -0.004185 -0.014751 -0.035723
v -0.009132 -0.002172 -0.030806
v -0.010134 -0.004337 -0.028723
v -0.009132 -0.011128 -0.030806
v -0.007403 -0.010745 -0.034325
v -0.007985 -0.015865 -0.015811
v 0.008857 -0.001837 -0.005412
v -0.010256 -0.009199 -0.028275
v -0.010119 -0.008448 -0.028782
v -0.010134 -0.008958 -0.028726
v 0.002626 0.002066 0.013139
v 0.002626 -0.015366 0.013139
v 0.002957 -0.015333 0.013068
v -0.009416 -0.015426 0.009532
v -0.009416 0.002126 0.009532
v -0.009183 0.002565 0.000279
v -0.009133 0.002144 0.009803
v -0.007462 0.002565 -0.022330
v -0.007222 0.002564 -0.025520
v -0.007717 -0.015865 -0.018858
v -0.000475 -0.015865 -0.012958
v 0.000117 -0.015865 -0.005706
v 0.000092 -0.015865 -0.005651
v -0.001720 -0.015865 -0.003404
v -0.005941 -0.015865 0.001038
v -0.008991 -0.015865 0.000486
v -0.009108 -0.015865 0.000402
v -0.008827 -0.015450 0.010080
v -0.009133 -0.015444 0.009803
v -0.007262 0.002549 -0.025605
v -0.007196 0.002564 -0.025575
v -0.007128 0.002565 -0.025674
v -0.007178 0.002550 -0.025727
v -0.008827 0.002150 0.010080
v -0.009144 -0.002572 -0.030811
v 0.005386 0.001043 0.012268
v 0.005386 -0.014343 0.012268
v -0.010117 -0.004831 -0.028789
v -0.001383 -0.015865 -0.023311
v -0.009147 -0.010536 -0.030813
v -0.010081 -0.008789 -0.028871
v -0.001226 0.002565 -0.022766
v -0.006864 0.002565 -0.025790
v -0.007024 0.002565 -0.025750
v -0.005986 -0.015865 0.001616
v 0.000686 0.002150 0.013381
v -0.006109 0.002565 0.001691
v -0.006252 0.002565 0.001714
v -0.007249 -0.015450 0.011268
v 0.007795 -0.000690 -0.015932
v 0.001095 -0.014751 -0.034715
v -0.005986 0.002565 0.001616
v -0.003925 0.002565 -0.000738
v -0.001901 0.002565 -0.003062
v -0.001778 0.002565 -0.003209
v 0.000092 0.002565 -0.005651
v 0.000117 0.002565 -0.005706
v 0.000151 0.002565 -0.005846
v -0.000904 0.002565 -0.019538
v -0.006702 0.002565 -0.025756
v -0.003694 0.001450 -0.035815
v -0.003925 -0.015865 -0.000738
v -0.001901 -0.015865 -0.003062
v -0.001266 -0.015865 -0.023226
v 0.002726 0.002056 0.013118
v 0.003561 0.002010 0.001522
v 0.002623 0.002111 -0.007314
v 0.003286 0.001316 -0.033315
v 0.001956 -0.014751 -0.034198
v 0.002726 -0.015356 0.013118
v 0.008397 -0.008254 -0.030951
v 0.003286 -0.014616 -0.033315
v 0.002562 -0.015415 -0.007861
v -0.000904 -0.015865 -0.019538
v 0.004586 0.000976 -0.032439
v 0.003474 0.001279 -0.033187
v 0.001480 0.002150 -0.017110
v 0.001242 0.002150 -0.019043
v 0.007535 -0.001169 -0.031054
v 0.007873 -0.001894 -0.030994
v 0.008425 -0.005836 -0.030950
v 0.000151 -0.015865 -0.005846
v 0.008704 -0.001845 -0.010731
v 0.003474 -0.014579 -0.033187
v 0.001304 -0.015450 -0.018543
v 0.001480 -0.015450 -0.017110
v 0.003278 -0.015350 -0.001231
v 0.004586 -0.014277 -0.032439
v 0.005002 -0.014701 0.012430
v 0.007074 0.000097 0.010546
v 0.006498 -0.000006 -0.031385
v 0.006866 -0.000320 -0.031244
v 0.008212 -0.001279 -0.015920
v 0.008109 -0.001444 -0.021005
v 0.008561 -0.001949 -0.015914
v 0.008421 -0.002139 -0.020985
v 0.008846 -0.002703 -0.015910
v 0.003535 -0.015314 0.001263
v 0.009228 -0.004480 -0.015906
v 0.009068 -0.003545 -0.015908
vn 0.9978 -0.0105 -0.0651
vn 0.9990 -0.0336 -0.0306
vn 0.5642 -0.8257 0.0043
vn 0.6578 -0.7532 0.0003
vn 0.6687 -0.7436 0.0010
vn 0.7559 -0.6547 -0.0041
vn 0.7679 -0.6405 -0.0033
vn 0.8413 -0.5405 -0.0094
vn 0.8526 -0.5225 -0.0085
vn 0.9071 -0.4206 -0.0149
vn 0.9164 -0.4001 -0.0139
vn 0.9521 -0.3051 -0.0200
vn 0.9580 -0.2860 -0.0190
vn 0.9794 -0.2006 -0.0239
vn 0.9819 -0.1879 -0.0231
vn 0.9936 -0.1100 -0.0265
vn 0.9944 -0.1022 -0.0257
vn 0.9990 -0.0363 -0.0277
vn 0.9992 -0.0306 -0.0269
vn 0.4108 -0.9116 -0.0168
vn 0.4640 -0.8856 -0.0208
vn 0.5215 -0.8530 -0.0215
vn 0.5175 -0.8554 -0.0216
vn 0.5774 -0.8161 -0.0253
vn 0.4049 -0.9142 -0.0168
vn 0.9985 -0.0299 -0.0464
vn 0.9984 -0.0313 -0.0461
vn 0.9945 -0.0934 -0.0464
vn 0.9937 -0.1023 -0.0446
vn 0.9847 -0.1685 -0.0452
vn 0.9817 -0.1856 -0.0421
vn 0.9660 -0.2549 -0.0428
vn 0.9588 -0.2815 -0.0383
vn 0.9348 -0.3529 -0.0390
vn 0.9209 -0.3884 -0.0333
vn 0.8644 -0.5021 -0.0273
vn 0.7879 -0.6154 -0.0211
vn 0.7218 -0.6918 -0.0212
vn 0.6939 -0.7199 -0.0158
vn 0.9951 -0.0799 -0.0578
vn 0.9748 -0.2176 -0.0494
vn 0.9976 -0.0247 -0.0640
vn 0.4783 -0.8781 -0.0116
vn 0.5166 -0.8561 -0.0147
vn 0.6345 -0.7726 -0.0222
vn 0.7218 -0.6917 -0.0218
vn 0.7526 -0.6579 -0.0278
vn 0.8484 -0.5282 -0.0342
vn 0.9348 -0.3529 -0.0389
vn 0.9660 -0.2549 -0.0443
vn 0.9748 -0.2176 -0.0497
vn 0.9845 -0.1685 -0.0483
vn 0.9883 -0.1436 -0.0523
vn 0.9943 -0.0934 -0.0511
vn 0.9954 -0.0799 -0.0536
vn 0.9982 -0.0277 -0.0528
vn 0.9983 -0.0247 -0.0534
vn 0.9989 -0.0328 -0.0340
vn 0.9989 -0.0335 -0.0338
vn 0.9936 -0.1076 -0.0329
vn 0.9934 -0.1101 -0.0324
vn 0.9802 -0.1959 -0.0306
vn 0.9792 -0.2007 -0.0296
vn 0.9543 -0.2976 -0.0271
vn 0.9519 -0.3052 -0.0255
vn 0.9117 -0.4102 -0.0225
vn 0.9069 -0.4208 -0.0204
vn 0.8492 -0.5278 -0.0172
vn 0.8410 -0.5408 -0.0145
vn 0.7675 -0.6409 -0.0117
vn 0.7556 -0.6550 -0.0087
vn 0.6722 -0.7403 -0.0067
vn 0.6575 -0.7535 -0.0037
vn 0.5528 -0.8333 -0.0024
vn 0.7087 -0.7049 -0.0293
vn 0.8418 -0.5387 -0.0342
vn 0.8484 -0.5283 -0.0340
vn 0.9073 -0.4186 -0.0404
vn 0.9813 -0.1844 -0.0544
vn 0.5513 -0.8343 -0.0026
vn 0.5882 -0.8087 -0.0088
vn 0.6721 -0.7404 -0.0095
vn 0.6939 -0.7199 -0.0137
vn 0.7674 -0.6410 -0.0148
vn 0.7879 -0.6154 -0.0196
vn 0.8491 -0.5279 -0.0208
vn 0.8645 -0.5021 -0.0255
vn 0.9116 -0.4103 -0.0268
vn 0.9210 -0.3884 -0.0308
vn 0.9541 -0.2976 -0.0318
vn 0.9589 -0.2815 -0.0349
vn 0.9800 -0.1959 -0.0357
vn 0.9819 -0.1856 -0.0378
vn 0.9935 -0.1076 -0.0384
vn 0.9940 -0.1023 -0.0395
vn 0.9987 -0.0328 -0.0397
vn 0.9987 -0.0313 -0.0401
vn 0.5882 0.8087 -0.0088
vn 0.5513 0.8343 -0.0026
vn 0.4049 0.9142 -0.0168
vn 0.9935 0.0932 -0.0659
vn 0.9813 0.1844 -0.0544
vn 0.6345 0.7726 -0.0222
vn 0.9990 0.0336 -0.0306
vn 0.5528 0.8333 -0.0024
vn 0.9748 0.2176 -0.0494
vn 0.9951 0.0799 -0.0578
vn 0.2204 -0.0000 -0.9754
vn 0.7490 -0.0004 0.6626
vn 0.7514 0.0019 0.6599
vn -0.9046 -0.4207 0.0689
vn -0.9351 -0.3474 0.0696
vn -0.7266 -0.6845 0.0599
vn -0.5140 -0.8453 -0.1458
vn -0.5956 -0.7861 -0.1653
vn -0.6332 -0.7523 -0.1818
vn -0.7412 -0.6390 -0.2054
vn -0.7770 -0.5893 -0.2214
vn -0.8447 -0.4818 -0.2332
vn -0.8687 -0.4310 -0.2440
vn -0.9049 -0.3452 -0.2490
vn -0.8873 -0.4577 -0.0566
vn -0.8901 -0.4524 -0.0556
vn -0.8975 -0.4408 -0.0105
vn -0.9060 -0.4233 -0.0073
vn -0.9099 -0.4139 0.0259
vn -0.9202 -0.3904 0.0302
vn -0.9222 -0.3825 0.0571
vn -0.9377 -0.3422 0.0604
vn -0.9379 -0.3400 0.0688
vn -0.6711 -0.7404 -0.0382
vn -0.6744 -0.7374 -0.0375
vn -0.6847 -0.7288 -0.0059
vn -0.6969 -0.7172 -0.0030
vn -0.7041 -0.7098 0.0209
vn -0.7198 -0.6937 0.0252
vn -0.7255 -0.6866 0.0465
vn -0.7497 -0.6599 0.0506
vn -0.7513 -0.6573 0.0582
vn -0.8702 -0.4884 0.0651
vn -0.8693 -0.4909 0.0573
vn -0.8476 -0.5279 0.0532
vn -0.8437 -0.5360 0.0286
vn -0.8294 -0.5582 0.0239
vn -0.8236 -0.5671 -0.0050
vn -0.8119 -0.5838 -0.0085
vn -0.8026 -0.5946 -0.0473
vn -0.7986 -0.6000 -0.0484
vn -0.5883 -0.8073 0.0474
vn -0.5858 -0.8095 0.0402
vn -0.5649 -0.8243 0.0370
vn -0.5583 -0.8294 0.0198
vn -0.5453 -0.8381 0.0167
vn -0.5378 -0.8431 -0.0016
vn -0.5287 -0.8488 -0.0035
vn -0.5077 -0.8585 -0.0727
vn -0.3664 -0.9289 -0.0533
vn -0.3633 -0.9296 -0.0625
vn -0.3566 -0.9329 -0.0494
vn -0.3697 -0.9292 -0.0019
vn -0.3744 -0.9273 -0.0010
vn -0.3806 -0.9246 0.0119
vn -0.3889 -0.9212 0.0137
vn -0.3948 -0.9184 0.0262
vn -0.4088 -0.9122 0.0282
vn -0.4113 -0.9109 0.0338
vn -0.5606 -0.8267 0.0483
vn -0.3723 -0.9275 0.0336
vn -0.5510 -0.8295 -0.0915
vn -0.5312 -0.8421 -0.0931
vn -0.3750 -0.9246 -0.0673
vn -0.4293 -0.8953 -0.1187
vn -0.5312 0.8421 -0.0931
vn -0.3320 0.9428 0.0291
vn -0.5001 0.8543 -0.1414
vn -0.4293 0.8953 -0.1187
vn -0.8503 0.5218 0.0681
vn -0.7513 0.6573 0.0582
vn -0.7264 0.6847 0.0599
vn -0.9343 0.3497 0.0696
vn -0.5083 0.8597 -0.0514
vn -0.5147 0.8557 -0.0540
vn -0.6604 0.7477 -0.0700
vn -0.6658 0.7426 -0.0725
vn -0.7882 0.6091 -0.0874
vn -0.7923 0.6035 -0.0897
vn -0.8781 0.4675 -0.1015
vn -0.8813 0.4611 -0.1039
vn -0.5187 0.8545 -0.0276
vn -0.5181 0.8549 -0.0274
vn -0.2221 0.9748 -0.0205
vn -0.5265 0.8428 -0.1119
vn -0.5611 0.8185 -0.1230
vn -0.6754 0.7231 -0.1446
vn -0.7103 0.6863 -0.1563
vn -0.7964 0.5800 -0.1716
vn -0.8242 0.5364 -0.1817
vn -0.8791 0.4369 -0.1904
vn -0.8968 0.3958 -0.1977
vn -0.5597 0.8166 -0.1410
vn -0.5951 0.7889 -0.1535
vn -0.7078 0.6836 -0.1781
vn -0.7417 0.6431 -0.1904
vn -0.8205 0.5333 -0.2058
vn -0.8466 0.4866 -0.2158
vn -0.8922 0.3927 -0.2231
vn -0.9081 0.3502 -0.2297
vn -0.8864 0.4356 -0.1567
vn -0.8706 0.4686 -0.1499
vn -0.8035 0.5787 -0.1395
vn -0.7808 0.6108 -0.1313
vn -0.6821 0.7219 -0.1161
vn -0.6544 0.7485 -0.1073
vn -0.5510 0.8295 -0.0915
vn -0.5077 0.8585 -0.0727
vn -0.3619 0.9315 -0.0366
vn -0.3558 0.9339 -0.0343
vn -0.3631 0.9316 -0.0184
vn -0.3619 0.9320 -0.0180
vn 0.1631 0.9865 0.0115
vn 0.1570 0.9876 0.0083
vn -0.9201 0.0012 0.3916
vn -0.8953 0.0023 0.4454
vn -0.8659 0.0007 0.5002
vn -0.7407 -0.0000 0.6719
vn -0.7150 -0.0000 0.6992
vn 0.1848 -0.9827 0.0090
vn 0.1718 -0.9851 0.0063
vn -0.7387 -0.0005 0.6740
vn -0.7869 -0.0030 0.6171
vn -0.8660 -0.0007 0.5001
vn -0.1963 -0.9801 0.0313
vn -0.1963 -0.9800 0.0313
vn 0.1963 -0.9800 -0.0313
vn 0.1963 -0.9801 -0.0313
vn -0.1936 -0.9790 -0.0635
vn -0.2152 -0.9750 -0.0549
vn -0.0000 -1.0000 0.0059
vn -0.1659 -0.9801 -0.1086
vn -0.1680 -0.9798 -0.1089
vn -0.9588 -0.2412 -0.1499
vn -0.9622 -0.2322 -0.1420
vn -0.9706 -0.2246 -0.0870
vn -0.9640 -0.2460 -0.1010
vn -0.9688 -0.0115 -0.2474
vn -0.9685 -0.0230 -0.2480
vn -0.9750 -0.0149 -0.2216
vn -0.9846 -0.0376 -0.1705
vn -0.9791 -0.0075 -0.2034
vn -0.9979 -0.0461 -0.0450
vn -0.9981 -0.0426 -0.0451
vn -0.9922 -0.0081 -0.1245
vn -0.9911 -0.0216 -0.1315
vn -0.9999 -0.0148 0.0061
vn -0.9998 -0.0178 -0.0010
vn -0.9645 0.2484 -0.0900
vn -0.9694 0.2259 -0.0964
vn -0.9619 0.2310 -0.1461
vn -0.9614 0.2363 -0.1413
vn -0.9688 0.0114 -0.2474
vn -0.9682 0.0144 -0.2497
vn -0.9681 0.0198 -0.2498
vn -0.9833 0.0388 -0.1779
vn -0.9969 0.0522 -0.0596
vn -0.9968 0.0488 -0.0625
vn -0.9988 0.0347 0.0340
vn -0.9997 0.0167 0.0166
vn -0.9988 0.0005 0.0485
vn -0.9993 0.0004 0.0367
vn -0.9993 -0.0001 0.0369
vn -0.9991 -0.0001 -0.0424
vn -0.9991 -0.0000 -0.0426
vn -0.9858 -0.0009 -0.1681
vn -0.9847 -0.0000 -0.1740
vn -0.9858 -0.0001 -0.1680
vn -0.9848 -0.0000 -0.1740
vn -0.9999 0.0002 0.0105
vn -0.9918 -0.0000 -0.1275
vn -0.0546 -0.0000 0.9985
vn -0.9998 0.0185 -0.0015
vn -0.9999 0.0166 -0.0023
vn -1.0000 -0.0011 -0.0021
vn -1.0000 -0.0000 -0.0031
vn -1.0000 0.0001 -0.0046
vn -0.9998 -0.0007 0.0192
vn -1.0000 -0.0000 -0.0082
vn -1.0000 -0.0000 0.0037
vn 0.9984 0.0313 -0.0464
vn 0.9985 0.0300 -0.0461
vn -0.9999 0.0143 0.0073
vn -0.9999 0.0104 0.0084
vn -0.9999 0.0157 0.0049
vn -1.0000 0.0056 0.0065
vn -0.9987 0.0502 -0.0030
vn -0.9989 0.0468 -0.0001
vn -0.7989 0.5996 -0.0469
vn -0.8023 0.5950 -0.0487
vn -0.8035 -0.5787 -0.1395
vn -0.8706 -0.4686 -0.1499
vn -0.9992 0.0129 -0.0375
vn -0.9992 0.0121 -0.0384
vn -0.9992 0.0112 -0.0374
vn -0.9996 0.0048 -0.0280
vn -0.9998 0.0018 -0.0215
vn -0.9999 -0.0000 -0.0167
vn -0.9998 -0.0018 -0.0215
vn -0.9996 -0.0048 -0.0280
vn -0.9992 -0.0112 -0.0374
vn -0.9992 -0.0121 -0.0384
vn -0.9992 -0.0129 -0.0375
vn -0.9993 0.0206 -0.0299
vn -0.9994 0.0292 -0.0195
vn -0.9994 0.0318 -0.0166
vn -0.9993 0.0343 -0.0133
vn -1.0000 -0.0009 0.0061
vn -0.9999 -0.0001 0.0145
vn -0.9998 0.0002 0.0223
vn -0.9999 -0.0000 0.0166
vn -0.8918 -0.0949 -0.4423
vn -0.8919 -0.0936 -0.4424
vn -0.4431 -0.0000 -0.8965
vn -0.4437 -0.0000 -0.8962
vn -0.9992 0.0382 0.0081
vn -0.9986 0.0416 0.0337
vn -0.9985 0.0370 0.0403
vn -0.9986 -0.0524 -0.0002
vn -0.9987 -0.0518 -0.0003
vn -0.9979 0.0461 -0.0450
vn -0.9981 0.0426 -0.0451
vn -0.9981 0.0378 -0.0496
vn -0.9975 0.0471 -0.0530
vn -0.9974 0.0488 -0.0532
vn -0.9989 0.0122 -0.0444
vn -0.9991 -0.0000 -0.0424
vn -0.9982 -0.0116 -0.0581
vn -0.9987 -0.0123 -0.0487
vn 0.9949 0.0974 -0.0257
vn 0.9936 0.1100 -0.0267
vn -0.9988 -0.0000 -0.0499
vn -0.9995 -0.0000 -0.0328
vn -0.9994 -0.0014 -0.0356
vn -0.9994 0.0011 -0.0342
vn -0.9994 0.0001 -0.0340
vn 0.7706 0.6365 -0.0320
vn 0.7527 0.6577 -0.0298
vn -0.9989 -0.0122 -0.0444
vn -0.9974 -0.0488 -0.0532
vn -0.9975 -0.0471 -0.0530
vn -0.9981 -0.0378 -0.0496
vn -1.0000 -0.0051 0.0067
vn -0.9998 -0.0169 0.0071
vn -0.9989 -0.0468 -0.0001
vn -0.9988 -0.0499 -0.0027
vn -0.3664 0.9289 -0.0533
vn -0.3566 0.9329 -0.0494
vn -0.9998 -0.0146 0.0142
vn -0.9999 -0.0001 0.0144
vn -0.9995 -0.0017 0.0300
vn -0.9994 -0.0038 0.0354
vn -0.9998 0.0002 0.0188
vn -0.8791 -0.4369 -0.1904
vn -0.8968 -0.3958 -0.1977
vn -0.9476 0.3035 -0.0995
vn -0.9452 0.3202 -0.0635
vn -0.9994 -0.0038 0.0340
vn -0.9998 -0.0000 0.0182
vn -0.9998 -0.0000 0.0193
vn -0.9994 0.0034 0.0343
vn -0.9995 0.0018 0.0300
vn -0.9994 0.0039 0.0339
vn -0.9992 -0.0078 0.0392
vn -0.9992 -0.0071 0.0385
vn -0.9988 0.0308 0.0372
vn -0.9988 0.0309 0.0387
vn -0.9988 0.0304 0.0381
vn -0.9473 0.3001 -0.1119
vn -0.9479 0.2973 -0.1146
vn -0.9984 0.0421 0.0365
vn -0.9984 0.0431 0.0364
vn -0.9808 0.1952 -0.0012
vn -0.9898 0.1424 -0.0017
vn -0.9966 0.0823 -0.0009
vn -0.9965 0.0842 -0.0010
vn -0.9975 0.0447 -0.0545
vn -0.9975 0.0510 -0.0488
vn -0.8975 0.4408 -0.0105
vn -0.9060 0.4233 -0.0073
vn -0.9976 0.0416 -0.0552
vn -0.9972 0.0411 -0.0623
vn -0.9974 0.0461 -0.0550
vn -0.9974 0.0472 -0.0541
vn -0.9974 -0.0148 -0.0712
vn -0.9969 -0.0198 -0.0756
vn -0.9976 0.0125 -0.0686
vn -0.9981 0.0119 -0.0603
vn -0.9983 -0.0000 -0.0577
vn -0.9981 -0.0119 -0.0603
vn -0.9976 -0.0416 -0.0552
vn -0.9976 -0.0125 -0.0686
vn -0.9683 0.2485 -0.0253
vn -0.9717 0.2331 -0.0391
vn -0.9974 -0.0472 -0.0541
vn -0.9974 -0.0461 -0.0550
vn -0.9972 -0.0411 -0.0623
vn -0.9975 -0.0510 -0.0488
vn -0.9973 0.0537 -0.0507
vn -0.9972 0.0507 -0.0545
vn -0.0189 0.9990 0.0411
vn -0.0212 0.9989 0.0419
vn -0.9985 -0.0370 0.0403
vn -0.9986 -0.0416 0.0337
vn -0.9988 -0.0347 0.0340
vn -0.9975 -0.0447 -0.0545
vn -0.9966 -0.0823 -0.0009
vn -0.9965 -0.0842 -0.0010
vn -0.9994 -0.0000 0.0340
vn -0.9993 -0.0000 0.0365
vn -0.9997 -0.0000 0.0263
vn -0.9988 -0.0308 0.0372
vn -0.9988 -0.0309 0.0387
vn -0.9991 0.0072 0.0413
vn -0.9988 0.0068 0.0477
vn -0.9830 -0.0000 -0.1834
vn -0.8305 -0.0001 0.5570
vn -0.8295 -0.0000 0.5584
vn -0.9993 -0.0000 0.0385
vn -0.8620 -0.2797 -0.4226
vn -0.8635 -0.2727 -0.4242
vn -0.9983 0.0076 0.0581
vn -0.9983 0.0076 0.0583
vn -0.9949 0.0113 0.1004
vn -0.9956 0.0106 0.0929
vn -0.9989 0.0337 0.0321
vn -0.9988 0.0356 0.0334
vn -0.9935 0.0431 0.1056
vn -0.9915 0.0826 0.1001
vn -0.9776 0.0254 -0.2090
vn -0.9779 0.0226 -0.2079
vn -0.9853 0.1437 0.0922
vn -0.9702 -0.0000 -0.2424
vn -0.9721 -0.2346 -0.0014
vn -0.9698 -0.2440 -0.0016
vn -0.9768 0.0006 -0.2140
vn -0.9771 -0.0020 -0.2130
vn -0.9975 0.0463 -0.0540
vn -0.9731 0.0128 -0.2302
vn -0.9732 0.0109 -0.2295
vn -0.9913 0.0577 -0.1187
vn -0.9923 -0.0510 -0.1125
vn -0.9941 -0.0402 -0.1003
vn -0.6821 -0.7219 -0.1161
vn -0.7808 -0.6108 -0.1313
vn -0.9924 0.0094 -0.1223
vn -0.9930 0.0214 -0.1163
vn -0.3631 -0.9316 -0.0184
vn -0.5187 -0.8545 -0.0276
vn -0.9943 -0.0000 -0.1066
vn -0.9940 -0.0009 -0.1090
vn -0.9973 0.0088 -0.0734
vn -0.9972 0.0082 -0.0741
vn -0.9979 -0.0048 -0.0639
vn -0.9975 -0.0000 -0.0701
vn -0.9979 0.0048 -0.0639
vn -0.9972 -0.0082 -0.0741
vn -0.9973 -0.0088 -0.0734
vn -0.9968 -0.0488 -0.0625
vn -0.9969 -0.0522 -0.0596
vn -0.9941 0.0009 -0.1089
vn -0.9932 0.0001 -0.1162
vn -0.9932 -0.0000 -0.1161
vn -0.9931 -0.0166 -0.1163
vn -0.3750 0.9246 -0.0673
vn -0.3633 0.9296 -0.0625
vn -0.9103 -0.0000 0.4140
vn -0.9102 -0.0000 0.4142
vn -0.9913 -0.0577 -0.1187
vn -0.9899 0.0789 -0.1179
vn -0.9905 0.0701 -0.1186
vn -0.9975 -0.0462 -0.0540
vn -0.3677 -0.0000 -0.9300
vn -0.3684 -0.0000 -0.9297
vn -0.9839 -0.0090 -0.1784
vn -0.9840 -0.0090 -0.1780
vn -0.9808 -0.1952 -0.0012
vn -0.9898 -0.1424 -0.0017
vn -0.9984 -0.0431 0.0364
vn -0.9984 -0.0421 0.0365
vn -0.9984 0.0408 0.0382
vn -0.9987 0.0328 0.0396
vn -0.9988 -0.0304 0.0381
vn -0.9983 -0.0076 0.0581
vn -0.9983 -0.0076 0.0583
vn -0.9988 -0.0000 0.0494
vn -0.9988 -0.0005 0.0485
vn -0.9949 -0.0113 0.1005
vn -0.9956 -0.0106 0.0929
vn 0.0517 0.9949 -0.0861
vn 0.0604 0.9947 -0.0834
vn -0.9938 0.0119 0.1104
vn -0.9439 -0.0000 0.3303
vn -0.9676 -0.0000 -0.2527
vn -0.9673 -0.0000 -0.2536
vn -0.9672 0.2428 0.0742
vn -0.9647 0.2534 0.0718
vn -0.9554 0.2894 0.0596
vn -0.9437 -0.0000 0.3307
vn -0.9330 -0.0000 0.3598
vn -0.9326 -0.0000 0.3608
vn -0.9552 -0.2959 -0.0016
vn -0.9515 -0.3075 -0.0126
vn -0.9497 0.3117 -0.0302
vn -0.9988 -0.0068 0.0477
vn -0.9991 -0.0072 0.0413
vn -0.9828 0.1427 -0.1170
vn -0.9861 0.1181 -0.1170
vn -0.9845 0.0416 -0.1703
vn -0.9847 0.0395 -0.1699
vn -0.9903 0.0445 -0.1315
vn -0.9902 0.0436 -0.1324
vn -0.9922 0.0074 -0.1243
vn -0.9912 0.0216 -0.1309
vn -0.9912 0.0024 -0.1321
vn -0.9516 -0.3062 0.0275
vn -0.9467 -0.3173 0.0554
vn -0.9943 -0.0000 -0.1067
vn -0.9958 -0.0000 -0.0910
vn -0.9966 0.0034 -0.0826
vn -0.9966 -0.0034 -0.0826
vn -0.9861 -0.1181 -0.1170
vn -0.9828 -0.1427 -0.1170
vn -0.9640 0.2403 -0.1140
vn -0.9668 0.2283 -0.1147
vn -0.4051 -0.0000 -0.9143
vn -0.4060 -0.0000 -0.9139
vn -0.9987 0.0518 -0.0003
vn -0.9986 0.0524 -0.0002
vn -0.9926 -0.0214 -0.1195
vn -0.9902 -0.0430 -0.1329
vn -0.9903 -0.0445 -0.1315
vn -0.9847 -0.0395 -0.1699
vn -0.9845 -0.0416 -0.1703
vn -0.9498 -0.3114 -0.0288
vn -0.8119 0.5838 -0.0085
vn -0.8236 0.5671 -0.0050
vn -0.9513 0.3070 0.0276
vn -0.9548 0.2925 0.0537
vn -0.9708 0.2347 0.0498
vn -0.9729 0.2229 0.0613
vn -0.9988 -0.0356 0.0334
vn -0.9702 0.2299 0.0765
vn -0.9858 0.1400 0.0927
vn -0.9853 -0.1437 0.0922
vn -0.9989 -0.0337 0.0320
vn -0.9915 -0.0826 0.1001
vn -0.9935 -0.0431 0.1056
vn -0.9993 -0.0343 -0.0133
vn -0.9994 -0.0318 -0.0166
vn -0.8525 0.3080 -0.4223
vn -0.7915 0.4644 -0.3974
vn -0.9240 -0.0000 0.3824
vn -0.9379 0.3400 0.0686
vn -0.9679 -0.2399 0.0747
vn -0.9205 -0.0013 0.3908
vn -0.9243 -0.0000 0.3818
vn -0.9645 -0.2541 0.0715
vn -0.8064 -0.4333 -0.4025
vn -0.8419 -0.3403 -0.4187
vn 0.8413 0.5405 -0.0096
vn 0.8552 0.5182 -0.0085
vn -0.9452 -0.3203 -0.0635
vn -0.9476 -0.3032 -0.1002
vn -0.9479 -0.2973 -0.1146
vn -0.9473 -0.3001 -0.1119
vn -0.9844 0.0395 -0.1715
vn -0.9839 0.0442 -0.1731
vn -0.9844 0.0426 -0.1709
vn -0.9839 0.0326 -0.1757
vn -0.9842 0.0331 -0.1739
vn -0.9847 0.0356 -0.1707
vn -0.9835 0.0333 -0.1777
vn 0.9593 0.2818 -0.0190
vn 0.9521 0.3051 -0.0201
vn -0.9924 -0.0038 -0.1228
vn -0.9906 0.0010 -0.1370
vn -0.9907 0.0009 -0.1358
vn -0.2590 0.9436 -0.2062
vn -0.2123 0.9591 -0.1873
vn 0.5216 0.8529 -0.0218
vn 0.5175 0.8554 -0.0215
vn -0.9725 -0.0000 -0.2331
vn -0.9725 -0.0000 -0.2330
vn -0.9844 -0.0426 -0.1709
vn -0.9839 -0.0442 -0.1731
vn -0.9844 -0.0395 -0.1715
vn -0.9903 -0.0000 -0.1387
vn -0.9903 0.0001 -0.1389
vn -0.9902 -0.0000 -0.1399
vn -0.3697 0.9292 -0.0019
vn -0.3744 0.9273 -0.0010
vn -0.5265 -0.8428 -0.1119
vn -0.5611 -0.8185 -0.1230
vn -0.9847 -0.0356 -0.1707
vn -0.9842 -0.0331 -0.1739
vn -0.9839 -0.0326 -0.1757
vn -0.9835 -0.0333 -0.1777
vn -0.9833 -0.0388 -0.1779
vn -0.9554 -0.2894 0.0596
vn -0.9049 0.4200 0.0690
vn -0.8702 0.4884 0.0653
vn 0.4623 0.8866 -0.0168
vn 0.4114 0.9112 -0.0201
vn -0.1137 0.9813 -0.1550
vn -0.1190 0.9805 -0.1566
vn -0.9177 -0.0000 0.3974
vn -0.9177 -0.0000 0.3973
vn -0.9820 -0.0000 -0.1887
vn -0.9823 0.0112 -0.1871
vn -0.9830 0.0084 -0.1836
vn 0.6577 0.7532 -0.0000
vn 0.6784 0.7347 0.0010
vn -0.9421 0.3056 -0.1383
vn -0.9359 -0.3115 -0.1645
vn -0.9396 -0.2872 -0.1863
vn 0.9589 0.2815 -0.0349
vn 0.9541 0.2976 -0.0318
vn -0.9847 0.0375 -0.1705
vn -0.9716 0.1369 -0.1928
vn -0.9796 0.0456 -0.1957
vn -0.9786 0.0663 -0.1950
vn -0.9840 0.0344 -0.1750
vn -0.9842 0.0349 -0.1736
vn -0.9801 0.0176 -0.1977
vn -0.9800 0.0216 -0.1976
vn -0.9931 -0.0000 0.1169
vn -0.9938 -0.0119 0.1104
vn -0.9310 0.2838 -0.2295
vn -0.9290 0.2883 -0.2320
vn -0.9855 0.0094 -0.1694
vn -0.9850 0.0068 -0.1722
vn -0.9799 -0.0240 -0.1979
vn -0.9799 -0.0319 -0.1968
vn -0.9901 -0.0000 -0.1405
vn -0.9854 0.0097 -0.1697
vn -0.9867 0.0044 -0.1625
vn -0.9876 0.0017 -0.1570
vn -0.9883 -0.0001 -0.1525
vn -0.9414 -0.3062 -0.1414
vn -0.8813 -0.4611 -0.1039
vn 0.9829 0.1825 -0.0230
vn 0.9794 0.2006 -0.0241
vn -0.9796 -0.0456 -0.1957
vn -0.9786 -0.0663 -0.1950
vn -0.9716 -0.1368 -0.1928
vn 0.9802 0.1959 -0.0306
vn 0.9792 0.2007 -0.0296
vn -0.9877 -0.0018 -0.1565
vn -0.9883 0.0005 -0.1525
vn -0.9867 -0.0043 -0.1627
vn -0.9854 -0.0092 -0.1699
vn -0.9854 -0.0093 -0.1700
vn -0.9840 0.0090 -0.1780
vn -0.9839 0.0090 -0.1784
vn -0.9840 -0.0344 -0.1750
vn -0.9395 0.2874 -0.1863
vn -0.9359 0.3115 -0.1645
vn -0.9800 -0.0227 -0.1976
vn -0.9801 -0.0176 -0.1977
vn -0.9842 -0.0349 -0.1736
vn -0.8906 0.1047 -0.4426
vn -0.8896 0.1229 -0.4400
vn -0.8985 -0.0000 0.4389
vn -0.5287 0.8488 -0.0035
vn -0.5378 0.8431 -0.0016
vn -0.9785 -0.0000 -0.2062
vn -0.8952 -0.0023 0.4457
vn -0.8984 -0.0000 0.4392
vn -0.8494 -0.5233 0.0680
vn -0.2319 -0.9532 -0.1937
vn -0.2572 -0.9445 -0.2046
vn -0.9729 -0.2229 0.0614
vn -0.9708 -0.2347 0.0498
vn -0.9350 -0.2911 -0.2027
vn -0.9363 -0.2817 -0.2100
vn 0.9940 0.1023 -0.0395
vn 0.9935 0.1076 -0.0384
vn -0.9719 0.1346 -0.1929
vn -0.9793 0.0545 -0.1950
vn -0.9730 0.0750 -0.2184
vn -0.9776 0.0298 -0.2081
vn -0.9776 0.0294 -0.2082
vn -0.9777 0.0271 -0.2085
vn -0.9779 -0.0226 -0.2079
vn -0.9776 -0.0254 -0.2090
vn -0.9788 0.0233 -0.2036
vn -0.9828 0.0087 -0.1846
vn -0.9775 0.0158 -0.2106
vn -0.9776 0.0175 -0.2099
vn -0.9776 0.0164 -0.2098
vn -0.7761 -0.6175 -0.1279
vn -0.6784 -0.7341 -0.0306
vn -0.9785 0.0104 -0.2060
vn -0.9809 0.0296 -0.1922
vn -0.9788 0.0056 -0.2049
vn -0.9790 0.0114 -0.2033
vn -0.9790 -0.0021 -0.2036
vn -0.6904 0.6276 -0.3598
vn -0.6706 0.6512 -0.3553
vn -0.9790 -0.0000 -0.2039
vn -0.9789 -0.0000 -0.2042
vn -0.9796 -0.0000 -0.2011
vn -0.9802 -0.0000 -0.1982
vn -0.9808 0.0013 -0.1949
vn -0.9815 0.0033 -0.1912
vn -0.9827 0.0082 -0.1851
vn -0.9845 -0.0000 -0.1756
vn -0.9838 -0.0044 -0.1793
vn -0.9640 -0.2402 -0.1143
vn -0.9668 -0.2283 -0.1144
vn -0.9860 -0.0000 -0.1670
vn -0.9856 0.0011 -0.1692
vn -0.6089 0.7741 -0.1735
vn -0.5957 0.7856 -0.1673
vn -0.8864 -0.4356 -0.1567
vn 0.4783 0.8781 -0.0116
vn 0.5166 0.8561 -0.0147
vn -0.9962 -0.0265 -0.0834
vn -0.9944 -0.0381 -0.0982
vn -0.8692 -0.4748 -0.1383
vn -0.8014 -0.5959 -0.0518
vn -0.9788 -0.0233 -0.2036
vn -0.9777 0.0008 -0.2101
vn -0.9780 -0.0007 -0.2087
vn -0.9777 -0.0271 -0.2085
vn -0.9776 -0.0298 -0.2081
vn -0.9776 -0.0294 -0.2082
vn -0.9793 -0.0545 -0.1950
vn -0.9719 -0.1346 -0.1929
vn -0.9730 -0.0750 -0.2184
vn -0.9520 -0.2412 -0.1887
vn -0.9550 -0.2283 -0.1896
vn 0.9071 0.4206 -0.0150
vn 0.9181 0.3961 -0.0139
vn -0.9839 0.0014 -0.1790
vn -0.9827 -0.0081 -0.1851
vn -0.9828 -0.0086 -0.1846
vn -0.9828 -0.0087 -0.1845
vn -0.9786 -0.0009 -0.2058
vn -0.9790 0.0021 -0.2036
vn -0.9788 -0.0076 -0.2047
vn -0.9788 -0.0119 -0.2046
vn -0.9780 0.0077 -0.2083
vn -0.9787 0.0106 -0.2049
vn -0.9776 -0.0164 -0.2098
vn -0.9776 -0.0175 -0.2099
vn -0.9775 -0.0157 -0.2106
vn -0.8856 -0.0000 0.4645
vn -0.8669 -0.0000 0.4984
vn -0.8669 -0.0000 0.4985
vn -0.5882 0.8073 0.0474
vn -0.0106 -0.9991 0.0398
vn -0.0094 -0.9992 0.0394
vn 0.3588 -0.0000 0.9334
vn 0.3080 -0.0000 0.9514
vn -0.9932 -0.0000 -0.1162
vn -0.9290 -0.2883 -0.2320
vn -0.9310 -0.2838 -0.2295
vn -0.9488 -0.2125 -0.2339
vn -0.9485 -0.2139 -0.2338
vn -0.9730 0.0245 -0.2294
vn -0.9743 0.0529 -0.2190
vn -0.9688 0.0662 -0.2388
vn -0.9749 0.0394 -0.2189
vn -0.9753 -0.0270 -0.2193
vn -0.9753 -0.0282 -0.2192
vn -0.9987 -0.0328 0.0396
vn -0.9984 -0.0408 0.0382
vn 0.7674 0.6410 -0.0148
vn 0.7879 0.6154 -0.0196
vn -0.9771 0.0021 -0.2127
vn -0.9774 0.0041 -0.2112
vn -0.9755 0.0090 -0.2198
vn -0.9762 0.0046 -0.2170
vn -0.9800 -0.0034 -0.1988
vn -0.9856 -0.0105 -0.1686
vn -0.9858 -0.0120 -0.1674
vn -0.9783 -0.0000 -0.2073
vn -0.9780 0.0007 -0.2087
vn -0.9777 -0.0008 -0.2101
vn -0.9779 -0.0000 -0.2089
vn 0.0028 -0.9994 0.0339
vn 0.0052 -0.9995 0.0325
vn -0.9815 -0.0033 -0.1912
vn -0.9808 -0.0013 -0.1949
vn -0.9814 -0.0000 -0.1920
vn -0.9787 -0.0106 -0.2049
vn -0.9780 -0.0077 -0.2083
vn -0.9994 -0.0292 -0.0195
vn -0.9993 -0.0206 -0.0299
vn -0.6544 -0.7485 -0.1073
vn -0.8915 -0.1254 -0.4354
vn -0.8872 -0.1463 -0.4376
vn -0.9698 0.2440 -0.0016
vn -0.9721 0.2346 -0.0014
vn -0.9755 0.0136 -0.2194
vn -0.9754 0.0178 -0.2195
vn -0.9899 -0.0785 -0.1184
vn -0.9905 -0.0699 -0.1182
vn -0.9749 -0.0394 -0.2189
vn -0.9743 -0.0529 -0.2190
vn -0.9730 -0.0245 -0.2294
vn -0.9688 -0.0663 -0.2388
vn 0.9987 0.0328 -0.0401
vn 0.9987 0.0313 -0.0398
vn -0.8849 0.1652 -0.4355
vn -0.8846 0.1664 -0.4356
vn -0.9194 0.2972 -0.2577
vn -0.9048 0.3451 -0.2494
vn -0.9716 -0.0000 -0.2364
vn -0.9783 0.0013 -0.2070
vn -0.9788 0.0009 -0.2046
vn -0.9800 0.0033 -0.1988
vn -0.9774 -0.0041 -0.2112
vn -0.9771 -0.0021 -0.2127
vn -0.9770 0.0032 -0.2133
vn -0.9770 0.0012 -0.2134
vn -0.9762 -0.0046 -0.2170
vn -0.9755 -0.0090 -0.2198
vn -0.5181 -0.8549 -0.0274
vn -0.9691 -0.0000 -0.2465
vn -0.8507 -0.0000 0.5256
vn -0.8508 -0.0000 0.5254
vn -0.0000 1.0000 -0.0000
vn -0.5646 0.8240 0.0481
vn -0.4237 0.9051 0.0352
vn -0.4112 0.9109 0.0334
vn -0.9994 0.0310 0.0149
vn -0.9994 0.0321 0.0137
vn -0.9858 -0.1400 0.0927
vn -0.9702 -0.2299 0.0765
vn -0.5452 0.8381 0.0167
vn -0.5583 0.8294 0.0198
vn 0.6548 -0.7553 -0.0275
vn 0.6348 -0.7723 -0.0256
vn -0.9338 -0.1940 -0.3006
vn -0.9352 -0.1462 -0.3225
vn -0.3346 -0.0000 -0.9424
vn -0.3353 -0.0000 -0.9421
vn -0.9239 0.2831 -0.2575
vn -0.9297 0.2418 -0.2778
vn -0.9375 -0.2138 -0.2747
vn -0.9403 -0.1896 -0.2825
vn -0.9730 0.0224 -0.2297
vn -0.9656 0.1059 -0.2376
vn -0.9700 0.0437 -0.2392
vn -0.9706 0.0283 -0.2391
vn -0.9703 0.0339 -0.2394
vn -0.4564 -0.8456 -0.2770
vn -0.4988 -0.8151 -0.2945
vn -0.9734 0.0188 -0.2284
vn -0.9715 0.0155 -0.2366
vn -0.9685 0.0230 -0.2480
vn -0.9682 0.0249 -0.2489
vn -0.9682 0.0243 -0.2491
vn -0.9735 0.0032 -0.2286
vn -0.9732 -0.0109 -0.2295
vn -0.9731 -0.0128 -0.2302
vn -0.0286 -0.9930 -0.1148
vn -0.0986 -0.9873 -0.1245
vn -0.9771 0.0014 -0.2128
vn -0.9773 -0.0000 -0.2119
vn -0.9774 -0.0003 -0.2114
vn -0.9099 0.4139 0.0259
vn -0.9202 0.3904 0.0302
vn -0.9773 0.0016 -0.2118
vn -0.9765 0.0010 -0.2155
vn -0.9767 -0.0000 -0.2146
vn -0.9778 -0.0001 -0.2094
vn -0.9744 -0.0000 -0.2248
vn -0.9739 0.0002 -0.2268
vn -0.9743 0.0011 -0.2254
vn -0.9755 0.0088 -0.2199
vn -0.9759 -0.0000 -0.2181
vn -0.9336 0.1941 -0.3012
vn -0.9345 0.1650 -0.3155
vn -0.9716 -0.2338 -0.0367
vn -0.9689 -0.2462 -0.0256
vn -0.9019 0.0002 -0.4320
vn -0.9019 0.0001 -0.4319
vn -0.9222 0.3825 0.0571
vn -0.9377 0.3422 0.0604
vn -1.0000 0.0001 0.0073
vn -0.9999 0.0005 0.0106
vn -0.9753 0.0282 -0.2192
vn -0.9753 0.0270 -0.2193
vn -0.5649 0.8243 0.0370
vn -0.5858 0.8095 0.0402
vn -0.9735 -0.0032 -0.2286
vn -0.9734 -0.0188 -0.2284
vn -0.9715 -0.0155 -0.2366
vn -0.9726 0.0201 -0.2318
vn -0.9733 0.0159 -0.2289
vn -0.9730 -0.0224 -0.2297
vn -0.9703 -0.0339 -0.2394
vn -0.9706 -0.0283 -0.2391
vn -0.9700 -0.0437 -0.2392
vn -0.9656 -0.1058 -0.2376
vn -0.9682 -0.0244 -0.2491
vn -0.9682 -0.0249 -0.2489
vn -0.6714 0.7402 -0.0373
vn -0.6741 0.7377 -0.0384
vn -0.9293 -0.2432 -0.2779
vn -0.9754 -0.0178 -0.2195
vn -0.9755 -0.0136 -0.2194
vn -0.9778 0.0001 -0.2094
vn -0.9773 -0.0016 -0.2118
vn -0.9765 -0.0010 -0.2155
vn -0.9751 0.0050 -0.2219
vn -0.3619 -0.9320 -0.0180
vn -0.3558 -0.9339 -0.0343
vn -0.7985 -0.0000 0.6021
vn -0.7995 0.0001 0.6007
vn -0.7757 -0.0000 0.6311
vn -0.7769 -0.0000 0.6296
vn -0.3155 0.9485 0.0274
vn -0.3212 0.9468 0.0216
vn -0.2993 0.9541 0.0098
vn -0.3212 -0.9468 0.0216
vn -0.3154 -0.9486 0.0275
vn -0.2679 0.9634 -0.0010
vn -0.2272 0.9738 -0.0111
vn -0.2269 0.9737 -0.0222
vn -0.2265 0.9738 -0.0221
vn -0.2265 0.9739 -0.0113
vn -0.2822 0.9585 -0.0394
vn -0.9809 -0.0180 -0.1939
vn -0.9823 -0.0116 -0.1870
vn -0.6458 -0.7556 -0.1097
vn -0.5295 -0.8482 -0.0126
vn -0.3734 0.9248 -0.0736
vn -0.4025 0.9112 -0.0875
vn -0.4288 0.8966 -0.1107
vn -0.4285 0.8967 -0.1110
vn -0.7078 -0.6836 -0.1781
vn -0.7417 -0.6431 -0.1904
vn -0.5512 0.7754 -0.3082
vn -0.8476 0.5279 0.0532
vn -0.8693 0.4909 0.0573
vn -0.7874 0.4717 -0.3968
vn 0.0225 -0.9948 -0.0996
vn 0.0209 -0.9947 -0.1003
vn 0.1963 0.9800 -0.0313
vn -0.9797 0.0317 -0.1980
vn -0.9800 0.0241 -0.1974
vn -0.7511 0.6253 -0.2116
vn -0.7412 0.6386 -0.2069
vn -0.9707 0.0218 -0.2392
vn -0.9750 0.0149 -0.2215
vn -0.9684 0.0214 -0.2485
vn -0.9684 0.0212 -0.2485
vn -0.9688 0.0142 -0.2473
vn -0.6754 -0.7231 -0.1446
vn -0.7103 -0.6863 -0.1563
vn -0.9709 0.0049 -0.2392
vn -0.9236 -0.2829 -0.2587
vn -0.9242 -0.2781 -0.2618
vn -0.1946 -0.9807 -0.0160
vn -0.2265 -0.9739 -0.0113
vn -0.9371 0.0995 -0.3347
vn -0.9605 0.0303 -0.2766
vn -0.9732 0.0092 -0.2298
vn -0.9756 -0.0085 -0.2192
vn -0.9746 -0.0040 -0.2241
vn -0.9739 -0.0000 -0.2268
vn -0.9740 -0.0000 -0.2267
vn -0.9740 0.0002 -0.2264
vn -0.9743 -0.0000 -0.2252
vn -0.9744 -0.0000 -0.2250
vn -0.9741 -0.0004 -0.2262
vn -0.9739 0.0002 -0.2269
vn -0.4025 -0.9112 -0.0875
vn -0.3734 -0.9248 -0.0736
vn -0.4289 -0.8966 -0.1107
vn -0.4268 -0.8978 -0.1090
vn -0.4285 -0.8967 -0.1111
vn -0.9732 -0.0092 -0.2298
vn -0.9710 0.0039 -0.2390
vn -0.9717 0.0010 -0.2361
vn -0.9709 -0.0049 -0.2392
vn -0.9708 0.0126 -0.2395
vn -0.9708 0.0132 -0.2394
vn -0.9707 -0.0218 -0.2392
vn -0.9688 -0.0142 -0.2473
vn -0.9684 -0.0212 -0.2485
vn -0.9684 -0.0214 -0.2485
vn -0.9681 -0.0198 -0.2498
vn -0.9605 -0.0303 -0.2766
vn -0.9371 -0.0996 -0.3346
vn -0.9366 -0.1212 -0.3287
vn -0.9992 -0.0000 0.0409
vn -0.9992 -0.0000 0.0408
vn -0.9684 -0.0000 -0.2493
vn -0.8836 -0.1681 -0.4369
vn -0.8737 -0.2229 -0.4324
vn -0.8205 -0.5333 -0.2058
vn -0.8466 -0.4866 -0.2158
vn 0.7559 0.6547 -0.0045
vn 0.7738 0.6334 -0.0036
vn -0.9992 0.0071 0.0384
vn -0.9992 0.0078 0.0392
vn -0.2265 -0.9738 -0.0221
vn -0.2269 -0.9737 -0.0222
vn -0.2221 -0.9748 -0.0205
vn -0.7255 0.6866 0.0465
vn -0.7497 0.6599 0.0506
vn -0.2272 -0.9738 -0.0111
vn -0.2679 -0.9634 -0.0010
vn -0.2993 -0.9541 0.0098
vn -0.2822 -0.9585 -0.0394
vn -0.7397 -0.0000 0.6729
vn -0.7406 0.0001 0.6720
vn -0.2365 -0.9709 0.0377
vn -0.2217 -0.9743 0.0397
vn -0.2265 0.9732 0.0393
vn -0.2371 0.9708 0.0378
vn -0.9362 0.2817 -0.2101
vn -0.9349 0.2913 -0.2027
vn -0.1947 0.9808 -0.0149
vn -0.2035 0.9789 -0.0157
vn -0.1795 0.9837 -0.0137
vn -0.1996 0.9798 -0.0153
vn -0.2197 0.9754 -0.0202
vn -0.1924 0.9812 -0.0151
vn -0.2141 0.9754 -0.0531
vn -0.4296 0.8963 -0.1103
vn -0.3341 0.9408 -0.0577
vn -0.2010 0.9795 -0.0157
vn -0.4202 0.8998 -0.1175
vn -0.3484 0.9070 -0.2364
vn -0.3573 0.9025 -0.2403
vn -0.7041 0.7098 0.0209
vn -0.7198 0.6937 0.0252
vn -0.4005 0.9083 -0.1207
vn -0.9856 0.0108 -0.1687
vn -0.9870 0.0193 -0.1597
vn -0.9994 -0.0321 0.0138
vn -0.9994 -0.0323 0.0136
vn -0.4686 -0.0000 -0.8834
vn -0.4689 -0.0000 -0.8833
vn -0.4865 -0.0000 -0.8737
vn -0.4835 0.0001 -0.8753
vn -0.4930 -0.0000 -0.8700
vn -0.4989 -0.0000 -0.8666
vn -0.4808 -0.0070 -0.8768
vn -0.5064 -0.0001 -0.8623
vn -0.5085 -0.0000 -0.8611
vn -0.5068 -0.0001 -0.8620
vn -0.5010 -0.0010 -0.8655
vn -0.4962 -0.0020 -0.8682
vn -0.9890 0.0327 -0.1439
vn -0.9876 0.0245 -0.1549
vn -0.9689 0.0114 -0.2473
vn -0.9684 0.0108 -0.2491
vn -0.9683 0.0105 -0.2495
vn -0.9704 0.0013 -0.2417
vn -0.7174 -0.5917 -0.3677
vn -0.7852 -0.4742 -0.3983
vn -0.3948 0.9184 0.0262
vn -0.4088 0.9122 0.0282
vn -0.9718 -0.0000 -0.2358
vn -0.0877 -0.9851 -0.1477
vn -0.0210 -0.9935 -0.1121
vn -0.9648 0.0127 -0.2626
vn -0.9241 0.0658 -0.3764
vn -0.9356 0.0945 -0.3402
vn -0.8917 0.0958 -0.4423
vn -0.8942 -0.0511 -0.4448
vn -0.8944 -0.0630 -0.4427
vn -0.9792 -0.0008 -0.2029
vn -0.9786 0.0009 -0.2058
vn -0.9671 0.0002 -0.2544
vn -0.9664 0.0045 -0.2569
vn -0.5022 0.8128 -0.2953
vn -0.4425 0.8545 -0.2719
vn -0.5759 -0.7538 -0.3165
vn -0.6680 -0.6539 -0.3552
vn -0.3341 -0.9408 -0.0577
vn -0.1924 -0.9812 -0.0149
vn -0.1995 -0.9798 -0.0153
vn -0.2197 -0.9754 -0.0202
vn 0.9117 0.4102 -0.0225
vn 0.9069 0.4208 -0.0204
vn -0.4203 -0.8997 -0.1175
vn -0.4229 -0.8986 -0.1171
vn -0.2615 -0.9564 -0.1302
vn -0.2970 -0.9458 -0.1317
vn -0.3665 -0.8980 -0.2435
vn -0.9704 -0.0013 -0.2417
vn -0.9683 -0.0105 -0.2495
vn -0.9689 -0.0114 -0.2472
vn -0.9682 -0.0144 -0.2497
vn -0.9684 -0.0108 -0.2491
vn -0.9648 -0.0127 -0.2626
vn -0.9665 0.0094 -0.2563
vn -0.9647 -0.0000 -0.2632
vn -0.9651 0.0005 -0.2620
vn -0.9637 -0.0030 -0.2669
vn -0.9352 -0.0934 -0.3416
vn -0.9353 -0.0936 -0.3413
vn -0.9664 -0.0045 -0.2569
vn -0.9652 -0.0119 -0.2612
vn 0.2084 -0.0000 0.9780
vn -0.4979 0.0018 -0.8673
vn -0.4908 0.0034 -0.8713
vn -0.5009 0.0006 -0.8655
vn -0.4699 0.0118 -0.8826
vn -0.1994 -0.9798 -0.0153
vn -0.7079 -0.0000 0.7064
vn -0.7089 -0.0000 0.7053
vn -0.7151 -0.0000 0.6990
vn -0.7149 -0.0000 0.6992
vn -0.1928 -0.9804 0.0409
vn -0.1428 -0.9888 0.0434
vn -0.7090 -0.0000 0.7053
vn -0.1455 0.9884 0.0433
vn -0.1928 0.9804 0.0408
vn -0.1069 0.9933 0.0445
vn -0.0723 0.9964 0.0444
vn -0.0462 0.9989 -0.0036
vn -0.0073 1.0000 -0.0009
vn -0.1903 0.9797 -0.0624
vn -0.1795 0.9837 -0.0138
vn -0.0000 -1.0000 -0.0000
vn -0.6847 0.7288 -0.0059
vn -0.6969 0.7172 -0.0030
vn -0.0001 -1.0000 0.0001
vn -0.0001 -1.0000 -0.0000
vn -0.0730 -0.9963 0.0448
vn -0.0603 -0.9972 0.0444
vn -0.1069 -0.9933 0.0445
vn -0.9531 0.2363 -0.1889
vn -0.9572 0.2183 -0.1900
vn -0.2815 0.9510 -0.1275
vn -0.9733 -0.0159 -0.2289
vn -0.9726 -0.0201 -0.2318
vn -0.2392 0.9623 -0.1297
vn -0.1658 0.9802 -0.1086
vn -0.1709 0.9792 -0.1092
vn -0.9972 -0.0507 -0.0545
vn -0.9973 -0.0537 -0.0507
vn -0.5097 0.0001 -0.8603
vn -0.6923 -0.0000 0.7216
vn -0.6703 -0.0000 0.7421
vn -0.1849 -0.9793 -0.0826
vn -0.1832 -0.9801 -0.0759
vn -0.8957 0.0321 -0.4435
vn 0.6733 -0.0001 0.7393
vn 0.6736 -0.0000 0.7391
vn -0.9675 -0.0000 -0.2527
vn -0.9687 0.0089 -0.2481
vn -0.9889 -0.0316 -0.1451
vn -0.9876 -0.0246 -0.1550
vn -0.9914 -0.0005 -0.1311
vn -0.9915 -0.0000 -0.1301
vn -0.9119 0.0322 -0.4090
vn -0.9209 0.0550 -0.3860
vn -0.9658 -0.0001 -0.2593
vn -0.9656 -0.0000 -0.2600
vn -0.9661 -0.0000 -0.2582
vn -0.9672 -0.0004 -0.2539
vn -0.3556 -0.9033 -0.2401
vn -0.0073 -1.0000 -0.0009
vn -0.0069 -1.0000 -0.0007
vn -0.0125 -0.9999 -0.0011
vn -0.1953 -0.9724 -0.1275
vn -0.0043 -1.0000 0.0016
vn -0.9915 0.0002 -0.1302
vn -0.9908 -0.0006 -0.1351
vn -0.1117 -0.9818 -0.1537
vn -0.8294 0.5582 0.0239
vn -0.8437 0.5360 0.0286
vn -0.0946 -0.9877 -0.1245
vn -0.1483 -0.9809 -0.1259
vn -0.9687 -0.0089 -0.2482
vn -0.9660 -0.0000 -0.2584
vn -0.9962 0.0265 -0.0834
vn -0.9945 0.0379 -0.0979
vn -0.9021 -0.0035 -0.4315
vn -0.9223 -0.0702 -0.3801
vn -0.9152 -0.0551 -0.3992
vn -0.9186 -0.0481 -0.3922
vn -0.9233 -0.0631 -0.3788
vn 0.7676 0.6408 -0.0091
vn 0.7555 0.6551 -0.0113
vn 0.6939 0.7199 -0.0137
vn 0.6721 0.7404 -0.0095
vn -0.8960 0.0112 -0.4439
vn -0.8973 0.0049 -0.4414
vn -0.0604 0.9972 0.0445
vn -0.0330 0.9985 0.0438
vn -0.0316 0.9986 0.0435
vn -0.9515 0.3075 -0.0126
vn -0.9552 0.2959 -0.0016
vn -0.0047 1.0000 -0.0006
vn -0.0101 0.9999 -0.0011
vn -0.0102 0.9999 -0.0012
vn 0.0052 0.9995 0.0325
vn 0.0027 0.9994 0.0339
vn -0.0020 -0.9993 0.0367
vn -0.0094 0.9992 0.0394
vn -0.0106 0.9991 0.0398
vn -0.9941 0.0402 -0.1003
vn -0.9924 0.0506 -0.1121
vn -0.0316 -0.9986 0.0435
vn -0.0330 -0.9985 0.0438
vn -0.4510 -0.0000 0.8925
vn -0.8743 0.2196 -0.4329
vn -0.8557 0.2991 -0.4223
vn -0.1976 0.9719 -0.1276
vn -0.9666 -0.0000 -0.2563
vn -0.9645 -0.0000 -0.2642
vn -0.1483 0.9809 -0.1259
vn -0.1336 0.9831 -0.1255
vn 0.7526 0.6579 -0.0278
vn 0.7218 0.6917 -0.0218
vn -0.8959 -0.0285 -0.4433
vn -0.9107 -0.0286 -0.4120
vn -0.9021 0.0049 -0.4314
vn -0.0000 -1.0000 -0.0001
vn 0.0492 -0.0000 0.9988
vn 0.0491 -0.0000 0.9988
vn -0.0066 -0.9936 -0.1125
vn 0.4185 -0.0000 -0.9082
vn -0.0212 -0.9989 0.0419
vn -0.0189 -0.9990 0.0411
vn -0.5597 -0.8166 -0.1410
vn -0.5951 -0.7889 -0.1535
vn -0.0024 0.9938 -0.1113
vn -0.0204 0.9929 -0.1169
vn -0.0292 0.9927 -0.1172
vn -0.0926 0.9882 -0.1218
vn 0.0244 -0.9995 0.0214
vn 0.0161 -0.9995 0.0262
vn 0.7218 0.6917 -0.0212
vn 0.6939 0.7199 -0.0158
vn -0.9487 0.2125 -0.2339
vn -0.9485 0.2138 -0.2338
vn 0.0245 -0.9995 0.0214
vn 0.0272 -0.9994 0.0209
vn 0.0460 -0.9987 0.0203
vn -0.2573 -0.0000 0.9663
vn -0.6015 -0.0000 0.7988
vn -0.0220 0.9928 -0.1177
vn -0.0024 -0.9938 -0.1112
vn 0.0225 0.9948 -0.0997
vn 0.0210 0.9947 -0.1006
vn -0.8922 -0.3927 -0.2231
vn -0.9081 -0.3502 -0.2297
vn -0.9404 0.1895 -0.2825
vn -0.9375 0.2137 -0.2747
vn -0.0212 -0.0000 -0.9998
vn -0.3807 0.9246 0.0119
vn -0.3889 0.9212 0.0137
vn -0.0020 0.9993 0.0367
vn -0.9370 0.1047 -0.3332
vn -0.9368 0.1207 -0.3283
vn 0.0161 0.9995 0.0262
vn 0.0244 0.9995 0.0214
vn 0.0245 0.9995 0.0214
vn 0.0256 0.9994 0.0212
vn 0.0273 0.9994 0.0209
vn 0.0460 0.9987 0.0203
vn 0.0447 0.9988 0.0205
vn 0.0711 0.9973 0.0170
vn 0.0950 0.9954 0.0138
vn 0.1039 0.9945 0.0126
vn 0.1443 0.9895 0.0064
vn 0.1543 0.9880 0.0031
vn 0.1763 0.9843 -0.0074
vn 0.1729 0.9849 -0.0133
vn -0.1963 0.9800 0.0313
vn -0.1963 0.9801 0.0313
vn 0.1959 0.9804 -0.0190
vn 0.1952 0.9802 -0.0343
vn 0.1395 0.9884 -0.0598
vn 0.1110 0.9915 -0.0682
vn 0.0604 -0.9947 -0.0833
vn 0.0516 -0.9950 -0.0860
vn 0.0407 -0.9953 -0.0884
vn 0.0406 -0.9953 -0.0884
vn 0.0448 -0.9988 0.0205
vn 0.0410 0.8193 0.5719
vn -0.9994 -0.0197 0.0273
vn -0.9995 -0.0237 0.0221
vn 0.0949 -0.9954 0.0137
vn -0.1841 -0.0000 -0.9829
vn 0.4564 -0.0000 -0.8898
vn 0.4605 -0.0047 -0.8876
vn 0.4696 -0.0163 -0.8828
vn 0.4876 -0.0429 -0.8720
vn 0.5079 -0.0839 -0.8573
vn 0.5125 -0.0953 -0.8534
vn 0.5267 -0.1266 -0.8406
vn 0.5472 -0.1865 -0.8159
vn 0.5548 -0.2184 -0.8028
vn 0.1395 -0.9884 -0.0597
vn 0.1109 -0.9915 -0.0681
vn 0.1952 -0.9802 -0.0343
vn 0.1959 -0.9804 -0.0192
vn 0.1726 -0.9849 -0.0133
vn 0.0402 -0.8207 0.5700
vn -0.9987 0.0123 -0.0487
vn -0.9982 0.0116 -0.0581
vn 0.3977 0.9174 -0.0159
vn 0.3924 0.9197 -0.0163
vn 0.3590 0.9332 -0.0176
vn 0.3550 0.9347 -0.0177
vn 0.2939 0.9556 -0.0202
vn 0.2761 0.9609 -0.0218
vn 0.2348 0.9718 -0.0236
vn 0.1956 0.9805 -0.0189
vn 0.2112 0.9771 -0.0261
vn 0.2122 0.9769 -0.0267
vn 0.2004 0.9792 -0.0320
vn 0.5776 0.3073 -0.7563
vn 0.5754 0.2947 -0.7630
vn 0.5627 0.2434 -0.7900
vn 0.5548 0.2184 -0.8028
vn 0.2109 0.9771 -0.0269
vn 0.5472 0.1865 -0.8159
vn 0.5267 0.1266 -0.8406
vn 0.5125 0.0953 -0.8534
vn 0.5079 0.0839 -0.8573
vn 0.4876 0.0429 -0.8720
vn 0.4696 0.0163 -0.8827
vn 0.4605 0.0047 -0.8876
vn 0.0715 -0.9973 0.0171
vn 0.1039 -0.9945 0.0126
vn 0.1298 -0.9915 0.0086
vn 0.9210 0.3884 -0.0308
vn 0.9116 0.4103 -0.0268
vn 0.9973 -0.0359 -0.0642
vn 0.9971 -0.0415 -0.0639
vn 0.9935 -0.0932 -0.0659
vn 0.9914 -0.1172 -0.0591
vn 0.9881 -0.1436 -0.0557
vn 0.9822 -0.1796 -0.0542
vn 0.9729 -0.2257 -0.0497
vn 0.9584 -0.2815 -0.0475
vn 0.9534 -0.2981 -0.0455
vn 0.9480 -0.3153 -0.0442
vn 0.9144 -0.4027 -0.0402
vn 0.9112 -0.4101 -0.0401
vn 0.5627 -0.2434 -0.7900
vn 0.5754 -0.2946 -0.7630
vn 0.5775 -0.3073 -0.7563
vn 0.2111 -0.9771 -0.0271
vn 0.2003 -0.9792 -0.0320
vn 0.2122 -0.9769 -0.0266
vn 0.2109 -0.9772 -0.0259
vn 0.1963 -0.9804 -0.0193
vn 0.1759 -0.9844 -0.0093
vn 0.2336 -0.9721 -0.0237
vn 0.2761 -0.9609 -0.0218
vn 0.2830 -0.9589 -0.0211
vn -0.9743 -0.0000 -0.2251
vn 0.1481 -0.9890 0.0052
vn 0.7057 0.6082 0.3635
vn 0.6150 0.7818 0.1032
vn 0.5632 0.8263 0.0041
vn 0.5531 0.8331 0.0007
vn 0.5404 0.8414 -0.0026
vn 0.4783 0.8781 -0.0108
vn 0.4701 0.8826 -0.0115
vn 0.4256 0.9048 -0.0143
vn 0.4106 0.9117 -0.0153
vn -0.9753 -0.0000 -0.2207
vn -0.9756 -0.0002 -0.2194
vn 0.5917 0.3966 -0.7019
vn 0.5921 0.4086 -0.6946
vn 0.5907 0.3941 -0.7041
vn 0.5855 0.3598 -0.7265
vn 0.5782 0.3280 -0.7471
vn 0.5860 0.3597 -0.7261
vn 0.2139 0.9765 -0.0264
vn 0.7087 0.7049 -0.0293
vn 0.7704 -0.6368 -0.0300
vn 0.7527 -0.6576 -0.0314
vn 0.8418 0.5387 -0.0342
vn 0.8477 0.5294 -0.0340
vn 0.8498 0.5259 -0.0341
vn 0.9073 0.4186 -0.0404
vn 0.9112 0.4101 -0.0401
vn 0.9144 0.4027 -0.0402
vn 0.9480 0.3153 -0.0442
vn 0.9534 0.2981 -0.0455
vn 0.9584 0.2815 -0.0475
vn 0.9729 0.2257 -0.0497
vn 0.9823 0.1796 -0.0542
vn 0.9881 0.1436 -0.0557
vn 0.9914 0.1172 -0.0591
vn 0.9971 0.0415 -0.0639
vn 0.9973 0.0359 -0.0642
vn 0.1668 -0.9860 -0.0029
vn 0.1550 -0.9879 0.0028
vn 0.0407 0.9952 -0.0885
vn 0.0408 0.9952 -0.0885
vn 0.8900 -0.4546 -0.0338
vn 0.8836 -0.4671 -0.0329
vn -0.3619 -0.9315 -0.0366
vn -0.5083 -0.8597 -0.0514
vn 0.8202 -0.5714 -0.0276
vn 0.8128 -0.5820 -0.0268
vn 0.5782 -0.3278 -0.7471
vn 0.5860 -0.3597 -0.7261
vn 0.2141 -0.9764 -0.0263
vn 0.3194 -0.9474 -0.0192
vn 0.5855 -0.3599 -0.7264
vn 0.5907 -0.3941 -0.7041
vn 0.5921 -0.4086 -0.6946
vn 0.5918 -0.3963 -0.7019
vn 0.3590 -0.9332 -0.0176
vn 0.3534 -0.9353 -0.0178
vn 0.3921 -0.9198 -0.0163
vn 0.3944 -0.9188 -0.0161
vn 0.4105 -0.9117 -0.0153
vn 0.4221 -0.9064 -0.0145
vn 0.5531 -0.8331 0.0008
vn 0.5635 -0.8261 0.0043
vn 0.5680 -0.8229 0.0122
vn 0.7055 -0.6070 0.3658
vn 0.4697 -0.8827 -0.0115
vn 0.4783 -0.8781 -0.0107
vn 0.5402 -0.8415 -0.0026
vn 0.3877 -0.0000 0.9218
vn 0.7110 0.5893 0.3837
vn 0.7309 0.2096 0.6495
vn -0.9717 -0.0005 -0.2363
vn -0.9711 -0.0041 -0.2387
vn 0.5708 0.8211 0.0045
vn -0.9995 0.0191 0.0268
vn -0.9994 0.0241 0.0233
vn 0.5880 0.8087 -0.0149
vn -0.9708 -0.0126 -0.2395
vn -0.9708 -0.0132 -0.2394
vn -0.9990 -0.0000 0.0454
vn 0.5918 0.4064 -0.6962
vn 0.5774 0.8161 -0.0253
vn -0.8875 0.4574 -0.0553
vn -0.8898 0.4527 -0.0569
vn 0.6724 0.7402 -0.0039
vn 0.6573 0.7536 -0.0064
vn 0.8128 0.5820 -0.0268
vn 0.8202 0.5714 -0.0276
vn 0.8644 0.5021 -0.0273
vn 0.8836 0.4671 -0.0329
vn 0.8900 0.4546 -0.0338
vn 0.9348 0.3529 -0.0389
vn 0.9883 0.1436 -0.0523
vn 0.9845 0.1685 -0.0483
vn 0.1239 -0.0000 0.9923
vn 0.8645 0.5021 -0.0255
vn 0.8491 0.5279 -0.0208
vn 0.8492 0.5278 -0.0172
vn 0.8410 0.5408 -0.0145
vn 0.9660 0.2549 -0.0428
vn 0.9588 0.2815 -0.0383
vn 0.9982 0.0275 -0.0534
vn 0.9983 0.0247 -0.0528
vn 0.6548 0.7553 -0.0275
vn 0.6348 0.7723 -0.0256
vn 0.5917 -0.4063 -0.6962
vn 0.7361 -0.2447 0.6311
vn 0.7108 -0.5881 0.3859
vn 0.5881 -0.8087 -0.0149
vn -0.9783 -0.0013 -0.2070
vn -0.9788 -0.0009 -0.2046
vn 0.6786 -0.0002 0.7345
vn 0.6811 -0.0000 0.7322
vn -0.9969 0.0198 -0.0756
vn -0.9974 0.0148 -0.0712
vn -0.9987 0.0017 -0.0501
vn -0.9983 -0.0008 -0.0575
vn -0.8941 0.0522 -0.4448
vn -0.8944 0.0656 -0.4423
vn -0.8972 -0.0035 -0.4415
vn -0.8958 -0.0110 -0.4443
vn 0.5961 0.8028 -0.0156
vn 0.7879 0.6154 -0.0211
vn 0.9748 0.2176 -0.0497
vn 0.9660 0.2549 -0.0443
vn 0.9348 0.3529 -0.0390
vn 0.9209 0.3884 -0.0333
vn 0.9954 0.0799 -0.0536
vn 0.9943 0.0934 -0.0511
vn -0.8973 -0.0000 -0.4415
vn -0.8973 0.0001 -0.4414
vn 0.9976 0.0247 -0.0651
vn 0.9979 0.0105 -0.0636
vn 0.9989 0.0335 -0.0340
vn 0.9989 0.0328 -0.0338
vn 0.9936 0.1076 -0.0329
vn 0.9934 0.1101 -0.0324
vn -0.9534 0.2125 -0.2141
vn -0.9522 0.2183 -0.2137
vn 0.5961 -0.8028 -0.0156
vn 0.7173 -0.0001 0.6968
vn 0.7186 -0.0000 0.6954
vn -0.9932 -0.0001 -0.1162
vn -0.9767 -0.0021 -0.2144
vn -0.9772 -0.0023 -0.2125
vn 0.9847 0.1685 -0.0452
vn 0.9817 0.1856 -0.0421
vn 0.9945 0.0934 -0.0464
vn 0.9937 0.1023 -0.0446
vn 0.9543 0.2976 -0.0271
vn 0.9519 0.3052 -0.0255
vn 0.9819 0.1856 -0.0378
vn 0.9800 0.1959 -0.0357
vn -0.1825 0.9796 -0.0842
vn -0.1817 0.9800 -0.0811
vn -0.9500 -0.2283 -0.2130
vn -0.9534 -0.2125 -0.2141
vn 0.7451 -0.0000 0.6670
vn -0.8538 0.4619 -0.2403
vn -0.8444 0.4813 -0.2352
vn 0.2832 0.0016 0.9590
vn 0.2462 -0.0000 0.9692
vn -0.7964 -0.5800 -0.1716
vn -0.8242 -0.5364 -0.1817
vn -0.2686 -0.0000 -0.9632
vn -0.2694 -0.0000 -0.9630
vn 0.9990 0.0361 -0.0279
vn 0.9992 0.0287 -0.0269
vn 0.7957 0.0006 0.6057
vn 0.7990 -0.0000 0.6013
vn 0.7886 -0.0000 0.6149
vn 0.7879 -0.0000 0.6159
vn 0.7719 -0.0000 0.6357
vn 0.7727 -0.0000 0.6348
vn 0.7586 -0.0000 0.6516
vn 0.7963 -0.0005 0.6049
s 0
f 1//1 2//1 3//1
f 4//2 5//2 6//2
f 7//3 8//3 9//3
f 9//4 8//4 10//4
f 9//5 10//5 11//5
f 11//6 10//6 12//6
f 11//7 12//7 13//7
f 13//8 12//8 14//8
f 13//9 14//9 15//9
f 15//10 14//10 16//10
f 15//11 16//11 17//11
f 17//12 16//12 18//12
f 17//13 18//13 19//13
f 19//14 18//14 20//14
f 19//15 20//15 21//15
f 21//16 20//16 4//16
f 21//17 4//17 22//17
f 22//18 4//18 6//18
f 22//19 6//19 23//19
f 24//20 25//20 26//20
f 26//21 27//21 24//21
f 24//22 27//22 28//22
f 24//23 28//23 29//23
f 29//24 28//24 30//24
f 25//25 31//25 26//25
f 32//26 33//26 34//26
f 34//27 33//27 35//27
f 34//28 35//28 36//28
f 36//29 35//29 37//29
f 36//30 37//30 38//30
f 38//31 37//31 39//31
f 38//32 39//32 40//32
f 40//33 39//33 41//33
f 40//34 41//34 42//34
f 42//35 41//35 43//35
f 44//36 43//36 45//36
f 46//37 45//37 47//37
f 46//38 47//38 48//38
f 48//39 47//39 49//39
f 50//40 51//40 52//40
f 53//41 54//41 55//41
f 3//42 50//42 1//42
f 56//43 24//43 57//43
f 57//44 24//44 29//44
f 48//45 29//45 58//45
f 48//46 58//46 46//46
f 46//47 58//47 59//47
f 44//48 59//48 60//48
f 42//49 61//49 40//49
f 40//50 55//50 38//50
f 38//51 55//51 54//51
f 38//52 54//52 36//52
f 36//53 54//53 51//53
f 36//54 51//54 34//54
f 34//55 51//55 50//55
f 34//56 50//56 32//56
f 32//57 50//57 3//57
f 62//58 5//58 63//58
f 63//59 5//59 4//59
f 63//60 4//60 64//60
f 64//61 4//61 20//61
f 64//62 20//62 65//62
f 65//63 20//63 18//63
f 65//64 18//64 66//64
f 66//65 18//65 16//65
f 66//66 16//66 67//66
f 67//67 16//67 14//67
f 67//68 14//68 68//68
f 68//69 14//69 12//69
f 68//70 12//70 69//70
f 69//71 12//71 10//71
f 69//72 10//72 70//72
f 70//73 10//73 8//73
f 70//74 8//74 71//74
f 72//75 73//75 58//75
f 59//76 74//76 75//76
f 59//77 75//77 60//77
f 60//78 75//78 76//78
f 53//79 77//79 78//79
f 71//80 57//80 70//80
f 70//81 57//81 49//81
f 70//82 49//82 69//82
f 69//83 49//83 47//83
f 69//84 47//84 68//84
f 68//85 47//85 45//85
f 68//86 45//86 67//86
f 67//87 45//87 43//87
f 67//88 43//88 66//88
f 66//89 43//89 41//89
f 66//90 41//90 65//90
f 65//91 41//91 39//91
f 65//92 39//92 64//92
f 64//93 39//93 37//93
f 64//94 37//94 63//94
f 63//95 37//95 35//95
f 63//96 35//96 62//96
f 62//97 35//97 33//97
f 79//98 80//98 81//98
f 81//99 82//99 79//99
f 83//100 84//100 85//100
f 86//101 87//101 88//101
f 89//102 88//102 90//102
f 91//103 92//103 93//103
f 6//104 5//104 94//104
f 82//105 95//105 79//105
f 89//106 96//106 97//106
f 86//107 98//107 99//107
f 100//108 101//108 102//108
f 15//109 17//109 103//109
f 104//110 105//110 103//110
f 106//111 107//111 108//111
f 108//112 107//112 109//112
f 110//113 111//113 112//113
f 113//114 114//114 115//114
f 115//115 114//115 116//115
f 115//116 116//116 117//116
f 117//117 116//117 118//117
f 117//118 118//118 119//118
f 119//119 118//119 120//119
f 119//120 120//120 121//120
f 121//121 120//121 122//121
f 123//122 124//122 125//122
f 123//123 125//123 126//123
f 126//124 125//124 127//124
f 126//125 127//125 128//125
f 128//126 127//126 129//126
f 128//127 129//127 130//127
f 130//128 129//128 108//128
f 130//129 108//129 131//129
f 131//130 108//130 109//130
f 132//131 133//131 134//131
f 132//132 134//132 135//132
f 135//133 134//133 136//133
f 135//134 136//134 137//134
f 137//135 136//135 138//135
f 137//136 138//136 139//136
f 139//137 138//137 110//137
f 139//138 110//138 140//138
f 140//139 110//139 112//139
f 106//140 108//140 140//140
f 140//141 108//141 129//141
f 140//142 129//142 139//142
f 139//143 129//143 127//143
f 139//144 127//144 137//144
f 137//145 127//145 125//145
f 137//146 125//146 135//146
f 135//147 125//147 124//147
f 135//148 124//148 132//148
f 111//149 110//149 141//149
f 141//150 110//150 138//150
f 141//151 138//151 142//151
f 142//152 138//152 136//152
f 142//153 136//153 143//153
f 143//154 136//154 134//154
f 143//155 134//155 144//155
f 145//156 146//156 147//156
f 145//157 147//157 148//157
f 148//158 147//158 149//158
f 148//159 150//159 145//159
f 144//160 151//160 152//160
f 144//161 152//161 143//161
f 143//162 152//162 153//162
f 143//163 153//163 142//163
f 142//164 153//164 154//164
f 142//165 154//165 141//165
f 141//166 154//166 155//166
f 141//167 155//167 111//167
f 154//168 156//168 155//168
f 146//169 157//169 147//169
f 147//170 157//170 158//170
f 147//171 158//171 149//171
f 159//172 114//172 113//172
f 160//173 161//173 162//173
f 163//174 164//174 165//174
f 166//175 167//175 168//175
f 168//176 167//176 169//176
f 170//177 171//177 172//177
f 170//178 172//178 173//178
f 173//179 172//179 174//179
f 175//180 176//180 177//180
f 178//181 179//181 180//181
f 180//182 179//182 181//182
f 180//183 181//183 182//183
f 182//184 181//184 183//184
f 182//185 183//185 184//185
f 184//186 183//186 185//186
f 184//187 185//187 186//187
f 186//188 185//188 187//188
f 188//189 178//189 189//189
f 189//190 178//190 180//190
f 190//191 191//191 192//191
f 161//192 193//192 162//192
f 162//193 193//193 194//193
f 162//194 194//194 195//194
f 195//195 194//195 196//195
f 195//196 196//196 197//196
f 197//197 196//197 198//197
f 197//198 198//198 199//198
f 199//199 198//199 200//199
f 193//200 167//200 194//200
f 194//201 167//201 201//201
f 194//202 201//202 196//202
f 196//203 201//203 202//203
f 196//204 202//204 198//204
f 198//205 202//205 203//205
f 198//206 203//206 200//206
f 200//207 203//207 204//207
f 199//208 187//208 197//208
f 197//209 187//209 185//209
f 197//210 185//210 195//210
f 195//211 185//211 183//211
f 195//212 183//212 162//212
f 162//213 183//213 181//213
f 162//214 181//214 160//214
f 160//215 181//215 179//215
f 205//216 179//216 178//216
f 205//217 178//217 191//217
f 191//218 178//218 188//218
f 191//219 188//219 206//219
f 207//220 208//220 209//220
f 209//221 210//221 207//221
f 176//222 211//222 177//222
f 171//223 212//223 172//223
f 172//224 213//224 174//224
f 164//225 214//225 215//225
f 214//226 216//226 215//226
f 217//227 218//227 219//227
f 219//228 220//228 217//228
f 221//229 222//229 156//229
f 156//230 223//230 155//230
f 111//231 224//231 112//231
f 225//232 226//232 227//232
f 227//233 226//233 228//233
f 229//234 230//234 231//234
f 231//235 230//235 232//235
f 233//236 234//236 235//236
f 235//237 236//237 233//237
f 237//238 238//238 239//238
f 240//239 237//239 239//239
f 239//240 241//240 240//240
f 242//241 243//241 244//241
f 242//242 244//242 245//242
f 246//243 247//243 248//243
f 246//244 248//244 249//244
f 250//245 251//245 252//245
f 253//246 254//246 255//246
f 256//247 257//247 258//247
f 242//248 259//248 260//248
f 261//249 262//249 263//249
f 264//250 265//250 266//250
f 264//251 266//251 267//251
f 268//252 269//252 270//252
f 271//253 268//253 270//253
f 272//254 273//254 274//254
f 272//255 274//255 275//255
f 276//256 277//256 278//256
f 278//257 277//257 279//257
f 280//258 281//258 282//258
f 280//259 282//259 283//259
f 284//260 285//260 286//260
f 286//261 285//261 287//261
f 285//262 288//262 287//262
f 289//263 290//263 291//263
f 292//264 279//264 293//264
f 292//265 293//265 294//265
f 295//266 296//266 297//266
f 298//267 299//267 300//267
f 301//268 302//268 303//268
f 304//269 305//269 306//269
f 307//270 304//270 308//270
f 309//271 310//271 311//271
f 311//272 310//272 312//272
f 313//273 314//273 315//273
f 316//274 317//274 313//274
f 315//275 318//275 313//275
f 313//276 318//276 319//276
f 273//277 320//277 321//277
f 322//278 323//278 324//278
f 325//279 326//279 327//279
f 325//279 327//279 328//279
f 329//280 330//280 331//280
f 330//281 332//281 331//281
f 332//282 333//282 331//282
f 333//283 334//283 331//283
f 334//284 335//284 331//284
f 335//285 275//285 331//285
f 275//286 274//286 331//286
f 274//287 321//287 331//287
f 336//288 33//288 32//288
f 336//289 32//289 337//289
f 299//290 298//290 331//290
f 298//291 338//291 331//291
f 338//292 329//292 331//292
f 338//293 339//293 329//293
f 339//294 297//294 329//294
f 297//295 340//295 329//295
f 182//296 184//296 341//296
f 182//297 341//297 342//297
f 343//298 344//298 345//298
f 343//299 345//299 346//299
f 347//300 333//300 332//300
f 347//301 312//301 333//301
f 312//302 348//302 333//302
f 348//303 349//303 333//303
f 349//304 350//304 333//304
f 350//305 334//305 333//305
f 350//306 351//306 334//306
f 351//307 309//307 334//307
f 309//308 311//308 334//308
f 311//309 352//309 334//309
f 352//310 335//310 334//310
f 353//311 347//311 332//311
f 353//312 332//312 330//312
f 340//313 353//313 330//313
f 340//314 330//314 329//314
f 273//315 321//315 274//315
f 320//316 354//316 299//316
f 354//317 355//317 299//317
f 355//318 300//318 299//318
f 356//319 357//319 358//319
f 356//320 358//320 359//320
f 360//321 361//321 362//321
f 360//322 362//322 363//322
f 297//323 339//323 338//323
f 296//324 364//324 297//324
f 364//325 365//325 297//325
f 265//326 366//326 367//326
f 265//327 367//327 266//327
f 368//328 369//328 340//328
f 369//329 353//329 340//329
f 369//330 370//330 353//330
f 370//331 347//331 353//331
f 370//332 371//332 347//332
f 371//333 312//333 347//333
f 310//334 348//334 312//334
f 372//335 373//335 311//335
f 372//336 311//336 374//336
f 375//337 376//337 94//337
f 375//338 94//338 377//338
f 378//339 311//339 312//339
f 310//340 350//340 348//340
f 350//341 349//341 348//341
f 310//342 351//342 350//342
f 310//343 309//343 351//343
f 379//344 380//344 381//344
f 379//345 381//345 91//345
f 373//346 352//346 311//346
f 373//347 372//347 352//347
f 372//348 267//348 352//348
f 372//349 264//349 267//349
f 382//350 383//350 272//350
f 383//351 273//351 272//351
f 266//352 367//352 272//352
f 367//353 382//353 272//353
f 384//354 160//354 179//354
f 384//355 179//355 205//355
f 383//356 354//356 273//356
f 354//357 320//357 273//357
f 308//358 385//358 354//358
f 385//359 386//359 354//359
f 386//360 355//360 354//360
f 387//361 343//361 388//361
f 387//362 388//362 389//362
f 186//363 277//363 276//363
f 186//364 276//364 390//364
f 307//365 308//365 354//365
f 386//366 300//366 355//366
f 386//367 391//367 300//367
f 391//368 392//368 300//368
f 392//369 306//369 300//369
f 306//370 305//370 300//370
f 393//371 307//371 354//371
f 393//372 354//372 394//372
f 395//373 296//373 295//373
f 395//374 396//374 296//374
f 396//375 397//375 296//375
f 187//376 281//376 277//376
f 187//377 277//377 186//377
f 398//378 364//378 296//378
f 398//379 399//379 364//379
f 399//380 400//380 364//380
f 400//381 401//381 364//381
f 401//382 368//382 364//382
f 368//383 365//383 364//383
f 401//384 400//384 368//384
f 400//385 369//385 368//385
f 402//386 341//386 390//386
f 402//387 390//387 403//387
f 292//388 370//388 369//388
f 292//389 294//389 370//389
f 294//390 404//390 370//390
f 404//391 405//391 370//391
f 406//392 407//392 372//392
f 406//393 372//393 408//393
f 409//394 410//394 370//394
f 410//395 378//395 370//395
f 410//396 411//396 374//396
f 411//397 372//397 374//397
f 412//398 264//398 372//398
f 411//399 408//399 372//399
f 276//400 278//400 400//400
f 276//401 400//401 413//401
f 407//402 414//402 372//402
f 414//403 415//403 372//403
f 415//404 412//404 372//404
f 416//405 265//405 264//405
f 279//406 292//406 369//406
f 279//407 369//407 400//407
f 417//408 418//408 419//408
f 417//409 419//409 420//409
f 366//410 421//410 367//410
f 421//411 422//411 367//411
f 422//412 423//412 367//412
f 416//413 424//413 265//413
f 424//414 421//414 265//414
f 421//415 366//415 265//415
f 306//416 392//416 385//416
f 306//416 385//416 308//416
f 304//417 306//417 308//417
f 392//418 386//418 385//418
f 392//418 391//418 386//418
f 422//419 394//419 423//419
f 422//420 425//420 394//420
f 396//421 395//421 426//421
f 396//422 426//422 427//422
f 428//423 429//423 430//423
f 428//423 430//423 431//423
f 155//424 432//424 174//424
f 155//425 174//425 111//425
f 305//426 304//426 307//426
f 433//427 121//427 434//427
f 433//428 434//428 435//428
f 427//429 397//429 396//429
f 427//430 436//430 397//430
f 436//431 301//431 397//431
f 301//432 437//432 397//432
f 437//433 438//433 397//433
f 439//434 398//434 438//434
f 437//435 440//435 438//435
f 440//436 439//436 438//436
f 441//437 442//437 443//437
f 441//438 443//438 444//438
f 439//439 440//439 398//439
f 445//440 446//440 447//440
f 445//440 447//440 448//440
f 449//441 450//441 416//441
f 449//442 416//442 451//442
f 452//443 453//443 454//443
f 452//444 454//444 455//444
f 278//445 279//445 400//445
f 456//446 457//446 458//446
f 456//447 458//447 459//447
f 460//448 461//448 294//448
f 462//449 270//449 415//449
f 462//450 415//450 414//450
f 344//451 157//451 463//451
f 344//452 463//452 345//452
f 464//453 461//453 465//453
f 461//454 324//454 465//454
f 466//455 467//455 144//455
f 466//456 144//456 134//456
f 468//457 469//457 465//457
f 469//458 409//458 465//458
f 469//459 410//459 409//459
f 469//460 470//460 410//460
f 470//461 471//461 410//461
f 471//462 472//462 411//462
f 471//462 411//462 410//462
f 472//463 473//463 411//463
f 473//464 474//464 411//464
f 474//465 408//465 411//465
f 415//466 475//466 412//466
f 475//467 246//467 412//467
f 474//468 406//468 408//468
f 474//457 476//457 406//457
f 323//469 468//469 465//469
f 323//470 465//470 324//470
f 271//471 462//471 406//471
f 477//472 161//472 160//472
f 477//473 160//473 384//473
f 106//474 171//474 177//474
f 106//475 177//475 107//475
f 270//476 478//476 415//476
f 479//477 460//477 294//477
f 479//478 294//478 293//478
f 246//479 249//479 416//479
f 480//480 481//480 482//480
f 480//481 482//481 483//481
f 428//482 484//482 485//482
f 428//483 485//483 316//483
f 450//484 421//484 416//484
f 421//485 424//485 416//485
f 450//486 486//486 421//486
f 486//487 422//487 421//487
f 438//488 398//488 296//488
f 438//489 296//489 397//489
f 487//490 425//490 422//490
f 487//491 302//491 425//491
f 487//492 303//492 302//492
f 301//493 427//493 302//493
f 301//494 436//494 427//494
f 303//495 487//495 301//495
f 487//496 488//496 301//496
f 489//497 490//497 491//497
f 489//498 491//498 492//498
f 440//499 437//499 301//499
f 493//500 494//500 440//500
f 252//501 495//501 284//501
f 252//502 284//502 496//502
f 494//503 176//503 497//503
f 176//504 498//504 497//504
f 498//505 499//505 497//505
f 493//506 500//506 494//506
f 500//507 109//507 494//507
f 109//508 176//508 494//508
f 128//509 449//509 451//509
f 128//510 451//510 126//510
f 390//511 276//511 413//511
f 425//512 302//512 393//512
f 425//513 393//513 394//513
f 280//514 479//514 279//514
f 479//515 293//515 279//515
f 479//516 289//516 460//516
f 289//517 501//517 460//517
f 501//518 461//518 460//518
f 501//519 502//519 461//519
f 502//520 503//520 461//520
f 503//521 324//521 461//521
f 503//522 322//522 324//522
f 128//523 130//523 504//523
f 128//524 504//524 449//524
f 322//278 505//278 323//278
f 476//525 474//525 469//525
f 476//525 469//525 468//525
f 474//526 472//526 471//526
f 474//526 471//526 469//526
f 471//527 470//527 469//527
f 474//528 473//528 472//528
f 475//529 506//529 246//529
f 506//530 245//530 246//530
f 281//531 280//531 279//531
f 281//532 279//532 277//532
f 481//533 360//533 363//533
f 481//534 363//534 482//534
f 368//535 340//535 297//535
f 368//536 297//536 365//536
f 270//537 462//537 271//537
f 269//538 507//538 270//538
f 507//539 478//539 270//539
f 507//540 508//540 478//540
f 508//541 506//541 478//541
f 248//542 126//542 451//542
f 509//543 342//543 341//543
f 509//544 341//544 402//544
f 499//545 403//545 510//545
f 499//546 510//546 497//546
f 497//547 510//547 399//547
f 497//548 399//548 398//548
f 511//549 512//549 486//549
f 494//550 497//550 398//550
f 494//551 398//551 440//551
f 493//552 511//552 486//552
f 488//553 487//553 512//553
f 511//554 493//554 512//554
f 493//555 488//555 512//555
f 266//556 272//556 275//556
f 266//557 275//557 267//557
f 513//558 514//558 515//558
f 513//559 515//559 516//559
f 109//560 211//560 176//560
f 175//561 498//561 176//561
f 504//562 109//562 500//562
f 107//563 517//563 109//563
f 517//564 211//564 109//564
f 504//565 131//565 109//565
f 518//566 119//566 121//566
f 518//567 121//567 433//567
f 519//568 520//568 521//568
f 519//569 521//569 105//569
f 123//570 126//570 248//570
f 123//571 248//571 247//571
f 346//572 123//572 247//572
f 346//573 247//573 244//573
f 283//574 290//574 280//574
f 290//575 289//575 280//575
f 289//576 479//576 280//576
f 522//577 523//577 289//577
f 523//578 524//578 289//578
f 524//579 501//579 289//579
f 291//580 522//580 289//580
f 104//581 525//581 526//581
f 104//582 526//582 527//582
f 528//583 529//583 503//583
f 529//584 530//584 503//584
f 530//585 322//585 503//585
f 531//586 483//586 532//586
f 531//587 532//587 533//587
f 92//588 534//588 535//588
f 92//589 535//589 536//589
f 537//590 456//590 538//590
f 537//591 538//591 539//591
f 508//592 245//592 506//592
f 508//593 259//593 245//593
f 259//594 242//594 245//594
f 530//595 540//595 541//595
f 540//596 268//596 541//596
f 540//597 542//597 268//597
f 543//598 206//598 188//598
f 543//599 188//599 544//599
f 545//600 158//600 157//600
f 545//601 157//601 546//601
f 547//602 508//602 507//602
f 547//603 485//603 508//603
f 485//604 548//604 508//604
f 548//605 549//605 508//605
f 549//606 259//606 508//606
f 131//607 504//607 130//607
f 177//608 171//608 175//608
f 171//609 170//609 175//609
f 535//610 85//610 84//610
f 535//611 84//611 536//611
f 550//612 551//612 531//612
f 550//613 531//613 533//613
f 517//614 107//614 177//614
f 517//615 177//615 211//615
f 430//616 552//616 553//616
f 430//616 553//616 431//616
f 554//617 555//617 522//617
f 554//618 522//618 556//618
f 557//619 95//619 558//619
f 557//620 558//620 559//620
f 187//621 282//621 281//621
f 388//622 346//622 243//622
f 388//623 243//623 560//623
f 561//624 562//624 563//624
f 561//625 563//625 564//625
f 565//626 290//626 283//626
f 566//627 565//627 283//627
f 443//628 291//628 290//628
f 565//629 443//629 290//629
f 555//630 523//630 522//630
f 291//631 567//631 522//631
f 567//632 568//632 522//632
f 568//633 556//633 522//633
f 493//634 440//634 301//634
f 493//635 301//635 488//635
f 569//636 570//636 200//636
f 569//637 200//637 204//637
f 319//638 529//638 523//638
f 529//639 528//639 523//639
f 571//640 572//640 573//640
f 571//641 573//641 549//641
f 540//642 530//642 529//642
f 319//643 318//643 529//643
f 318//644 315//644 529//644
f 315//645 314//645 529//645
f 314//646 540//646 529//646
f 243//647 346//647 244//647
f 346//648 345//648 123//648
f 525//649 375//649 377//649
f 525//650 377//650 526//650
f 549//651 573//651 259//651
f 573//652 260//652 259//652
f 260//653 574//653 242//653
f 377//654 575//654 561//654
f 377//655 561//655 526//655
f 314//656 576//656 540//656
f 576//657 542//657 540//657
f 576//658 317//658 542//658
f 317//659 316//659 542//659
f 316//660 485//660 542//660
f 429//661 319//661 523//661
f 429//662 523//662 555//662
f 484//663 548//663 485//663
f 199//664 577//664 282//664
f 199//665 282//665 187//665
f 262//666 572//666 548//666
f 572//667 571//667 548//667
f 571//668 549//668 548//668
f 578//669 579//669 580//669
f 578//670 580//670 581//670
f 106//671 212//671 171//671
f 544//672 188//672 189//672
f 544//673 189//673 582//673
f 583//674 584//674 585//674
f 583//674 585//674 586//674
f 112//675 587//675 106//675
f 587//676 212//676 106//676
f 140//677 112//677 106//677
f 588//678 589//678 590//678
f 588//679 590//679 480//679
f 504//680 486//680 450//680
f 504//681 450//681 449//681
f 389//682 388//682 560//682
f 389//683 560//683 591//683
f 592//684 336//684 593//684
f 592//685 593//685 575//685
f 566//686 594//686 565//686
f 594//687 443//687 565//687
f 595//688 596//688 566//688
f 596//689 443//689 566//689
f 443//690 594//690 566//690
f 596//691 444//691 443//691
f 597//692 598//692 573//692
f 597//693 573//693 599//693
f 442//694 568//694 443//694
f 554//695 429//695 555//695
f 442//696 441//696 568//696
f 441//697 600//697 568//697
f 600//698 601//698 568//698
f 146//699 132//699 124//699
f 146//700 124//700 463//700
f 602//701 603//701 568//701
f 603//702 556//702 568//702
f 603//703 602//703 556//703
f 602//704 604//704 556//704
f 604//705 584//705 556//705
f 362//706 516//706 605//706
f 362//707 605//707 363//707
f 583//708 586//708 554//708
f 586//709 263//709 554//709
f 263//710 606//710 554//710
f 606//711 607//711 554//711
f 607//711 608//711 554//711
f 608//712 552//712 554//712
f 552//713 430//713 554//713
f 430//714 429//714 554//714
f 428//715 313//715 429//715
f 313//716 319//716 429//716
f 245//717 244//717 247//717
f 245//718 247//718 246//718
f 313//719 317//719 314//719
f 317//720 576//720 314//720
f 166//721 605//721 201//721
f 166//722 201//722 167//722
f 388//723 343//723 346//723
f 536//724 609//724 81//724
f 536//725 81//725 92//725
f 414//726 407//726 406//726
f 414//727 406//727 462//727
f 463//728 124//728 123//728
f 463//729 123//729 345//729
f 572//730 599//730 573//730
f 454//731 610//731 584//731
f 454//732 584//732 611//732
f 598//733 612//733 573//733
f 612//734 574//734 573//734
f 574//735 613//735 573//735
f 613//736 260//736 573//736
f 613//737 574//737 260//737
f 612//738 614//738 574//738
f 560//739 243//739 242//739
f 560//740 242//740 574//740
f 527//741 519//741 105//741
f 527//742 105//742 104//742
f 313//743 428//743 316//743
f 431//744 606//744 428//744
f 606//745 263//745 428//745
f 263//746 484//746 428//746
f 586//747 585//747 263//747
f 585//748 261//748 263//748
f 261//749 615//749 262//749
f 615//750 572//750 262//750
f 616//751 602//751 568//751
f 616//752 568//752 601//752
f 617//753 618//753 572//753
f 618//754 597//754 572//754
f 597//755 599//755 572//755
f 587//756 112//756 172//756
f 587//756 172//756 212//756
f 112//757 224//757 213//757
f 112//758 213//758 172//758
f 174//759 619//759 173//759
f 325//760 620//760 621//760
f 325//761 621//761 622//761
f 218//762 623//762 208//762
f 218//763 208//763 219//763
f 468//764 323//764 505//764
f 468//764 505//764 476//764
f 624//765 122//765 389//765
f 624//766 389//766 591//766
f 591//767 614//767 253//767
f 591//768 253//768 624//768
f 625//769 626//769 595//769
f 626//770 596//770 595//770
f 627//771 625//771 595//771
f 626//772 444//772 596//772
f 628//773 598//773 597//773
f 628//774 597//774 629//774
f 512//775 487//775 422//775
f 512//776 422//776 486//776
f 630//777 631//777 632//777
f 630//778 632//778 633//778
f 634//779 616//779 600//779
f 616//780 601//780 600//780
f 458//781 635//781 600//781
f 635//782 636//782 600//782
f 616//783 634//783 602//783
f 485//784 547//784 268//784
f 485//785 268//785 542//785
f 634//786 611//786 584//786
f 637//787 638//787 585//787
f 637//788 585//788 639//788
f 610//789 639//789 585//789
f 610//789 585//789 584//789
f 640//790 326//790 622//790
f 640//791 622//791 641//791
f 431//792 553//792 606//792
f 553//793 607//793 606//793
f 553//794 552//794 608//794
f 553//794 608//794 607//794
f 642//795 617//795 572//795
f 642//796 572//796 615//796
f 267//797 275//797 335//797
f 267//798 335//798 352//798
f 157//799 146//799 463//799
f 357//800 643//800 434//800
f 357//801 434//801 358//801
f 510//802 413//802 400//802
f 510//803 400//803 399//803
f 458//804 600//804 441//804
f 458//805 441//805 644//805
f 478//806 506//806 475//806
f 478//807 475//807 415//807
f 628//808 612//808 598//808
f 628//809 614//809 612//809
f 628//810 645//810 614//810
f 645//811 253//811 614//811
f 592//812 62//812 33//812
f 592//813 33//813 336//813
f 580//814 579//814 646//814
f 580//815 646//815 647//815
f 515//816 646//816 204//816
f 515//817 204//817 203//817
f 648//818 446//818 445//818
f 648//818 445//818 649//818
f 638//786 650//786 585//786
f 584//819 604//819 602//819
f 584//820 602//820 634//820
f 650//821 642//821 615//821
f 642//822 618//822 617//822
f 642//823 650//823 618//823
f 636//824 455//824 634//824
f 636//825 634//825 600//825
f 651//826 652//826 618//826
f 652//827 653//827 618//827
f 133//828 466//828 134//828
f 447//829 654//829 655//829
f 447//829 655//829 448//829
f 224//830 174//830 213//830
f 224//831 111//831 174//831
f 656//832 657//832 658//832
f 656//832 658//832 419//832
f 432//833 619//833 174//833
f 432//834 163//834 619//834
f 163//835 165//835 619//835
f 297//836 338//836 298//836
f 297//837 298//837 295//837
f 500//838 493//838 486//838
f 500//839 486//839 504//839
f 659//840 544//840 582//840
f 659//841 582//841 660//841
f 30//842 72//842 58//842
f 30//843 58//843 29//843
f 434//844 661//844 255//844
f 434//845 255//845 358//845
f 588//846 480//846 483//846
f 588//847 483//847 531//847
f 646//848 569//848 204//848
f 646//849 662//849 569//849
f 661//850 624//850 253//850
f 661//851 253//851 255//851
f 663//852 626//852 625//852
f 627//853 664//853 625//853
f 664//854 665//854 625//854
f 665//855 666//855 625//855
f 666//856 663//856 625//856
f 481//857 113//857 115//857
f 481//858 115//858 360//858
f 667//859 458//859 626//859
f 458//860 644//860 626//860
f 668//861 288//861 627//861
f 288//862 665//862 627//862
f 665//863 664//863 627//863
f 667//864 459//864 458//864
f 538//865 258//865 653//865
f 538//866 653//866 669//866
f 670//867 671//867 238//867
f 670//868 238//868 589//868
f 453//869 637//869 639//869
f 453//870 639//870 610//870
f 453//871 610//871 454//871
f 672//872 402//872 403//872
f 672//873 403//873 499//873
f 454//874 634//874 455//874
f 636//875 452//875 455//875
f 452//876 673//876 453//876
f 454//877 611//877 634//877
f 674//878 675//878 635//878
f 675//879 676//879 635//879
f 457//880 674//880 635//880
f 457//881 635//881 458//881
f 651//882 673//882 452//882
f 651//882 452//882 636//882
f 668//883 662//883 646//883
f 668//884 646//884 579//884
f 248//885 451//885 416//885
f 248//886 416//886 249//886
f 677//887 678//887 679//887
f 677//888 679//888 680//888
f 175//889 672//889 499//889
f 175//890 499//890 498//890
f 320//891 299//891 331//891
f 320//892 331//892 321//892
f 626//893 644//893 441//893
f 626//894 441//894 444//894
f 619//895 659//895 660//895
f 619//896 660//896 173//896
f 258//897 681//897 653//897
f 681//898 628//898 653//898
f 628//899 629//899 653//899
f 459//900 667//900 626//900
f 459//901 626//901 663//901
f 257//902 645//902 628//902
f 257//903 682//903 645//903
f 682//904 683//904 645//904
f 683//905 684//905 645//905
f 684//906 253//906 645//906
f 684//907 683//907 253//907
f 683//908 254//908 253//908
f 180//909 182//909 342//909
f 180//910 342//910 189//910
f 661//911 434//911 624//911
f 653//912 629//912 597//912
f 653//913 597//913 618//913
f 637//914 650//914 638//914
f 637//915 453//915 650//915
f 673//916 651//916 453//916
f 676//917 652//917 651//917
f 467//918 151//918 144//918
f 150//919 467//919 466//919
f 223//920 163//920 155//920
f 163//921 432//921 155//921
f 223//922 156//922 163//922
f 156//923 164//923 163//923
f 164//924 685//924 165//924
f 685//925 686//925 165//925
f 685//926 543//926 686//926
f 153//927 226//927 154//927
f 226//928 156//928 154//928
f 685//929 206//929 543//929
f 685//930 191//930 206//930
f 190//931 687//931 191//931
f 687//932 205//932 191//932
f 685//933 192//933 191//933
f 687//934 384//934 205//934
f 263//935 262//935 548//935
f 263//936 548//936 484//936
f 145//937 133//937 132//937
f 145//938 132//938 146//938
f 477//939 687//939 161//939
f 687//940 193//940 161//940
f 687//941 167//941 193//941
f 687//942 169//942 167//942
f 116//943 546//943 688//943
f 116//944 688//944 118//944
f 166//945 363//945 605//945
f 170//946 689//946 672//946
f 170//947 672//947 175//947
f 362//948 513//948 516//948
f 690//949 691//949 692//949
f 690//950 692//950 671//950
f 693//951 694//951 695//951
f 693//951 695//951 696//951
f 568//952 567//952 291//952
f 568//953 291//953 443//953
f 605//954 516//954 202//954
f 605//955 202//955 201//955
f 666//956 697//956 663//956
f 697//957 459//957 663//957
f 288//958 666//958 665//958
f 288//959 285//959 666//959
f 285//960 698//960 666//960
f 546//961 157//961 344//961
f 546//962 344//962 688//962
f 698//963 446//963 459//963
f 121//964 122//964 624//964
f 121//965 624//965 434//965
f 699//966 228//966 226//966
f 699//967 226//967 467//967
f 578//968 700//968 288//968
f 700//969 287//969 288//969
f 456//970 537//970 457//970
f 676//971 669//971 653//971
f 676//972 653//972 652//972
f 669//973 701//973 457//973
f 701//974 702//974 457//974
f 702//975 674//975 457//975
f 702//976 675//976 674//976
f 702//977 701//977 675//977
f 701//978 669//978 675//978
f 669//979 676//979 675//979
f 545//980 236//980 158//980
f 236//981 149//981 158//981
f 114//982 233//982 545//982
f 233//983 236//983 545//983
f 159//984 233//984 114//984
f 539//985 538//985 669//985
f 648//986 456//986 459//986
f 648//987 459//987 446//987
f 445//988 703//988 258//988
f 459//989 697//989 666//989
f 459//990 666//990 698//990
f 256//991 682//991 257//991
f 703//992 251//992 682//992
f 251//993 254//993 682//993
f 254//994 683//994 682//994
f 251//995 704//995 254//995
f 704//996 705//996 254//996
f 705//997 358//997 254//997
f 358//998 255//998 254//998
f 307//999 393//999 426//999
f 307//1000 426//1000 305//1000
f 655//1001 654//1001 495//1001
f 655//1001 495//1001 706//1001
f 643//1002 707//1002 434//1002
f 707//1003 435//1003 434//1003
f 118//1004 688//1004 387//1004
f 118//1005 387//1005 120//1005
f 520//1006 557//1006 559//1006
f 520//1007 559//1007 521//1007
f 426//1008 395//1008 300//1008
f 426//1009 300//1009 305//1009
f 150//1010 236//1010 467//1010
f 236//1011 708//1011 467//1011
f 708//1012 699//1012 467//1012
f 173//1013 660//1013 689//1013
f 173//1014 689//1014 170//1014
f 226//1015 151//1015 467//1015
f 226//1016 152//1016 151//1016
f 226//1017 153//1017 152//1017
f 148//1018 236//1018 150//1018
f 222//1019 214//1019 156//1019
f 214//1020 164//1020 156//1020
f 226//1021 225//1021 156//1021
f 225//1022 221//1022 156//1022
f 215//1023 709//1023 164//1023
f 709//1024 685//1024 164//1024
f 200//1025 570//1025 577//1025
f 200//1026 577//1026 199//1026
f 710//1027 711//1027 685//1027
f 711//1028 712//1028 685//1028
f 712//1029 713//1029 685//1029
f 713//1030 192//1030 685//1030
f 192//1031 687//1031 190//1031
f 714//1032 712//1032 687//1032
f 712//1033 715//1033 687//1033
f 715//1034 169//1034 687//1034
f 477//1035 384//1035 687//1035
f 192//1036 714//1036 687//1036
f 713//1030 714//1030 192//1030
f 715//1037 168//1037 169//1037
f 532//1038 483//1038 168//1038
f 483//1039 482//1039 168//1039
f 660//1040 582//1040 509//1040
f 660//1041 509//1041 689//1041
f 715//1042 532//1042 168//1042
f 524//1043 523//1043 528//1043
f 524//1044 528//1044 503//1044
f 367//1045 423//1045 383//1045
f 367//1046 383//1046 382//1046
f 361//1047 518//1047 362//1047
f 518//1048 513//1048 362//1048
f 518//1049 514//1049 513//1049
f 518//1050 433//1050 514//1050
f 433//1051 707//1051 514//1051
f 707//1052 580//1052 514//1052
f 580//1053 647//1053 514//1053
f 707//1054 716//1054 580//1054
f 716//1055 717//1055 580//1055
f 717//1056 718//1056 580//1056
f 718//1057 719//1057 580//1057
f 719//1058 581//1058 580//1058
f 503//1059 502//1059 501//1059
f 503//1060 501//1060 524//1060
f 284//1061 654//1061 285//1061
f 654//1062 447//1062 285//1062
f 447//1063 698//1063 285//1063
f 447//1064 446//1064 698//1064
f 361//1065 117//1065 119//1065
f 361//1066 119//1066 518//1066
f 165//1067 686//1067 659//1067
f 165//1068 659//1068 619//1068
f 649//1069 538//1069 456//1069
f 649//1069 456//1069 648//1069
f 720//1070 670//1070 589//1070
f 720//1071 589//1071 721//1071
f 700//1072 286//1072 287//1072
f 722//1073 723//1073 578//1073
f 723//1074 700//1074 578//1074
f 581//1075 719//1075 578//1075
f 724//1076 725//1076 356//1076
f 724//1077 356//1077 359//1077
f 583//1078 554//1078 556//1078
f 583//1079 556//1079 584//1079
f 496//1080 284//1080 700//1080
f 284//1081 286//1081 700//1081
f 482//1082 363//1082 166//1082
f 482//1083 166//1083 168//1083
f 360//1084 115//1084 117//1084
f 360//1085 117//1085 361//1085
f 149//1086 236//1086 148//1086
f 235//1087 726//1087 236//1087
f 726//1088 699//1088 236//1088
f 699//1089 708//1089 236//1089
f 527//1090 564//1090 727//1090
f 527//1091 727//1091 519//1091
f 159//1092 113//1092 233//1092
f 113//1093 590//1093 233//1093
f 590//1094 589//1094 233//1094
f 589//1095 241//1095 233//1095
f 481//1096 590//1096 113//1096
f 448//1097 703//1097 445//1097
f 448//1098 251//1098 703//1098
f 655//1099 252//1099 251//1099
f 250//1100 704//1100 251//1100
f 448//1101 655//1101 251//1101
f 250//1102 705//1102 704//1102
f 728//1103 496//1103 705//1103
f 723//1104 729//1104 705//1104
f 729//1105 678//1105 705//1105
f 678//1106 730//1106 705//1106
f 730//1107 359//1107 705//1107
f 359//1108 358//1108 705//1108
f 250//1109 252//1109 705//1109
f 252//1110 728//1110 705//1110
f 731//1111 732//1111 733//1111
f 731//1111 733//1111 207//1111
f 357//1112 356//1112 643//1112
f 356//1113 707//1113 643//1113
f 356//1114 716//1114 707//1114
f 433//1115 435//1115 707//1115
f 726//1116 228//1116 699//1116
f 734//1117 735//1117 221//1117
f 735//1118 216//1118 221//1118
f 216//1119 214//1119 222//1119
f 216//1120 222//1120 221//1120
f 225//1121 227//1121 221//1121
f 227//1122 734//1122 221//1122
f 216//1123 735//1123 215//1123
f 735//1124 736//1124 215//1124
f 736//1125 709//1125 215//1125
f 735//1126 737//1126 736//1126
f 737//1127 658//1127 736//1127
f 658//832 657//832 736//832
f 657//832 710//832 736//832
f 657//832 738//832 710//832
f 738//832 711//832 710//832
f 738//1128 712//1128 711//1128
f 738//1129 739//1129 712//1129
f 739//1130 715//1130 712//1130
f 714//1131 713//1131 712//1131
f 726//1132 740//1132 238//1132
f 582//1133 189//1133 342//1133
f 582//1134 342//1134 509//1134
f 726//1132 741//1132 742//1132
f 726//1132 742//1132 743//1132
f 726//1132 743//1132 744//1132
f 726//1132 744//1132 745//1132
f 726//1132 745//1132 227//1132
f 726//1132 227//1132 228//1132
f 745//1132 622//1132 227//1132
f 622//1135 621//1135 227//1135
f 621//1132 746//1132 227//1132
f 746//1136 747//1136 227//1136
f 747//1137 748//1137 227//1137
f 748//1138 749//1138 227//1138
f 749//1139 734//1139 227//1139
f 283//1140 282//1140 577//1140
f 283//1141 577//1141 566//1141
f 750//1142 532//1142 715//1142
f 258//1143 257//1143 628//1143
f 258//1144 628//1144 681//1144
f 750//1145 533//1145 532//1145
f 751//1146 752//1146 753//1146
f 751//1147 753//1147 750//1147
f 246//1148 416//1148 264//1148
f 246//1149 264//1149 412//1149
f 356//1150 725//1150 716//1150
f 735//1151 734//1151 749//1151
f 735//1151 749//1151 737//1151
f 754//1152 737//1152 749//1152
f 754//1152 749//1152 748//1152
f 239//1153 234//1153 233//1153
f 239//1154 233//1154 241//1154
f 755//1155 722//1155 718//1155
f 11//1156 559//1156 756//1156
f 11//1157 756//1157 757//1157
f 252//1158 706//1158 495//1158
f 495//1159 654//1159 284//1159
f 507//1160 269//1160 268//1160
f 507//1161 268//1161 547//1161
f 541//1162 268//1162 271//1162
f 541//1163 271//1163 505//1163
f 755//1164 679//1164 722//1164
f 679//1165 723//1165 722//1165
f 679//1166 758//1166 723//1166
f 758//1167 678//1167 723//1167
f 678//1168 729//1168 723//1168
f 728//1169 252//1169 496//1169
f 480//1170 590//1170 481//1170
f 234//1171 238//1171 235//1171
f 238//1172 740//1172 235//1172
f 740//1173 726//1173 235//1173
f 589//1174 240//1174 241//1174
f 238//1175 234//1175 239//1175
f 530//1176 541//1176 505//1176
f 530//1177 505//1177 322//1177
f 588//1178 721//1178 589//1178
f 689//1179 509//1179 402//1179
f 689//1180 402//1180 672//1180
f 759//1132 741//1132 726//1132
f 759//1132 726//1132 238//1132
f 238//1181 237//1181 589//1181
f 237//1182 240//1182 589//1182
f 706//1183 252//1183 655//1183
f 758//1184 679//1184 678//1184
f 465//1185 405//1185 404//1185
f 465//1186 404//1186 464//1186
f 677//1187 760//1187 678//1187
f 760//1188 761//1188 678//1188
f 761//1189 730//1189 678//1189
f 761//1190 724//1190 730//1190
f 724//1191 359//1191 730//1191
f 632//1192 631//1192 557//1192
f 632//1193 557//1193 520//1193
f 631//1194 630//1194 80//1194
f 631//1195 80//1195 79//1195
f 755//1196 718//1196 717//1196
f 755//1197 717//1197 680//1197
f 754//1198 658//1198 737//1198
f 754//1199 420//1199 658//1199
f 420//1200 419//1200 658//1200
f 403//1201 390//1201 413//1201
f 403//1202 413//1202 510//1202
f 656//832 762//832 738//832
f 656//832 738//832 657//832
f 762//832 763//832 738//832
f 763//832 764//832 738//832
f 764//1203 752//1203 738//1203
f 752//1204 751//1204 738//1204
f 751//1205 739//1205 738//1205
f 765//1132 641//1132 745//1132
f 641//1132 622//1132 745//1132
f 744//1132 765//1132 745//1132
f 766//1206 767//1206 768//1206
f 766//1207 768//1207 327//1207
f 326//1208 325//1208 622//1208
f 328//1209 768//1209 418//1209
f 328//1210 418//1210 417//1210
f 464//1211 404//1211 294//1211
f 464//1212 294//1212 461//1212
f 769//1213 747//1213 746//1213
f 769//1214 748//1214 747//1214
f 417//1215 420//1215 769//1215
f 417//1215 769//1215 620//1215
f 514//1216 647//1216 646//1216
f 514//1217 646//1217 515//1217
f 753//1218 533//1218 750//1218
f 705//1219 496//1219 700//1219
f 705//1220 700//1220 723//1220
f 753//1221 752//1221 533//1221
f 752//1222 550//1222 533//1222
f 770//1223 379//1223 91//1223
f 770//1224 91//1224 93//1224
f 724//1225 760//1225 725//1225
f 724//1226 761//1226 760//1226
f 679//1227 755//1227 680//1227
f 671//1228 692//1228 238//1228
f 692//1132 759//1132 238//1132
f 326//1229 640//1229 766//1229
f 326//1230 766//1230 327//1230
f 720//1231 671//1231 670//1231
f 771//1232 691//1232 102//1232
f 771//1232 102//1232 490//1232
f 620//1233 769//1233 746//1233
f 620//1234 746//1234 621//1234
f 418//832 656//832 419//832
f 418//832 768//832 656//832
f 768//832 767//832 656//832
f 767//832 772//832 656//832
f 772//832 773//832 656//832
f 773//832 774//832 656//832
f 774//832 775//832 656//832
f 775//832 776//832 656//832
f 776//832 777//832 656//832
f 777//832 778//832 656//832
f 778//832 762//832 656//832
f 779//832 696//832 762//832
f 696//832 695//832 762//832
f 695//832 492//832 762//832
f 492//832 491//832 762//832
f 491//832 780//832 762//832
f 780//832 763//832 762//832
f 778//832 779//832 762//832
f 114//1235 545//1235 546//1235
f 114//1236 546//1236 116//1236
f 101//1237 781//1237 763//1237
f 781//1238 550//1238 763//1238
f 550//1239 764//1239 763//1239
f 550//1240 752//1240 764//1240
f 782//1241 640//1241 765//1241
f 640//1242 641//1242 765//1242
f 744//1132 782//1132 765//1132
f 743//1132 783//1132 744//1132
f 783//1132 782//1132 744//1132
f 630//1243 770//1243 93//1243
f 630//1244 93//1244 80//1244
f 595//1245 570//1245 569//1245
f 595//1246 569//1246 627//1246
f 782//1247 783//1247 640//1247
f 783//1248 743//1248 640//1248
f 743//1249 732//1249 640//1249
f 620//1250 325//1250 328//1250
f 620//1250 328//1250 417//1250
f 754//1251 748//1251 769//1251
f 754//1251 769//1251 420//1251
f 781//1252 551//1252 550//1252
f 720//1253 690//1253 671//1253
f 102//1254 101//1254 763//1254
f 102//1255 763//1255 780//1255
f 120//1256 387//1256 389//1256
f 120//1257 389//1257 122//1257
f 662//1258 668//1258 627//1258
f 662//1259 627//1259 569//1259
f 784//1132 231//1132 759//1132
f 231//1132 232//1132 759//1132
f 232//1132 741//1132 759//1132
f 781//1260 100//1260 720//1260
f 100//1260 690//1260 720//1260
f 686//1261 543//1261 544//1261
f 686//1262 544//1262 659//1262
f 328//1263 327//1263 768//1263
f 579//1264 578//1264 288//1264
f 579//1265 288//1265 668//1265
f 766//1266 772//1266 767//1266
f 766//1267 773//1267 772//1267
f 766//1268 774//1268 773//1268
f 766//1269 775//1269 774//1269
f 766//1270 776//1270 775//1270
f 766//1271 731//1271 776//1271
f 731//1272 777//1272 776//1272
f 731//1273 778//1273 777//1273
f 731//1274 785//1274 778//1274
f 785//1275 207//1275 778//1275
f 207//1276 210//1276 778//1276
f 210//1277 786//1277 778//1277
f 786//1278 787//1278 778//1278
f 787//1279 779//1279 778//1279
f 787//1279 696//1279 779//1279
f 736//1280 710//1280 685//1280
f 736//1281 685//1281 709//1281
f 787//1282 693//1282 696//1282
f 694//1283 788//1283 695//1283
f 788//1284 489//1284 695//1284
f 489//1285 492//1285 695//1285
f 789//1286 784//1286 759//1286
f 789//1287 759//1287 771//1287
f 691//1288 771//1288 759//1288
f 691//1289 759//1289 692//1289
f 100//1260 781//1260 101//1260
f 742//1290 732//1290 743//1290
f 790//1291 733//1291 732//1291
f 423//1292 394//1292 354//1292
f 423//1293 354//1293 383//1293
f 742//1294 790//1294 732//1294
f 100//108 691//108 690//108
f 100//108 102//108 691//108
f 720//1295 721//1295 551//1295
f 720//1295 551//1295 781//1295
f 490//1296 2//1296 771//1296
f 2//1297 1//1297 771//1297
f 1//1298 791//1298 771//1298
f 791//1299 78//1299 771//1299
f 78//1300 77//1300 771//1300
f 77//1301 789//1301 771//1301
f 77//1302 76//1302 789//1302
f 76//1303 75//1303 789//1303
f 75//1304 792//1304 789//1304
f 792//1305 231//1305 789//1305
f 231//1306 784//1306 789//1306
f 792//1307 229//1307 231//1307
f 230//1308 793//1308 232//1308
f 793//1309 794//1309 232//1309
f 794//1132 742//1132 232//1132
f 742//1132 741//1132 232//1132
f 207//1310 785//1310 731//1310
f 370//1311 378//1311 312//1311
f 370//1312 312//1312 371//1312
f 209//1313 84//1313 210//1313
f 84//1314 83//1314 210//1314
f 83//1315 795//1315 210//1315
f 795//1316 786//1316 210//1316
f 795//1317 787//1317 786//1317
f 795//1318 796//1318 787//1318
f 796//1319 797//1319 787//1319
f 797//1320 693//1320 787//1320
f 797//1321 798//1321 693//1321
f 798//1322 788//1322 693//1322
f 788//1323 694//1323 693//1323
f 796//1324 381//1324 788//1324
f 381//1325 380//1325 788//1325
f 380//1326 799//1326 788//1326
f 799//1327 489//1327 788//1327
f 798//1328 796//1328 788//1328
f 799//1329 800//1329 489//1329
f 800//1330 90//1330 489//1330
f 90//1331 490//1331 489//1331
f 90//1332 88//1332 490//1332
f 88//1333 87//1333 490//1333
f 87//1334 801//1334 490//1334
f 801//1335 2//1335 490//1335
f 802//1336 790//1336 742//1336
f 794//1132 802//1132 742//1132
f 802//1337 733//1337 790//1337
f 802//1338 219//1338 733//1338
f 564//1339 563//1339 803//1339
f 564//1340 803//1340 727//1340
f 50//1341 791//1341 1//1341
f 50//1342 52//1342 791//1342
f 52//1343 78//1343 791//1343
f 52//1344 51//1344 78//1344
f 51//1345 54//1345 78//1345
f 54//1346 53//1346 78//1346
f 53//1347 55//1347 77//1347
f 55//1348 76//1348 77//1348
f 55//1349 40//1349 76//1349
f 40//1350 61//1350 76//1350
f 61//1351 42//1351 76//1351
f 42//1352 60//1352 76//1352
f 74//1353 792//1353 75//1353
f 74//1354 73//1354 792//1354
f 73//1355 804//1355 792//1355
f 804//1356 230//1356 792//1356
f 230//1357 229//1357 792//1357
f 804//1358 805//1358 230//1358
f 805//1359 806//1359 230//1359
f 806//1360 793//1360 230//1360
f 807//1361 802//1361 793//1361
f 802//1309 794//1309 793//1309
f 806//1362 804//1362 793//1362
f 804//1363 808//1363 793//1363
f 808//1364 807//1364 793//1364
f 669//1365 457//1365 537//1365
f 669//1365 537//1365 539//1365
f 802//1366 220//1366 219//1366
f 218//762 809//762 623//762
f 623//1367 558//1367 208//1367
f 558//1368 810//1368 208//1368
f 810//1369 95//1369 208//1369
f 95//1370 82//1370 208//1370
f 82//1371 81//1371 208//1371
f 81//1372 609//1372 208//1372
f 609//1373 536//1373 208//1373
f 536//1374 209//1374 208//1374
f 536//1375 84//1375 209//1375
f 676//1376 651//1376 636//1376
f 676//1377 636//1377 635//1377
f 85//1378 795//1378 83//1378
f 85//1379 534//1379 795//1379
f 534//1380 811//1380 795//1380
f 811//1381 812//1381 795//1381
f 812//1382 381//1382 795//1382
f 381//1383 796//1383 795//1383
f 798//1384 797//1384 796//1384
f 812//1385 91//1385 381//1385
f 58//1386 73//1386 74//1386
f 58//1387 74//1387 59//1387
f 379//1388 799//1388 380//1388
f 379//1389 813//1389 799//1389
f 813//1390 814//1390 799//1390
f 814//1391 800//1391 799//1391
f 814//1392 815//1392 800//1392
f 815//1393 816//1393 800//1393
f 816//1394 817//1394 800//1394
f 817//1395 96//1395 800//1395
f 96//1396 90//1396 800//1396
f 96//1397 89//1397 90//1397
f 89//1398 97//1398 88//1398
f 97//1399 98//1399 88//1399
f 98//1400 86//1400 88//1400
f 86//1401 99//1401 87//1401
f 99//1402 801//1402 87//1402
f 807//1403 818//1403 802//1403
f 818//1404 220//1404 802//1404
f 102//1405 780//1405 491//1405
f 102//1406 491//1406 490//1406
f 43//1407 60//1407 42//1407
f 43//1408 44//1408 60//1408
f 145//1409 150//1409 466//1409
f 145//1410 466//1410 133//1410
f 44//1411 45//1411 59//1411
f 45//1412 46//1412 59//1412
f 72//1413 808//1413 73//1413
f 808//1414 804//1414 73//1414
f 806//1415 805//1415 804//1415
f 808//1416 818//1416 807//1416
f 72//1417 30//1417 808//1417
f 30//1418 28//1418 808//1418
f 28//1419 26//1419 808//1419
f 26//1420 31//1420 808//1420
f 31//1421 220//1421 808//1421
f 220//1422 818//1422 808//1422
f 31//1423 25//1423 220//1423
f 25//1424 217//1424 220//1424
f 25//1425 24//1425 217//1425
f 24//1426 218//1426 217//1426
f 71//1427 8//1427 218//1427
f 8//1428 7//1428 218//1428
f 7//1429 9//1429 218//1429
f 9//1430 809//1430 218//1430
f 24//1431 56//1431 218//1431
f 56//1432 57//1432 218//1432
f 57//1433 71//1433 218//1433
f 809//1434 757//1434 756//1434
f 809//1434 756//1434 623//1434
f 756//1435 558//1435 623//1435
f 756//1436 559//1436 558//1436
f 538//1437 649//1437 445//1437
f 538//1438 445//1438 258//1438
f 95//1439 810//1439 558//1439
f 395//1440 295//1440 298//1440
f 395//1441 298//1441 300//1441
f 80//1442 92//1442 81//1442
f 682//1443 256//1443 258//1443
f 682//1444 258//1444 703//1444
f 426//1445 393//1445 302//1445
f 426//1445 302//1445 427//1445
f 535//1446 534//1446 85//1446
f 92//1447 811//1447 534//1447
f 184//1448 186//1448 390//1448
f 184//1449 390//1449 341//1449
f 631//1450 79//1450 95//1450
f 631//1451 95//1451 557//1451
f 770//1452 633//1452 379//1452
f 633//1453 813//1453 379//1453
f 633//1454 803//1454 813//1454
f 803//1455 814//1455 813//1455
f 803//1456 815//1456 814//1456
f 817//1457 816//1457 815//1457
f 819//1458 98//1458 97//1458
f 819//1459 97//1459 820//1459
f 766//1460 640//1460 732//1460
f 766//1460 732//1460 731//1460
f 727//1461 803//1461 633//1461
f 727//1462 633//1462 632//1462
f 519//1463 727//1463 632//1463
f 519//1464 632//1464 520//1464
f 562//1465 820//1465 817//1465
f 562//1466 817//1466 563//1466
f 337//1467 32//1467 3//1467
f 337//1468 3//1468 99//1468
f 91//1469 812//1469 811//1469
f 91//1470 811//1470 92//1470
f 27//1471 26//1471 28//1471
f 11//1472 757//1472 9//1472
f 757//1473 809//1473 9//1473
f 29//1474 49//1474 57//1474
f 615//1475 261//1475 585//1475
f 615//1476 585//1476 650//1476
f 11//1477 13//1477 559//1477
f 13//1478 521//1478 559//1478
f 465//1479 409//1479 370//1479
f 465//1480 370//1480 405//1480
f 410//1481 374//1481 311//1481
f 410//1482 311//1482 378//1482
f 719//1483 718//1483 722//1483
f 719//1484 722//1484 578//1484
f 760//1485 677//1485 716//1485
f 760//1486 716//1486 725//1486
f 93//1487 92//1487 80//1487
f 630//1488 633//1488 770//1488
f 820//1489 97//1489 96//1489
f 820//1490 96//1490 817//1490
f 563//1491 817//1491 815//1491
f 563//1492 815//1492 803//1492
f 337//1493 99//1493 98//1493
f 337//1494 98//1494 819//1494
f 717//1495 716//1495 677//1495
f 717//1496 677//1496 680//1496
f 99//1497 3//1497 2//1497
f 99//1498 2//1498 801//1498
f 94//1499 5//1499 62//1499
f 94//1500 62//1500 592//1500
f 94//1501 592//1501 575//1501
f 94//1502 575//1502 377//1502
f 570//1503 595//1503 566//1503
f 570//1504 566//1504 577//1504
f 49//1505 29//1505 48//1505
f 15//1506 521//1506 13//1506
f 15//1507 105//1507 521//1507
f 505//470 271//470 406//470
f 505//1508 406//1508 476//1508
f 453//1509 651//1509 618//1509
f 453//1510 618//1510 650//1510
f 593//1511 819//1511 820//1511
f 593//1512 820//1512 562//1512
f 336//1513 337//1513 819//1513
f 336//1514 819//1514 593//1514
f 526//1515 561//1515 564//1515
f 526//1516 564//1516 527//1516
f 575//1517 593//1517 562//1517
f 575//1518 562//1518 561//1518
f 751//1519 750//1519 715//1519
f 751//1520 715//1520 739//1520
f 591//1521 560//1521 574//1521
f 591//1522 574//1522 614//1522
f 103//1523 105//1523 15//1523
f 516//1524 515//1524 203//1524
f 516//1525 203//1525 202//1525
f 219//1526 208//1526 207//1526
f 219//1527 207//1527 733//1527
f 688//1528 344//1528 343//1528
f 688//1529 343//1529 387//1529
f 551//1530 721//1530 588//1530
f 551//1531 588//1531 531//1531
f 376//1532 6//1532 94//1532
f 376//1533 23//1533 6//1533
f 23//1534 21//1534 22//1534
f 23//1535 375//1535 21//1535
f 375//1536 525//1536 21//1536
f 525//1537 19//1537 21//1537
f 525//1538 17//1538 19//1538
f 525//1539 104//1539 17//1539
f 104//1540 103//1540 17//1540
f 23//1541 376//1541 375//1541
